{
"type": "FeatureCollection",
"name": "mediterranean_iho_mrgid1905",
"crs": { "type": "name", "properties": { "name": "urn:ogc:def:crs:OGC:1.3:CRS84" } },
"features": [
{ "type": "Feature", "properties": { "MRGID": 1905.0, "name": "Mediterranean Sea", "source": "Marine Regions IHO Sea Area" }, "geometry": { "type": "MultiPolygon", "coordinates": [ [ [ [ -5.34535339, 36.109061361206791 ], [ -5.27870536, 35.900896561099138 ], [ -5.28887582, 35.906667821102097 ], [ -5.31246603, 35.890432941093721 ], [ -5.32012844, 35.899084921098215 ], [ -5.33569705, 35.894431701095776 ], [ -5.36541522, 35.917768111107861 ], [ -5.39274704, 35.909070721103355 ], [ -5.40219808, 35.922356831110235 ], [ -5.41438866, 35.910581461104144 ], [ -5.43858075, 35.910587661104131 ], [ -5.44317114, 35.904091231100765 ], [ -5.46514475, 35.914194101105998 ], [ -5.47432911, 35.905353541101469 ], [ -5.48330975, 35.908481711103072 ], [ -5.48924828, 35.891489501094249 ], [ -5.50637376, 35.886629331091754 ], [ -5.55264425, 35.844895351070157 ], [ -5.56229687, 35.848517531072055 ], [ -5.60078335, 35.829901801062384 ], [ -5.6303333, 35.835407721065238 ], [ -5.65245485, 35.826238151060494 ], [ -5.68653512, 35.839206571067194 ], [ -5.7074548, 35.829182851062043 ], [ -5.71896744, 35.831441751063188 ], [ -5.72306311, 35.82413112105943 ], [ -5.75043285, 35.817868941056183 ], [ -5.75069523, 35.799440731046637 ], [ -5.76680541, 35.783224811038217 ], [ -5.79218137, 35.776007641034511 ], [ -5.80425334, 35.781460991037292 ], [ -5.79660451, 35.791782131042652 ], [ -5.80799663, 35.788832061041127 ], [ -5.84678304, 35.80104314104743 ], [ -5.90808666, 35.801209441047547 ], [ -6.032549119999989, 36.180073221243482 ], [ -6.02680373, 36.186129801246615 ], [ -5.98085141, 36.17642414124164 ], [ -5.94499433, 36.18694185124702 ], [ -5.90962541, 36.182556621244785 ], [ -5.84213853, 36.130762091218038 ], [ -5.79910493, 36.078883041191197 ], [ -5.77733076, 36.088646041196277 ], [ -5.71075606, 36.058190221180489 ], [ -5.68877745, 36.068786971185993 ], [ -5.63845563, 36.04284333117257 ], [ -5.61063921, 36.011222831156196 ], [ -5.61054134, 35.999834411150317 ], [ -5.6044023, 36.009460561155329 ], [ -5.56694627, 36.017211551159342 ], [ -5.48623002, 36.053651321178123 ], [ -5.46364617, 36.049988741176257 ], [ -5.43040717, 36.070515741186853 ], [ -5.42556727, 36.082812421193204 ], [ -5.44444585, 36.093044151198498 ], [ -5.43046677, 36.105217801204816 ], [ -5.44190013, 36.120073311212522 ], [ -5.42370105, 36.126994961216106 ], [ -5.43098426, 36.128108131216628 ], [ -5.42815077, 36.146997561226442 ], [ -5.43243027, 36.127786151216476 ], [ -5.44230318, 36.127595891216394 ], [ -5.43532658, 36.148224701227065 ], [ -5.44128525, 36.148573271227228 ], [ -5.44411385, 36.13047122121786 ], [ -5.44686735, 36.140507451223058 ], [ -5.44464147, 36.155816431231003 ], [ -5.42596221, 36.175925241241352 ], [ -5.38339114, 36.179106821243018 ], [ -5.38305747, 36.169745441238163 ], [ -5.35904646, 36.163525931234915 ], [ -5.35118556, 36.151757231228856 ], [ -5.36507404, 36.149201621227547 ], [ -5.36594331, 36.148154841226997 ], [ -5.36591995, 36.14370524122473 ], [ -5.36550152, 36.147910941226861 ], [ -5.36036301, 36.146709311226225 ], [ -5.35429633, 36.127558341216364 ], [ -5.36459434, 36.133622641219475 ], [ -5.34535339, 36.109061361206791 ] ], [ [ -5.41937005, 35.914960611106395 ], [ -5.42166114, 35.912119021104942 ], [ -5.4168148, 35.911705131104739 ], [ -5.41688704, 35.915658231106796 ], [ -5.41937005, 35.914960611106395 ] ] ], [ [ [ 3.18116347, 41.874845514030305 ], [ 3.72522532, 40.93080309360078 ], [ 4.26214252, 39.99915791316122 ], [ 4.22048211, 39.996931303160167 ], [ 4.20830572, 40.013362643168023 ], [ 4.20050681, 40.005045643164053 ], [ 4.20910251, 39.993101473158305 ], [ 4.20770252, 39.989447463156566 ], [ 4.20438826, 39.989421833156534 ], [ 4.19768894, 40.011521933167145 ], [ 4.20267355, 40.022052643172223 ], [ 4.19110441, 40.03510081317846 ], [ 4.18361366, 40.021825903172093 ], [ 4.16934776, 40.027158013174642 ], [ 4.17152345, 40.036168453178966 ], [ 4.16117036, 40.032153833177013 ], [ 4.16506743, 40.056239243188557 ], [ 4.1732614, 40.060428493190599 ], [ 4.15360403, 40.068176023194283 ], [ 4.13641465, 40.067462433193946 ], [ 4.14056516, 40.035117503178462 ], [ 4.12736511, 40.026354663174253 ], [ 4.1208657, 40.036697743179197 ], [ 4.13443303, 40.062743533191693 ], [ 4.10980415, 40.054261913187659 ], [ 4.1047914, 40.044285643182825 ], [ 4.09352255, 40.061599013191127 ], [ 4.09983754, 40.084398143202066 ], [ 4.08093596, 40.090948453205144 ], [ 4.089082, 40.068889853194626 ], [ 4.08429074, 40.075388543197711 ], [ 4.07577372, 40.059525843190151 ], [ 4.05879903, 40.059849013190281 ], [ 4.05411255, 40.050845143185974 ], [ 4.02717376, 40.065625423193097 ], [ 4.01567876, 40.056392903188659 ], [ 3.99469757, 40.058537833189632 ], [ 3.97910333, 40.050892103185987 ], [ 3.95972228, 40.061323753190997 ], [ 3.94226182, 40.056135643188519 ], [ 3.93241835, 40.062432993191528 ], [ 3.92006385, 40.056229103188556 ], [ 3.92076015, 40.046795003184023 ], [ 3.89845216, 40.05965041319017 ], [ 3.87665236, 40.052867163186974 ], [ 3.82820916, 40.053645963187343 ], [ 3.80714166, 40.033781763177807 ], [ 3.80965137, 40.026689523174426 ], [ 3.79089737, 40.0150147631688 ], [ 3.79459131, 39.999999993161623 ], [ 3.82969236, 39.992882243158192 ], [ 3.83406866, 39.960720413142788 ], [ 3.82447195, 39.952219833138692 ], [ 3.82057226, 39.92534565312581 ], [ 3.88408434, 39.921580663123976 ], [ 3.89653635, 39.926892753126538 ], [ 3.89877963, 39.921641943124001 ], [ 3.93711853, 39.938152303131943 ], [ 3.98974431, 39.930730933128373 ], [ 4.06277776, 39.904749143115886 ], [ 4.11336994, 39.870855443099586 ], [ 4.13225555, 39.871041053099667 ], [ 4.13238895, 39.863991013096303 ], [ 4.20837367, 39.824420203077182 ], [ 4.21961331, 39.826793543078352 ], [ 4.23738337, 39.813870663072102 ], [ 4.2620697, 39.809666273070114 ], [ 4.28844478, 39.815229653072791 ], [ 4.29021513, 39.80261947306672 ], [ 2.97233188, 39.151859922749637 ], [ 2.97656906, 39.157336702752339 ], [ 2.95169675, 39.165783992756502 ], [ 2.95031404, 39.150039422748705 ], [ 2.93072557, 39.156076542751713 ], [ 2.93706441, 39.144192452745848 ], [ 2.93081737, 39.142765042745182 ], [ 2.91711926, 39.161088932754176 ], [ 2.91380835, 39.141355742744466 ], [ 2.925264, 39.137986532742794 ], [ 2.92277896, 39.127443422737599 ], [ 1.57162666, 38.650126212501291 ], [ 1.58552361, 38.662166232507268 ], [ 1.57090175, 38.691501132521935 ], [ 1.53008628, 38.673457732512901 ], [ 1.47990215, 38.702417122527358 ], [ 1.47337496, 38.728374952540229 ], [ 1.45797765, 38.723838802537976 ], [ 1.44751131, 38.732995622542532 ], [ 1.43193245, 38.784195652567988 ], [ 1.42271781, 38.799283732575454 ], [ 1.41669512, 38.784740562568253 ], [ 1.41914952, 38.778184522564956 ], [ 1.42929673, 38.779944052565845 ], [ 1.43462467, 38.756196012554078 ], [ 1.42173243, 38.733248342542694 ], [ 1.40216935, 38.727965352540053 ], [ 1.39651477, 38.735309832543656 ], [ 1.38018203, 38.719933502536016 ], [ 1.38940406, 38.699192632525701 ], [ 1.38000631, 38.691027632521653 ], [ 1.38797295, 38.665788042509092 ], [ 1.38331083, 38.647311102499877 ], [ 0.17754495, 38.813545222582519 ], [ 0.14886892, 38.83157944259149 ], [ 0.12439835, 38.833341352592363 ], [ 0.11253905, 38.845267522598292 ], [ 0.11773312, 38.842214342596748 ], [ 0.12585032, 38.848423832599821 ], [ 0.10464454, 38.847656242599477 ], [ 0.05196142, 38.863553042607329 ], [ 0.03539002, 38.859799612605428 ], [ -0.02162755, 38.875566112613249 ], [ -0.10741723, 38.941892612646107 ], [ -0.14859247, 38.984762902667285 ], [ -0.14813817, 38.993405332671536 ], [ -0.15907967, 38.993632312671693 ], [ -0.15100074, 38.99653112267309 ], [ -0.1864295, 39.035577052692368 ], [ -0.23654068, 39.127912512737844 ], [ -0.24127972, 39.170591342758826 ], [ -0.21617484, 39.187011952766952 ], [ -0.29276836, 39.307102912825769 ], [ -0.32494474, 39.386228552864551 ], [ -0.33088386, 39.422611822882274 ], [ -0.36589491, 39.43511676288837 ], [ -0.31212926, 39.422700402882356 ], [ -0.30861521, 39.430666442886228 ], [ -0.31377816, 39.435167302888374 ], [ -0.31444514, 39.43021046288596 ], [ -0.32997251, 39.435377232888499 ], [ -0.31846964, 39.440875042891228 ], [ -0.32318366, 39.458298552899684 ], [ -0.31422281, 39.446711532894035 ], [ -0.30785978, 39.449779862895511 ], [ -0.31219435, 39.442376962891935 ], [ -0.30419231, 39.445080752893226 ], [ -0.30169153, 39.435231562888426 ], [ -0.30144155, 39.448621142894979 ], [ -0.31818223, 39.459908002900455 ], [ -0.33089411, 39.45953237290027 ], [ -0.31714022, 39.462268342901666 ], [ -0.32313538, 39.497228732918657 ], [ -0.31615424, 39.52323615293129 ], [ -0.28127921, 39.562445632950372 ], [ -0.24986422, 39.625385872980964 ], [ -0.21382105, 39.647195452991497 ], [ -0.21573007, 39.654700752995133 ], [ -0.20848465, 39.64311193298952 ], [ -0.2099123, 39.653466692994549 ], [ -0.19462645, 39.646631952991235 ], [ -0.21417975, 39.656754602996159 ], [ -0.17846036, 39.738008853035488 ], [ -0.08742547, 39.855825533092343 ], [ -0.06541347, 39.861311313094994 ], [ -0.01169348, 39.907721753117336 ], [ 0.0050261, 39.956631533140822 ], [ 0.00480223, 39.949636453137465 ], [ 0.02036583, 39.949722163137494 ], [ 0.02187741, 39.952597613138884 ], [ 0.00519395, 39.954528803139837 ], [ 0.00975776, 39.967356793145974 ], [ 0.01719058, 39.965721603145198 ], [ 0.0223248, 39.967387313145998 ], [ 0.01731646, 39.966252563145417 ], [ 0.01274943, 39.96799075314626 ], [ 0.01949, 39.967507953146018 ], [ 0.01766312, 39.974243033149264 ], [ 0.03006637, 39.959592813142237 ], [ 0.02308714, 39.980053893152061 ], [ 0.04952228, 40.035068743178449 ], [ 0.08298635, 40.056324953188579 ], [ 0.11995363, 40.061413643191031 ], [ 0.13755393, 40.081591603200678 ], [ 0.14728916, 40.081935043200872 ], [ 0.18393505, 40.163133253239607 ], [ 0.22453928, 40.194443343254541 ], [ 0.26506317, 40.208729613261355 ], [ 0.28703415, 40.252549643282201 ], [ 0.32597446, 40.275603643293167 ], [ 0.36594856, 40.324350113316321 ], [ 0.400038, 40.357653853332096 ], [ 0.40698671, 40.355383153330983 ], [ 0.41779566, 40.400559533352364 ], [ 0.43448007, 40.415513033359488 ], [ 0.43578255, 40.409264443356506 ], [ 0.46654057, 40.460353843380652 ], [ 0.47590625, 40.465065233382873 ], [ 0.47811043, 40.458537333379788 ], [ 0.53894877, 40.5675301534311 ], [ 0.55628598, 40.571313133432909 ], [ 0.54857743, 40.574663513434508 ], [ 0.59157264, 40.613187663452543 ], [ 0.60316706, 40.609549163450836 ], [ 0.59615505, 40.614499323453181 ], [ 0.60131514, 40.621896143456688 ], [ 0.66360211, 40.626304503458705 ], [ 0.69304371, 40.63903426346468 ], [ 0.74329364, 40.636612643463572 ], [ 0.71106565, 40.592663403442948 ], [ 0.67272031, 40.593120453443149 ], [ 0.67709851, 40.589044443441225 ], [ 0.65993905, 40.58519565343947 ], [ 0.66400886, 40.580791823437387 ], [ 0.66217732, 40.585124603439368 ], [ 0.6800493, 40.586752413440166 ], [ 0.69152665, 40.577775713435962 ], [ 0.69442916, 40.587365023440476 ], [ 0.70554674, 40.588271853440844 ], [ 0.67423487, 40.563393343429155 ], [ 0.66210735, 40.561349503428225 ], [ 0.65899765, 40.574228633434295 ], [ 0.67653823, 40.57285046343361 ], [ 0.66441047, 40.580553043437241 ], [ 0.65826094, 40.576547853435365 ], [ 0.66090715, 40.591779343442539 ], [ 0.64359558, 40.583599563438632 ], [ 0.65194964, 40.583806503438765 ], [ 0.65669966, 40.579267613436677 ], [ 0.64301455, 40.574934003434571 ], [ 0.61794484, 40.58652972344008 ], [ 0.61353648, 40.576927653435519 ], [ 0.59634221, 40.576214423435211 ], [ 0.60317314, 40.561590303428346 ], [ 0.61815918, 40.554062243424788 ], [ 0.67069125, 40.56048976342781 ], [ 0.703125, 40.580078123436998 ], [ 0.75704932, 40.639776703465067 ], [ 0.84621978, 40.67850744348317 ], [ 0.87317455, 40.70186805349411 ], [ 0.87899506, 40.719404213502344 ], [ 0.8728832, 40.731960053508217 ], [ 0.86384022, 40.718141553501717 ], [ 0.79404616, 40.693359253490122 ], [ 0.77751303, 40.695367563491089 ], [ 0.75324154, 40.708786363497367 ], [ 0.70299172, 40.714123123499853 ], [ 0.68982065, 40.722466943503761 ], [ 0.61646473, 40.704249253495227 ], [ 0.59787524, 40.705666413495912 ], [ 0.57847261, 40.715981953500709 ], [ 0.56753206, 40.74656700351504 ], [ 0.54260123, 40.754772653518813 ], [ 0.53542042, 40.761652943522023 ], [ 0.53286922, 40.772798173527271 ], [ 0.50394297, 40.78515624353301 ], [ 0.50071084, 40.788635243534642 ], [ 0.50208175, 40.792648663536518 ], [ 0.52047193, 40.815157053547004 ], [ 0.51670992, 40.823464863550903 ], [ 0.5196439, 40.835800163556613 ], [ 0.52160144, 40.839184633558197 ], [ 0.52396548, 40.840205063558699 ], [ 0.52434611, 40.845495693561141 ], [ 0.51971245, 40.847775453562207 ], [ 0.50957096, 40.861758943568688 ], [ 0.50567853, 40.885293713579649 ], [ 0.48576236, 40.899575703586272 ], [ 0.48609388, 40.901079053586955 ], [ 0.48965895, 40.903233043587974 ], [ 0.5091933, 40.906535733589536 ], [ 0.49946535, 40.913616053592797 ], [ 0.48601174, 40.930827133600779 ], [ 0.49076176, 40.942516793606174 ], [ 0.48437703, 40.950458043609871 ], [ 0.48379362, 40.952940343611019 ], [ 0.48587334, 40.954976913611979 ], [ 0.50486433, 40.957031243612938 ], [ 0.48496461, 40.950474253609855 ], [ 0.49186897, 40.94497191360734 ], [ 0.48818481, 40.929278243600066 ], [ 0.50903678, 40.908419243590394 ], [ 0.50967884, 40.905415643589002 ], [ 0.48696816, 40.899525993586259 ], [ 0.50666785, 40.885575523579774 ], [ 0.50969505, 40.863158343569374 ], [ 0.52518535, 40.846406453561563 ], [ 0.52121496, 40.815067523546979 ], [ 0.50179064, 40.787827843534316 ], [ 0.53446138, 40.77501689352831 ], [ 0.54314113, 40.757004853519909 ], [ 0.56532431, 40.751483433517343 ], [ 0.57022774, 40.746517413514965 ], [ 0.58104706, 40.716249933500819 ], [ 0.61956084, 40.707090253496588 ], [ 0.68919396, 40.724021903504479 ], [ 0.70803726, 40.714877713500201 ], [ 0.75291157, 40.710597513498222 ], [ 0.78220356, 40.696082943491419 ], [ 0.80139017, 40.697201363491956 ], [ 0.86104524, 40.720314143502776 ], [ 0.85041893, 40.727188463505939 ], [ 0.86387146, 40.724976653504953 ], [ 0.85501265, 40.730963343507725 ], [ 0.86772621, 40.731765743508113 ], [ 0.83117688, 40.733018033508671 ], [ 0.77169847, 40.791255113535875 ], [ 0.72659397, 40.78964173353512 ], [ 0.78262162, 40.772267333526983 ], [ 0.77033114, 40.763807643523037 ], [ 0.72984564, 40.76981675352588 ], [ 0.70445681, 40.786372653533597 ], [ 0.70024645, 40.802915443541337 ], [ 0.74176538, 40.822980163550653 ], [ 0.74885595, 40.842774143559886 ], [ 0.79336846, 40.867372623571278 ], [ 0.86282945, 40.946868773608237 ], [ 0.91630924, 40.988957163627703 ], [ 0.93053532, 40.98782264362719 ], [ 0.95237458, 41.017270443640811 ], [ 0.98470962, 41.039346923651024 ], [ 1.05092752, 41.064769023662713 ], [ 1.06262386, 41.060311073660706 ], [ 1.12368882, 41.074747433667326 ], [ 1.14381742, 41.072532053666336 ], [ 1.1718235, 41.054541943658023 ], [ 1.19547081, 41.091084953674923 ], [ 1.20863092, 41.081755513670572 ], [ 1.19906795, 41.094573613676467 ], [ 1.24813437, 41.10870384368296 ], [ 1.22793293, 41.095803853677026 ], [ 1.22148621, 41.083719243671489 ], [ 1.25647771, 41.112080803684556 ], [ 1.30096126, 41.128846993692271 ], [ 1.34387517, 41.124475113690259 ], [ 1.38129926, 41.13452493369487 ], [ 1.40200794, 41.1321866436938 ], [ 1.40425634, 41.1400276336974 ], [ 1.4460597, 41.159411663706329 ], [ 1.52126431, 41.179518573715576 ], [ 1.65693986, 41.193336363721862 ], [ 1.72174203, 41.212981213730913 ], [ 1.72915757, 41.207649463728458 ], [ 1.73572123, 41.21528124373198 ], [ 1.73010933, 41.205397723727422 ], [ 1.73701716, 41.216251723732405 ], [ 1.78427684, 41.223243703735633 ], [ 1.81486344, 41.235743393741345 ], [ 1.86594653, 41.236061443741534 ], [ 1.93732893, 41.262567033753633 ], [ 2.04453731, 41.269519323756789 ], [ 2.12973404, 41.296491613769149 ], [ 2.13784695, 41.292972443767553 ], [ 2.13380826, 41.303267833772267 ], [ 2.14310324, 41.295890803768863 ], [ 2.14881647, 41.294860833768411 ], [ 2.15201604, 41.295461643768704 ], [ 2.15441561, 41.296577443769188 ], [ 2.16104305, 41.303272243772234 ], [ 2.15018773, 41.295633313768768 ], [ 2.13738978, 41.301126353771281 ], [ 2.15498614, 41.315031043777644 ], [ 2.14789546, 41.320797793780272 ], [ 2.16494203, 41.339794153788922 ], [ 2.15644801, 41.341601003789776 ], [ 2.14599502, 41.330507273784683 ], [ 2.15094638, 41.345967643791738 ], [ 2.16954112, 41.350160233793666 ], [ 2.18558371, 41.377658603806189 ], [ 2.17165613, 41.346111053791823 ], [ 2.16967535, 41.325674053782457 ], [ 2.19563234, 41.383787863809005 ], [ 2.23406017, 41.416328303823761 ], [ 2.26582122, 41.458922143843111 ], [ 2.38061321, 41.49500715385949 ], [ 2.44509184, 41.525997873873557 ], [ 2.4609375, 41.54213153388087 ], [ 2.55150485, 41.578090063897072 ], [ 2.55954897, 41.574129093895309 ], [ 2.56916201, 41.582838643899258 ], [ 2.77412522, 41.647729743928537 ], [ 2.79266775, 41.673076623939934 ], [ 2.83150804, 41.69361805394918 ], [ 2.9341253, 41.714643473958645 ], [ 2.97751296, 41.757171743977722 ], [ 3.00995183, 41.771752703984212 ], [ 3.03223336, 41.771418203984069 ], [ 3.03029573, 41.779912943987945 ], [ 3.04459476, 41.778597343987293 ], [ 3.04986477, 41.790490743992599 ], [ 3.05644762, 41.786479343990848 ], [ 3.07144904, 41.819573874005648 ], [ 3.10029995, 41.843734854016432 ], [ 3.12230432, 41.848183864018424 ], [ 3.12103355, 41.841434354015412 ], [ 3.13120341, 41.841636294015508 ], [ 3.14605236, 41.850280994019393 ], [ 3.14405513, 41.857682344022628 ], [ 3.17146826, 41.862452854024816 ], [ 3.18116347, 41.874845514030305 ] ], [ [ 0.6648401, 40.56683003343079 ], [ 0.66557682, 40.567914003431305 ], [ 0.66328144, 40.568956723431803 ], [ 0.66366637, 40.567355743431023 ], [ 0.6648401, 40.56683003343079 ] ], [ [ 0.66653395, 40.56697034343086 ], [ 0.66743422, 40.565943233430367 ], [ 0.67086542, 40.565343133430083 ], [ 0.66887414, 40.567384953431024 ], [ 0.66653395, 40.56697034343086 ] ], [ [ 4.07287514, 40.092341773205824 ], [ 4.07597327, 40.090808743205137 ], [ 4.07789278, 40.091494553205457 ], [ 4.0752418, 40.094827523207016 ], [ 4.07287514, 40.092341773205824 ] ], [ [ 4.03039813, 40.066101663193308 ], [ 4.03396428, 40.068493953194427 ], [ 4.03093934, 40.069783803195016 ], [ 4.03039813, 40.066101663193308 ] ], [ [ 3.21233165, 39.961980333143345 ], [ 3.17725646, 39.951142303138212 ], [ 3.1795547, 39.961628553143207 ], [ 3.1640625, 39.959263433142119 ], [ 3.13220954, 39.945750353135594 ], [ 3.12196672, 39.931655163128816 ], [ 3.09730136, 39.928087943127103 ], [ 3.10110497, 39.934237233130041 ], [ 3.09381747, 39.935133453130504 ], [ 3.05928743, 39.919693223123112 ], [ 3.06074715, 39.932115903129059 ], [ 3.03879476, 39.929694523127871 ], [ 3.04160035, 39.937270753131529 ], [ 3.00266695, 39.923285003124803 ], [ 2.98646343, 39.909319033118102 ], [ 2.94993091, 39.919251553122876 ], [ 2.93547595, 39.903834093115471 ], [ 2.89583111, 39.894767163111091 ], [ 2.87494993, 39.878655423103311 ], [ 2.85295737, 39.874026773101114 ], [ 2.84406686, 39.861761443095212 ], [ 2.81613934, 39.857183213092981 ], [ 2.80343294, 39.862378833095477 ], [ 2.79996371, 39.85151063309025 ], [ 2.77823925, 39.855867143092354 ], [ 2.77588761, 39.839934823084704 ], [ 2.76508045, 39.842400903085874 ], [ 2.75533974, 39.82965051307977 ], [ 2.74074614, 39.832716103081175 ], [ 2.70013642, 39.811517233071015 ], [ 2.6888802, 39.797346943064163 ], [ 2.69387436, 39.791024563061086 ], [ 2.68242836, 39.798199763064545 ], [ 2.67196584, 39.794913043062969 ], [ 2.66434741, 39.77515756305344 ], [ 2.64471924, 39.762254473047214 ], [ 2.63518345, 39.76505720304857 ], [ 2.62695074, 39.753622053043074 ], [ 2.61928594, 39.755924333044135 ], [ 2.62308013, 39.748411053040527 ], [ 2.58488953, 39.716639033025118 ], [ 2.55560982, 39.700255153017217 ], [ 2.52690434, 39.70143794301778 ], [ 2.46227574, 39.652074922993911 ], [ 2.42348635, 39.63860797298738 ], [ 2.42169321, 39.63010703298324 ], [ 2.39451361, 39.617868532977297 ], [ 2.36147285, 39.60895645297299 ], [ 2.34594917, 39.591965432964706 ], [ 2.3534435, 39.577378142957691 ], [ 2.34641361, 39.564505572951369 ], [ 2.37234223, 39.543903942941384 ], [ 2.38945496, 39.546396012942573 ], [ 2.36300814, 39.531685462935407 ], [ 2.38817108, 39.533492912936332 ], [ 2.38779426, 39.520387402929941 ], [ 2.41380894, 39.538615692938805 ], [ 2.42339218, 39.535739292937414 ], [ 2.42005014, 39.522919412931152 ], [ 2.45731735, 39.534836042936945 ], [ 2.46689165, 39.518380872928937 ], [ 2.4806962, 39.516920202928233 ], [ 2.45592356, 39.505053032922469 ], [ 2.46761501, 39.489397162914884 ], [ 2.47900915, 39.491543402915909 ], [ 2.47375286, 39.464913122902963 ], [ 2.49106503, 39.472520342906627 ], [ 2.50090778, 39.460634342900818 ], [ 2.52204847, 39.456229922898672 ], [ 2.52126646, 39.474436872907575 ], [ 2.53709734, 39.487304562913842 ], [ 2.53426003, 39.505470152922662 ], [ 2.54742515, 39.511241902925505 ], [ 2.53829265, 39.513881912926713 ], [ 2.53974557, 39.523922432931641 ], [ 2.56161416, 39.531609052935394 ], [ 2.56780255, 39.528238172933733 ], [ 2.57665324, 39.532400842935822 ], [ 2.58837998, 39.533175822936151 ], [ 2.59054565, 39.531016702935077 ], [ 2.60585988, 39.551648252945114 ], [ 2.63229191, 39.544656862941757 ], [ 2.63921416, 39.549030892943868 ], [ 2.63890135, 39.55306732294585 ], [ 2.63153064, 39.545828692942308 ], [ 2.62416542, 39.54915689294392 ], [ 2.63238215, 39.552493922945551 ], [ 2.62653744, 39.555150502946844 ], [ 2.62863111, 39.564523452951406 ], [ 2.63598871, 39.569006432953579 ], [ 2.63505662, 39.558662642948534 ], [ 2.64534986, 39.56465601295146 ], [ 2.67204177, 39.559422602948949 ], [ 2.7283262, 39.530233732934732 ], [ 2.74900734, 39.509745952924746 ], [ 2.75102937, 39.502855412921384 ], [ 2.72215128, 39.475201362907889 ], [ 2.74638903, 39.441875212891702 ], [ 2.74057448, 39.408632152875477 ], [ 2.78776968, 39.362248532852774 ], [ 2.80632937, 39.366474622854831 ], [ 2.82952964, 39.355824342849644 ], [ 2.84430122, 39.365114802854237 ], [ 2.88162732, 39.365450852854394 ], [ 2.91292834, 39.352433312847978 ], [ 2.92904055, 39.363652822853503 ], [ 2.95709443, 39.363231292853271 ], [ 2.99000955, 39.338575592841217 ], [ 2.98652244, 39.315407502829856 ], [ 3.00287604, 39.316928852830621 ], [ 3.01424778, 39.309803002827117 ], [ 3.01784944, 39.294849622819818 ], [ 3.0422312, 39.279629942812342 ], [ 3.04952204, 39.265240662805269 ], [ 3.07302737, 39.268216842806773 ], [ 3.12382376, 39.314775812829581 ], [ 3.13753831, 39.316076872830202 ], [ 3.14726687, 39.328054662836067 ], [ 3.17305803, 39.326624742835406 ], [ 3.18924117, 39.337748162840782 ], [ 3.18544221, 39.349756232846708 ], [ 3.21525073, 39.354387632848976 ], [ 3.21185374, 39.361809242852559 ], [ 3.22039056, 39.356716862850085 ], [ 3.23224461, 39.361221662852337 ], [ 3.23521447, 39.366635912854932 ], [ 3.22780216, 39.367556922855414 ], [ 3.24486434, 39.377460232860244 ], [ 3.26813197, 39.415354002878729 ], [ 3.25957763, 39.416469922879308 ], [ 3.26357377, 39.424980032883447 ], [ 3.27497232, 39.415633192878857 ], [ 3.27806008, 39.456764572898962 ], [ 3.29688847, 39.49897384291954 ], [ 3.34020972, 39.534210912936651 ], [ 3.33689213, 39.537861932938412 ], [ 3.33702815, 39.541023122939954 ], [ 3.34064031, 39.537201992938101 ], [ 3.36841846, 39.550299752944518 ], [ 3.37892962, 39.575989002956966 ], [ 3.40422451, 39.578822362958363 ], [ 3.38568795, 39.589949602963735 ], [ 3.39380157, 39.621601332979111 ], [ 3.40624237, 39.636793722986461 ], [ 3.43674493, 39.633851642985064 ], [ 3.44101894, 39.656139362995852 ], [ 3.45661676, 39.657265532996433 ], [ 3.45674586, 39.704959863019525 ], [ 3.47902834, 39.715839143024773 ], [ 3.45204234, 39.721852653027696 ], [ 3.46137094, 39.748005143040366 ], [ 3.43340886, 39.744746323038754 ], [ 3.40449202, 39.763746133047917 ], [ 3.37452507, 39.768327463050142 ], [ 3.34782505, 39.789414523060351 ], [ 3.33532774, 39.78407334305777 ], [ 3.32963145, 39.760081163046166 ], [ 3.25259113, 39.729317063031289 ], [ 3.14486814, 39.773309943052574 ], [ 3.12050486, 39.802142733066468 ], [ 3.11838555, 39.829081053079506 ], [ 3.1294142, 39.841238853085265 ], [ 3.14131248, 39.832216853080951 ], [ 3.18056941, 39.842108843085775 ], [ 3.19653571, 39.861467113095046 ], [ 3.18405545, 39.87062215309949 ], [ 3.18836355, 39.881004563104462 ], [ 3.2037667, 39.889953603108772 ], [ 3.19002521, 39.892587533110053 ], [ 3.14679003, 39.866296643097421 ], [ 3.13139951, 39.86924457309879 ], [ 3.10333514, 39.857195013093012 ], [ 3.08364522, 39.874881023101501 ], [ 3.07972872, 39.901262513114197 ], [ 3.08932543, 39.910743233118765 ], [ 3.11083198, 39.899067153113165 ], [ 3.11002886, 39.910965553118871 ], [ 3.12682426, 39.915794843121176 ], [ 3.13218713, 39.926287053126224 ], [ 3.15453064, 39.922516933124435 ], [ 3.20142424, 39.942993633134243 ], [ 3.21233165, 39.961980333143345 ] ], [ [ 3.146438, 39.922515503124423 ], [ 3.14438164, 39.920805443123619 ], [ 3.14975941, 39.91924869312286 ], [ 3.14947855, 39.921451203123944 ], [ 3.146438, 39.922515503124423 ] ], [ [ 3.01306236, 39.304414742824484 ], [ 3.010517, 39.305582042825073 ], [ 3.00889051, 39.304496642824525 ], [ 3.01004696, 39.303045622823824 ], [ 3.01306236, 39.304414742824484 ] ], [ [ 2.98410058, 39.326042052835049 ], [ 2.9835608, 39.326258412835202 ], [ 2.9815104, 39.324967142834566 ], [ 2.98394895, 39.324954262834559 ], [ 2.98410058, 39.326042052835049 ] ], [ [ 2.54735255, 39.502408732921204 ], [ 2.54661787, 39.50363909292178 ], [ 2.54316795, 39.504851572922369 ], [ 2.54512882, 39.502099152921019 ], [ 2.54735255, 39.502408732921204 ] ], [ [ 2.58948016, 39.530190822934742 ], [ 2.58735025, 39.530305142934765 ], [ 2.58622277, 39.527477732933392 ], [ 2.58888936, 39.528645032933923 ], [ 2.58948016, 39.530190822934742 ] ], [ [ 2.47283041, 39.462782132901879 ], [ 2.47303975, 39.463445892902179 ], [ 2.47072232, 39.461646432901368 ], [ 2.47175133, 39.46168982290132 ], [ 2.47283041, 39.462782132901879 ] ], [ [ 2.4568094, 39.501456732920722 ], [ 2.44745028, 39.496494042918293 ], [ 2.44819927, 39.494807952917505 ], [ 2.4497298, 39.495186912917667 ], [ 2.4568094, 39.501456732920722 ] ], [ [ 2.30724621, 39.571729652954858 ], [ 2.31929052, 39.576200242957079 ], [ 2.33925664, 39.598028652967692 ], [ 2.30891025, 39.583944912960817 ], [ 2.30724621, 39.571729652954858 ] ], [ [ 2.34686041, 39.577286232957611 ], [ 2.34805274, 39.575585832956804 ], [ 2.34907293, 39.575618142956806 ], [ 2.34840977, 39.578343022958123 ], [ 2.34686041, 39.577286232957611 ] ], [ [ 0.67112243, 39.875781763101962 ], [ 0.66931915, 39.875334853101755 ], [ 0.67047465, 39.873602743100918 ], [ 0.67264342, 39.874792453101477 ], [ 0.67112243, 39.875781763101962 ] ], [ [ 0.66778111, 39.892477743109993 ], [ 0.66712546, 39.891009443109311 ], [ 0.66984403, 39.889513123108564 ], [ 0.66985178, 39.890256633108919 ], [ 0.66778111, 39.892477743109993 ] ], [ [ 0.69019473, 39.894538153110972 ], [ 0.68422472, 39.895257463111307 ], [ 0.6859287, 39.900491113113823 ], [ 0.68310845, 39.894634243111021 ], [ 0.69019473, 39.894538153110972 ] ], [ [ 2.97873771, 39.205784552776123 ], [ 2.97967315, 39.206077332776239 ], [ 2.97837615, 39.207385292776934 ], [ 2.97798157, 39.206363552776438 ], [ 2.97873771, 39.205784552776123 ] ], [ [ 2.97188127, 39.200433242773485 ], [ 2.97423315, 39.199218742772921 ], [ 2.97494018, 39.201092712773821 ], [ 2.97441685, 39.201139442773865 ], [ 2.97188127, 39.200433242773485 ] ], [ [ 2.97110534, 39.196569792771605 ], [ 2.97296882, 39.195071332770894 ], [ 2.97427964, 39.196278442771472 ], [ 2.97256112, 39.198166242772395 ], [ 2.97110534, 39.196569792771605 ] ], [ [ 2.96010804, 39.188467732767663 ], [ 2.95514357, 39.182735192764802 ], [ 2.96615231, 39.175369012761216 ], [ 2.9731878, 39.186306942766592 ], [ 2.96010804, 39.188467732767663 ] ], [ [ 2.97481215, 39.166757222757006 ], [ 2.97822082, 39.166280742756712 ], [ 2.97828734, 39.169129842758146 ], [ 2.97485626, 39.169783942758457 ], [ 2.97481215, 39.166757222757006 ] ], [ [ 1.53334272, 39.118509642733251 ], [ 1.51409745, 39.116378652732195 ], [ 1.51627743, 39.109754912728924 ], [ 1.5070374, 39.11354064273079 ], [ 1.50881076, 39.103207222725693 ], [ 1.49871576, 39.09981834272407 ], [ 1.49003422, 39.110049002729092 ], [ 1.48371243, 39.101065152724665 ], [ 1.46315515, 39.10362672272592 ], [ 1.44040263, 39.08127986271495 ], [ 1.42436635, 39.092125642720234 ], [ 1.41664135, 39.077898732713237 ], [ 1.38845062, 39.079410302713974 ], [ 1.37585831, 39.062854522705827 ], [ 1.35921204, 39.073727122711205 ], [ 1.35120595, 39.06433736270656 ], [ 1.34534955, 39.066835752707746 ], [ 1.34222436, 39.053483712701208 ], [ 1.3265506, 39.053432932701142 ], [ 1.29036236, 39.028236262688743 ], [ 1.29864585, 39.009730332679595 ], [ 1.28442156, 38.993252272671519 ], [ 1.30709505, 38.973397962661693 ], [ 1.24492717, 38.96656321265835 ], [ 1.22927594, 38.974594702662237 ], [ 1.21472693, 38.958375442654216 ], [ 1.23550081, 38.938790672644572 ], [ 1.21309686, 38.902975912626836 ], [ 1.22462773, 38.889350522620127 ], [ 1.22416961, 38.870449892610736 ], [ 1.23545992, 38.871736042611396 ], [ 1.24881196, 38.854933852603054 ], [ 1.27233446, 38.878555652614757 ], [ 1.29701471, 38.875555032613278 ], [ 1.30162156, 38.860426542605758 ], [ 1.3166877, 38.866874802608976 ], [ 1.32015324, 38.855489842603347 ], [ 1.34395635, 38.870196092610634 ], [ 1.36596155, 38.852391232601811 ], [ 1.37103164, 38.828177562589815 ], [ 1.38740754, 38.842118492596704 ], [ 1.40625, 38.829520102590457 ], [ 1.40347612, 38.875730272613346 ], [ 1.42100215, 38.903098812626915 ], [ 1.43802893, 38.902387012626541 ], [ 1.43847156, 38.913610452632128 ], [ 1.45783055, 38.903339022627001 ], [ 1.45791912, 38.917641872634071 ], [ 1.47713804, 38.912489172631567 ], [ 1.50534415, 38.932174792641291 ], [ 1.51107371, 38.946707602648466 ], [ 1.52929544, 38.945371022647834 ], [ 1.51991546, 38.952548852651333 ], [ 1.53183806, 38.955445642652798 ], [ 1.53411365, 38.982164492666023 ], [ 1.54649901, 38.982716432666273 ], [ 1.55230904, 38.9920335926709 ], [ 1.58197641, 38.988883722669293 ], [ 1.58415961, 39.015533912682471 ], [ 1.59392571, 39.015081512682222 ], [ 1.60682595, 39.029478542689361 ], [ 1.62156153, 39.027225722688243 ], [ 1.62016845, 39.036876552692995 ], [ 1.60877633, 39.035778752692487 ], [ 1.60961926, 39.043981902696508 ], [ 1.58855236, 39.061976542705395 ], [ 1.59181428, 39.075652832712137 ], [ 1.60005283, 39.073266262710938 ], [ 1.61187375, 39.081009622714774 ], [ 1.59879625, 39.08338093271594 ], [ 1.60547793, 39.090021242719217 ], [ 1.59314644, 39.098102802723197 ], [ 1.55847275, 39.093469612720916 ], [ 1.53334272, 39.118509642733251 ] ], [ [ 1.64010024, 39.037081952693143 ], [ 1.64085972, 39.03385912269151 ], [ 1.65074003, 39.031624902690439 ], [ 1.64586473, 39.040748472694901 ], [ 1.63805127, 39.041573632695304 ], [ 1.64010024, 39.037081952693143 ] ], [ [ 1.58260107, 38.985091442667418 ], [ 1.58249402, 38.982614862666253 ], [ 1.58556867, 38.981766932665835 ], [ 1.58510888, 38.986323472668062 ], [ 1.58260107, 38.985091442667418 ] ], [ [ 1.42251778, 38.895791042623308 ], [ 1.42460644, 38.895900722623374 ], [ 1.42452467, 38.897071712623905 ], [ 1.42205524, 38.896878232623848 ], [ 1.42251778, 38.895791042623308 ] ], [ [ 1.43713117, 38.887918102619409 ], [ 1.438977, 38.887089602619 ], [ 1.43989575, 38.888609522619731 ], [ 1.43858397, 38.889037122619946 ], [ 1.43713117, 38.887918102619409 ] ], [ [ 1.43327713, 38.883426542617165 ], [ 1.43550587, 38.883209102617094 ], [ 1.43631566, 38.885161752618025 ], [ 1.4348098, 38.885626072618258 ], [ 1.43327713, 38.883426542617165 ] ], [ [ 1.20334625, 38.864298212607693 ], [ 1.19749844, 38.871093742611052 ], [ 1.18784726, 38.862648002606839 ], [ 1.19718504, 38.862214792606643 ], [ 1.20334625, 38.864298212607693 ] ], [ [ 1.20866323, 38.866238942608625 ], [ 1.21474445, 38.8653716926082 ], [ 1.21560562, 38.869634022610313 ], [ 1.2074089, 38.869532102610329 ], [ 1.20866323, 38.866238942608625 ] ], [ [ 1.19326973, 38.960323562655198 ], [ 1.18809843, 38.956136932653145 ], [ 1.20048296, 38.956723322653424 ], [ 1.19929254, 38.959653842654895 ], [ 1.19326973, 38.960323562655198 ] ], [ [ 1.21561861, 38.972334142661126 ], [ 1.21407163, 38.968218562659125 ], [ 1.2195127, 38.96635281265818 ], [ 1.22041917, 38.968964332659482 ], [ 1.21561861, 38.972334142661126 ] ], [ [ 1.16596878, 38.969418752659706 ], [ 1.16455853, 38.968938342659484 ], [ 1.16548395, 38.966818442658415 ], [ 1.16678035, 38.967609402658823 ], [ 1.16596878, 38.969418752659706 ] ], [ [ 1.16804063, 38.971920842660957 ], [ 1.16560352, 38.973772162661824 ], [ 1.16393948, 38.97300743266149 ], [ 1.16584575, 38.970566142660246 ], [ 1.16804063, 38.971920842660957 ] ], [ [ 1.21507597, 38.975679632662811 ], [ 1.21970606, 38.978727332664278 ], [ 1.21190321, 38.983829012666831 ], [ 1.21362531, 38.995814552672769 ], [ 1.2059623, 38.982652892666245 ], [ 1.21507597, 38.975679632662811 ] ], [ [ 1.16197777, 38.978631842664235 ], [ 1.16217268, 38.983002292666413 ], [ 1.15668964, 38.97797500266396 ], [ 1.16197777, 38.978631842664235 ] ], [ [ 1.31741452, 39.050323242699648 ], [ 1.31668615, 39.05086564269989 ], [ 1.31461573, 39.049550642699273 ], [ 1.31626737, 39.048223012698621 ], [ 1.31741452, 39.050323242699648 ] ], [ [ 1.43119001, 39.091108672719763 ], [ 1.43216646, 39.090722552719569 ], [ 1.43273592, 39.093370672720901 ], [ 1.43178988, 39.092427012720414 ], [ 1.43119001, 39.091108672719763 ] ], [ [ 1.40882683, 38.817732802584594 ], [ 1.41143847, 38.813343992582439 ], [ 1.41181505, 38.8134697625825 ], [ 1.41040218, 38.818805922585149 ], [ 1.40882683, 38.817732802584594 ] ], [ [ 1.40585506, 38.813751452582615 ], [ 1.40245974, 38.814702862583125 ], [ 1.40209293, 38.814461942583016 ], [ 1.40335131, 38.813454142582508 ], [ 1.40585506, 38.813751452582615 ] ], [ [ 1.40451217, 38.815052742583312 ], [ 1.40512598, 38.816523302584002 ], [ 1.40200245, 38.816204542583861 ], [ 1.40343487, 38.815191862583355 ], [ 1.40451217, 38.815052742583312 ] ], [ [ 1.47785366, 38.805073372578327 ], [ 1.47351313, 38.798305622574972 ], [ 1.47805321, 38.788712612570215 ], [ 1.48447442, 38.786089652568897 ], [ 1.47785366, 38.805073372578327 ] ], [ [ 1.42688477, 38.775882232563845 ], [ 1.42729676, 38.776877632564357 ], [ 1.42512107, 38.777221432564509 ], [ 1.42688477, 38.775882232563845 ] ], [ [ 4.13743234, 40.043522943182467 ], [ 4.13817465, 40.043951143182689 ], [ 4.13641882, 40.047779433184481 ], [ 4.13593996, 40.046205153183763 ], [ 4.13743234, 40.043522943182467 ] ], [ [ 4.20877206, 40.02237986317234 ], [ 4.20873201, 40.013813253168237 ], [ 4.20902801, 40.013755193168194 ], [ 4.21292114, 40.017549153170059 ], [ 4.20877206, 40.02237986317234 ] ] ], [ [ [ 17.09170961, 40.520556203409001 ], [ 17.15442944, 40.50885104340346 ], [ 17.15860713, 40.50348114340099 ], [ 17.14462292, 40.494374263396693 ], [ 17.1630547, 40.504668943401548 ], [ 17.15501034, 40.496138443397548 ], [ 17.16844857, 40.501467223400034 ], [ 17.17380357, 40.492331493395703 ], [ 17.18023312, 40.495366443397153 ], [ 17.17928767, 40.478492853389213 ], [ 17.19432342, 40.471491333385892 ], [ 17.19888473, 40.478794563389329 ], [ 17.22146273, 40.475193853387623 ], [ 17.23784161, 40.493580333396302 ], [ 17.25511062, 40.500864143399781 ], [ 17.26726341, 40.497175923398032 ], [ 17.27042985, 40.479068753389448 ], [ 17.29559171, 40.499531143399139 ], [ 17.32237935, 40.49664985339777 ], [ 17.32410824, 40.47980284338982 ], [ 17.29931247, 40.468458523384449 ], [ 17.22637367, 40.479447243389664 ], [ 17.24828124, 40.460293043380602 ], [ 17.25502563, 40.441645733371793 ], [ 17.2446413, 40.440733543371351 ], [ 17.23298156, 40.424855343363838 ], [ 17.20916855, 40.42204284336254 ], [ 17.20264566, 40.408148523355983 ], [ 17.22435176, 40.408341643356053 ], [ 17.27973115, 40.378538723341968 ], [ 17.29805362, 40.37965404334247 ], [ 17.31131995, 40.365415563335773 ], [ 17.38034213, 40.346385953326731 ], [ 17.39475846, 40.332041613319944 ], [ 17.44778216, 40.328146453318084 ], [ 17.45910203, 40.316396943312505 ], [ 17.49357462, 40.310517663309703 ], [ 17.5055027, 40.294828173302292 ], [ 17.73509872, 40.303953163306623 ], [ 17.74211836, 40.294152373301941 ], [ 17.76143706, 40.297129743303394 ], [ 17.76385927, 40.291407463300629 ], [ 17.81123388, 40.290197843300078 ], [ 17.84095144, 40.280328023295404 ], [ 17.84662068, 40.285565373297899 ], [ 17.8671, 40.282440893296425 ], [ 17.86887491, 40.273715603292267 ], [ 17.88450146, 40.268028013289566 ], [ 17.89003253, 40.258500453285066 ], [ 17.88967562, 40.253173823282495 ], [ 17.89644945, 40.259235613285362 ], [ 17.90775633, 40.2518837332819 ], [ 17.9097743, 40.241724243277076 ], [ 17.89561713, 40.249441733280719 ], [ 17.92581475, 40.21942066326644 ], [ 17.91774583, 40.199881313257144 ], [ 17.92535651, 40.183388463249287 ], [ 17.96337545, 40.147426833232096 ], [ 17.98758805, 40.140226353228705 ], [ 18.00989902, 40.109152663213848 ], [ 18.01209462, 40.088867423204171 ], [ 18.00179732, 40.067830433194104 ], [ 17.97159803, 40.054199453187593 ], [ 18.00347412, 40.047404523184355 ], [ 18.01628804, 40.034813633178302 ], [ 18.01616955, 40.004920353163996 ], [ 18.00719643, 39.995302673159358 ], [ 17.99319291, 39.999936573161605 ], [ 18.01219964, 39.970030543147232 ], [ 18.0240432, 39.964198463144442 ], [ 18.04640937, 39.929036613127586 ], [ 18.07720256, 39.906322713116644 ], [ 18.2056241, 39.836655253083102 ], [ 18.27055323, 39.833775033081736 ], [ 18.32707036, 39.806858413068753 ], [ 18.34536135, 39.789695733060448 ], [ 18.37603838, 39.799238933065077 ], [ 19.00223255, 39.775796413053754 ], [ 19.31532964, 39.764075143048103 ], [ 19.62842673, 39.752353883042417 ], [ 19.64073706, 39.749883643041223 ], [ 19.65547991, 39.73369216303341 ], [ 19.65311027, 39.71015202302204 ], [ 19.66537344, 39.722127433027815 ], [ 19.68224561, 39.713744753023761 ], [ 19.67334545, 39.67950295300718 ], [ 19.70116305, 39.668281553001748 ], [ 19.70979095, 39.674701443004885 ], [ 19.72831726, 39.673598643004354 ], [ 19.72060096, 39.654139152994865 ], [ 19.73644412, 39.644368762990183 ], [ 19.74065006, 39.624231332980415 ], [ 19.77701497, 39.611187572974067 ], [ 19.77503562, 39.600759022969044 ], [ 19.81081927, 39.590202202963859 ], [ 19.83023012, 39.573266142955674 ], [ 19.85011196, 39.545443172942136 ], [ 19.84208822, 39.529513942934379 ], [ 19.86766791, 39.456616752898867 ], [ 19.90980244, 39.430327052886064 ], [ 19.96812975, 39.420833102881431 ], [ 19.99876571, 39.398664462870613 ], [ 20.11091793, 39.359707462851553 ], [ 20.12262201, 39.379189122861099 ], [ 20.09952927, 39.404150122873304 ], [ 20.07139826, 39.460681312900846 ], [ 20.05673516, 39.443942302892687 ], [ 20.01943135, 39.433467262887568 ], [ 19.99823415, 39.458466522899776 ], [ 19.97323656, 39.459549422900317 ], [ 19.93716311, 39.472954502906859 ], [ 19.91280961, 39.54869114294371 ], [ 19.91533411, 39.586863032962249 ], [ 19.90135455, 39.59914433296823 ], [ 19.90671515, 39.606819142971908 ], [ 19.9160428, 39.589544642963524 ], [ 19.92779851, 39.595467442966445 ], [ 19.92906046, 39.610383142973639 ], [ 19.92086625, 39.614243142975546 ], [ 19.93292654, 39.624670502980642 ], [ 19.86923373, 39.638168802987138 ], [ 19.85892642, 39.655216452995454 ], [ 19.85110664, 39.646376722991121 ], [ 19.84194577, 39.659104932997309 ], [ 19.86252844, 39.664823043000048 ], [ 19.84056747, 39.677291623006106 ], [ 19.84812021, 39.68708097301085 ], [ 19.83840597, 39.696644063015455 ], [ 19.84447515, 39.706445803020245 ], [ 19.93008864, 39.733745333033447 ], [ 19.93547177, 39.743783233038307 ], [ 19.93963838, 39.741963613037392 ], [ 19.98579963, 39.743367673038087 ], [ 19.99195206, 39.738353963035649 ], [ 19.99800646, 39.740827673036826 ], [ 19.98086905, 39.706140753020094 ], [ 19.98468602, 39.687527533011071 ], [ 19.99735308, 39.691418643012923 ], [ 19.99982131, 39.685498353010054 ], [ 20.00822175, 39.693911543014174 ], [ 20.01863074, 39.69121205301284 ], [ 20.02021277, 39.685478203010078 ], [ 20.01308906, 39.686900253010755 ], [ 20.02359867, 39.677761543006355 ], [ 20.06034911, 39.682809343008813 ], [ 20.06530821, 39.673001163004045 ], [ 20.08305097, 39.670144553002643 ], [ 20.10091054, 39.661970962998659 ], [ 20.08684933, 39.662561052998974 ], [ 20.10133195, 39.650270812993021 ], [ 20.11341155, 39.659426562997467 ], [ 20.13993013, 39.637309542986763 ], [ 20.16324997, 39.63768994298691 ], [ 20.18669331, 39.62428640298041 ], [ 20.18658912, 39.607264752972114 ], [ 20.17184043, 39.593883742965666 ], [ 20.14206314, 39.591526142964497 ], [ 20.15439904, 39.578012222957931 ], [ 20.17282104, 39.581771602959783 ], [ 20.16348195, 39.555317872946901 ], [ 20.14865851, 39.548845042943746 ], [ 20.13742244, 39.528926962934058 ], [ 20.15680981, 39.528074612933636 ], [ 20.1627959, 39.533617012936382 ], [ 20.15114915, 39.530911562935088 ], [ 20.16664374, 39.536136142937622 ], [ 20.20029855, 39.519433132929429 ], [ 20.15602124, 39.522996062931199 ], [ 20.17356944, 39.512380952926016 ], [ 20.1914767, 39.518664712929102 ], [ 20.21397531, 39.51427971292695 ], [ 20.22325635, 39.505052442922448 ], [ 20.23446345, 39.518963802929264 ], [ 20.26100993, 39.5086708029242 ], [ 20.25708735, 39.484133232912278 ], [ 20.22690153, 39.496950502918494 ], [ 20.21251631, 39.491360652915802 ], [ 20.2356745, 39.470693942905704 ], [ 20.2750442, 39.453464862897334 ], [ 20.27379406, 39.445611112893502 ], [ 20.22837484, 39.442370642891944 ], [ 20.20653272, 39.449144832895243 ], [ 20.23904467, 39.40803694287515 ], [ 20.23082638, 39.4011398528718 ], [ 20.24441373, 39.399083842870795 ], [ 20.24758112, 39.393748032868224 ], [ 20.25684285, 39.397825952870136 ], [ 20.28146625, 39.378542062860795 ], [ 20.27436864, 39.365908732854599 ], [ 20.28761053, 39.357290852850348 ], [ 20.28082311, 39.350010152846828 ], [ 20.28797817, 39.323826542834027 ], [ 20.3349601, 39.293733352819253 ], [ 20.34039521, 39.283172242814075 ], [ 20.38735092, 39.277128452811127 ], [ 20.39611006, 39.285030592815005 ], [ 20.41943014, 39.273444642809309 ], [ 20.43409216, 39.273592102809381 ], [ 20.43867743, 39.281723972813388 ], [ 20.46167338, 39.268985142807132 ], [ 20.46690285, 39.279177892812157 ], [ 20.47815526, 39.274971952810048 ], [ 20.47041297, 39.263712632804555 ], [ 20.47246075, 39.240719552793266 ], [ 20.47954714, 39.238216632792067 ], [ 20.47370243, 39.219605562782952 ], [ 20.53155124, 39.189428442768119 ], [ 20.60480666, 39.115075822731527 ], [ 20.63774645, 39.09328281272083 ], [ 20.65942097, 39.089294902718841 ], [ 20.70028067, 39.054838412701883 ], [ 20.71562791, 39.016042342682759 ], [ 20.69934261, 38.997632852673661 ], [ 20.72665966, 38.949525352649871 ], [ 20.74418497, 38.944621912647463 ], [ 20.757387879999989, 38.950420372650349 ], [ 20.75212014, 38.973844042661867 ], [ 20.75812256, 38.982092252665986 ], [ 20.75780821, 38.971952672660976 ], [ 20.78593957, 38.971760502660857 ], [ 20.82014883, 38.95430480265226 ], [ 20.83131385, 38.959798802654973 ], [ 20.82826054, 38.969728222659903 ], [ 20.80914998, 38.973606932661816 ], [ 20.75536191, 39.006032932677826 ], [ 20.7609086, 39.033873672691563 ], [ 20.79742944, 39.061049092704955 ], [ 20.81750417, 39.057915922703394 ], [ 20.83071315, 39.034254422691717 ], [ 20.89799285, 39.030673492689935 ], [ 20.91569245, 39.00527762267739 ], [ 20.92257714, 39.003968942676757 ], [ 20.91777074, 39.011969442680709 ], [ 20.95998383, 39.036551352692854 ], [ 20.9724493, 39.031163322690176 ], [ 20.97049534, 39.021371832685361 ], [ 20.97948241, 39.024322142686813 ], [ 20.97689223, 39.015957352682683 ], [ 21.00076222, 39.016442652682933 ], [ 20.98691595, 39.006818172678194 ], [ 20.97022176, 39.020551312684916 ], [ 20.98581672, 39.006533612678041 ], [ 21.01043534, 39.012275922680864 ], [ 21.00241745, 39.018927922684199 ], [ 21.01014006, 39.020620462684974 ], [ 21.02077484, 39.01242362268097 ], [ 21.01222575, 39.011316412680394 ], [ 21.03842533, 39.003732432676649 ], [ 21.02087855, 39.010139932679841 ], [ 21.03491271, 39.021379342685357 ], [ 21.07097113, 39.008111712678833 ], [ 21.07494354, 39.011642572680579 ], [ 21.06346762, 39.011469242680455 ], [ 21.045833940000012, 39.018316852683874 ], [ 21.06365931, 39.013050432681261 ], [ 21.07617235, 39.013285632681352 ], [ 21.04536974, 39.022740002686049 ], [ 21.06169736, 39.033087242691117 ], [ 21.05819798, 39.039846652694514 ], [ 21.04793513, 39.036768552692934 ], [ 21.05082512, 39.049283732699116 ], [ 21.0610491, 39.04889440269892 ], [ 21.07595944, 39.02319335268627 ], [ 21.07899058, 39.044419642696724 ], [ 21.07288396, 39.045900102697452 ], [ 21.08727527, 39.054158442701528 ], [ 21.11035776, 39.045740712697395 ], [ 21.13933671, 39.014093632681778 ], [ 21.15422547, 38.981371632665585 ], [ 21.14149153, 38.961454142655761 ], [ 21.13930357, 38.922603242636526 ], [ 21.16614854, 38.905220142627975 ], [ 21.17385328, 38.866539112608848 ], [ 21.16163623, 38.869246592610132 ], [ 21.15025795, 38.893334022622071 ], [ 21.11429214, 38.903945562627349 ], [ 21.11400437, 38.913057442631811 ], [ 21.09890532, 38.913169492631901 ], [ 21.08695495, 38.901981112626331 ], [ 21.09121752, 38.87753903261423 ], [ 21.07939434, 38.87552952261327 ], [ 21.07927966, 38.863390442607241 ], [ 21.06498337, 38.877719042614324 ], [ 21.01969314, 38.897152892623986 ], [ 21.03068507, 38.91031419263048 ], [ 21.02487516, 38.928623312639523 ], [ 20.99580133, 38.920727842635614 ], [ 21.003093239999988, 38.914619442632606 ], [ 20.99158013, 38.91578804263321 ], [ 20.99299431, 38.930126662640291 ], [ 20.97900343, 38.944842332647568 ], [ 20.94375384, 38.93260883264152 ], [ 20.91957176, 38.948238242649246 ], [ 20.9229573, 38.938495272644424 ], [ 20.90753734, 38.922477712636521 ], [ 20.88761985, 38.921094652635823 ], [ 20.86423636, 38.93363272264201 ], [ 20.87516534, 38.936153642643269 ], [ 20.86308217, 38.957250822653712 ], [ 20.85984313, 38.939753762645097 ], [ 20.84563744, 38.938046332644198 ], [ 20.84893465, 38.929827922640165 ], [ 20.8392812, 38.920692432635612 ], [ 20.80087614, 38.918596022634567 ], [ 20.78522754, 38.92650365263848 ], [ 20.76509917, 38.95752620265381 ], [ 20.76425636, 38.928445932639448 ], [ 20.74795675, 38.923994412637256 ], [ 20.75393033, 38.905562032628097 ], [ 20.78339314, 38.87253772261176 ], [ 20.78496814, 38.878072612614524 ], [ 20.80102324, 38.868157022609594 ], [ 20.73938513, 38.852450722601795 ], [ 20.73162305, 38.842973102597121 ], [ 20.74179244, 38.835540642593436 ], [ 20.72794366, 38.813418742582463 ], [ 20.73278022, 38.804609532578134 ], [ 20.72957206, 38.793104762572383 ], [ 20.74990475, 38.789221522570443 ], [ 20.76295602, 38.756572002554236 ], [ 20.77308094, 38.753975622552922 ], [ 20.80179644, 38.766891232559409 ], [ 20.80552685, 38.75958346255576 ], [ 20.84847033, 38.794525022573104 ], [ 20.87355077, 38.793267242572462 ], [ 20.89399326, 38.73334753254273 ], [ 20.89353216, 38.709039802530626 ], [ 20.91447806, 38.67306434251271 ], [ 20.92260551, 38.669734832511068 ], [ 20.93422222, 38.676939002514644 ], [ 20.94476175, 38.665794122509119 ], [ 20.96387911, 38.67299103251267 ], [ 20.98829114, 38.668985122510669 ], [ 20.98920965, 38.645158042498842 ], [ 21.02127182, 38.607555022480085 ], [ 21.00858915, 38.533655512443218 ], [ 21.02149355, 38.524971242438866 ], [ 21.02722836, 38.502407302427599 ], [ 21.04361522, 38.502195352427478 ], [ 21.07655931, 38.530411002441575 ], [ 21.09478402, 38.532663692442739 ], [ 21.08362615, 38.492857332422822 ], [ 21.09817004, 38.488110652420474 ], [ 21.07302988, 38.483365172418083 ], [ 21.08374953, 38.484977002418901 ], [ 21.083755369999988, 38.472464912412654 ], [ 21.10429442, 38.477165932414998 ], [ 21.09182775, 38.466261022409547 ], [ 21.11772728, 38.438315502395554 ], [ 21.12145877, 38.425879352389309 ], [ 21.11413681, 38.419296142386045 ], [ 21.15502906, 38.412899722382853 ], [ 21.14933383, 38.406669852379707 ], [ 21.12366402, 38.415440312384106 ], [ 21.12097335, 38.396329872374544 ], [ 21.13060606, 38.398933642375809 ], [ 21.12527251, 38.384946342368814 ], [ 21.10445344, 38.369163032360888 ], [ 21.10364521, 38.385282632368991 ], [ 21.09733427, 38.383224832367937 ], [ 21.08966446, 38.365576142359082 ], [ 21.09897316, 38.368518942360637 ], [ 21.10757422, 38.358928912355807 ], [ 21.10126698, 38.335019342343834 ], [ 21.10902524, 38.349838602351234 ], [ 21.10659814, 38.336292852344414 ], [ 21.13277185, 38.334717032343619 ], [ 21.13263965, 38.321645732337117 ], [ 21.14687932, 38.312002652332261 ], [ 21.15062487, 38.30058562232653 ], [ 21.17794216, 38.298578612325514 ], [ 21.20532143, 38.305732962329095 ], [ 21.23466563, 38.298621052325551 ], [ 21.27826273, 38.310750002331602 ], [ 21.30533791, 38.302771922327622 ], [ 21.31868255, 38.309741612331095 ], [ 21.27815855, 38.311883202332211 ], [ 21.24473095, 38.303281652327875 ], [ 21.21220624, 38.313418862332959 ], [ 21.21761465, 38.319672692336077 ], [ 21.22778118, 38.315172902333835 ], [ 21.24037552, 38.330579032341582 ], [ 21.26229787, 38.336000792344272 ], [ 21.26771235, 38.349495762351076 ], [ 21.26943517, 38.338606472345582 ], [ 21.28931487, 38.339336742345999 ], [ 21.28162396, 38.350006092351293 ], [ 21.27049005, 38.350869172351771 ], [ 21.28230417, 38.353703972353181 ], [ 21.28487825, 38.355612632354102 ], [ 21.26887834, 38.361148472356888 ], [ 21.29033208, 38.359101052355861 ], [ 21.29143286, 38.373216262362973 ], [ 21.31607652, 38.375834342364286 ], [ 21.32311571, 38.385540002369162 ], [ 21.34206545, 38.385064002368914 ], [ 21.33621871, 38.401601302377173 ], [ 21.34619951, 38.420778262386762 ], [ 21.33837962, 38.42970323239124 ], [ 21.34699202, 38.424514642388687 ], [ 21.34862816, 38.435537212394188 ], [ 21.30074251, 38.481849902417309 ], [ 21.31817627, 38.498913522425845 ], [ 21.36378658, 38.447404612400092 ], [ 21.3656491, 38.427036512389911 ], [ 21.35810912, 38.411978832382353 ], [ 21.35116482, 38.420191642386499 ], [ 21.34954965, 38.412806862382787 ], [ 21.36454391, 38.40530466237901 ], [ 21.37404025, 38.416015622384393 ], [ 21.42121851, 38.381814832367247 ], [ 21.42113566, 38.368396752360553 ], [ 21.41142404, 38.367080442359885 ], [ 21.41063857, 38.327515232340055 ], [ 21.41852617, 38.362198702357453 ], [ 21.46647048, 38.366827242359726 ], [ 21.46666765, 38.352589002352602 ], [ 21.48358548, 38.35309206235285 ], [ 21.47199845, 38.341876852347212 ], [ 21.48549795, 38.324841732338669 ], [ 21.48631585, 38.303301802327866 ], [ 21.44559336, 38.326884142339708 ], [ 21.45533335, 38.335613122344064 ], [ 21.44190586, 38.327015152339797 ], [ 21.42238307, 38.325425732338985 ], [ 21.41873968, 38.331170672341877 ], [ 21.41721535, 38.325919142339224 ], [ 21.44940925, 38.321756002337146 ], [ 21.48043776, 38.299138662325788 ], [ 21.50512505, 38.300934422326698 ], [ 21.50450993, 38.293228852322805 ], [ 21.4967314, 38.296568152324518 ], [ 21.50365734, 38.290508622321418 ], [ 21.52805173, 38.313217392332866 ], [ 21.57828248, 38.328258742340431 ], [ 21.58833385, 38.343682642348107 ], [ 21.61951435, 38.34208523234738 ], [ 21.63899291, 38.357190122354893 ], [ 21.67781484, 38.345504632349041 ], [ 21.71507883, 38.347084042349842 ], [ 21.73227441, 38.334999312343797 ], [ 21.766085149999988, 38.327044362339805 ], [ 21.78707612, 38.374162902363437 ], [ 21.81942701, 38.380973092366844 ], [ 21.83230186, 38.392485132372613 ], [ 21.85076904, 38.375321742364001 ], [ 21.8834244, 38.368056412360346 ], [ 21.91231513, 38.382435192367588 ], [ 21.93511534, 38.406820052379778 ], [ 21.99431646, 38.398719302375731 ], [ 22.00418067, 38.389413822371068 ], [ 22.05127251, 38.394585242373651 ], [ 22.0651468, 38.380836832366754 ], [ 22.10193253, 38.366746532359699 ], [ 22.12712324, 38.36586725235928 ], [ 22.14318144, 38.344212522348371 ], [ 22.15787983, 38.348667022350625 ], [ 22.18362915, 38.320312492336406 ], [ 22.19469035, 38.338254562345433 ], [ 22.22964692, 38.35942363235602 ], [ 22.24238944, 38.351376052352002 ], [ 22.24956834, 38.362097252357358 ], [ 22.28536582, 38.338101732345329 ], [ 22.29248798, 38.338253252345446 ], [ 22.297994139999989, 38.355302322353992 ], [ 22.32402837, 38.343614932348132 ], [ 22.35844922, 38.348338242350515 ], [ 22.35682595, 38.337331522344925 ], [ 22.37774563, 38.33230721234245 ], [ 22.39545715, 38.34786176235022 ], [ 22.37945271, 38.347912542350251 ], [ 22.38380206, 38.363724702358198 ], [ 22.40271687, 38.363667952358149 ], [ 22.39615405, 38.379492632366109 ], [ 22.38749838, 38.375122302363941 ], [ 22.37314177, 38.391243932371992 ], [ 22.39497125, 38.410912152381869 ], [ 22.41668415, 38.411870952382323 ], [ 22.39875495, 38.431975832392361 ], [ 22.40385985, 38.449352142401089 ], [ 22.40683746, 38.443151462397992 ], [ 22.41768885, 38.444756142398781 ], [ 22.41918635, 38.43131100239205 ], [ 22.45567763, 38.426608432389664 ], [ 22.503636, 38.381594292367168 ], [ 22.51321161, 38.359177102355929 ], [ 22.53728044, 38.343868722348226 ], [ 22.53839087, 38.334960932343783 ], [ 22.51820946, 38.328775042340631 ], [ 22.53764153, 38.313516612333046 ], [ 22.55146921, 38.28166985231703 ], [ 22.58369601, 38.278362622315392 ], [ 22.57856751, 38.286985032319684 ], [ 22.58830833, 38.287121642319768 ], [ 22.58868647, 38.304709072328606 ], [ 22.60814702, 38.316538442334505 ], [ 22.58643734, 38.325256932338874 ], [ 22.59456897, 38.352413642352488 ], [ 22.60196483, 38.349532952351097 ], [ 22.60231054, 38.358038422355378 ], [ 22.62078655, 38.363507502358054 ], [ 22.62326503, 38.352776522352713 ], [ 22.63643575, 38.348803032350723 ], [ 22.6480695, 38.366217012359435 ], [ 22.62801015, 38.374022952363347 ], [ 22.65900815, 38.385530942369101 ], [ 22.68490064, 38.36462175235868 ], [ 22.68927825, 38.348576542350592 ], [ 22.67346466, 38.344160552348377 ], [ 22.68092275, 38.343315232347976 ], [ 22.69321871, 38.316730132334634 ], [ 22.75041544, 38.296656842324559 ], [ 22.75376177, 38.286231872319291 ], [ 22.79710257, 38.275779712314076 ], [ 22.79771495, 38.268676032310474 ], [ 22.7835654, 38.264879932308581 ], [ 22.78632665, 38.25599944230413 ], [ 22.77560842, 38.258085242305178 ], [ 22.76224244, 38.245460142298839 ], [ 22.77830553, 38.232700932292389 ], [ 22.83270276, 38.224136942288112 ], [ 22.86443198, 38.232298242292245 ], [ 22.88154435, 38.221905462286998 ], [ 22.89182663, 38.236302252294202 ], [ 22.90592694, 38.182650912267235 ], [ 22.91330075, 38.194961542273454 ], [ 22.94000041, 38.182846892267364 ], [ 22.96767604, 38.188663352270261 ], [ 22.96033573, 38.201585042276761 ], [ 22.9441123, 38.208091962280022 ], [ 22.92162168, 38.198995942275474 ], [ 22.92507875, 38.217161532284599 ], [ 22.93841517, 38.214823122283427 ], [ 22.95184398, 38.222936502287503 ], [ 22.95679653, 38.210516322281244 ], [ 23.02347934, 38.213865752282928 ], [ 23.02746975, 38.205121632278548 ], [ 23.05130577, 38.19517039227356 ], [ 23.02842963, 38.179172152265458 ], [ 23.05876207, 38.177991742264858 ], [ 23.06801832, 38.169884432260801 ], [ 23.11200511, 38.206961622279486 ], [ 23.1426897, 38.182605142267214 ], [ 23.12396336, 38.1636402522577 ], [ 23.16322136, 38.167560932259654 ], [ 23.22179222, 38.156143062253868 ], [ 23.22352946, 38.145224802248407 ], [ 23.17485332, 38.142602792247104 ], [ 23.17896736, 38.125801202238634 ], [ 23.20526183, 38.125514502238481 ], [ 23.21711397, 38.116115322233753 ], [ 23.21546185, 38.099490392225377 ], [ 23.18424273, 38.090281832220732 ], [ 23.16985321, 38.074216712212632 ], [ 23.14304388, 38.065453042208212 ], [ 23.05781293, 38.052209612201501 ], [ 23.02896702, 38.062366952206638 ], [ 23.02455485, 38.054437872202612 ], [ 23.00189388, 38.060860622205894 ], [ 22.98971045, 38.073827262212404 ], [ 22.95680916, 38.079637762215327 ], [ 22.93870795, 38.074341642212673 ], [ 22.93887365, 38.066302412208586 ], [ 22.91960001, 38.067084542209031 ], [ 22.90743566, 38.053809632202288 ], [ 22.88492763, 38.053170552201991 ], [ 22.84873891, 38.028083912189338 ], [ 22.91255546, 38.016091932183272 ], [ 22.97646618, 37.976393452163229 ], [ 22.95017016, 37.943019742146383 ], [ 22.93389607, 37.945839042147782 ], [ 22.89852035, 37.932126392140866 ], [ 22.87261391, 37.933217632141421 ], [ 22.79641843, 37.967345352158702 ], [ 22.77069855, 38.001027102175691 ], [ 22.72537494, 38.035941232193345 ], [ 22.66121078, 38.061329242206092 ], [ 22.639240499999989, 38.078122842214562 ], [ 22.54572368, 38.104667532227964 ], [ 22.49174142, 38.135942812243719 ], [ 22.45030105, 38.13006913224077 ], [ 22.4333086, 38.136631722244054 ], [ 22.41645324, 38.130650512241054 ], [ 22.38971055, 38.136130562243835 ], [ 22.35193884, 38.151539552251599 ], [ 22.33515012, 38.176897642264365 ], [ 22.26840627, 38.171165932261459 ], [ 22.23943734, 38.181471462266664 ], [ 22.21653461, 38.179946772265879 ], [ 22.19723201, 38.20113133227651 ], [ 22.17519987, 38.200917112276414 ], [ 22.1484375, 38.218749992285424 ], [ 22.13172436, 38.249245752300745 ], [ 22.10914195, 38.265799392309056 ], [ 22.07743204, 38.254265662303254 ], [ 22.06638706, 38.271395432311841 ], [ 22.02713954, 38.285293212318834 ], [ 22.01845014, 38.310079212331289 ], [ 21.9862349, 38.312080252332322 ], [ 21.94796836, 38.328320852340433 ], [ 21.87825096, 38.325353142338912 ], [ 21.87241364, 38.334798452343705 ], [ 21.84925675, 38.339172592345882 ], [ 21.82512546, 38.316635242334549 ], [ 21.77971423, 38.313251132332837 ], [ 21.76152146, 38.287414662319904 ], [ 21.74520373, 38.281056992316678 ], [ 21.71559513, 38.21245216228224 ], [ 21.67982316, 38.186226722269005 ], [ 21.67173076, 38.168011662259865 ], [ 21.60627305, 38.143211592247383 ], [ 21.54639578, 38.15872203225517 ], [ 21.53308725, 38.15463411225317 ], [ 21.45214045, 38.198485242275204 ], [ 21.41010678, 38.190884942271374 ], [ 21.39154494, 38.215596072283788 ], [ 21.37208188, 38.216719742284361 ], [ 21.37484312, 38.198251242275084 ], [ 21.36383975, 38.180513852266159 ], [ 21.36748695, 38.125264632238355 ], [ 21.35539424, 38.103745092227484 ], [ 21.34176624, 38.098759642225005 ], [ 21.33042991, 38.066005102208493 ], [ 21.29969192, 38.020682212185584 ], [ 21.30743825, 38.003176442176773 ], [ 21.27805674, 37.991793742171048 ], [ 21.28504515, 38.008293742179369 ], [ 21.25575852, 37.968548412159265 ], [ 21.23441625, 37.962306012156127 ], [ 21.194205169999989, 37.931942932140792 ], [ 21.16486883, 37.926655402138067 ], [ 21.13923287, 37.943014022146372 ], [ 21.12628317, 37.937214962143429 ], [ 21.10542774, 37.848336212098459 ], [ 21.14460456, 37.830107442089243 ], [ 21.227715969999988, 37.810128442079083 ], [ 21.29730344, 37.766006222056724 ], [ 21.32029486, 37.702842822024692 ], [ 21.3012681, 37.678839442012446 ], [ 21.30747128, 37.675983662011049 ], [ 21.30123615, 37.668270342007098 ], [ 21.3100419, 37.664481032005199 ], [ 21.30272126, 37.645354861995443 ], [ 21.30936027, 37.632730121989042 ], [ 21.32524896, 37.660842652003346 ], [ 21.37107635, 37.660084832002966 ], [ 21.52333915, 37.574859611959631 ], [ 21.56824625, 37.540373551942061 ], [ 21.62014747, 37.484619961913673 ], [ 21.66499305, 37.412068241876675 ], [ 21.69637167, 37.334820621837217 ], [ 21.69352782, 37.293225161815975 ], [ 21.67091, 37.25714539179755 ], [ 21.6501559, 37.250817771794345 ], [ 21.58817565, 37.207154501771967 ], [ 21.56568253, 37.159212341747441 ], [ 21.58160114, 37.091407651712736 ], [ 21.57371664, 37.059002271696109 ], [ 21.60286391, 37.03957473168613 ], [ 21.61826885, 37.01407920167307 ], [ 21.64203405, 37.00332104166754 ], [ 21.66275215, 36.964294541647547 ], [ 21.65341711, 36.959349031645004 ], [ 21.65706897, 36.950342761640385 ], [ 21.68174827, 36.956722731643666 ], [ 21.71040916, 36.94258593163638 ], [ 21.70742691, 36.923399201626559 ], [ 21.6893177, 36.914062491621735 ], [ 21.67933524, 36.888362991608538 ], [ 21.68897724, 36.839927661583658 ], [ 21.69452167, 36.837896811582624 ], [ 21.70430064, 36.811006891568773 ], [ 21.71656680000001, 36.816183201571462 ], [ 21.72916675, 36.798263061562203 ], [ 21.75183201, 36.798275341562224 ], [ 21.76047182, 36.785251961555545 ], [ 21.76873922, 36.798411241562306 ], [ 21.77678561, 36.793812151559933 ], [ 21.79271317, 36.803681121565049 ], [ 21.8218255, 36.803175441564754 ], [ 21.83101475, 36.772771471549113 ], [ 21.86414015, 36.747100341535933 ], [ 21.87813723, 36.717667811520805 ], [ 21.90641034, 36.745227211534925 ], [ 21.93379331, 36.757561201541321 ], [ 21.9367156, 36.780946841553316 ], [ 21.96839023, 36.7935167515598 ], [ 21.93933964, 36.807192321566831 ], [ 21.92176175, 36.863933201595984 ], [ 21.93541634, 36.930962911630438 ], [ 21.93617034, 36.958982931644805 ], [ 21.92677784, 36.961037861645863 ], [ 21.93238866, 36.984022851657663 ], [ 21.98531485, 37.010463471671237 ], [ 22.04987431, 37.027314301679866 ], [ 22.1484375, 37.017857071675017 ], [ 22.15501475, 36.994787561663152 ], [ 22.14094543, 36.965899221648364 ], [ 22.14598584, 36.937680711633874 ], [ 22.12514257, 36.914470541621945 ], [ 22.16999435, 36.889445651609101 ], [ 22.20186484, 36.90430199161672 ], [ 22.21084571, 36.894258011611591 ], [ 22.22634876, 36.892952191610895 ], [ 22.24993646, 36.862651701595325 ], [ 22.24591613, 36.857890601592878 ], [ 22.25687885, 36.856612431592232 ], [ 22.25728726, 36.839362611583375 ], [ 22.27197743, 36.836021411581655 ], [ 22.27865827, 36.822814341574876 ], [ 22.29618514, 36.813789831570212 ], [ 22.30929804, 36.776090731550823 ], [ 22.30056858, 36.770212161547811 ], [ 22.31320405, 36.769653911547529 ], [ 22.34878421, 36.697117321510206 ], [ 22.3885715, 36.693778741508496 ], [ 22.36041164, 36.667783371495084 ], [ 22.36597538, 36.651329861486609 ], [ 22.38238537, 36.645903931483822 ], [ 22.38078058, 36.638398641479981 ], [ 22.36226702, 36.638919941480218 ], [ 22.36666751, 36.620291221470637 ], [ 22.37572014, 36.617888801469391 ], [ 22.3628633, 36.605880611463213 ], [ 22.38666356, 36.591927641456046 ], [ 22.37375176, 36.587036241453504 ], [ 22.37105203, 36.576583261448107 ], [ 22.38598084, 36.574686041447158 ], [ 22.38180912, 36.553438061436189 ], [ 22.39087927, 36.541054721429795 ], [ 22.37445891, 36.535713541427072 ], [ 22.36359072, 36.54626225143253 ], [ 22.36645615, 36.533609861425958 ], [ 22.35562694, 36.524400341421249 ], [ 22.34574854, 36.526665321422392 ], [ 22.34719527, 36.512189261414974 ], [ 22.36962151, 36.476464021396531 ], [ 22.39248681, 36.466042031391154 ], [ 22.39998257, 36.481145491398934 ], [ 22.4206655, 36.463341111389795 ], [ 22.45809281, 36.451958651383897 ], [ 22.45626736, 36.441572541378505 ], [ 22.4751451, 36.430113541372585 ], [ 22.46816721, 36.408966391361716 ], [ 20.63520145, 36.476747581396658 ], [ 18.80223569, 36.544528771431629 ], [ 16.96926993, 36.612309961466501 ], [ 15.13630417, 36.680091161501494 ], [ 15.13958693, 36.685194241504057 ], [ 15.12283266, 36.702209461512787 ], [ 15.11994076, 36.744578471534652 ], [ 15.11066854, 36.747056351535896 ], [ 15.09505415, 36.778333891552016 ], [ 15.09492826, 36.800482261563396 ], [ 15.11084795, 36.816851841571804 ], [ 15.10513842, 36.833278651580208 ], [ 15.11366093, 36.853208061590514 ], [ 15.13722718, 36.866575471597343 ], [ 15.15365064, 36.914812441622132 ], [ 15.17284834, 36.92371606162672 ], [ 15.18740284, 36.946523891638442 ], [ 15.20834482, 36.953371401641924 ], [ 15.20892394, 36.963710301647211 ], [ 15.26168656, 36.974532831652802 ], [ 15.26903975, 36.986291401658796 ], [ 15.26491272, 36.996706241664157 ], [ 15.27616882, 37.006908051669392 ], [ 15.30150962, 37.015011661673562 ], [ 15.31424391, 37.003380171667565 ], [ 15.33453822, 37.001281371666501 ], [ 15.33669865, 37.007892841669886 ], [ 15.31557703, 37.037086601684834 ], [ 15.30242705, 37.044050331688425 ], [ 15.28186822, 37.033800351683198 ], [ 15.26909065, 37.054606901693866 ], [ 15.28041053, 37.065008511699183 ], [ 15.29754913, 37.052532541692777 ], [ 15.29676354, 37.105365151719845 ], [ 15.26333642, 37.106082551720256 ], [ 15.27069604, 37.11732613172601 ], [ 15.25552535, 37.1103732517224 ], [ 15.22146082, 37.12825905173159 ], [ 15.22193992, 37.148635141742012 ], [ 15.24411631, 37.146339171740891 ], [ 15.23193431, 37.1593319117475 ], [ 15.22200012, 37.150471561742989 ], [ 15.20542622, 37.153211701744354 ], [ 15.20982778, 37.164095031749937 ], [ 15.20305991, 37.16003584174787 ], [ 15.19978261, 37.164942491750374 ], [ 15.20670605, 37.181192151758715 ], [ 15.19775784, 37.182247751759249 ], [ 15.20673025, 37.188021771762209 ], [ 15.19611371, 37.184125411760178 ], [ 15.19726408, 37.190916171763675 ], [ 15.18976915, 37.188153611762274 ], [ 15.19301856, 37.194645041765611 ], [ 15.18515444, 37.195431701765997 ], [ 15.18245816, 37.208395951772616 ], [ 15.19471753, 37.207076301771899 ], [ 15.18374872, 37.216050611776545 ], [ 15.19858837, 37.217231741777155 ], [ 15.19033206, 37.234848251786126 ], [ 15.21484613, 37.245765911791715 ], [ 15.21609986, 37.223922721780554 ], [ 15.23301578, 37.197904931767276 ], [ 15.22650218, 37.245036951791342 ], [ 15.24618292, 37.231806631784593 ], [ 15.25712895, 37.243679391790678 ], [ 15.24490011, 37.247686261792673 ], [ 15.24029744, 37.261531941799774 ], [ 15.20705831, 37.292923561815833 ], [ 15.1906929, 37.281879651810179 ], [ 15.17221606, 37.29255592181562 ], [ 15.16191471, 37.28905152181386 ], [ 15.1341902, 37.309947001824533 ], [ 15.10477436, 37.310277451824696 ], [ 15.09924805, 37.316821451828027 ], [ 15.09112811, 37.344392051842128 ], [ 15.08456922, 37.482480401912532 ], [ 15.09657383, 37.500759951921935 ], [ 15.10129511, 37.489537711916171 ], [ 15.09785295, 37.503956431923505 ], [ 15.11753905, 37.523298011933356 ], [ 15.11650264, 37.531479351937541 ], [ 15.14307976, 37.542908061943365 ], [ 15.17670226, 37.575737351960065 ], [ 15.17498732, 37.63212191198874 ], [ 15.19884634, 37.653841251999779 ], [ 15.19941163, 37.676660172011388 ], [ 15.21959364, 37.71076476202871 ], [ 15.20458806, 37.739546532043278 ], [ 15.21230745, 37.755417462051362 ], [ 15.24404252, 37.796491972072189 ], [ 15.27647674, 37.821456542084874 ], [ 15.27230465, 37.835525622091971 ], [ 15.30506635, 37.851415742100009 ], [ 15.29660177, 37.861478802105118 ], [ 15.30544686, 37.877325052113122 ], [ 15.34826934, 37.912497032130929 ], [ 15.36426961, 37.94015061214489 ], [ 15.49014187, 38.070458522210721 ], [ 15.53408384, 38.14752292224955 ], [ 15.57312834, 38.189885732270881 ], [ 15.57194126, 38.197352522274635 ], [ 15.56081963, 38.188272472270093 ], [ 15.55788434, 38.195493812273696 ], [ 15.58301163, 38.246068942299132 ], [ 15.65229845, 38.267476912309924 ], [ 15.71249604, 38.253669132302939 ], [ 15.63590515, 38.232263912292176 ], [ 15.63199854, 38.222738262287386 ], [ 15.63415134, 38.186617962269231 ], [ 15.65665007, 38.136953342244205 ], [ 15.64808726, 38.113878722232634 ], [ 15.63094676, 38.102278342226761 ], [ 15.63483214, 38.076076022213542 ], [ 15.65198195, 38.065421212208186 ], [ 15.64804745, 38.053827632202335 ], [ 15.65738225, 38.040669912195696 ], [ 15.63518655, 38.013337242181912 ], [ 15.67784774, 37.953780052151835 ], [ 15.76401305, 37.916127192132805 ], [ 15.91978681, 37.929322232139448 ], [ 15.99794555, 37.915247912132322 ], [ 16.06342447, 37.923905012136736 ], [ 16.10762382, 37.968074672159027 ], [ 16.14446473, 38.030727022190689 ], [ 16.16377306, 38.13420116224281 ], [ 16.2881211, 38.259731162306018 ], [ 16.33797371, 38.301758042327087 ], [ 16.47392595, 38.344676842348605 ], [ 16.57149971, 38.426768412389791 ], [ 16.58305526, 38.459283342406046 ], [ 16.55627823, 38.65068506250158 ], [ 16.55877018, 38.681728112517035 ], [ 16.53490806, 38.713521112532831 ], [ 16.57064927, 38.75404869255302 ], [ 16.56770635, 38.766723032559284 ], [ 16.60476553, 38.812723152582116 ], [ 16.77770245, 38.896541232623626 ], [ 16.90215874, 38.930178512640303 ], [ 16.98394895, 38.937721242644017 ], [ 17.02182424, 38.905551542628132 ], [ 17.03182077, 38.91589211263323 ], [ 17.05509114, 38.918777222634688 ], [ 17.08905327, 38.910128462630382 ], [ 17.09615326, 38.893251652622013 ], [ 17.10157907, 38.905152192627902 ], [ 17.17199576, 38.956612102653374 ], [ 17.16081071, 38.969560262659805 ], [ 17.16462004, 38.994313352672002 ], [ 17.20665765, 39.028722162689007 ], [ 17.17687655, 39.032431712690823 ], [ 17.14660001, 39.047244542698159 ], [ 17.13071966, 39.068811762708776 ], [ 17.13674951, 39.08428585271642 ], [ 17.11917901, 39.087352502717877 ], [ 17.10743165, 39.111736762729898 ], [ 17.14732754, 39.205824252776139 ], [ 17.10521054, 39.255225652800419 ], [ 17.11097395, 39.315945732830137 ], [ 17.15491772, 39.400926222871711 ], [ 17.11737227, 39.406000372874203 ], [ 17.05283821, 39.438926212890259 ], [ 17.02255642, 39.483670222912032 ], [ 16.94951117, 39.498951312919473 ], [ 16.87074184, 39.536176432937587 ], [ 16.83848226, 39.556016432947231 ], [ 16.81566596, 39.590208642963887 ], [ 16.77414036, 39.619282712977977 ], [ 16.75590074, 39.624079462980333 ], [ 16.73889112, 39.615595212976196 ], [ 16.61971176, 39.621160742978908 ], [ 16.56685257, 39.640383112988239 ], [ 16.52832568, 39.669507023002332 ], [ 16.5234375, 39.659598222997516 ], [ 16.51810837, 39.669337503002254 ], [ 16.52728951, 39.673653003004333 ], [ 16.52842176, 39.724194163028798 ], [ 16.4988203, 39.741804713037361 ], [ 16.48698294, 39.765737173048898 ], [ 16.48683214, 39.790237543060719 ], [ 16.50233865, 39.826034543078009 ], [ 16.62770081, 39.957053293141016 ], [ 16.5994215, 40.039481033180557 ], [ 16.60909724, 40.084138153201906 ], [ 16.64176488, 40.117484563217843 ], [ 16.68895555, 40.14806377323243 ], [ 16.73090374, 40.202711333258513 ], [ 16.72481132, 40.201876393258104 ], [ 16.72010016, 40.20744621326071 ], [ 16.72146118, 40.212932103263341 ], [ 16.72590482, 40.213032833263419 ], [ 16.72570658, 40.205982913260016 ], [ 16.73172176, 40.214544643264098 ], [ 16.73537028, 40.208671443261288 ], [ 16.75058484, 40.250324843281163 ], [ 16.78624535, 40.30426251330676 ], [ 16.90182054, 40.435884353369083 ], [ 16.99085176, 40.494194863396586 ], [ 17.09170961, 40.520556203409001 ] ], [ [ 17.15673375, 40.45331990337732 ], [ 17.14117706, 40.45074986337611 ], [ 17.15388274, 40.444179763373022 ], [ 17.16768885, 40.44784795337474 ], [ 17.16335106, 40.467052333383819 ], [ 17.15673375, 40.45331990337732 ] ], [ [ 17.17586255, 40.437059033369586 ], [ 17.17919302, 40.438209053370173 ], [ 17.1748507, 40.441185463371575 ], [ 17.17343617, 40.439321753370727 ], [ 17.17586255, 40.437059033369586 ] ], [ [ 17.86613047, 40.268535013289814 ], [ 17.86943555, 40.268957843290025 ], [ 17.86529064, 40.271260613291105 ], [ 17.86476803, 40.270199653290589 ], [ 17.86613047, 40.268535013289814 ] ], [ [ 17.88484633, 40.25746035328455 ], [ 17.88385355, 40.256267663284014 ], [ 17.88706315, 40.255185363283431 ], [ 17.88254225, 40.262084003286716 ], [ 17.88484633, 40.25746035328455 ] ], [ [ 16.72221005, 40.207731833260901 ], [ 16.72219431, 40.211913933262871 ], [ 16.72164714, 40.212332603263057 ], [ 16.72123158, 40.206978553260541 ], [ 16.72436178, 40.206081743260079 ], [ 16.72221005, 40.207731833260901 ] ], [ [ 17.94807422, 40.044561733182952 ], [ 17.95613193, 40.050208923185707 ], [ 17.94878244, 40.053599713187296 ], [ 17.9446516, 40.049123633185168 ], [ 17.94807422, 40.044561733182952 ] ], [ [ 19.63452983, 39.726981033030171 ], [ 19.63582218, 39.724058743028742 ], [ 19.63640368, 39.732991213033074 ], [ 19.63427305, 39.730105033031656 ], [ 19.63452983, 39.726981033030171 ] ], [ [ 19.90181935, 39.415004362878584 ], [ 19.90383935, 39.415820472878991 ], [ 19.90427422, 39.417866342879947 ], [ 19.90130806, 39.415997142879043 ], [ 19.90181935, 39.415004362878584 ] ], [ [ 20.12607634, 39.220472332783366 ], [ 20.14078414, 39.209443322777929 ], [ 20.14177954, 39.198458302772544 ], [ 20.16838098, 39.18081163276387 ], [ 20.21595836, 39.178431622762695 ], [ 20.20281506, 39.181400532764165 ], [ 20.20343924, 39.189518322768123 ], [ 20.18875313, 39.196586002771603 ], [ 20.19053197, 39.205282922775922 ], [ 20.16983795, 39.216156952781212 ], [ 20.16209304, 39.229515902787817 ], [ 20.13266861, 39.235541332790746 ], [ 20.13071644, 39.241371862793621 ], [ 20.12607634, 39.220472332783366 ] ], [ [ 20.19301105, 39.202621812774588 ], [ 20.194877619999989, 39.202343222774452 ], [ 20.19602752, 39.204700822775607 ], [ 20.19324577, 39.205330362775918 ], [ 20.19301105, 39.202621812774588 ] ], [ [ 20.21739554, 39.151560542749515 ], [ 20.23896885, 39.137393942742563 ], [ 20.25249314, 39.140035142743812 ], [ 20.22624755, 39.161739342754494 ], [ 20.2100749, 39.155372252751327 ], [ 20.21739554, 39.151560542749515 ] ], [ [ 20.24821353, 39.128935452738375 ], [ 20.25012755, 39.129047152738416 ], [ 20.2503494, 39.130183812738942 ], [ 20.24733424, 39.130367872739065 ], [ 20.24821353, 39.128935452738375 ] ], [ [ 20.73316908, 38.852592932601894 ], [ 20.72698617, 38.846017232598619 ], [ 20.71858871, 38.844066132597632 ], [ 20.7251091, 38.843464252597343 ], [ 20.73872554, 38.85421144260269 ], [ 20.74456704, 38.854196662602703 ], [ 20.74678505, 38.859844202605466 ], [ 20.73316908, 38.852592932601894 ] ], [ [ 20.72315156, 38.84286581259704 ], [ 20.72738743, 38.842946162597094 ], [ 20.72907484, 38.844984642598106 ], [ 20.72525215, 38.842973102597114 ], [ 20.72315156, 38.84286581259704 ] ], [ [ 20.6906867, 38.842061752596656 ], [ 20.69380724, 38.85012089260065 ], [ 20.69714081, 38.844907042598074 ], [ 20.72222543, 38.846801872599023 ], [ 20.6901226, 38.851937162601558 ], [ 20.67501521, 38.832486262591907 ], [ 20.64708996, 38.832357632591858 ], [ 20.62426305, 38.793711292572695 ], [ 20.60016501, 38.781512372566596 ], [ 20.57277453, 38.705458032528853 ], [ 20.55525815, 38.681247942516784 ], [ 20.55816781, 38.629045362490828 ], [ 20.54545724, 38.603928442478256 ], [ 20.54932952, 38.593909732473257 ], [ 20.54189587, 38.585598102469149 ], [ 20.55035055, 38.577442642465058 ], [ 20.54165793, 38.560278762456477 ], [ 20.57088327, 38.587709302470188 ], [ 20.59509432, 38.631516332492012 ], [ 20.60596836, 38.628342142490453 ], [ 20.61720037, 38.596689692474691 ], [ 20.63259268, 38.600891342476757 ], [ 20.64003217, 38.578196162465431 ], [ 20.64868104, 38.581276172467 ], [ 20.64209604, 38.596493832474543 ], [ 20.65423465, 38.609288562480934 ], [ 20.67294526, 38.601420752477068 ], [ 20.68616796, 38.606997602479787 ], [ 20.68243384, 38.62382971248821 ], [ 20.69990861, 38.617967242485292 ], [ 20.69629133, 38.638536442495507 ], [ 20.71524262, 38.620722402486621 ], [ 20.72503531, 38.630718822491616 ], [ 20.71188045, 38.671874992512151 ], [ 20.72380734, 38.67421459251328 ], [ 20.72584295, 38.69468533252347 ], [ 20.71556687, 38.704536072528384 ], [ 20.70844924, 38.677506322514944 ], [ 20.69869816, 38.680892342516621 ], [ 20.73316026, 38.729675522540873 ], [ 20.71931064, 38.761815542556825 ], [ 20.72102284, 38.797625412574639 ], [ 20.72942781, 38.804297802577949 ], [ 20.71929705, 38.799551242575603 ], [ 20.71280468, 38.834502572592946 ], [ 20.68288743, 38.836063262593697 ], [ 20.6906867, 38.842061752596656 ] ], [ [ 20.74322581, 38.716747512534468 ], [ 20.73834813, 38.715580212533879 ], [ 20.73486721, 38.709872242531034 ], [ 20.7421875, 38.710937492531585 ], [ 20.74683797, 38.719839322536004 ], [ 20.74322581, 38.716747512534468 ] ], [ [ 20.72565866, 38.708955042530583 ], [ 20.72223365, 38.708461632530337 ], [ 20.72378874, 38.704794642528526 ], [ 20.72746384, 38.707028742529616 ], [ 20.72565866, 38.708955042530583 ] ], [ [ 20.74725282, 38.702394602527306 ], [ 20.7421875, 38.70089280252661 ], [ 20.743140340000011, 38.698238242525271 ], [ 20.74744713, 38.701071252526667 ], [ 20.74725282, 38.702394602527306 ] ], [ [ 20.73903775, 38.686303012519311 ], [ 20.75218821, 38.692980042522635 ], [ 20.75413775, 38.696977132524616 ], [ 20.74018192, 38.697166432524696 ], [ 20.73903775, 38.686303012519311 ] ], [ [ 20.77891254, 38.671874992512144 ], [ 20.78300977, 38.663849342508122 ], [ 20.77039254, 38.669623012511018 ], [ 20.76268971, 38.659393902505904 ], [ 20.74139226, 38.668163772510283 ], [ 20.73464596, 38.639585842496047 ], [ 20.76557863, 38.611334312481965 ], [ 20.81044996, 38.589560622471083 ], [ 20.75510085, 38.626892442489734 ], [ 20.76460671, 38.645321962498912 ], [ 20.78073406, 38.641371362496933 ], [ 20.80429006, 38.653291932502889 ], [ 20.79824364, 38.655402532503949 ], [ 20.80954385, 38.668373812510403 ], [ 20.79753792, 38.661833632507125 ], [ 20.80549741, 38.67259096251248 ], [ 20.79014421, 38.664645662508555 ], [ 20.79073012, 38.676627862514486 ], [ 20.78612685, 38.671168202511787 ], [ 20.78191292, 38.678544392515441 ], [ 20.77891254, 38.671874992512144 ] ], [ [ 20.94217813, 38.652114502502286 ], [ 20.91009975, 38.649461142500968 ], [ 20.89415085, 38.639674652496112 ], [ 20.86807167, 38.598866692475788 ], [ 20.87127137, 38.577266442464982 ], [ 20.88936853, 38.590250242471448 ], [ 20.88503253, 38.600969422476801 ], [ 20.90074015, 38.610925552481767 ], [ 20.92629266, 38.614159342483362 ], [ 20.95292962, 38.633838642493245 ], [ 20.96038616, 38.650525442501547 ], [ 20.94217813, 38.652114502502286 ] ], [ [ 20.93866158, 38.606195922479422 ], [ 20.94089305, 38.607858652480218 ], [ 20.93955374, 38.610555042481579 ], [ 20.93595123, 38.607556812480084 ], [ 20.93866158, 38.606195922479422 ] ], [ [ 20.93090725, 38.603962772478305 ], [ 20.90259671, 38.563776132458273 ], [ 20.89718688, 38.566635002459648 ], [ 20.89641464, 38.540673962446746 ], [ 20.90838242, 38.540292132446524 ], [ 20.90072536, 38.553386802453069 ], [ 20.93919134, 38.5967607424747 ], [ 20.93090725, 38.603962772478305 ] ], [ [ 20.92408407, 38.572999832462834 ], [ 20.92632365, 38.572914232462828 ], [ 20.92615736, 38.574039212463333 ], [ 20.92463684, 38.574522252463595 ], [ 20.92408407, 38.572999832462834 ] ], [ [ 20.71682966, 38.538647522445686 ], [ 20.72185445, 38.56135117245708 ], [ 20.70980406, 38.567852372460322 ], [ 20.69910812, 38.545478692449137 ], [ 20.71682966, 38.538647522445686 ] ], [ [ 20.85086834, 38.561563842457133 ], [ 20.85475492, 38.562129252457417 ], [ 20.852862, 38.565625902459153 ], [ 20.85103071, 38.564398402458579 ], [ 20.85086834, 38.561563842457133 ] ], [ [ 20.80265105, 38.580758202466733 ], [ 20.80188274, 38.58813750247041 ], [ 20.78615391, 38.587076532469879 ], [ 20.79359221, 38.582921612467807 ], [ 20.80265105, 38.580758202466733 ] ], [ [ 20.73453617, 38.66037606250643 ], [ 20.73119342, 38.658212532505303 ], [ 20.73386514, 38.65473281250361 ], [ 20.73633432, 38.659169902505781 ], [ 20.73453617, 38.66037606250643 ] ], [ [ 20.53886867, 38.696335662524298 ], [ 20.53707421, 38.696010342524154 ], [ 20.53842056, 38.694267022523285 ], [ 20.5395931, 38.695701952523955 ], [ 20.53886867, 38.696335662524298 ] ], [ [ 20.65183091, 38.479619022416202 ], [ 20.64316905, 38.467010962409901 ], [ 20.61819172, 38.478411312415588 ], [ 20.61462414, 38.464957352408874 ], [ 20.63217771, 38.438639752395694 ], [ 20.64178467, 38.438714142395789 ], [ 20.64142561, 38.420276042386512 ], [ 20.66291726, 38.387442702370073 ], [ 20.66654086, 38.360952962356819 ], [ 20.68634295, 38.346401562349477 ], [ 20.69454324, 38.315890422334199 ], [ 20.72311497, 38.299771542326113 ], [ 20.76697731, 38.319596162336055 ], [ 20.74489415, 38.328001732340233 ], [ 20.75131691, 38.335757012344146 ], [ 20.73976672, 38.339949842346293 ], [ 20.74884617, 38.353257052352944 ], [ 20.73794985, 38.364228602358459 ], [ 20.75635684, 38.364282602358458 ], [ 20.73596001, 38.386831512369767 ], [ 20.71487165, 38.391832222372265 ], [ 20.72233415, 38.384811752368741 ], [ 20.70553553, 38.386505832369608 ], [ 20.70140004, 38.380323042366506 ], [ 20.71962881, 38.365592232359134 ], [ 20.70344806, 38.373531572363106 ], [ 20.67555404, 38.364838352358753 ], [ 20.67577231, 38.381318922367036 ], [ 20.71013224, 38.434245812393506 ], [ 20.7022773, 38.446820612399819 ], [ 20.69090605, 38.448237052400515 ], [ 20.69776702, 38.452147832402467 ], [ 20.69261372, 38.460787172406761 ], [ 20.68214965, 38.453705902403243 ], [ 20.66386116, 38.459067932405915 ], [ 20.67879355, 38.487988342420408 ], [ 20.64916205, 38.503129832427945 ], [ 20.65183091, 38.479619022416202 ] ], [ [ 20.81530082, 38.502298942427558 ], [ 20.79557335, 38.482053752417457 ], [ 20.80592155, 38.473163122413041 ], [ 20.82243383, 38.47847032241566 ], [ 20.82379007, 38.501301042427045 ], [ 20.81530082, 38.502298942427558 ] ], [ [ 21.02722132, 38.491031402421889 ], [ 21.02962387, 38.486964102419897 ], [ 21.03395045, 38.490268342421544 ], [ 21.03130031, 38.49354946242314 ], [ 21.02722132, 38.491031402421889 ] ], [ [ 21.02463985, 38.488099452420499 ], [ 21.00633526, 38.483718742418269 ], [ 21.02791035, 38.47186564241234 ], [ 21.03094864, 38.478260272415518 ], [ 21.02463985, 38.488099452420499 ] ], [ [ 21.03986776, 38.472193952412475 ], [ 21.04947984, 38.473541732413167 ], [ 21.04875433, 38.477619762415195 ], [ 21.03799975, 38.477153292414989 ], [ 21.03986776, 38.472193952412475 ] ], [ [ 21.04544747, 38.470163812411471 ], [ 21.04086781, 38.461071602406911 ], [ 21.04322004, 38.454279772403531 ], [ 21.05348384, 38.463888752408351 ], [ 21.04544747, 38.470163812411471 ] ], [ [ 21.06564617, 38.459986442406382 ], [ 21.067381499999989, 38.460020532406418 ], [ 21.06845105, 38.461013432406922 ], [ 21.06385815, 38.460671062406767 ], [ 21.06564617, 38.459986442406382 ] ], [ [ 21.06004155, 38.457679142405198 ], [ 21.06533992, 38.451082342401953 ], [ 21.074597, 38.455222952404021 ], [ 21.06098211, 38.459578742406201 ], [ 21.06004155, 38.457679142405198 ] ], [ [ 21.03758526, 38.464983212408882 ], [ 21.0349195, 38.463943232408383 ], [ 21.03557825, 38.459397422406099 ], [ 21.03742075, 38.460037702406446 ], [ 21.03758526, 38.464983212408882 ] ], [ [ 21.01867723, 38.464559552408645 ], [ 21.01711297, 38.466549742409669 ], [ 21.01400626, 38.463604442408176 ], [ 21.01701117, 38.461780902407298 ], [ 21.01867723, 38.464559552408645 ] ], [ [ 21.00291145, 38.46909069241098 ], [ 21.00933754, 38.471404422412114 ], [ 21.00328171, 38.475760092414305 ], [ 21.00067484, 38.469692702411251 ], [ 21.00291145, 38.46909069241098 ] ], [ [ 21.01534414, 38.470043532411388 ], [ 21.0169121, 38.47121345241203 ], [ 21.01534975, 38.472743142412789 ], [ 21.01408076, 38.471707212412227 ], [ 21.01534414, 38.470043532411388 ] ], [ [ 20.99996698, 38.483820672418325 ], [ 20.99802446, 38.48335361241805 ], [ 21.00201762, 38.476284612414545 ], [ 21.00323355, 38.478659022415727 ], [ 20.99996698, 38.483820672418325 ] ], [ [ 21.08284688, 38.435503712394144 ], [ 21.08356416, 38.410506002381616 ], [ 21.10004485, 38.392788642372729 ], [ 21.10771143, 38.416889422384784 ], [ 21.08284688, 38.435503712394144 ] ], [ [ 21.02192867, 38.427442662390099 ], [ 21.01919735, 38.424372542388589 ], [ 21.02615285, 38.420645112386723 ], [ 21.02668095, 38.421726102387296 ], [ 21.02192867, 38.427442662390099 ] ], [ [ 21.02520263, 38.43509745239394 ], [ 21.02293766, 38.43506061239394 ], [ 21.02599776, 38.433376542393084 ], [ 21.02609706, 38.434530132393654 ], [ 21.02520263, 38.43509745239394 ] ], [ [ 20.99055767, 38.372777092362732 ], [ 20.98953927, 38.365733852359192 ], [ 20.99999452, 38.36219095235743 ], [ 20.99369693, 38.377640242365167 ], [ 20.99055767, 38.372777092362732 ] ], [ [ 21.02887523, 38.361973632357333 ], [ 21.04199564, 38.351662632352173 ], [ 21.04982197, 38.347681632350159 ], [ 21.02474022, 38.372463452362553 ], [ 21.02887523, 38.361973632357333 ] ], [ [ 21.05528235, 38.348124262350382 ], [ 21.05573797, 38.351887932352277 ], [ 21.05419767, 38.352352972352477 ], [ 21.05260706, 38.350654592351631 ], [ 21.05528235, 38.348124262350382 ] ], [ [ 21.103952529999987, 38.312544342332529 ], [ 21.10651886, 38.302344192327389 ], [ 21.09283781, 38.299111952325774 ], [ 21.09972036, 38.282010902317197 ], [ 21.10657465, 38.283532492317946 ], [ 21.10379624, 38.297001832324696 ], [ 21.12011313, 38.304307212328368 ], [ 21.11876357, 38.319547642336033 ], [ 21.103952529999987, 38.312544342332529 ] ], [ [ 21.14287245, 38.302910442327672 ], [ 21.1416229, 38.311545722331992 ], [ 21.13859785, 38.311974042332217 ], [ 21.13975036, 38.306507342329482 ], [ 21.14287245, 38.302910442327672 ] ], [ [ 20.60670817, 38.294546832323519 ], [ 20.59869516, 38.30178343232712 ], [ 20.62871337, 38.322178832337343 ], [ 20.61195326, 38.40136122237702 ], [ 20.59564924, 38.404930702378849 ], [ 20.60056198, 38.409599062381183 ], [ 20.57789767, 38.451862562402319 ], [ 20.58238161, 38.464546912408679 ], [ 20.56223536, 38.475276822414052 ], [ 20.54188907, 38.474149692413455 ], [ 20.53609765, 38.468114602410438 ], [ 20.54192972, 38.442734352397764 ], [ 20.53317785, 38.443575972398172 ], [ 20.53852475, 38.421184052386955 ], [ 20.54474545, 38.424267642388529 ], [ 20.53713524, 38.413621652383199 ], [ 20.54866433, 38.384410852368546 ], [ 20.53829885, 38.377966042365344 ], [ 20.53668666, 38.386257042369458 ], [ 20.52432895, 38.385153522368924 ], [ 20.54382134, 38.373376722363048 ], [ 20.54359555, 38.352530952352559 ], [ 20.53137016, 38.353816142353232 ], [ 20.53794336, 38.34525441234895 ], [ 20.52433276, 38.342733732347668 ], [ 20.50631547, 38.322026242337316 ], [ 20.47837663, 38.308722012330612 ], [ 20.46976912, 38.326086512339323 ], [ 20.45739043, 38.32176041233712 ], [ 20.44507921, 38.329291332340929 ], [ 20.44220698, 38.356827252354748 ], [ 20.42515302, 38.354272242353481 ], [ 20.41002202, 38.336533542344554 ], [ 20.39882255, 38.355847112354226 ], [ 20.38707483, 38.272700422312525 ], [ 20.37769997, 38.271708842312023 ], [ 20.37443233, 38.25959836230593 ], [ 20.35623384, 38.26216005230723 ], [ 20.35897052, 38.229569312290849 ], [ 20.34971714, 38.204707142278338 ], [ 20.33684766, 38.202728022277377 ], [ 20.34366381, 38.196251622274069 ], [ 20.33835006, 38.17870187226525 ], [ 20.37663555, 38.163260092257502 ], [ 20.38323414, 38.148232932249918 ], [ 20.39142525, 38.155111902253417 ], [ 20.44008732, 38.161643492256665 ], [ 20.43949151, 38.226776352289455 ], [ 20.42152965, 38.269370072310842 ], [ 20.42978585, 38.279064412315719 ], [ 20.444232459999988, 38.280675642316496 ], [ 20.48103738, 38.202069152276998 ], [ 20.50920296, 38.169213762260483 ], [ 20.50172293, 38.164881702258285 ], [ 20.47892725, 38.192376602272098 ], [ 20.46782196, 38.191274632271593 ], [ 20.4806478, 38.171343442261545 ], [ 20.47363937, 38.158095472254878 ], [ 20.49547768, 38.134610762243049 ], [ 20.48708403, 38.120592472235948 ], [ 20.50954926, 38.108927362230098 ], [ 20.51240015, 38.09994077222558 ], [ 20.53302288, 38.103164542227205 ], [ 20.56620634, 38.088470092219779 ], [ 20.57670236, 38.103373162227342 ], [ 20.619829649999986, 38.116432062233912 ], [ 20.64100552, 38.109773752230559 ], [ 20.70257092, 38.068314302209643 ], [ 20.74353671, 38.06029581220556 ], [ 20.76708138, 38.068630452209803 ], [ 20.78771865, 38.056547872203694 ], [ 20.80099392, 38.072143662211559 ], [ 20.81359208, 38.11813532223475 ], [ 20.79438865, 38.129840962240642 ], [ 20.78817534, 38.149279352250467 ], [ 20.77000415, 38.15656554225415 ], [ 20.76684761, 38.170228352260978 ], [ 20.71277821, 38.224194642288126 ], [ 20.71315801, 38.239421952295807 ], [ 20.69676375, 38.252144562302234 ], [ 20.69687104, 38.263305532307818 ], [ 20.67384064, 38.260958902306577 ], [ 20.67887461, 38.279817812316068 ], [ 20.66547286, 38.275918592314127 ], [ 20.6514852, 38.255405062303844 ], [ 20.63334632, 38.252262112302233 ], [ 20.60670817, 38.294546832323519 ] ], [ [ 20.42316794, 38.131060352241263 ], [ 20.42672956, 38.135150302243339 ], [ 20.41739964, 38.140037652245795 ], [ 20.42094922, 38.132635822242044 ], [ 20.42316794, 38.131060352241263 ] ], [ [ 21.25845253, 37.974205602162144 ], [ 21.25884867, 37.974077212162065 ], [ 21.25870192, 37.974538552162301 ], [ 21.25833154, 37.974425312162268 ], [ 21.25845253, 37.974205602162144 ] ], [ [ 20.69682884, 37.932429662141033 ], [ 20.64650786, 37.899878972124569 ], [ 20.62838781, 37.879195922114079 ], [ 20.62528515, 37.859524722104112 ], [ 20.61919022, 37.861856572105275 ], [ 20.62682736, 37.856448162102538 ], [ 20.61974514, 37.84861003209862 ], [ 20.63146627, 37.833859792091125 ], [ 20.62980282, 37.813518512080819 ], [ 20.65288484, 37.792968742070393 ], [ 20.67839158, 37.789780732068792 ], [ 20.67280126, 37.766649242057028 ], [ 20.69715595, 37.7596446220535 ], [ 20.69183683, 37.743503922045292 ], [ 20.71181226, 37.724880802035827 ], [ 20.75820017, 37.707457412027019 ], [ 20.77042818, 37.683836092014992 ], [ 20.80150187, 37.668781752007391 ], [ 20.80496085, 37.653645621999651 ], [ 20.83644354, 37.644026031994763 ], [ 20.86048877, 37.661662212003769 ], [ 20.83702171, 37.681227552013667 ], [ 20.84203315, 37.697659842022077 ], [ 20.88436556, 37.732113232039517 ], [ 20.91955054, 37.736423602041732 ], [ 20.98783624, 37.706334942026423 ], [ 20.98448587, 37.696800102021619 ], [ 20.98970056, 37.698503842022518 ], [ 20.99362874, 37.727813112037339 ], [ 20.95977473, 37.739988562043543 ], [ 20.94066834, 37.761485802054452 ], [ 20.89861596, 37.778342122062995 ], [ 20.90564966, 37.805146452076563 ], [ 20.82278633, 37.839021312093735 ], [ 20.79013085, 37.847590442098031 ], [ 20.77456367, 37.840430252094443 ], [ 20.75139677, 37.852018942100351 ], [ 20.73416066, 37.868819822108833 ], [ 20.73378694, 37.881047362115012 ], [ 20.72649884, 37.878398532113643 ], [ 20.71571195, 37.890254962119705 ], [ 20.70614207, 37.906924242128127 ], [ 20.71071935, 37.923102012136312 ], [ 20.69682884, 37.932429662141033 ] ], [ [ 20.71117961, 37.905647272127446 ], [ 20.71277761, 37.904952992127122 ], [ 20.71358514, 37.904985542127136 ], [ 20.71129417, 37.907446612128354 ], [ 20.71117961, 37.905647272127446 ] ], [ [ 20.94622505, 37.705328332025942 ], [ 20.94736695, 37.701463452023987 ], [ 20.95245326, 37.703326692024937 ], [ 20.95041788, 37.704388852025502 ], [ 20.94622505, 37.705328332025942 ] ], [ [ 20.86908245, 37.682304492014225 ], [ 20.87564874, 37.683410992014807 ], [ 20.86774945, 37.687829132017065 ], [ 20.86585474, 37.685061562015662 ], [ 20.86908245, 37.682304492014225 ] ], [ [ 21.30021036, 37.658583512002167 ], [ 21.30092466, 37.658667202002242 ], [ 21.30210686, 37.660409442003093 ], [ 21.29853642, 37.659769172002811 ], [ 21.30021036, 37.658583512002167 ] ], [ [ 20.62014747, 37.817606322082909 ], [ 20.62340701, 37.818159812083145 ], [ 20.62424231, 37.820712322084461 ], [ 20.6184653, 37.819682352083966 ], [ 20.62014747, 37.817606322082909 ] ], [ [ 15.16515601, 37.559255231951695 ], [ 15.16738784, 37.560508841952291 ], [ 15.16655481, 37.562584511953375 ], [ 15.16537142, 37.561553711952875 ], [ 15.16515601, 37.559255231951695 ] ], [ [ 21.00254536, 37.255172601796524 ], [ 21.00452352, 37.261099091799551 ], [ 20.99995744, 37.262331951800199 ], [ 20.99817657, 37.261036151799559 ], [ 21.00254536, 37.255172601796524 ] ], [ [ 21.00910163, 37.24823033179301 ], [ 21.00146735, 37.245508421791627 ], [ 21.00801945, 37.239721171788609 ], [ 21.02203357, 37.243819231790724 ], [ 21.01757622, 37.251856561794845 ], [ 21.00910163, 37.24823033179301 ] ], [ [ 15.23292661, 37.195453751765967 ], [ 15.23159981, 37.188811411762607 ], [ 15.21847641, 37.178511251757335 ], [ 15.21752667, 37.176277511756176 ], [ 15.23224485, 37.187602031761998 ], [ 15.23292661, 37.195453751765967 ] ], [ [ 21.54990852, 37.060454241696817 ], [ 21.53824091, 37.055201401694141 ], [ 21.55207276, 37.048710101690851 ], [ 21.55079186, 37.033235301682915 ], [ 21.55959904, 37.043730251688267 ], [ 21.5585407, 37.06611811169978 ], [ 21.54990852, 37.060454241696817 ] ], [ [ 21.66017783, 36.949718111640074 ], [ 21.6535114, 36.947163331638734 ], [ 21.67182517, 36.909070961619172 ], [ 21.67518055, 36.921530121625594 ], [ 21.66017783, 36.949718111640074 ] ], [ [ 21.67274976, 36.904191251616687 ], [ 21.67383325, 36.907026641618174 ], [ 21.67215276, 36.908838261619039 ], [ 21.67160344, 36.905555831617384 ], [ 21.67274976, 36.904191251616687 ] ], [ [ 21.69656634, 36.825707431576369 ], [ 21.69795322, 36.826289051576651 ], [ 21.69686878, 36.82870101157787 ], [ 21.69555354, 36.827546351577304 ], [ 21.69656634, 36.825707431576369 ] ], [ [ 21.7015537, 36.793954241560016 ], [ 21.69179058, 36.776239501550911 ], [ 21.69420886, 36.73275255152852 ], [ 21.70578456, 36.74672340153576 ], [ 21.70065737, 36.758240571541656 ], [ 21.71922398, 36.764126651544672 ], [ 21.71636605, 36.778963441552314 ], [ 21.72700214, 36.784684411555268 ], [ 21.7015537, 36.793954241560016 ] ], [ [ 21.73996425, 36.758857001541955 ], [ 21.73709714, 36.756858941540969 ], [ 21.73973393, 36.746697061535741 ], [ 21.7445842, 36.753586161539275 ], [ 21.73996425, 36.758857001541955 ] ], [ [ 21.75534368, 36.747289651536057 ], [ 21.74921012, 36.713935841518868 ], [ 21.76696968, 36.716920841520412 ], [ 21.76188076, 36.705403561514487 ], [ 21.77784264, 36.697957031510633 ], [ 21.77299726, 36.710162511516941 ], [ 21.78767264, 36.743336311533973 ], [ 21.76040304, 36.7580176515415 ], [ 21.75534368, 36.747289651536057 ] ], [ [ 21.88293958, 36.697931161510596 ], [ 21.88134193, 36.688234801505637 ], [ 21.88992572, 36.688449131505763 ], [ 21.89322114, 36.699676501511554 ], [ 21.88513863, 36.705381621514476 ], [ 21.88293958, 36.697931161510596 ] ], [ [ 15.15356851, 36.68934773150621 ], [ 15.14432132, 36.687237251505138 ], [ 15.14371812, 36.681681621502236 ], [ 15.15274596, 36.684800501503879 ], [ 15.15356851, 36.68934773150621 ] ], [ [ 21.70889056, 36.758550401541797 ], [ 21.70626354, 36.757557021541324 ], [ 21.70660114, 36.755092971540044 ], [ 21.71005917, 36.756559601540808 ], [ 21.70889056, 36.758550401541797 ] ], [ [ 15.10555816, 36.793132891559608 ], [ 15.10358071, 36.792333831559226 ], [ 15.10560322, 36.789639461557819 ], [ 15.10673213, 36.792104121559078 ], [ 15.10555816, 36.793132891559608 ] ], [ [ 22.2337172, 36.878361221603384 ], [ 22.23336935, 36.8812593116049 ], [ 22.23201716, 36.881836051605198 ], [ 22.23186254, 36.878932351603687 ], [ 22.2337172, 36.878361221603384 ] ], [ [ 21.32586753, 37.645883311995753 ], [ 21.32417405, 37.645231951995399 ], [ 21.32400668, 37.643812411994645 ], [ 21.32554996, 37.644147741994864 ], [ 21.32586753, 37.645883311995753 ] ], [ [ 22.98179316, 38.181999442266907 ], [ 22.98362064, 38.177906152264846 ], [ 22.98909187, 38.179110762265452 ], [ 22.98900676, 38.183204042267533 ], [ 22.98179316, 38.181999442266907 ] ], [ [ 23.0057317, 38.183366652267594 ], [ 22.99288833000001, 38.182338942267094 ], [ 22.992403509999988, 38.178919422265366 ], [ 23.01549757, 38.178758252265297 ], [ 23.0057317, 38.183366652267594 ] ], [ [ 22.97101784, 38.177675832264775 ], [ 22.96764445, 38.180053102265958 ], [ 22.94596195, 38.173349972262535 ], [ 22.9633857, 38.174073572262941 ], [ 22.97101784, 38.177675832264775 ] ], [ [ 22.88309121, 38.177929032264878 ], [ 22.88497818, 38.179985632265925 ], [ 22.881882069999989, 38.181957232266882 ], [ 22.88032305, 38.178974862265378 ], [ 22.88309121, 38.177929032264878 ] ], [ [ 22.986540439999985, 38.116565222233987 ], [ 22.98533988, 38.122901672237134 ], [ 22.97807622, 38.125187032238323 ], [ 22.97754514, 38.123211972237328 ], [ 22.986540439999985, 38.116565222233987 ] ], [ [ 22.99026835, 38.116580832233971 ], [ 22.99299002, 38.108844752230077 ], [ 22.99885857, 38.104361402227809 ], [ 22.99726546, 38.117345922234357 ], [ 22.99026835, 38.116580832233971 ] ], [ [ 22.9784615, 38.112809052232059 ], [ 22.97819436, 38.111094702231178 ], [ 22.98338091, 38.108083712229671 ], [ 22.98319984, 38.109712112230532 ], [ 22.9784615, 38.112809052232059 ] ], [ [ 22.98808122, 38.202136032277039 ], [ 22.99196255, 38.204465742278195 ], [ 22.99168444, 38.206593152279304 ], [ 22.98655307, 38.205193032278565 ], [ 22.98808122, 38.202136032277039 ] ], [ [ 22.86483645, 38.22681915228948 ], [ 22.86396885, 38.225240702288637 ], [ 22.86643565, 38.224471202288299 ], [ 22.86671317, 38.225507852288786 ], [ 22.86483645, 38.22681915228948 ] ], [ [ 22.70163906, 38.296989312324683 ], [ 22.70042527, 38.298355092325394 ], [ 22.70004034, 38.293929212323178 ], [ 22.70148528, 38.294488542323478 ], [ 22.70163906, 38.296989312324683 ] ], [ [ 22.62770975, 38.310634252331539 ], [ 22.62253642, 38.312834852332635 ], [ 22.62003577, 38.311878192332188 ], [ 22.62862003, 38.307038542329764 ], [ 22.62770975, 38.310634252331539 ] ], [ [ 22.40487766, 38.384055842368362 ], [ 22.40339363, 38.385156862368902 ], [ 22.40111744, 38.385074252368909 ], [ 22.40233958, 38.382393712367545 ], [ 22.40487766, 38.384055842368362 ] ], [ [ 22.12529993, 38.356030812354319 ], [ 22.12366855, 38.354779712353732 ], [ 22.12465537, 38.353545062353106 ], [ 22.12566626, 38.355572212354119 ], [ 22.12529993, 38.356030812354319 ] ], [ [ 22.08898401, 38.355949152354313 ], [ 22.07524753, 38.366001242359346 ], [ 22.07801735, 38.373016232362808 ], [ 22.06137824, 38.373986712363354 ], [ 22.06730652, 38.360783452356699 ], [ 22.08898401, 38.355949152354313 ] ], [ [ 22.09612167, 38.356954922354817 ], [ 22.10068536, 38.358177652355373 ], [ 22.10116851, 38.35876285235571 ], [ 22.09644937, 38.359652032356124 ], [ 22.09612167, 38.356954922354817 ] ], [ [ 21.23054445, 38.312991372332775 ], [ 21.22601521, 38.311916342332196 ], [ 21.22540164, 38.311002362331728 ], [ 21.23045564, 38.309453362330977 ], [ 21.23054445, 38.312991372332775 ] ], [ [ 21.26631618, 38.31596624233422 ], [ 21.26527667, 38.318108552335289 ], [ 21.25758028, 38.315488802333988 ], [ 21.26351941, 38.314041842333275 ], [ 21.26631618, 38.31596624233422 ] ], [ [ 21.37680078, 38.323019732337755 ], [ 21.37154865, 38.320949072336724 ], [ 21.36418855, 38.322415702337466 ], [ 21.37382925, 38.320033422336316 ], [ 21.37680078, 38.323019732337755 ] ], [ [ 21.26143444, 38.323060622337806 ], [ 21.26337087, 38.326730602339637 ], [ 21.25003874, 38.324730512338633 ], [ 21.2564671, 38.320672622336566 ], [ 21.26143444, 38.323060622337806 ] ], [ [ 21.34442794, 38.323691242338128 ], [ 21.35172975, 38.324769252338648 ], [ 21.336501, 38.32513462233883 ], [ 21.33885884, 38.324261892338455 ], [ 21.34442794, 38.323691242338128 ] ], [ [ 21.25889683, 38.327435842340016 ], [ 21.26460004, 38.33010327234134 ], [ 21.26239276, 38.332919952342706 ], [ 21.25633204, 38.329432842340971 ], [ 21.25889683, 38.327435842340016 ] ], [ [ 21.27139413, 38.330217472341374 ], [ 21.27097154, 38.329382652340975 ], [ 21.27118432, 38.328024142340276 ], [ 21.27338326, 38.331058252341784 ], [ 21.27139413, 38.330217472341374 ] ], [ [ 21.46396434, 38.338692892345634 ], [ 21.46151555, 38.337769022345171 ], [ 21.46096528, 38.33723723234494 ], [ 21.46371126, 38.338014592345282 ], [ 21.46396434, 38.338692892345634 ] ], [ [ 21.35347414, 38.433105222392925 ], [ 21.35738516, 38.433512442393138 ], [ 21.35326886, 38.439479822396173 ], [ 21.35082614, 38.436681502394734 ], [ 21.35347414, 38.433105222392925 ] ], [ [ 20.87220192, 38.965916622657986 ], [ 20.87110054, 38.965556252657763 ], [ 20.87173486, 38.963904492656958 ], [ 20.87366462, 38.964568842657314 ], [ 20.87220192, 38.965916622657986 ] ], [ [ 20.91512012, 38.989365452669553 ], [ 20.91505635, 38.985713232667798 ], [ 20.92159677, 38.984169712667018 ], [ 20.91909432, 38.987570042668686 ], [ 20.91512012, 38.989365452669553 ] ], [ [ 21.09375, 39.047991032698484 ], [ 21.09733713, 39.04845344269868 ], [ 21.09090686, 39.049872032699405 ], [ 21.08112895, 39.045757052697404 ], [ 21.09375, 39.047991032698484 ] ], [ [ 20.236452939999989, 39.39359044286811 ], [ 20.23827732, 39.399032342870768 ], [ 20.23090816, 39.399513122871014 ], [ 20.23120928, 39.396906722869751 ], [ 20.236452939999989, 39.39359044286811 ] ], [ [ 20.22572136, 39.399179332870879 ], [ 20.22183967, 39.404886242873637 ], [ 20.20780516, 39.40764510287498 ], [ 20.21682262, 39.399173372870834 ], [ 20.22572136, 39.399179332870879 ] ], [ [ 20.22451866, 39.405560362873963 ], [ 20.22792876, 39.400806542871635 ], [ 20.23266733, 39.408095352875208 ], [ 20.22317755, 39.410405742876335 ], [ 20.22451866, 39.405560362873963 ] ], [ [ 20.15454078, 39.510560502925124 ], [ 20.15527856, 39.507224912923498 ], [ 20.15962684, 39.508361932924089 ], [ 20.15923762, 39.508855812924324 ], [ 20.15454078, 39.510560502925124 ] ], [ [ 20.1814754, 39.626077402981281 ], [ 20.18004978, 39.625871652981203 ], [ 20.18177033, 39.623366352979986 ], [ 20.18295646, 39.624069442980314 ], [ 20.1814754, 39.626077402981281 ] ], [ [ 19.92928135, 39.639069552987593 ], [ 19.92759275, 39.645079252990506 ], [ 19.91656804, 39.640402662988237 ], [ 19.92675495, 39.637210242986704 ], [ 19.92928135, 39.639069552987593 ] ], [ [ 19.88032901, 39.649347532992579 ], [ 19.87831533, 39.648251052992016 ], [ 19.88158393, 39.647515172991696 ], [ 19.88218868, 39.648501272992178 ], [ 19.88032901, 39.649347532992579 ] ] ], [ [ [ 9.83441249, 44.048514864949901 ], [ 9.8475672, 44.026089424940956 ], [ 9.85205805, 44.024305814940227 ], [ 9.45742274, 42.950504244498127 ], [ 9.45376456, 42.973348614507813 ], [ 9.46378684, 42.986543764513378 ], [ 9.42875874, 43.00947355452309 ], [ 9.38308465, 43.010076154523361 ], [ 9.34310484, 43.000142924519118 ], [ 9.3462044, 42.956534734500735 ], [ 9.35868335, 42.945010654495803 ], [ 9.34941924, 42.929617044489312 ], [ 9.35960352, 42.924155824486959 ], [ 9.32028937, 42.894474144474387 ], [ 9.33719778, 42.864468454461608 ], [ 8.47693462, 43.303453804646281 ], [ 7.53899634, 43.78239523484293 ], [ 7.55601966, 43.779981014841937 ], [ 7.56026685, 43.788395634845315 ], [ 7.5834254, 43.792047494846841 ], [ 7.67341721, 43.775942434840317 ], [ 7.70125234, 43.798382154849378 ], [ 7.73885906, 43.794850944847944 ], [ 7.75375891, 43.806740514852727 ], [ 7.80626214, 43.822857734859319 ], [ 7.83349144, 43.81587862485646 ], [ 7.851125, 43.830143924862242 ], [ 7.91262102, 43.836004374864615 ], [ 7.9179697, 43.842964404867381 ], [ 7.96683311, 43.8514161048708 ], [ 7.97179925, 43.860256904874376 ], [ 8.03064406, 43.874408124880098 ], [ 8.0196228, 43.87819313488162 ], [ 8.03029597, 43.883812424883864 ], [ 8.07422805, 43.890961764886725 ], [ 8.09316921, 43.915705554896725 ], [ 8.12874591, 43.925658934900738 ], [ 8.14264846, 43.947481744909489 ], [ 8.17405891, 43.953713654911979 ], [ 8.16036928, 43.985878224924889 ], [ 8.17937601, 44.011527174935132 ], [ 8.22567165, 44.042708274947579 ], [ 8.23185265, 44.091877814967205 ], [ 8.26930785, 44.138734214985838 ], [ 8.37202203, 44.177692765001311 ], [ 8.40659356, 44.180434345002361 ], [ 8.42323816, 44.192269205007058 ], [ 8.41641104, 44.222649565019076 ], [ 8.44314075, 44.236952535024727 ], [ 8.45638216, 44.257496115032815 ], [ 8.44107533, 44.270381325037881 ], [ 8.45073772, 44.287467235044623 ], [ 8.50432122, 44.313652745054931 ], [ 8.49018145, 44.311774015054169 ], [ 8.50275266, 44.326118105059848 ], [ 8.54196155, 44.334804175063205 ], [ 8.57233977, 44.357273455072026 ], [ 8.61609435, 44.367095945075846 ], [ 8.64147723, 44.386686555083514 ], [ 8.68035006, 44.392608045085872 ], [ 8.69149315, 44.407326335091632 ], [ 8.74640346, 44.427202935099409 ], [ 8.79650366, 44.417123665095488 ], [ 8.77667534, 44.426264635099045 ], [ 8.82786942, 44.418475625096001 ], [ 8.83381796, 44.42368983509801 ], [ 8.84544873, 44.416700955095259 ], [ 8.82147014, 44.414484495094435 ], [ 8.87076914, 44.404957175090722 ], [ 8.87667155, 44.409871935092582 ], [ 8.91501856, 44.398455615088125 ], [ 8.90988183, 44.409978265092647 ], [ 8.91793275, 44.413036465093846 ], [ 8.93383765, 44.393980735086416 ], [ 8.98426866, 44.39187025508555 ], [ 9.14120722, 44.360200045073178 ], [ 9.15454495, 44.347561355068208 ], [ 9.14505935, 44.322051045058181 ], [ 9.21784186, 44.298084255048792 ], [ 9.20952535, 44.310152045053492 ], [ 9.21423233, 44.334124565062965 ], [ 9.22593606, 44.335015175063326 ], [ 9.23447132, 44.347623705068251 ], [ 9.36993635, 44.294553515047383 ], [ 9.39034164, 44.28118097504214 ], [ 9.39397395, 44.273513555039109 ], [ 9.38475025, 44.267932645036908 ], [ 9.39506805, 44.268644445037204 ], [ 9.40438592, 44.250918265030236 ], [ 9.41838574, 44.259701365033656 ], [ 9.44358647, 44.23785161502505 ], [ 9.47189367, 44.233061665023172 ], [ 9.48842287, 44.238782635025451 ], [ 9.52176547, 44.211123465014481 ], [ 9.54983664, 44.206156725012562 ], [ 9.56807172, 44.182306165003091 ], [ 9.60632491, 44.171449534998821 ], [ 9.60682416, 44.156752934993001 ], [ 9.63464224, 44.133466234983757 ], [ 9.64524496, 44.144632454988169 ], [ 9.67674553, 44.138535734985766 ], [ 9.72006094, 44.116274354976916 ], [ 9.73958266, 44.091696854967132 ], [ 9.75855327, 44.089683644966314 ], [ 9.77401221, 44.075092544960519 ], [ 9.83441249, 44.048514864949901 ] ], [ [ 8.80263507, 44.417410605095583 ], [ 8.80310667, 44.418540235095982 ], [ 8.79450154, 44.411501645093203 ], [ 8.79739654, 44.413000935093827 ], [ 8.80263507, 44.417410605095583 ] ], [ [ 8.22528994, 44.023727654939997 ], [ 8.22911191, 44.02537905494065 ], [ 8.22504067, 44.027369134941495 ], [ 8.22402227, 44.025802724940846 ], [ 8.22528994, 44.023727654939997 ] ], [ [ 9.40773845, 43.02216422452846 ], [ 9.40925133, 43.023487204529012 ], [ 9.40554094, 43.028188344530989 ], [ 9.40416515, 43.025969734530058 ], [ 9.40773845, 43.02216422452846 ] ], [ [ 9.34282625, 42.962732544503332 ], [ 9.34477556, 42.962875244503415 ], [ 9.33976054, 42.965522164504527 ], [ 9.34068704, 42.963289134503526 ], [ 9.34282625, 42.962732544503332 ] ] ], [ [ [ 13.24486124, 45.760025135598525 ], [ 13.24045324, 45.752720705595884 ], [ 13.24895287, 45.750059715594965 ], [ 13.27044415, 45.752462265595824 ], [ 13.30446935, 45.743869655592725 ], [ 13.31310344, 45.748817435594511 ], [ 13.38051462, 45.727495065586865 ], [ 13.38245726, 45.715328805582431 ], [ 13.36524475, 45.70920919558025 ], [ 13.37075758, 45.704001545578407 ], [ 13.38189673, 45.708660955580108 ], [ 13.38591397, 45.682891245570815 ], [ 13.37384582, 45.680300345569854 ], [ 13.38669455, 45.674136755567652 ], [ 13.43410492, 45.674960135567922 ], [ 13.43362486, 45.681949375570461 ], [ 13.46997881, 45.704948535578765 ], [ 13.45576251, 45.706418625579261 ], [ 13.4434756, 45.718768715583693 ], [ 13.42903733, 45.714067335582016 ], [ 13.41703892, 45.720341795584297 ], [ 13.42540896, 45.713773845581876 ], [ 13.40822208, 45.698095435576221 ], [ 13.42964816, 45.710925095580869 ], [ 13.43173456, 45.693023555574406 ], [ 13.3884207, 45.68203985557048 ], [ 13.38312566, 45.707588075579714 ], [ 13.38650215, 45.724754325585813 ], [ 13.41146755, 45.724821445585889 ], [ 13.43012857, 45.714866035582268 ], [ 13.44388366, 45.719708195584055 ], [ 13.47300816, 45.703707215578291 ], [ 13.53071201, 45.723470445585406 ], [ 13.55140555, 45.723588105585463 ], [ 13.52658153, 45.733578555589055 ], [ 13.50242817, 45.7480663055942 ], [ 13.49752927, 45.752657645595868 ], [ 13.49288166, 45.763132325599649 ], [ 13.47347927, 45.76840602560155 ], [ 13.49451923, 45.763647435599808 ], [ 13.52815163, 45.733914255589127 ], [ 13.55645955, 45.72773575558687 ], [ 13.55608284, 45.733020535588849 ], [ 13.52656555, 45.736338135590032 ], [ 13.51778066, 45.743915555592736 ], [ 13.52606177, 45.749423615594708 ], [ 13.50579727, 45.754227275596449 ], [ 13.49819064, 45.762161245599287 ], [ 13.52227557, 45.752895355595967 ], [ 13.52365375, 45.76800584560138 ], [ 13.54687285, 45.786162845607869 ], [ 13.53221452, 45.787889235608461 ], [ 13.54741812, 45.790086145609273 ], [ 13.54545367, 45.795178165611077 ], [ 13.56046891, 45.777785655604866 ], [ 13.58118296, 45.780903455606008 ], [ 13.60272658, 45.771295065602544 ], [ 13.63047945, 45.770118705602115 ], [ 13.71304095, 45.709187855580247 ], [ 13.7109375, 45.703124995578115 ], [ 13.75249493, 45.680006735569741 ], [ 13.76855135, 45.652911895559974 ], [ 13.74415696, 45.638876555554901 ], [ 13.76079285, 45.63548242555364 ], [ 13.75611711, 45.62837755555114 ], [ 13.77680242, 45.633335465552896 ], [ 13.77206242, 45.624544495549742 ], [ 13.78301752, 45.612258075545313 ], [ 13.80635226, 45.610750435544752 ], [ 13.7843281, 45.598803755540402 ], [ 13.75014734, 45.609420775544251 ], [ 13.7192893, 45.605872145543003 ], [ 13.72266304, 45.592696305538205 ], [ 13.70418835, 45.588947055536806 ], [ 13.74157143, 45.573254935531146 ], [ 13.74614513, 45.564776655528043 ], [ 13.73312676, 45.559734105526239 ], [ 13.74668455, 45.558768505525883 ], [ 13.73121202, 45.556515455525073 ], [ 13.73795235, 45.552384845523591 ], [ 13.71933937, 45.543104405520182 ], [ 13.69142318, 45.548114535522039 ], [ 13.66847885, 45.539134025518734 ], [ 13.65702176, 45.541779635519688 ], [ 13.64426243, 45.532127135516191 ], [ 13.61433935, 45.540411465519213 ], [ 13.60220146, 45.53734480551806 ], [ 13.60035324, 45.525685425513821 ], [ 13.56334221, 45.53031813551555 ], [ 13.56910706, 45.515681855510188 ], [ 13.59228456, 45.512205955508911 ], [ 13.58753145, 45.499559635504319 ], [ 13.61873066, 45.487186425499836 ], [ 13.61820078, 45.479012005496813 ], [ 13.60977948, 45.479290955496957 ], [ 13.61450613, 45.465489625491912 ], [ 13.51091075, 45.505502215506482 ], [ 13.48993754, 45.486204615499446 ], [ 13.51014948, 45.473463175494807 ], [ 13.50801778, 45.458326815489258 ], [ 13.51722515, 45.453281635487436 ], [ 13.50796986, 45.441000815482887 ], [ 13.52386212, 45.437642335481691 ], [ 13.51554108, 45.434225555480474 ], [ 13.52402437, 45.424753545476939 ], [ 13.51535594, 45.416419025473907 ], [ 13.53606796, 45.401321045468379 ], [ 13.54189181, 45.360382905453328 ], [ 13.55497217, 45.35857915545261 ], [ 13.53797412, 45.35252904545041 ], [ 13.53970325, 45.327777265441298 ], [ 13.56314146, 45.321883315439145 ], [ 13.56022465, 45.313975445436171 ], [ 13.58323717, 45.313307995435927 ], [ 13.59833062, 45.322016115439169 ], [ 13.59686935, 45.316977135437298 ], [ 13.61377764, 45.313058845435862 ], [ 13.59107924, 45.305825705433186 ], [ 13.58940208, 45.298017255430274 ], [ 13.56835353, 45.29793703543028 ], [ 13.58705997, 45.283859725425081 ], [ 13.60078275, 45.284793725425388 ], [ 13.60150135, 45.276811835422457 ], [ 13.58201051, 45.278025745422873 ], [ 13.57287693, 45.264320245417842 ], [ 13.58134711, 45.264708275417959 ], [ 13.57612872, 45.25547790541458 ], [ 13.59454346, 45.254299395414129 ], [ 13.58938444, 45.248677965412071 ], [ 13.59992707, 45.242957345409884 ], [ 13.59785724, 45.228921645404697 ], [ 13.58826733, 45.228043435404395 ], [ 13.59425998, 45.21549164539973 ], [ 13.58744097, 45.208619945397174 ], [ 13.59784496, 45.204367755395587 ], [ 13.58707285, 45.205847255396172 ], [ 13.5894711, 45.199188345393623 ], [ 13.57950354, 45.197886105393152 ], [ 13.60341525, 45.17981063538641 ], [ 13.5882498, 45.174858445384587 ], [ 13.60878241, 45.159183135378775 ], [ 13.60456693, 45.153476825376664 ], [ 13.59739637, 45.15354799537667 ], [ 13.60204542, 45.149648895375229 ], [ 13.5966922, 45.140378115371746 ], [ 13.61243105, 45.130371805367972 ], [ 13.62635696, 45.136688345370352 ], [ 13.68615961, 45.132581945368813 ], [ 13.70801735, 45.137762545370755 ], [ 13.72692096, 45.135014525369733 ], [ 13.73343861, 45.131603235368431 ], [ 13.62184918, 45.127660505366961 ], [ 13.62350404, 45.116432665362758 ], [ 13.61513436, 45.120807045364401 ], [ 13.60681391, 45.115805505362573 ], [ 13.63006747, 45.093935845354373 ], [ 13.64057517, 45.095633625355006 ], [ 13.64069831, 45.086858505351685 ], [ 13.62849283, 45.083999745350638 ], [ 13.63818336, 45.079123135348802 ], [ 13.63584483, 45.069545505345246 ], [ 13.62597013, 45.069883815345335 ], [ 13.62895525, 45.063054915342775 ], [ 13.65212011, 45.06578885534384 ], [ 13.68826497, 45.050529235338075 ], [ 13.68100643, 45.043860075335559 ], [ 13.69068456, 45.038937925333713 ], [ 13.69002581, 45.023242345327837 ], [ 13.71436405, 45.021308535327108 ], [ 13.7109375, 45.008091445322094 ], [ 13.72017586, 45.00719403532181 ], [ 13.73518515, 44.985491745313603 ], [ 13.76106215, 44.985653755313628 ], [ 13.81316686, 44.90785467528427 ], [ 13.79452944, 44.889529815277307 ], [ 13.80494356, 44.892341375278356 ], [ 13.81755304, 44.875318645271911 ], [ 13.84821141, 44.8832011152749 ], [ 13.83439541, 44.864188065267705 ], [ 13.81686628, 44.863758325267526 ], [ 13.794788, 44.875939965272167 ], [ 13.79694223, 44.862581005267053 ], [ 13.81220674, 44.860972515266489 ], [ 13.81455255, 44.853181715263503 ], [ 13.81732583, 44.860144845266149 ], [ 13.82594871, 44.857228635265088 ], [ 13.83157241, 44.83325194525591 ], [ 13.84106648, 44.834712145256468 ], [ 13.8414849, 44.84313904525969 ], [ 13.84400845, 44.830947755255018 ], [ 13.86054301, 44.832822555255781 ], [ 13.84607315, 44.825421925252925 ], [ 13.85584581, 44.815374255249083 ], [ 13.87369776, 44.820631025251139 ], [ 13.86165953, 44.81210672524788 ], [ 13.87790251, 44.808555245246538 ], [ 13.87326384, 44.804488055244946 ], [ 13.90120435, 44.807710165246171 ], [ 13.90784252, 44.768342255231161 ], [ 13.92741585, 44.768815035231349 ], [ 13.91341913, 44.775271765233818 ], [ 13.92452073, 44.803457615244554 ], [ 13.88482475, 44.823953865252378 ], [ 13.90031087, 44.817481635249941 ], [ 13.91012478, 44.830047725254687 ], [ 13.9237957, 44.825243345252858 ], [ 13.92123866, 44.816768165249663 ], [ 13.93369245, 44.817387095249899 ], [ 13.92658401, 44.809068435246694 ], [ 13.92983031, 44.80284594524435 ], [ 13.93282783, 44.813287615248306 ], [ 13.94896364, 44.802747605244313 ], [ 14.00397575, 44.805139535245196 ], [ 13.99126112, 44.821222305251347 ], [ 13.97662973, 44.81933712525062 ], [ 13.98929322, 44.829657905254543 ], [ 13.98253643, 44.851748105262978 ], [ 14.00181818, 44.863425725267405 ], [ 13.99300861, 44.8779802252729 ], [ 14.00357974, 44.881551495274294 ], [ 13.98126125, 44.893389935278812 ], [ 13.98125732, 44.901978725282035 ], [ 13.99698257, 44.8918739552782 ], [ 14.02391446, 44.901947375282035 ], [ 14.0267601, 44.925056455290772 ], [ 14.03832006, 44.916823855287682 ], [ 14.05018687, 44.937007065295312 ], [ 14.03274572, 44.95264136530119 ], [ 14.05330193, 44.947432515299212 ], [ 14.06465876, 44.977322335310525 ], [ 14.07653654, 44.978289365310872 ], [ 14.06906366, 44.993018145316462 ], [ 14.037642, 44.999999995319072 ], [ 14.04672444, 45.016328925325254 ], [ 14.03945935, 45.030642505330611 ], [ 14.04734814, 45.033900855331822 ], [ 14.05935895, 45.01769160532573 ], [ 14.05474234, 45.003215905320275 ], [ 14.07763398, 45.004706255320841 ], [ 14.08059073, 44.985348455313556 ], [ 14.09873414, 44.972303745308658 ], [ 14.07239044, 44.969053855307401 ], [ 14.06463885, 44.944780345298248 ], [ 14.10856485, 44.970640295308002 ], [ 14.12278175, 44.961267945304471 ], [ 14.13715243, 44.96612715530631 ], [ 14.14811456, 44.956683865302765 ], [ 14.16984355, 44.978882545311102 ], [ 14.16070533, 45.03311323533157 ], [ 14.14307106, 45.052083845338679 ], [ 14.16281545, 45.041154265334548 ], [ 14.15245247, 45.078394645348524 ], [ 14.16626442, 45.07241320534628 ], [ 14.19776845, 45.105928415358868 ], [ 14.17842102, 45.132657045368852 ], [ 14.20795941, 45.116144535362672 ], [ 14.22486734, 45.137309665370573 ], [ 14.2814064, 45.305174225432943 ], [ 14.32632387, 45.355571025451511 ], [ 14.46051598, 45.320217005438501 ], [ 14.48924911, 45.306802025433541 ], [ 14.49678278, 45.295012115429174 ], [ 14.55139661, 45.277419915422698 ], [ 14.5604974, 45.284556145425341 ], [ 14.53674054, 45.306881305433556 ], [ 14.54325616, 45.305388445433017 ], [ 14.57949054, 45.284614555425357 ], [ 14.57936144, 45.279610035423502 ], [ 14.56512845, 45.282360315424462 ], [ 14.563187, 45.264844765418026 ], [ 14.57509327, 45.256621235414983 ], [ 14.57166696, 45.249375095412269 ], [ 14.61165857, 45.232486605406024 ], [ 14.61106813, 45.21822416540072 ], [ 14.65634835, 45.199761865393917 ], [ 14.74174643, 45.137595055370689 ], [ 14.81483102, 45.114440195362036 ], [ 14.8333894, 45.116204615362712 ], [ 14.83303106, 45.108618615359859 ], [ 14.84589314, 45.114089965361913 ], [ 14.84641802, 45.087531205352001 ], [ 14.87708211, 45.045432325336165 ], [ 14.89777863, 44.987822055314517 ], [ 14.91777766, 44.972797265308863 ], [ 14.92703414, 44.951887955300926 ], [ 14.91259396, 44.906940215283946 ], [ 14.89223385, 44.87900053527332 ], [ 14.89211655, 44.857004635264978 ], [ 14.88407552, 44.857919335265322 ], [ 14.87905967, 44.790874835239805 ], [ 14.89842641, 44.738971705219946 ], [ 14.89694083, 44.720389245212807 ], [ 14.88872814, 44.717231145211606 ], [ 14.8962959, 44.695778365203374 ], [ 14.9272958, 44.668913835193024 ], [ 14.92823195, 44.653496145187091 ], [ 14.95875275, 44.629825825177939 ], [ 14.98561525, 44.57668494515746 ], [ 15.01492774, 44.5592155451507 ], [ 15.02181077, 44.562706345152066 ], [ 15.09967816, 44.511345025132172 ], [ 15.13418055, 44.472826955117178 ], [ 15.21341765, 44.426714415099212 ], [ 15.28424644, 44.361405245073655 ], [ 15.40781045, 44.316855905056158 ], [ 15.45400763, 44.279486765041469 ], [ 15.46875, 44.28208696504251 ], [ 15.47911274, 44.268508665037174 ], [ 15.5062623, 44.273678775039187 ], [ 15.52631783, 44.268787495037266 ], [ 15.53782654, 44.259302845033531 ], [ 15.53651786, 44.246659275028556 ], [ 15.52241337, 44.248148555029104 ], [ 15.52910137, 44.226448765020557 ], [ 15.58489752, 44.202196355010969 ], [ 15.58950627, 44.207156535012949 ], [ 15.60486221, 44.186482065004711 ], [ 15.59645188, 44.18001293500221 ], [ 15.59979057, 44.169298164997961 ], [ 15.60662091, 44.168275944997561 ], [ 15.63015866, 44.14596366498867 ], [ 15.6299082, 44.137759444985477 ], [ 15.61252785, 44.131596324983022 ], [ 15.60051084, 44.145736214988609 ], [ 15.60534513, 44.166142334996728 ], [ 15.59797847, 44.169283264997922 ], [ 15.59259558, 44.178955905001764 ], [ 15.56882334, 44.189807765006115 ], [ 15.54911315, 44.191377035006688 ], [ 15.54673815, 44.18120157500266 ], [ 15.54114246, 44.186355945004699 ], [ 15.52428842, 44.176192155000678 ], [ 15.47219467, 44.203135365011342 ], [ 15.47243774, 44.209881535014013 ], [ 15.53628635, 44.219343655017738 ], [ 15.52589071, 44.226088515020407 ], [ 15.52118981, 44.245065805027913 ], [ 15.44328403, 44.263084405035009 ], [ 15.41757226, 44.254494065031636 ], [ 15.40094173, 44.258398765033164 ], [ 15.32914102, 44.291888355046382 ], [ 15.33180153, 44.300642965049803 ], [ 15.27840793, 44.324266425059093 ], [ 15.27645302, 44.332565305062374 ], [ 15.25960672, 44.324015375058977 ], [ 15.30749404, 44.285566805043871 ], [ 15.30205846, 44.278511635041106 ], [ 15.28160393, 44.279293055041435 ], [ 15.29918075, 44.248250365029179 ], [ 15.28432977, 44.246768235028597 ], [ 15.23338675, 44.281540035042269 ], [ 15.19287121, 44.298803925049093 ], [ 15.21565032, 44.28444134504344 ], [ 15.21299624, 44.279631725041547 ], [ 15.20047724, 44.286283845044181 ], [ 15.19107687, 44.282285445042604 ], [ 15.21345115, 44.256957525032597 ], [ 15.20304108, 44.247037645028676 ], [ 15.17802036, 44.242759105026998 ], [ 15.14566147, 44.277823325040842 ], [ 15.12821043, 44.27742635504066 ], [ 15.11185873, 44.259873505033759 ], [ 15.12801301, 44.254666325031678 ], [ 15.1341567, 44.239429345025684 ], [ 15.14759874, 44.239410035025671 ], [ 15.16611385, 44.226687425020643 ], [ 15.15771484, 44.199888935010087 ], [ 15.14287233, 44.194388145007949 ], [ 15.21054602, 44.145406124988455 ], [ 15.20360517, 44.131029244982727 ], [ 15.22532976, 44.124988314980392 ], [ 15.22638762, 44.110238074974497 ], [ 15.27615535, 44.084406134964219 ], [ 15.28310192, 44.060839054954833 ], [ 15.31039763, 44.051162234950965 ], [ 15.30899942, 44.0435446449479 ], [ 15.29888666, 44.043679474948 ], [ 15.34252095, 44.030929324942853 ], [ 15.3927319, 43.978101124921729 ], [ 15.4419502, 43.948751444909995 ], [ 15.43884885, 43.938237544905739 ], [ 15.4556334, 43.922351114899392 ], [ 15.46894956, 43.913984654896026 ], [ 15.47789502, 43.917514434897463 ], [ 15.52540934, 43.898163314889644 ], [ 15.53378534, 43.880965104882698 ], [ 15.55832815, 43.871234764878821 ], [ 15.55951917, 43.859257214874013 ], [ 15.57483375, 43.866539944876905 ], [ 15.57432055, 43.857505314873315 ], [ 15.5883913, 43.848258014869572 ], [ 15.62187147, 43.843995924867812 ], [ 15.66263235, 43.816144224856529 ], [ 15.67685676, 43.81460105485597 ], [ 15.68195593, 43.803718444851533 ], [ 15.68036795, 43.797744504849113 ], [ 15.6753993, 43.807076444852939 ], [ 15.63962853, 43.81772791485723 ], [ 15.63090134, 43.810583224854319 ], [ 15.61573231, 43.823502534859557 ], [ 15.61576545, 43.814813604856042 ], [ 15.63987756, 43.799966804850037 ], [ 15.62811673, 43.794381614847765 ], [ 15.60693312, 43.812550654855123 ], [ 15.59715712, 43.83525776486433 ], [ 15.58829725, 43.822245474859002 ], [ 15.57522178, 43.834969754864218 ], [ 15.56526995, 43.833292004863488 ], [ 15.59288561, 43.798476814849423 ], [ 15.60369515, 43.791875954846773 ], [ 15.60937011, 43.796278474848535 ], [ 15.62431502, 43.782669654843041 ], [ 15.62152755, 43.774946564839908 ], [ 15.66720462, 43.764387844835596 ], [ 15.64347518, 43.797811144849121 ], [ 15.65824425, 43.799355144849763 ], [ 15.69583607, 43.771103014838353 ], [ 15.69462144, 43.764318224835606 ], [ 15.7247622, 43.762786264834972 ], [ 15.74849045, 43.750393024829926 ], [ 15.78199136, 43.75710200483266 ], [ 15.85071027, 43.720654244817844 ], [ 15.85617316, 43.727990264820839 ], [ 15.87935865, 43.729277724821358 ], [ 15.82654834, 43.782888404843085 ], [ 15.84410286, 43.777194614840788 ], [ 15.84789324, 43.789528964845807 ], [ 15.86163044, 43.790437814846186 ], [ 15.85703897, 43.814325444855854 ], [ 15.83303463, 43.834951034864197 ], [ 15.83308113, 43.840027324866213 ], [ 15.84866905, 43.825405714860331 ], [ 15.86071086, 43.835079304864244 ], [ 15.89418018, 43.808323734853367 ], [ 15.91008675, 43.80737065485301 ], [ 15.91867185, 43.814702144855978 ], [ 15.94176066, 43.821795814858859 ], [ 15.94840574, 43.820232744858231 ], [ 15.95412827, 43.811667194854792 ], [ 15.94110644, 43.820819254858471 ], [ 15.91402996, 43.806535234852724 ], [ 15.88396525, 43.807258244852946 ], [ 15.89709651, 43.790348644846098 ], [ 15.85145986, 43.788813464845468 ], [ 15.84317374, 43.774583574839752 ], [ 15.90306282, 43.721448534818165 ], [ 15.89517784, 43.722953554818766 ], [ 15.89869368, 43.714025734815138 ], [ 15.8863641, 43.726836434820349 ], [ 15.85900354, 43.723986734819256 ], [ 15.86372471, 43.706767554812195 ], [ 15.88020158, 43.69505130480745 ], [ 15.89474428, 43.698648324808865 ], [ 15.92564094, 43.671349044797815 ], [ 15.93002272, 43.674734114799122 ], [ 15.94390833, 43.673530214798689 ], [ 15.94259345, 43.692846654806544 ], [ 15.95753646, 43.685093514803363 ], [ 15.94561863, 43.671905034798009 ], [ 15.92848015, 43.670631164797484 ], [ 15.95016825, 43.652675504790167 ], [ 15.94997776, 43.64058863478521 ], [ 15.92743945, 43.654834264791042 ], [ 15.92602205, 43.647870654788214 ], [ 15.90245163, 43.647828934788201 ], [ 15.97314525, 43.630557774781138 ], [ 15.92083538, 43.63357650478239 ], [ 15.91182363, 43.627954234780077 ], [ 15.92604423, 43.612031814773559 ], [ 15.91971231, 43.58433186476222 ], [ 15.93166435, 43.585813044762837 ], [ 15.91777384, 43.57012474475642 ], [ 15.93383884, 43.563760514753824 ], [ 15.93752325, 43.569270124756066 ], [ 15.94248664, 43.570130344756414 ], [ 15.94167686, 43.560708634752586 ], [ 15.92465043, 43.558445444751598 ], [ 15.92697382, 43.550917264748549 ], [ 15.9593358, 43.539293644743751 ], [ 15.95330405, 43.52787541473905 ], [ 15.96114361, 43.521782754736563 ], [ 15.97170055, 43.539428114743778 ], [ 15.9892807, 43.538505074743398 ], [ 15.98059821, 43.536191104742485 ], [ 15.98742676, 43.518306604735137 ], [ 15.97317803, 43.511955614732507 ], [ 15.95228374, 43.518528934735251 ], [ 15.96242142, 43.509472844731505 ], [ 15.95113683, 43.504935734729628 ], [ 15.96266615, 43.498367304726955 ], [ 15.97231936, 43.50521742472975 ], [ 15.97019851, 43.493914124725102 ], [ 15.98495126, 43.504892944729633 ], [ 15.99810314, 43.500247474727708 ], [ 15.99633408, 43.486543764722043 ], [ 16.01681936, 43.500258444727727 ], [ 16.01434815, 43.484953394721401 ], [ 16.02328575, 43.49190604472426 ], [ 16.04316211, 43.489185204723142 ], [ 16.03819752, 43.477529164718341 ], [ 16.05877638, 43.475042214717305 ], [ 16.06782496, 43.484080544721053 ], [ 16.11410475, 43.47079491471559 ], [ 16.12895155, 43.477764364718439 ], [ 16.11232424, 43.487851134722561 ], [ 16.13975441, 43.481244794719885 ], [ 16.17281115, 43.48571240472171 ], [ 16.17752874, 43.491976614724322 ], [ 16.17378771, 43.500319114727738 ], [ 16.11707616, 43.510530344731947 ], [ 16.11856484, 43.517429104734781 ], [ 16.17993808, 43.512240044732629 ], [ 16.18290055, 43.506758444730409 ], [ 16.22494447, 43.517422904734794 ], [ 16.25766873, 43.507766954730819 ], [ 16.26016104, 43.497166274726418 ], [ 16.2365576, 43.491691344724167 ], [ 16.22546101, 43.498839254727102 ], [ 16.20525861, 43.497988334726756 ], [ 16.20959055, 43.48791396472263 ], [ 16.24627483, 43.478408334718722 ], [ 16.26981974, 43.484576694721248 ], [ 16.27417862, 43.492268914724441 ], [ 16.34949446, 43.481125234719819 ], [ 16.39284337, 43.488980054723029 ], [ 16.35412455, 43.492336624724437 ], [ 16.30230546, 43.513641114733211 ], [ 16.2532171, 43.517220734734664 ], [ 16.29534555, 43.525523894738086 ], [ 16.31190193, 43.539404264743794 ], [ 16.35745537, 43.551365724748671 ], [ 16.47054887, 43.536242124742486 ], [ 16.4711405, 43.527921554739073 ], [ 16.43833435, 43.529952044739929 ], [ 16.42165983, 43.523809664737385 ], [ 16.42414951, 43.516374464734334 ], [ 16.38720703, 43.507577654730724 ], [ 16.42803156, 43.50034224472779 ], [ 16.43717623, 43.507643814730734 ], [ 16.43854845, 43.500353574727761 ], [ 16.45849311, 43.498659964727032 ], [ 16.52357876, 43.497328874726506 ], [ 16.53172088, 43.50371169472912 ], [ 16.56183815, 43.475755324717639 ], [ 16.62343836, 43.452578304708048 ], [ 16.63941824, 43.437033644701643 ], [ 16.68820584, 43.443529954704353 ], [ 16.71784866, 43.415750024692819 ], [ 16.7507199, 43.407332054689356 ], [ 16.88788426, 43.39998971468632 ], [ 16.94734371, 43.357819554668872 ], [ 17.01337481, 43.299368974644572 ], [ 17.00787425, 43.294569124642607 ], [ 17.01875198, 43.294309734642482 ], [ 17.01906252, 43.286643264639295 ], [ 17.05348206, 43.269586434632238 ], [ 17.07768667, 43.233409634617118 ], [ 17.10682344, 43.226781244614351 ], [ 17.1124289, 43.207526324606292 ], [ 17.13900912, 43.192768444600112 ], [ 17.15270615, 43.192808024600133 ], [ 17.16751075, 43.176453464593301 ], [ 17.26085556, 43.150761954582578 ], [ 17.29025126, 43.127045744572534 ], [ 17.33592784, 43.111498824566077 ], [ 17.35597122, 43.083897944554437 ], [ 17.40834165, 43.039807194535861 ], [ 17.41895962, 43.042084454536841 ], [ 17.42387485, 43.062477104545451 ], [ 17.43557048, 43.052201144541108 ], [ 17.42370164, 43.048179504539434 ], [ 17.42370248, 43.030693524532069 ], [ 17.46447015, 43.050896524540569 ], [ 17.47310924, 43.048173544539409 ], [ 17.42589653, 43.029096244531324 ], [ 17.44514263, 43.027637834530772 ], [ 17.45833051, 43.036827324534642 ], [ 17.44540334, 43.020378944527664 ], [ 17.47585607, 43.036972154534681 ], [ 17.50053096, 43.043460004537444 ], [ 17.51841474, 43.045450444538254 ], [ 17.54913986, 43.036775104534577 ], [ 17.56010664, 43.020959134527949 ], [ 17.57717276, 43.018136134526777 ], [ 17.59184027, 43.0265078445303 ], [ 17.61170554, 43.031561964532386 ], [ 17.62550676, 43.048711054539645 ], [ 17.63505185, 43.053924554541823 ], [ 17.65064395, 43.055215944542375 ], [ 17.66291583, 43.051021924540635 ], [ 17.67059755, 43.054319134542006 ], [ 17.69563127, 43.055873034542692 ], [ 17.69979882, 43.061810724545204 ], [ 17.70772505, 43.066989054547328 ], [ 17.69787502, 43.073835364550213 ], [ 17.70159686, 43.084733004554835 ], [ 17.69901097, 43.074093934550284 ], [ 17.70867264, 43.066406244547082 ], [ 17.69596541, 43.053611274541673 ], [ 17.66249287, 43.050299634540309 ], [ 17.6420449, 43.054401274542009 ], [ 17.6301769, 43.051205744540724 ], [ 17.6122148, 43.030970924532149 ], [ 17.57717276, 43.017020104526274 ], [ 17.55809402, 43.020750044527851 ], [ 17.54816735, 43.036073564534298 ], [ 17.51805234, 43.044334164537808 ], [ 17.47624946, 43.035849924534226 ], [ 17.44565034, 43.019011734527126 ], [ 17.46054494, 43.023998854529196 ], [ 17.46535575, 43.00190662451989 ], [ 17.47895265, 43.001315354519662 ], [ 17.47257412, 42.988081454514088 ], [ 17.50797355, 42.965958704504722 ], [ 17.51610637, 42.952129124498825 ], [ 17.54495966, 42.938701624493092 ], [ 17.54483342, 42.944734334495678 ], [ 17.57593596, 42.942229144494625 ], [ 17.62419605, 42.914105054482711 ], [ 17.56760824, 42.932917114490706 ], [ 17.55481291, 42.930492514489693 ], [ 17.63470626, 42.900571344476965 ], [ 17.69489646, 42.867144694462766 ], [ 17.70892191, 42.882735124469377 ], [ 17.71702373, 42.87632405446665 ], [ 17.70311976, 42.868464104463328 ], [ 17.70549035, 42.858001104458843 ], [ 17.69564021, 42.859796754459644 ], [ 17.74396026, 42.833800074448575 ], [ 17.70595121, 42.846247544453881 ], [ 17.68019295, 42.870095724464036 ], [ 17.64980125, 42.880264034468318 ], [ 17.66736484, 42.867792954463035 ], [ 17.65030432, 42.870781534464328 ], [ 17.60887885, 42.896057834475059 ], [ 17.52603555, 42.924206604486976 ], [ 17.51708996, 42.922038904486072 ], [ 17.53182018, 42.903670304478318 ], [ 17.51300335, 42.912344454481961 ], [ 17.4893136, 42.910434834481201 ], [ 17.47972858, 42.92010664448528 ], [ 17.47817981, 42.913855544482615 ], [ 17.46986175, 42.915334694483271 ], [ 17.45010126, 42.927830814488523 ], [ 17.44420564, 42.952000974498766 ], [ 17.27415621, 43.010391344523491 ], [ 17.16941166, 43.025022744529636 ], [ 17.07687676, 43.020123234527588 ], [ 17.02893293, 43.044603934537911 ], [ 17.00606847, 43.048208704539462 ], [ 17.00122857, 43.045061824538102 ], [ 17.01709175, 43.037113904534749 ], [ 17.01301193, 43.029780024531668 ], [ 17.03480685, 43.02506219452966 ], [ 17.02138102, 43.018969414527078 ], [ 17.01773632, 43.005500554521419 ], [ 17.0047574, 43.010054344523375 ], [ 17.01055825, 43.004569644521048 ], [ 17.03794062, 43.001836654519877 ], [ 17.06683397, 42.983876224512215 ], [ 17.17550635, 42.972562664507478 ], [ 17.21770692, 42.980784644510948 ], [ 17.25323606, 42.957304114501056 ], [ 17.33507156, 42.931153644489946 ], [ 17.36348164, 42.912890664482234 ], [ 17.40139365, 42.916835544483853 ], [ 17.41944492, 42.910596244481205 ], [ 17.45393205, 42.891876814473285 ], [ 17.43082655, 42.875129334466109 ], [ 17.44599664, 42.867726794463003 ], [ 17.64383185, 42.81516444444059 ], [ 17.67641795, 42.815974234440979 ], [ 17.67778504, 42.807477704437339 ], [ 17.70661056, 42.796589964432648 ], [ 17.71568322, 42.79995190443411 ], [ 17.72898185, 42.791621324430587 ], [ 17.74309063, 42.796117424432474 ], [ 17.75486505, 42.777484054424555 ], [ 17.74757934, 42.771366234421933 ], [ 17.76097715, 42.760759104417396 ], [ 17.77116835, 42.775612704423715 ], [ 17.74783146, 42.802841424435357 ], [ 17.71727634, 42.822100874443557 ], [ 17.69381893, 42.827129004445702 ], [ 17.69504654, 42.836003654449499 ], [ 17.75204825, 42.809911244438375 ], [ 17.78038442, 42.787397494428745 ], [ 17.79782355, 42.799992554434148 ], [ 17.79591072, 42.806824324437052 ], [ 17.81890643, 42.799173704433812 ], [ 17.84339964, 42.803738354435751 ], [ 17.8463304, 42.788684604429321 ], [ 17.86504543, 42.776320574424055 ], [ 17.88749742, 42.787027944428601 ], [ 17.88394773, 42.774251094423171 ], [ 17.87354636, 42.773378244422794 ], [ 17.88211155, 42.758381834416362 ], [ 17.95393872, 42.727975124403329 ], [ 17.96819246, 42.712225554396632 ], [ 18.00743175, 42.694363114388899 ], [ 18.04496968, 42.684266324384602 ], [ 18.04474354, 42.700998064391776 ], [ 18.05557466, 42.677346464381657 ], [ 18.07031894, 42.669829244378434 ], [ 18.09838593, 42.673754444380101 ], [ 18.12246203, 42.671465034379089 ], [ 18.08016336, 42.667233344377294 ], [ 18.0871309, 42.654788254371944 ], [ 18.06133604, 42.664313434376034 ], [ 18.05746913, 42.659077524373821 ], [ 18.070140959999989, 42.65472304437192 ], [ 18.06054652, 42.649659154369751 ], [ 18.12506735, 42.63891159436514 ], [ 18.18067324, 42.614439724354575 ], [ 18.20781255, 42.621063944357417 ], [ 18.22923207, 42.599710334348252 ], [ 18.22173405, 42.581628314340406 ], [ 18.21175742, 42.587047214342782 ], [ 18.21630478, 42.579942224339732 ], [ 18.20863545, 42.581659434340452 ], [ 18.23369682, 42.558405034330434 ], [ 18.28871012, 42.52278196431498 ], [ 18.41991985, 42.464250324289608 ], [ 18.42531466, 42.455295434285766 ], [ 18.40918791, 42.458360904287083 ], [ 18.43024552, 42.440824744279475 ], [ 18.43013775, 42.45191001428433 ], [ 18.45621514, 42.448070044282638 ], [ 18.52578843, 42.39314519425875 ], [ 18.53394723, 42.392496704258477 ], [ 18.51125932, 42.407802104265116 ], [ 18.51458347, 42.420459144270595 ], [ 18.52990806, 42.422809234271654 ], [ 18.50613236, 42.445438024281451 ], [ 18.51517332, 42.458245154286999 ], [ 18.53732288, 42.448587414282869 ], [ 18.56847012, 42.452222104284381 ], [ 18.59957445, 42.432522414275851 ], [ 18.65288401, 42.446533554281956 ], [ 18.67695534, 42.460176344287845 ], [ 18.67378235, 42.466277954290533 ], [ 18.68791366, 42.479195824296134 ], [ 18.65133166, 42.488741754300293 ], [ 18.65231955, 42.494645474302807 ], [ 18.68836367, 42.516798724312423 ], [ 18.69946325, 42.484685294298515 ], [ 18.76401305, 42.488800644300284 ], [ 18.76124525, 42.441266414279667 ], [ 18.77073681, 42.422494644271509 ], [ 18.76156092, 42.423539154271992 ], [ 18.75476062, 42.448902124283009 ], [ 18.73519862, 42.465296624290076 ], [ 18.69128287, 42.477804534295501 ], [ 18.68644416, 42.473329534293576 ], [ 18.68549097, 42.438915364278635 ], [ 18.71199501, 42.416705244268982 ], [ 18.71268141, 42.406786314264679 ], [ 18.70160055, 42.405601854264134 ], [ 18.71155941, 42.391927234258233 ], [ 18.68999875, 42.403517124263253 ], [ 18.57738638, 42.432005044275634 ], [ 18.55667472, 42.429028744274326 ], [ 18.54699123, 42.413640254267655 ], [ 18.58020592, 42.399598834261539 ], [ 18.57018936, 42.390768044257683 ], [ 18.60885072, 42.363968004246018 ], [ 18.63076627, 42.361398334244889 ], [ 18.63920486, 42.370236744248778 ], [ 18.65437651, 42.362760534245503 ], [ 18.65364647, 42.382357234254073 ], [ 18.6839087, 42.385034914255236 ], [ 18.7049607, 42.355028864242115 ], [ 18.68710411, 42.355822554242508 ], [ 18.70920324, 42.339092134235173 ], [ 18.70698297, 42.322299474227862 ], [ 18.77638066, 42.267886514204029 ], [ 18.78701067, 42.270035734205003 ], [ 18.78592658, 42.281513324209989 ], [ 18.80472088, 42.272501104206064 ], [ 18.79968965, 42.280105464209363 ], [ 18.81067765, 42.284544704211342 ], [ 18.8287487, 42.27324723420638 ], [ 18.84838164, 42.284785744211426 ], [ 18.86018085, 42.275944944207566 ], [ 18.8722707, 42.281461824209991 ], [ 18.88820946, 42.274803034207039 ], [ 18.905427459999988, 42.220037454183071 ], [ 18.95020115, 42.200646034174547 ], [ 18.95034754, 42.193969244171612 ], [ 18.9664582, 42.192498914170955 ], [ 18.96431243, 42.174793004163135 ], [ 19.001914859999989, 42.159037104156262 ], [ 19.01160133, 42.133344644144927 ], [ 19.02212226, 42.140564194148133 ], [ 19.02528703, 42.134852644145582 ], [ 19.05936575, 42.134714244145513 ], [ 19.0606333, 42.121681204139797 ], [ 19.08487046, 42.110954634135048 ], [ 19.09153223, 42.098142144129412 ], [ 19.07833481, 42.087105264124517 ], [ 19.07826591, 42.099793544130122 ], [ 19.07251382, 42.084613434123433 ], [ 19.14220381, 42.042452334104766 ], [ 19.13932896, 42.030671944099538 ], [ 19.14916563, 42.025349374097217 ], [ 19.14224792, 42.017117134093546 ], [ 19.15064538, 42.01013326409042 ], [ 19.14210296, 41.989779704081435 ], [ 19.15237951, 41.982534994078222 ], [ 19.13830841, 41.975393764075072 ], [ 19.16550767, 41.952389234064839 ], [ 19.14817274, 41.953156704065208 ], [ 19.15078366, 41.948438634063102 ], [ 19.23522675, 41.906272164044303 ], [ 19.25934076, 41.90621852404427 ], [ 19.31650794, 41.885054944034856 ], [ 19.3360877, 41.867671004027081 ], [ 19.34755611, 41.869800804028088 ], [ 19.33962595, 41.86454450402573 ], [ 19.36482155, 41.847940914018281 ], [ 19.37195492, 41.850623124019499 ], [ 19.37032795, 41.873695364029771 ], [ 19.38086081, 41.884459964034583 ], [ 19.36855066, 41.887409924035936 ], [ 19.36413515, 41.897570844040423 ], [ 19.35185492, 41.899761074041407 ], [ 19.34282112, 41.904124134043386 ], [ 19.34141243, 41.906049724044202 ], [ 19.3437438, 41.913749924047664 ], [ 19.37108827, 41.922958724051732 ], [ 19.34892476, 41.941675534060089 ], [ 19.35015047, 41.956749554066789 ], [ 19.35711384, 41.960494274068409 ], [ 19.38255036, 41.961774464068988 ], [ 19.3873347, 41.965578554070667 ], [ 19.37568533, 41.974132654074509 ], [ 19.37563455, 41.978323934076322 ], [ 19.38143551, 41.995432614083938 ], [ 19.39672744, 42.007362244089229 ], [ 19.41182327, 42.009125944089995 ], [ 19.41629302, 42.007149454089166 ], [ 19.42232776, 41.9976053140849 ], [ 19.41330576, 41.989300244081221 ], [ 19.42794228, 41.982658144078265 ], [ 19.44011521, 41.999175064085584 ], [ 19.46345365, 42.009846564090367 ], [ 19.42825854, 41.981453414077706 ], [ 19.41246462, 41.988222834080737 ], [ 19.41477311, 42.006460424088864 ], [ 19.38534903, 41.997911804085049 ], [ 19.3767091, 41.975846044075233 ], [ 19.38868546, 41.965170134070519 ], [ 19.38347626, 41.961084594068694 ], [ 19.35520065, 41.958675264067615 ], [ 19.35102272, 41.95473730406588 ], [ 19.35221922, 41.939581034059103 ], [ 19.37218201, 41.922713514051644 ], [ 19.34276915, 41.906179424044282 ], [ 19.36446726, 41.899516814041327 ], [ 19.37019157, 41.888108724036258 ], [ 19.38196564, 41.886154524035362 ], [ 19.37371552, 41.854149094021061 ], [ 19.37941885, 41.84730815401803 ], [ 19.40690637, 41.86238610402475 ], [ 19.44501781, 41.860249754023819 ], [ 19.45182645, 41.867643474027091 ], [ 19.43648624, 41.870891444028537 ], [ 19.43149364, 41.878989214032146 ], [ 19.43879163, 41.88302862403394 ], [ 19.46370626, 41.868723744027591 ], [ 19.45641804, 41.860222814023807 ], [ 19.47522771, 41.861019844024163 ], [ 19.47232032, 41.854547134021288 ], [ 19.52533007, 41.842584124015865 ], [ 19.57420194, 41.811880944002226 ], [ 19.59732533, 41.809878344001326 ], [ 19.60298216, 41.784992333990175 ], [ 19.59430957, 41.762573833980134 ], [ 19.60858715, 41.782469263989022 ], [ 19.60340095, 41.78951739399222 ], [ 19.61603582, 41.797005643995512 ], [ 19.61968994, 41.783853643989666 ], [ 19.60838914, 41.761256453979506 ], [ 19.57168674, 41.749511953974299 ], [ 19.59894955, 41.75136744397512 ], [ 19.57518232, 41.742547863971176 ], [ 19.58419025, 41.709952343956509 ], [ 19.5695163, 41.652848113930837 ], [ 19.57199013, 41.639274233924766 ], [ 19.57774222, 41.646189803927868 ], [ 19.57239735, 41.630307553920666 ], [ 19.58837295, 41.648232933928767 ], [ 19.60843623, 41.624714843918142 ], [ 19.59964597, 41.610508433911761 ], [ 19.59137738, 41.631322613921142 ], [ 19.59284401, 41.613242853913 ], [ 19.56828797, 41.587785593901472 ], [ 19.53120065, 41.569586743893247 ], [ 19.47625947, 41.574895253895676 ], [ 19.44436455, 41.587648023901451 ], [ 19.46238637, 41.555150143886749 ], [ 19.51052344, 41.536644933878392 ], [ 19.51613915, 41.501982443862701 ], [ 19.49844778, 41.466825003846722 ], [ 19.46658027, 41.440678943834861 ], [ 19.44794273, 41.434949513832251 ], [ 19.44085181, 41.413086053822305 ], [ 19.44872451, 41.431441543830651 ], [ 19.45687234, 41.419440263825187 ], [ 19.44787931, 41.426950213828611 ], [ 19.44433236, 41.40325891381783 ], [ 19.41863561, 41.397350903815159 ], [ 19.40525556, 41.409581293820743 ], [ 19.39209712, 41.413205263822384 ], [ 19.39105284, 41.40771519381989 ], [ 19.42245805, 41.38253521380841 ], [ 19.42204642, 41.324054953781719 ], [ 19.45272386, 41.302211043771742 ], [ 19.45503747, 41.314207663777232 ], [ 19.45800257, 41.307959553774403 ], [ 19.47030866, 41.314387313777345 ], [ 19.48597205, 41.308593743774694 ], [ 19.51123893, 41.283053753763021 ], [ 19.51961386, 41.251754043748718 ], [ 19.50923562, 41.22405480373601 ], [ 19.48388708, 41.201560843725659 ], [ 19.46903634, 41.157235143705321 ], [ 19.43680894, 41.145837653700063 ], [ 19.45669484, 41.098074663678105 ], [ 19.45222425, 41.05694710365912 ], [ 19.43868125, 41.041864153652192 ], [ 19.43907428, 40.999371043632507 ], [ 19.44291568, 40.992786643629486 ], [ 19.45000935, 40.989717003628058 ], [ 19.44380271, 40.998318303632054 ], [ 19.46514165, 40.996741403631312 ], [ 19.45758843, 40.99458384363033 ], [ 19.47565413, 40.98292386362494 ], [ 19.47691643, 40.969388713618649 ], [ 19.41333353, 40.918342343594958 ], [ 19.39449215, 40.848187443562402 ], [ 19.37092924, 40.825149653551641 ], [ 19.37708378, 40.797406543538756 ], [ 19.36723804, 40.718026633501673 ], [ 19.34019983, 40.680361143484063 ], [ 19.31398332, 40.668417443478447 ], [ 19.31244516, 40.654939403472127 ], [ 19.31483126, 40.644336453467197 ], [ 19.33718574, 40.661726113475282 ], [ 19.34855294, 40.665721763477187 ], [ 19.39047742, 40.655758493472547 ], [ 19.39623857, 40.653199073471342 ], [ 19.39924872, 40.649478313469608 ], [ 19.40220284, 40.639974703465121 ], [ 19.39307356, 40.65425860347186 ], [ 19.34681177, 40.664340963476548 ], [ 19.31882882, 40.640605563465421 ], [ 19.37678373, 40.576967943435541 ], [ 19.3648566, 40.58320760343846 ], [ 19.38242447, 40.549986233422885 ], [ 19.37811518, 40.531914943414357 ], [ 19.38858092, 40.528261653412635 ], [ 19.40109551, 40.502371543400457 ], [ 19.42486775, 40.497657173398238 ], [ 19.43471765, 40.487491723393397 ], [ 19.42768085, 40.482761253391203 ], [ 19.43643427, 40.485656133392581 ], [ 19.46541905, 40.458610763379824 ], [ 19.49367523, 40.446552623374124 ], [ 19.47765052, 40.399482123351845 ], [ 19.48493385, 40.347466703327257 ], [ 19.45488834, 40.327036973317597 ], [ 19.42153001, 40.321317423314888 ], [ 19.40838683, 40.341366643324342 ], [ 19.40545261, 40.3762806633409 ], [ 19.37904334, 40.406596533355248 ], [ 19.34166265, 40.433298103367854 ], [ 19.32988846, 40.431090343366826 ], [ 19.320112110000011, 40.438928953370521 ], [ 19.28830338, 40.420586343361876 ], [ 19.33406568, 40.385534043345295 ], [ 19.36585784, 40.346185553326649 ], [ 19.37799644, 40.315071933311899 ], [ 19.37279165, 40.305673713307414 ], [ 19.46726727, 40.217262263265411 ], [ 19.50962925, 40.194494833254595 ], [ 19.58256757, 40.170123333242948 ], [ 19.64112353, 40.140157573228642 ], [ 19.65061665, 40.128377433223058 ], [ 19.69945502, 40.12033020321919 ], [ 19.69938481, 40.11243986321545 ], [ 19.75237715, 40.097761743208416 ], [ 19.74953651, 40.079941863199913 ], [ 19.7655344, 40.080391643200123 ], [ 19.77651143, 40.056808103188871 ], [ 19.77807546, 40.071161623195728 ], [ 19.79087186, 40.067179913193819 ], [ 19.80294585, 40.054866663187923 ], [ 19.79320931, 40.053203813187125 ], [ 19.79481351, 40.04648601318388 ], [ 19.83700347, 40.050653453185866 ], [ 19.86338377, 40.037101503179407 ], [ 19.93646526, 39.942215553133863 ], [ 19.93821251, 39.926448103126347 ], [ 19.92784166, 39.92670630312643 ], [ 19.91751134, 39.909520623118162 ], [ 19.90853906, 39.910922403118867 ], [ 19.91403425, 39.900468703113852 ], [ 19.95374751, 39.896264663111808 ], [ 19.95800745, 39.883235923105545 ], [ 19.98478687, 39.869885203099081 ], [ 20.01278234, 39.872469063100397 ], [ 20.01938701, 39.858587733093657 ], [ 20.02074981, 39.84527492308726 ], [ 20.00902033, 39.836325163082961 ], [ 20.01321316, 39.818573233074382 ], [ 19.99334598, 39.798708673064837 ], [ 20.00702822, 39.779986013055783 ], [ 20.00185597, 39.772753473052283 ], [ 19.99420714, 39.775930513053837 ], [ 19.99550974, 39.766781443049375 ], [ 19.98414075, 39.769477833050715 ], [ 19.97282875, 39.753739233043078 ], [ 19.98057473, 39.743836633038299 ], [ 19.99668264, 39.753866663043141 ], [ 19.99250221, 39.743719453038224 ], [ 19.94112588, 39.743097793037933 ], [ 19.95715821, 39.775813813053773 ], [ 19.94759095, 39.78560912305845 ], [ 19.94131196, 39.789117213060187 ], [ 19.93888748, 39.779194823055391 ], [ 19.92292523, 39.794127933062605 ], [ 19.9130671, 39.788016673059651 ], [ 19.88703155, 39.797189943064119 ], [ 19.87631464, 39.814832563072564 ], [ 19.84732771, 39.822409743076207 ], [ 19.82149804, 39.800830003065826 ], [ 19.79473543, 39.790251133060693 ], [ 19.77788091, 39.798228853064579 ], [ 19.74886405, 39.799050203064951 ], [ 19.71641123, 39.789423813060353 ], [ 19.67324734, 39.799950353065398 ], [ 19.64211082, 39.75521540304382 ], [ 19.63113391, 39.752069943042272 ], [ 19.62878203, 39.752738943042623 ], [ 19.62842673, 39.752353883042417 ], [ 19.3600578, 39.762400683047275 ], [ 19.31532964, 39.764075143048103 ], [ 19.27060149, 39.765749613048882 ], [ 19.18114518, 39.769098543050532 ], [ 19.00223255, 39.775796413053754 ], [ 18.37603838, 39.799238933065077 ], [ 18.39172351, 39.819335333074761 ], [ 18.38551366, 39.84079610308514 ], [ 18.39997423, 39.889719953108667 ], [ 18.39108384, 39.907503833117204 ], [ 18.40755212, 39.974800343149568 ], [ 18.41833675, 39.995049113159247 ], [ 18.43174374, 39.998748533161042 ], [ 18.43506932, 40.023636213172942 ], [ 18.47536016, 40.043907513182667 ], [ 18.48478472, 40.079660763199776 ], [ 18.52089095, 40.106189003212442 ], [ 18.50746608, 40.125174633221505 ], [ 18.51751363, 40.134818313226134 ], [ 18.50390816, 40.147129173231974 ], [ 18.48800147, 40.147861473232339 ], [ 18.48330033, 40.171021333243409 ], [ 18.45802677, 40.20292889325858 ], [ 18.46150136, 40.232810843272844 ], [ 18.42407012, 40.293948643301881 ], [ 18.38581431, 40.315200323311949 ], [ 18.35209322, 40.353073833329887 ], [ 18.33649385, 40.354416243330533 ], [ 18.30627251, 40.382182113343724 ], [ 18.30756235, 40.390485513347627 ], [ 18.23301673, 40.448904743375238 ], [ 18.20115483, 40.469130153384796 ], [ 18.12788928, 40.492302173395686 ], [ 18.07892621, 40.526430243411767 ], [ 18.07818127, 40.538249963417343 ], [ 18.04505873, 40.55470394342511 ], [ 18.03462756, 40.570426333432501 ], [ 18.04516482, 40.597853053445384 ], [ 18.02422047, 40.615683073453724 ], [ 18.0245043, 40.611072413451573 ], [ 18.01463795, 40.614824643453346 ], [ 18.01839733, 40.641431803465807 ], [ 17.99854517, 40.649070733469379 ], [ 17.98223007, 40.64952444346963 ], [ 17.98859107, 40.646236533468056 ], [ 17.98299575, 40.64374935346688 ], [ 17.97348917, 40.651216503470394 ], [ 17.95128596, 40.643597003466837 ], [ 17.952847, 40.637569423464008 ], [ 17.94966924, 40.633032433461899 ], [ 17.94512475, 40.642393703466261 ], [ 17.93088186, 40.640733353465485 ], [ 17.95053828, 40.6441731434671 ], [ 17.96187055, 40.661811943475371 ], [ 17.96777165, 40.654893033472135 ], [ 17.97134781, 40.662073843475497 ], [ 17.98756766, 40.663485043476143 ], [ 17.96116924, 40.664358963476602 ], [ 17.95849836, 40.661082623475018 ], [ 17.93640375, 40.686242093486811 ], [ 17.92656803, 40.679698463483774 ], [ 17.83906746, 40.691208953489159 ], [ 17.80262256, 40.707216973496635 ], [ 17.80086505, 40.715970273500737 ], [ 17.74714684, 40.732737533508555 ], [ 17.70729136, 40.758925673520757 ], [ 17.49824572, 40.820702423549584 ], [ 17.38857245, 40.893513673583463 ], [ 17.35027707, 40.905986543589243 ], [ 17.33477712, 40.929302443600044 ], [ 17.28178895, 40.970623253619202 ], [ 17.26450527, 40.974071853620835 ], [ 17.23676383, 40.994852533630421 ], [ 17.20624244, 41.001092543633355 ], [ 17.17691386, 41.028619043646053 ], [ 17.12375724, 41.045336003653787 ], [ 17.09938657, 41.062036033661464 ], [ 17.04612291, 41.080721853670077 ], [ 16.95951355, 41.095448253676899 ], [ 16.93004382, 41.111443753684256 ], [ 16.88070667, 41.122121563689149 ], [ 16.87476444, 41.125015253690478 ], [ 16.87948096, 41.127093073691462 ], [ 16.86773968, 41.143199793698869 ], [ 16.84845305, 41.14795183370105 ], [ 16.87015152, 41.139389743697102 ], [ 16.85372567, 41.129051913692344 ], [ 16.85331964, 41.142135253698399 ], [ 16.83141565, 41.136126753695613 ], [ 16.81151354, 41.14026343369752 ], [ 16.77738655, 41.160497893706797 ], [ 16.69731855, 41.176835173714331 ], [ 16.67437816, 41.19081723372075 ], [ 16.62703192, 41.194030633722235 ], [ 16.59194171, 41.212603803730751 ], [ 16.59624302, 41.205724113727577 ], [ 16.58385253, 41.207576503728454 ], [ 16.52477181, 41.241624943744064 ], [ 16.45060527, 41.26121270375306 ], [ 16.42026615, 41.279405233761317 ], [ 16.42409575, 41.285580743764164 ], [ 16.39890432, 41.285752643764233 ], [ 16.35169065, 41.307017443773958 ], [ 16.29113364, 41.322008603780816 ], [ 16.28987896, 41.332708833785709 ], [ 16.28296316, 41.324161523781818 ], [ 16.26679802, 41.32639896378285 ], [ 16.21517003, 41.355997193796284 ], [ 16.13178515, 41.385757323809855 ], [ 16.13541806, 41.391052833812275 ], [ 16.12921882, 41.386578193810287 ], [ 15.99596822, 41.437520263833456 ], [ 15.94218206, 41.473455663849769 ], [ 15.91807306, 41.503062243863177 ], [ 15.88782585, 41.568345893892712 ], [ 15.9011414, 41.616302603914392 ], [ 15.92314363, 41.621500243916714 ], [ 15.91488004, 41.624137153917921 ], [ 15.92150497, 41.628535023919881 ], [ 15.92562675, 41.622333523917057 ], [ 15.92434251, 41.631106843921032 ], [ 15.93551981, 41.635304443922912 ], [ 15.9507699, 41.612688413912736 ], [ 15.93733621, 41.63600623392324 ], [ 15.94277811, 41.641198033925605 ], [ 16.03692365, 41.677785743942025 ], [ 16.06559062, 41.693557013949196 ], [ 16.07411504, 41.710508813956757 ], [ 16.12184966, 41.738085143969165 ], [ 16.14441037, 41.741943713970869 ], [ 16.16907287, 41.766741033982015 ], [ 16.18980885, 41.774663563985534 ], [ 16.20213985, 41.815619224003918 ], [ 16.19480622, 41.815928214004018 ], [ 16.20018625, 41.826182244008621 ], [ 16.18918085, 41.82838010400959 ], [ 16.19287646, 41.837024924013456 ], [ 16.18023121, 41.845785254017336 ], [ 16.17513037, 41.859664914023554 ], [ 16.17699754, 41.87822901403181 ], [ 16.18643916, 41.883054254033965 ], [ 16.16316283, 41.889531364036877 ], [ 16.15314114, 41.908570044045355 ], [ 16.12329864, 41.913533924047549 ], [ 16.10755527, 41.929262754054584 ], [ 16.06010163, 41.949178454063379 ], [ 16.03468442, 41.945086474061576 ], [ 16.00903833, 41.950567124064015 ], [ 15.90834606, 41.930599444055176 ], [ 15.71671104, 41.914139504047839 ], [ 15.67636955, 41.914795754048093 ], [ 15.62010252, 41.929086204054435 ], [ 15.41577375, 41.900084724041577 ], [ 15.36339784, 41.902555694042654 ], [ 15.33979845, 41.917788624049471 ], [ 15.20162296, 41.918619744049799 ], [ 15.09940076, 41.934162374056726 ], [ 15.06797242, 41.945171824061632 ], [ 15.05597246, 41.961744544068942 ], [ 15.00116444, 41.992941614082866 ], [ 14.99958932, 42.00520920408826 ], [ 15.00637925, 42.005869024088554 ], [ 14.88947213, 42.024046774096639 ], [ 14.74032795, 42.085692524123893 ], [ 14.71801555, 42.105973114132851 ], [ 14.72400308, 42.125448344141425 ], [ 14.71231806, 42.179937594165445 ], [ 14.70512915, 42.172757024162294 ], [ 14.61789966, 42.199811814174161 ], [ 14.51141596, 42.250031944196209 ], [ 14.502406, 42.27243601420605 ], [ 14.42653978, 42.325520154229231 ], [ 14.41114855, 42.348062154239067 ], [ 14.41198587, 42.356341354242701 ], [ 14.42133701, 42.354312774241812 ], [ 14.30810213, 42.411670794266783 ], [ 14.23758674, 42.457376354286637 ], [ 14.23483753, 42.467857354291226 ], [ 14.21848464, 42.470199464292257 ], [ 14.18980944, 42.490436544301005 ], [ 14.07364237, 42.602998604349644 ], [ 13.99751675, 42.704668154393339 ], [ 13.97648585, 42.754699944414781 ], [ 13.96483695, 42.760764954417361 ], [ 13.93793225, 42.815850254440932 ], [ 13.91944814, 42.892408244473486 ], [ 13.87997556, 42.965565914504531 ], [ 13.84444726, 43.099328634560969 ], [ 13.73615181, 43.315533754651341 ], [ 13.72728896, 43.313343634650387 ], [ 13.71314693, 43.331930034658122 ], [ 13.66550112, 43.435706374701105 ], [ 13.62367904, 43.50072204472788 ], [ 13.62834334, 43.548668734747615 ], [ 13.57364094, 43.570078964756377 ], [ 13.55381131, 43.602256054769541 ], [ 13.50783324, 43.630172724780991 ], [ 13.49328744, 43.625341054778985 ], [ 13.50848615, 43.618948934776419 ], [ 13.49429715, 43.623468754778258 ], [ 13.48081362, 43.607124444771536 ], [ 13.45239055, 43.611248014773267 ], [ 13.28297627, 43.680418964801461 ], [ 13.02103424, 43.85156094487084 ], [ 12.98484385, 43.865586754876489 ], [ 12.90736878, 43.925287954900561 ], [ 12.89597511, 43.921287534898958 ], [ 12.79674995, 43.965509644916729 ], [ 12.73627186, 43.967531794917541 ], [ 12.68597448, 43.987476224925544 ], [ 12.60517991, 44.046418544949091 ], [ 12.57486415, 44.07847320496186 ], [ 12.56335103, 44.074687234960372 ], [ 12.55834007, 44.068925614958061 ], [ 12.55508935, 44.067950604957659 ], [ 12.56191003, 44.075516094960648 ], [ 12.50630844, 44.112908354975573 ], [ 12.39214432, 44.212464325015048 ], [ 12.35989082, 44.263252255035098 ], [ 12.32349491, 44.360120765073162 ], [ 12.31591535, 44.405766725091027 ], [ 12.28900361, 44.46113562511259 ], [ 12.27909565, 44.617609135173247 ], [ 12.25447702, 44.648437495185149 ], [ 12.23965454, 44.695450895203251 ], [ 12.24933732, 44.764406555229634 ], [ 12.28614545, 44.816748255249664 ], [ 12.28050566, 44.816579335249571 ], [ 12.26893365, 44.804470415244964 ], [ 12.26128602, 44.80239486524416 ], [ 12.27678514, 44.817119955249723 ], [ 12.25959694, 44.814875235248891 ], [ 12.29269338, 44.847098225261192 ], [ 12.29119015, 44.840424415258632 ], [ 12.31590414, 44.842864265259557 ], [ 12.33963597, 44.817194335249809 ], [ 12.36379075, 44.809031955246716 ], [ 12.37393475, 44.791206835239919 ], [ 12.38902056, 44.787324305238435 ], [ 12.37310755, 44.785358545237635 ], [ 12.32638633, 44.796422235241849 ], [ 12.35457754, 44.786166545237933 ], [ 12.33319128, 44.787428255238424 ], [ 12.38366997, 44.783579105236988 ], [ 12.40770674, 44.796991705242121 ], [ 12.38037741, 44.825569505253014 ], [ 12.36262834, 44.861490245266673 ], [ 12.33313835, 44.878203505273028 ], [ 12.31419527, 44.903271315282531 ], [ 12.31359875, 44.907278175284056 ], [ 12.32444978, 44.930195565292706 ], [ 12.32247484, 44.933515905293952 ], [ 12.30555034, 44.937570805295522 ], [ 12.2995733, 44.941341755296953 ], [ 12.30131316, 44.952190755301061 ], [ 12.27696693, 44.955856435302422 ], [ 12.25987482, 44.963663335305398 ], [ 12.23070395, 45.006389015321481 ], [ 12.19834435, 45.013710135324239 ], [ 12.17064154, 45.026435965329036 ], [ 12.12610161, 45.015096425324757 ], [ 12.07465053, 45.017275565325576 ], [ 12.06977892, 45.009644745322696 ], [ 12.08096576, 44.999999995319079 ], [ 12.06522584, 45.010206575322954 ], [ 12.06858981, 45.016693465325368 ], [ 12.08632386, 45.022012345327369 ], [ 12.13002265, 45.020119545326665 ], [ 12.17330074, 45.028392905329746 ], [ 12.19907665, 45.016718735325391 ], [ 12.23661006, 45.011411425323374 ], [ 12.24207628, 45.008906595322436 ], [ 12.26270747, 44.96910643530741 ], [ 12.28922045, 44.955386155302264 ], [ 12.40900326, 44.961487645304544 ], [ 12.44205856, 44.95483076530207 ], [ 12.45712566, 44.962754605305015 ], [ 12.49013031, 44.965737455306197 ], [ 12.49899316, 44.973657005309157 ], [ 12.49820626, 44.978330015310945 ], [ 12.50043285, 44.985595345313669 ], [ 12.50282204, 44.987978455314547 ], [ 12.50132728, 44.990312455315411 ], [ 12.49056613, 44.973433605309069 ], [ 12.47026765, 44.979035255311182 ], [ 12.47035694, 44.989108795315012 ], [ 12.44731235, 44.997218965318027 ], [ 12.44274986, 45.006046645321355 ], [ 12.44617224, 44.996129155317597 ], [ 12.43615305, 44.987379425314309 ], [ 12.44076896, 44.997392055318116 ], [ 12.42564344, 45.003615255320462 ], [ 12.44308901, 45.010779135323112 ], [ 12.41900516, 45.013407465324093 ], [ 12.41155183, 45.02130913532708 ], [ 12.41245484, 45.030388465330518 ], [ 12.43149591, 45.015691635324991 ], [ 12.41691875, 45.02172254532725 ], [ 12.41963124, 45.014126775324364 ], [ 12.43736148, 45.013814925324283 ], [ 12.42858934, 45.019177555326294 ], [ 12.42378378, 45.026462075329036 ], [ 12.44429457, 45.011822695323545 ], [ 12.41055012, 45.036649935332846 ], [ 12.39565551, 45.020545005326809 ], [ 12.39947724, 45.012936225323983 ], [ 12.40920246, 45.021641605327225 ], [ 12.41255903, 45.009076945322505 ], [ 12.40439212, 45.005341045321089 ], [ 12.39069617, 45.006550545321559 ], [ 12.39445782, 45.018358105326016 ], [ 12.37791204, 45.011446355323379 ], [ 12.36003852, 45.021307345327145 ], [ 12.37830234, 45.034271715332011 ], [ 12.38712025, 45.026951305329192 ], [ 12.38125408, 45.038478845333529 ], [ 12.38898933, 45.043087355335288 ], [ 12.38021755, 45.039240715333825 ], [ 12.36373818, 45.050275205338039 ], [ 12.34941018, 45.082569235350121 ], [ 12.32740438, 45.0891946553526 ], [ 12.33151114, 45.072008845346168 ], [ 12.34170675, 45.068953745344977 ], [ 12.34427106, 45.060455675341835 ], [ 12.32949197, 45.061431765342199 ], [ 12.32168055, 45.07612454534766 ], [ 12.29268408, 45.079887145349119 ], [ 12.29598653, 45.088207715352219 ], [ 12.28528035, 45.077360145348166 ], [ 12.27039361, 45.085247155351084 ], [ 12.26131761, 45.09476172535468 ], [ 12.2697947, 45.113805645361793 ], [ 12.28456485, 45.116479745362788 ], [ 12.28038883, 45.107105245359286 ], [ 12.28781772, 45.120715855364374 ], [ 12.30157232, 45.12067543536439 ], [ 12.29486775, 45.139291635371286 ], [ 12.31253982, 45.136288635370171 ], [ 12.3330729, 45.091948025353624 ], [ 12.32967675, 45.15397583537677 ], [ 12.32017231, 45.149384855375132 ], [ 12.32454765, 45.158916465378674 ], [ 12.32935536, 45.161555765379646 ], [ 12.32970881, 45.167863245381959 ], [ 12.31515014, 45.182492725387462 ], [ 12.31054056, 45.179808855386419 ], [ 12.30181456, 45.177087065385436 ], [ 12.2866919, 45.177156805385451 ], [ 12.26878464, 45.181610345387114 ], [ 12.25189221, 45.181670665387117 ], [ 12.24396086, 45.183983795387981 ], [ 12.23222434, 45.19897114539355 ], [ 12.21973813, 45.192256805391068 ], [ 12.22524154, 45.203793165395368 ], [ 12.23240161, 45.207015745396539 ], [ 12.22045553, 45.209622255397512 ], [ 12.22759604, 45.215777755399849 ], [ 12.21765995, 45.218770025400929 ], [ 12.22703004, 45.225212445403322 ], [ 12.21029043, 45.225253335403345 ], [ 12.21034765, 45.238137355408135 ], [ 12.22627985, 45.240782735409127 ], [ 12.22100663, 45.245975015411048 ], [ 12.23100138, 45.237564435407876 ], [ 12.22130024, 45.263665075417599 ], [ 12.21266878, 45.265391345418237 ], [ 12.22099137, 45.270145765419997 ], [ 12.20274615, 45.277602425422742 ], [ 12.20283306, 45.259951345416212 ], [ 12.17269587, 45.252246975413406 ], [ 12.16896343, 45.259370565415999 ], [ 12.15566945, 45.259074565415915 ], [ 12.16532695, 45.265283815418194 ], [ 12.15389812, 45.267691365419097 ], [ 12.15247071, 45.290582415427565 ], [ 12.13260877, 45.296798465429831 ], [ 12.15741014, 45.300712705431295 ], [ 12.16273463, 45.315994855436955 ], [ 12.17255163, 45.31303619543587 ], [ 12.16751075, 45.308900355434318 ], [ 12.18359482, 45.307777515433884 ], [ 12.17866361, 45.319655535438308 ], [ 12.20015395, 45.335718265444193 ], [ 12.18616283, 45.350276465449575 ], [ 12.19595444, 45.364012235454688 ], [ 12.15105426, 45.364836925454924 ], [ 12.14972711, 45.371325845457349 ], [ 12.16042078, 45.371493935457359 ], [ 12.15043497, 45.37401580545832 ], [ 12.14550626, 45.385269045462472 ], [ 12.15168154, 45.380346175460652 ], [ 12.15104151, 45.387785435463421 ], [ 12.16598785, 45.369204155456593 ], [ 12.19056785, 45.367895005456077 ], [ 12.17565322, 45.385719175462583 ], [ 12.20435286, 45.389103055463863 ], [ 12.19914651, 45.394741765465945 ], [ 12.20549226, 45.399094815467585 ], [ 12.20441651, 45.401664135468479 ], [ 12.21095121, 45.407701965470693 ], [ 12.20591605, 45.409185645471233 ], [ 12.20231986, 45.414695135473288 ], [ 12.21719575, 45.417803755474417 ], [ 12.21242225, 45.406894445470421 ], [ 12.22038686, 45.401518935468417 ], [ 12.22279131, 45.410019035471571 ], [ 12.24664843, 45.407418605470632 ], [ 12.24453187, 45.412767045472577 ], [ 12.25882554, 45.413987755473023 ], [ 12.25641406, 45.433722375480237 ], [ 12.23376107, 45.440748325482808 ], [ 12.22187138, 45.436100835481106 ], [ 12.21695364, 45.437095875481475 ], [ 12.23603284, 45.441954015483283 ], [ 12.25814044, 45.434751745480654 ], [ 12.25793767, 45.446660515484993 ], [ 12.23345876, 45.457231755488834 ], [ 12.25629115, 45.449288125485964 ], [ 12.25210452, 45.465437765491878 ], [ 12.27513266, 45.451458565486739 ], [ 12.27278745, 45.464818355491609 ], [ 12.28509212, 45.466461415492198 ], [ 12.2845335, 45.473925345494962 ], [ 12.32159066, 45.480569005497379 ], [ 12.33393085, 45.497555845503619 ], [ 12.33291626, 45.485129705499055 ], [ 12.34105003, 45.492639535501802 ], [ 12.34580708, 45.48860251550034 ], [ 12.34447026, 45.49624371550307 ], [ 12.36374736, 45.511524675508674 ], [ 12.40880513, 45.493711345502199 ], [ 12.38168347, 45.493994945502287 ], [ 12.41931927, 45.482901445498214 ], [ 12.40797365, 45.498452655503925 ], [ 12.40339816, 45.497527955503571 ], [ 12.40077937, 45.49900114550411 ], [ 12.40260422, 45.504160755505964 ], [ 12.38899696, 45.503109215505603 ], [ 12.38438845, 45.508280745507513 ], [ 12.39621067, 45.531387445515875 ], [ 12.40956032, 45.527343745514408 ], [ 12.40599155, 45.5118682355088 ], [ 12.43251491, 45.519274465511494 ], [ 12.43190503, 45.498589035503961 ], [ 12.43850195, 45.49819743550384 ], [ 12.43845987, 45.501939055505161 ], [ 12.44487894, 45.505052445506308 ], [ 12.44649565, 45.512544745509068 ], [ 12.43835998, 45.529441945515195 ], [ 12.45245755, 45.544304365520638 ], [ 12.48249841, 45.546920175521578 ], [ 12.47617567, 45.558552735525844 ], [ 12.48623121, 45.562166325527166 ], [ 12.47624195, 45.560091375526369 ], [ 12.47408164, 45.5615495355269 ], [ 12.52800071, 45.573593615531244 ], [ 12.54346824, 45.572728035530972 ], [ 12.53691411, 45.568006865529235 ], [ 12.55205023, 45.562471865527215 ], [ 12.54204273, 45.558139315525693 ], [ 12.54774475, 45.552509305523586 ], [ 12.56245828, 45.563454025527584 ], [ 12.57079816, 45.548310755522081 ], [ 12.58965063, 45.544339055520624 ], [ 12.57924247, 45.529104345515051 ], [ 12.56234562, 45.521924965512476 ], [ 12.56044817, 45.526152365513994 ], [ 12.55395234, 45.52564584551385 ], [ 12.56055343, 45.522455445512641 ], [ 12.54115546, 45.509666795507997 ], [ 12.60056412, 45.537347435518086 ], [ 12.63178384, 45.534423945517055 ], [ 12.62542367, 45.513684865509475 ], [ 12.60077894, 45.520890705512087 ], [ 12.58922744, 45.507264135507143 ], [ 12.57349396, 45.50365006550583 ], [ 12.57070661, 45.519483795511604 ], [ 12.56213546, 45.513562315509418 ], [ 12.57378161, 45.493346445502034 ], [ 12.48565877, 45.465286015491856 ], [ 12.49482715, 45.472758645494544 ], [ 12.47775471, 45.476258155495835 ], [ 12.50265336, 45.478567355496644 ], [ 12.53174734, 45.486982815499694 ], [ 12.49207187, 45.48159133549774 ], [ 12.50169647, 45.485359545499108 ], [ 12.49244106, 45.489834425500774 ], [ 12.51617837, 45.493954415502273 ], [ 12.48645115, 45.498794555504027 ], [ 12.47427595, 45.479818335497114 ], [ 12.46473205, 45.473860135494952 ], [ 12.44676924, 45.471233125493995 ], [ 12.42390895, 45.447480195485248 ], [ 12.42163754, 45.434242245480469 ], [ 12.43711484, 45.422268145476068 ], [ 12.43903601, 45.431259155479317 ], [ 12.47722065, 45.448844305485814 ], [ 12.584939, 45.477708335496324 ], [ 12.73962033, 45.532387965516293 ], [ 12.89009643, 45.597699515540022 ], [ 12.91101778, 45.615243425546375 ], [ 12.89556193, 45.623777625549444 ], [ 12.89440465, 45.628149145551006 ], [ 12.91896391, 45.641888735555995 ], [ 12.90540648, 45.648749345558478 ], [ 12.91040921, 45.660663595562745 ], [ 12.90065455, 45.662919755563586 ], [ 12.89260435, 45.672763345567134 ], [ 12.88138902, 45.672741765567132 ], [ 12.87423456, 45.679719325569671 ], [ 12.89502025, 45.674353955567703 ], [ 12.91264486, 45.659695145562445 ], [ 12.90716362, 45.650498145559126 ], [ 12.92086351, 45.640696635555535 ], [ 12.89664066, 45.625763765550154 ], [ 12.91647506, 45.621561045548646 ], [ 12.91491091, 45.613214845545613 ], [ 12.96915686, 45.623459575549305 ], [ 12.98303473, 45.629327655551457 ], [ 12.97224021, 45.626510135550454 ], [ 12.97527385, 45.655323735560856 ], [ 12.97988963, 45.658086775561813 ], [ 12.96733344, 45.66046666556273 ], [ 12.96651936, 45.663429135563774 ], [ 12.98099053, 45.659022925562155 ], [ 12.9761672, 45.644023175556782 ], [ 12.99502575, 45.636298415553988 ], [ 12.98154736, 45.625937935550269 ], [ 13.09837067, 45.635335555553674 ], [ 13.09814215, 45.64345800555656 ], [ 13.0842303, 45.651934025559619 ], [ 13.08161986, 45.658957235562156 ], [ 13.10240006, 45.645786045557408 ], [ 13.11095154, 45.665469045564478 ], [ 13.15304005, 45.696110245575532 ], [ 13.14618933, 45.702432745577816 ], [ 13.13970268, 45.693853015574746 ], [ 13.11152935, 45.686136715572012 ], [ 13.09991765, 45.689268705573099 ], [ 13.10248685, 45.695719955575427 ], [ 13.09440911, 45.68945311557313 ], [ 13.07781124, 45.691497435573879 ], [ 13.08343065, 45.698393695576364 ], [ 13.07016075, 45.712745665581508 ], [ 13.08108664, 45.711507675581089 ], [ 13.09305692, 45.731811395588423 ], [ 13.12149584, 45.727744935586912 ], [ 13.12548494, 45.733027455588818 ], [ 13.10876334, 45.743819825592745 ], [ 13.11665237, 45.759445545598311 ], [ 13.13258123, 45.761139505598962 ], [ 13.14046526, 45.744986055593131 ], [ 13.15567195, 45.752683875595864 ], [ 13.14983571, 45.740792265591658 ], [ 13.16827095, 45.7582441555979 ], [ 13.18388116, 45.761317125598943 ], [ 13.18344224, 45.772575615603031 ], [ 13.20175075, 45.765990015600671 ], [ 13.21934831, 45.77201282560285 ], [ 13.22799921, 45.755000945596706 ], [ 13.23931301, 45.752531645595838 ], [ 13.24710584, 45.777642005604818 ], [ 13.23253453, 45.790859335609532 ], [ 13.22538972, 45.808913705616028 ], [ 13.24787152, 45.77885734560526 ], [ 13.24486124, 45.760025135598525 ] ], [ [ 13.18106604, 45.752684345595881 ], [ 13.17799354, 45.750010245594929 ], [ 13.17781508, 45.748690365594449 ], [ 13.18102705, 45.749507305594726 ], [ 13.18106604, 45.752684345595881 ] ], [ [ 13.17699134, 45.757739535597693 ], [ 13.17651165, 45.755662435596996 ], [ 13.17719591, 45.754772415596612 ], [ 13.17913425, 45.756993645597412 ], [ 13.17699134, 45.757739535597693 ] ], [ [ 13.1864078, 45.761091945598935 ], [ 13.18503463, 45.761057615598915 ], [ 13.18806195, 45.759512535598333 ], [ 13.18797612, 45.760704875598712 ], [ 13.1864078, 45.761091945598935 ] ], [ [ 13.14244294, 45.744413725592928 ], [ 13.13974977, 45.741886845592042 ], [ 13.14325833, 45.738588925590818 ], [ 13.14433706, 45.739838835591293 ], [ 13.14244294, 45.744413725592928 ] ], [ [ 13.28386652, 45.73539244558971 ], [ 13.27383912, 45.73072015558801 ], [ 13.27691603, 45.721272945584637 ], [ 13.25882554, 45.720117445584187 ], [ 13.28285086, 45.719512455583939 ], [ 13.28483784, 45.726193545586376 ], [ 13.28626764, 45.720340845584275 ], [ 13.26964426, 45.715710155582613 ], [ 13.25119758, 45.719996445584101 ], [ 13.25337017, 45.7107243455808 ], [ 13.30747032, 45.693521135574635 ], [ 13.29027545, 45.70745300557963 ], [ 13.29897153, 45.707464455579647 ], [ 13.33476877, 45.692055695574084 ], [ 13.31995845, 45.701869245577633 ], [ 13.32380784, 45.721657275584718 ], [ 13.30745244, 45.725203745586001 ], [ 13.31481493, 45.737458705590413 ], [ 13.30243802, 45.728805415587296 ], [ 13.28386652, 45.73539244558971 ] ], [ [ 13.338238, 45.730123035587795 ], [ 13.34083331, 45.733733645589098 ], [ 13.33341992, 45.732532975588676 ], [ 13.33522296, 45.731343745588219 ], [ 13.338238, 45.730123035587795 ] ], [ [ 13.36052907, 45.724199525585668 ], [ 13.35739374, 45.722066395584918 ], [ 13.36389256, 45.718598245583621 ], [ 13.36855471, 45.723664875585492 ], [ 13.36052907, 45.724199525585668 ] ], [ [ 13.37237453, 45.718778245583685 ], [ 13.36883605, 45.716749305582972 ], [ 13.36890817, 45.716452955582874 ], [ 13.370875, 45.716111655582736 ], [ 13.37237453, 45.718778245583685 ] ], [ [ 13.32792234, 45.720910545584495 ], [ 13.32799053, 45.719778415584059 ], [ 13.33335972, 45.718767045583718 ], [ 13.33243835, 45.719659325584018 ], [ 13.32792234, 45.720910545584495 ] ], [ [ 13.36449742, 45.71376466558192 ], [ 13.36510265, 45.711675635581173 ], [ 13.3687582, 45.711488245581087 ], [ 13.36807883, 45.713086245581678 ], [ 13.36449742, 45.71376466558192 ] ], [ [ 13.34356904, 45.698756215576488 ], [ 13.34977674, 45.692516445574263 ], [ 13.33926856, 45.690011135573393 ], [ 13.36840236, 45.682434435570613 ], [ 13.35042155, 45.700453035577119 ], [ 13.34356904, 45.698756215576488 ] ], [ [ 13.34792435, 45.68369113557106 ], [ 13.31617606, 45.693359255574556 ], [ 13.31326282, 45.691474675573915 ], [ 13.34081542, 45.68016135556983 ], [ 13.35303283, 45.678085795569096 ], [ 13.35972333, 45.681042545570129 ], [ 13.34792435, 45.68369113557106 ] ], [ [ 13.17120922, 45.703124995578115 ], [ 13.17866015, 45.705972075579112 ], [ 13.18024373, 45.717192645583161 ], [ 13.153337, 45.704774975578708 ], [ 13.17120922, 45.703124995578115 ] ], [ [ 13.22084415, 45.717271325583212 ], [ 13.20340884, 45.713252425581722 ], [ 13.18205071, 45.712708345581532 ], [ 13.19373143, 45.710759635580835 ], [ 13.24490392, 45.715792055582632 ], [ 13.24282098, 45.721184965584598 ], [ 13.22084415, 45.717271325583212 ] ], [ [ 13.17299664, 45.729616045587584 ], [ 13.17218935, 45.730044245587763 ], [ 13.16755354, 45.7276261955869 ], [ 13.17313397, 45.728060715587048 ], [ 13.17299664, 45.729616045587584 ] ], [ [ 12.98284066, 45.63742720555436 ], [ 12.98072577, 45.637647025554429 ], [ 12.98108685, 45.636216395553973 ], [ 12.98326075, 45.636205905553915 ], [ 12.98284066, 45.63742720555436 ] ], [ [ 13.77352536, 45.61285089554552 ], [ 13.77149415, 45.611835235545115 ], [ 13.78087234, 45.611726045545055 ], [ 13.7764312, 45.61358975554576 ], [ 13.77352536, 45.61285089554552 ] ], [ [ 12.40094113, 45.429759025478781 ], [ 12.38592422, 45.433578005480193 ], [ 12.36707795, 45.417024245474138 ], [ 12.36130238, 45.404537315469561 ], [ 12.33667886, 45.374190805458412 ], [ 12.33547366, 45.365063305455017 ], [ 12.30989075, 45.338971605445451 ], [ 12.33164167, 45.336532825444557 ], [ 12.32844174, 45.351562495450082 ], [ 12.39481986, 45.428784365478421 ], [ 12.42783356, 45.417829155474379 ], [ 12.40094113, 45.429759025478781 ] ], [ [ 12.20859146, 45.336229205444425 ], [ 12.20843065, 45.338456625445261 ], [ 12.20586741, 45.34022426544589 ], [ 12.20688593, 45.33402645544362 ], [ 12.20859146, 45.336229205444425 ] ], [ [ 12.31863284, 45.334036105443623 ], [ 12.30133784, 45.289687745427237 ], [ 12.30121136, 45.263692855417588 ], [ 12.32546377, 45.331632845442726 ], [ 12.31863284, 45.334036105443623 ] ], [ [ 12.22337735, 45.275191545421841 ], [ 12.23206246, 45.279472945423429 ], [ 12.22611976, 45.281872745424309 ], [ 12.21834075, 45.278233525423005 ], [ 12.21318841, 45.28049361542385 ], [ 12.22298396, 45.270441165420088 ], [ 12.22337735, 45.275191545421841 ] ], [ [ 12.16330028, 45.278349155423044 ], [ 12.16144144, 45.279057855423289 ], [ 12.15708518, 45.276468865422345 ], [ 12.16216612, 45.275851365422113 ], [ 12.16330028, 45.278349155423044 ] ], [ [ 12.1642611, 45.275833955422115 ], [ 12.16401613, 45.273823975421408 ], [ 12.15740144, 45.271129845420397 ], [ 12.16321075, 45.271018495420293 ], [ 12.16622114, 45.275569555422017 ], [ 12.1642611, 45.275833955422115 ] ], [ [ 12.1658169, 45.27861976542313 ], [ 12.16668868, 45.280045745423664 ], [ 12.16532397, 45.281380415424124 ], [ 12.16445518, 45.280610435423888 ], [ 12.1658169, 45.27861976542313 ] ], [ [ 12.16239381, 45.28100084542401 ], [ 12.16210485, 45.282728545424632 ], [ 12.15902925, 45.281451815424191 ], [ 12.16058385, 45.279620525423496 ], [ 12.16239381, 45.28100084542401 ] ], [ [ 12.20426798, 45.281655665424239 ], [ 12.20773757, 45.279345745423413 ], [ 12.21113217, 45.280447715423804 ], [ 12.20639944, 45.282722705424661 ], [ 12.20426798, 45.281655665424239 ] ], [ [ 12.20882702, 45.282690995424623 ], [ 12.20884681, 45.29080604542763 ], [ 12.19160461, 45.293598645428652 ], [ 12.20077527, 45.290563335427528 ], [ 12.20882702, 45.282690995424623 ] ], [ [ 12.16287482, 45.287519925426416 ], [ 12.15949094, 45.287677645426449 ], [ 12.15832031, 45.285169955425559 ], [ 12.16008675, 45.285025355425482 ], [ 12.16287482, 45.287519925426416 ] ], [ [ 12.18769455, 45.289027205426976 ], [ 12.18985355, 45.29011964542736 ], [ 12.18406796, 45.289754865427241 ], [ 12.18506885, 45.288806315426875 ], [ 12.18769455, 45.289027205426976 ] ], [ [ 12.22162294, 45.284162875425196 ], [ 12.21459031, 45.282807945424672 ], [ 12.21786606, 45.279108635423327 ], [ 12.22761655, 45.287349215426381 ], [ 12.22162294, 45.284162875425196 ] ], [ [ 12.22206426, 45.305959935433272 ], [ 12.21811664, 45.301435345431571 ], [ 12.22510052, 45.316964855437284 ], [ 12.21972227, 45.328450675441545 ], [ 12.21471155, 45.318452355437856 ], [ 12.21306658, 45.31814109543776 ], [ 12.20800722, 45.321293115438891 ], [ 12.20649755, 45.321280835438913 ], [ 12.21412063, 45.312972895435827 ], [ 12.21099234, 45.307037825433618 ], [ 12.18923795, 45.298743245430572 ], [ 12.21255267, 45.29406201542885 ], [ 12.22206426, 45.305959935433272 ] ], [ [ 12.18962443, 45.296705955429843 ], [ 12.18775451, 45.299969315431028 ], [ 12.18591166, 45.301806805431674 ], [ 12.18688798, 45.296457765429729 ], [ 12.18962443, 45.296705955429843 ] ], [ [ 12.16899884, 45.306039565433252 ], [ 12.16648614, 45.305331705432991 ], [ 12.16589105, 45.304509515432706 ], [ 12.16841495, 45.304611435432754 ], [ 12.16899884, 45.306039565433252 ] ], [ [ 12.20823657, 45.310476415434941 ], [ 12.20763946, 45.31150006543529 ], [ 12.20682204, 45.311703435435369 ], [ 12.20738101, 45.309321635434479 ], [ 12.20823657, 45.310476415434941 ] ], [ [ 12.20984614, 45.310899845435102 ], [ 12.20940852, 45.314329025436301 ], [ 12.20714927, 45.315604325436787 ], [ 12.20627463, 45.312901375435821 ], [ 12.20984614, 45.310899845435102 ] ], [ [ 12.21693766, 45.331282615442618 ], [ 12.21423781, 45.332335225442975 ], [ 12.21372747, 45.331580515442703 ], [ 12.21458495, 45.330989715442442 ], [ 12.21693766, 45.331282615442618 ] ], [ [ 12.21489501, 45.340272895445942 ], [ 12.21982467, 45.343585245447144 ], [ 12.21066785, 45.34600984544803 ], [ 12.21211565, 45.34280812544683 ], [ 12.21489501, 45.340272895445942 ] ], [ [ 12.21656787, 45.345846645447971 ], [ 12.21703577, 45.345457075447811 ], [ 12.21975195, 45.345782635447961 ], [ 12.21703744, 45.347977875448699 ], [ 12.21656787, 45.345846645447971 ] ], [ [ 12.22323334, 45.346589445448231 ], [ 12.23070157, 45.348666665448995 ], [ 12.22311175, 45.349090455449144 ], [ 12.22780955, 45.361608145453758 ], [ 12.22157002, 45.366152165455432 ], [ 12.22200191, 45.357990735452432 ], [ 12.21387255, 45.358474965452636 ], [ 12.22323334, 45.346589445448231 ] ], [ [ 12.21283114, 45.354344245451067 ], [ 12.2095685, 45.355065345451379 ], [ 12.20730472, 45.35710894545209 ], [ 12.20730507, 45.353821865450911 ], [ 12.21283114, 45.354344245451067 ] ], [ [ 12.21798956, 45.36599575545538 ], [ 12.22093773, 45.366720555455657 ], [ 12.21293855, 45.372328035457713 ], [ 12.21280885, 45.376731275459342 ], [ 12.24099886, 45.353842135450932 ], [ 12.2409296, 45.360491035453379 ], [ 12.25407934, 45.357470745452225 ], [ 12.26045835, 45.404582855469599 ], [ 12.22899485, 45.405493615469851 ], [ 12.22760212, 45.386641615462977 ], [ 12.21731806, 45.383715865461859 ], [ 12.20992005, 45.389202355463894 ], [ 12.20327532, 45.381162165460957 ], [ 12.21065426, 45.373734115458255 ], [ 12.20227385, 45.370650645457104 ], [ 12.21798956, 45.36599575545538 ] ], [ [ 12.17580223, 45.367034545455766 ], [ 12.17081368, 45.367498755455955 ], [ 12.17020082, 45.367241855455838 ], [ 12.17422974, 45.366137615455401 ], [ 12.17580223, 45.367034545455766 ] ], [ [ 12.20052135, 45.372369165457705 ], [ 12.20050156, 45.373388645458057 ], [ 12.19682181, 45.374792335458594 ], [ 12.19853616, 45.37121092545727 ], [ 12.20052135, 45.372369165457705 ] ], [ [ 12.20365477, 45.387921925463459 ], [ 12.20143187, 45.385556815462607 ], [ 12.20411122, 45.384813305462295 ], [ 12.20526278, 45.385906575462698 ], [ 12.20365477, 45.387921925463459 ] ], [ [ 12.21908796, 45.386453745462894 ], [ 12.22298062, 45.385596625462583 ], [ 12.22498512, 45.38887595546381 ], [ 12.22430193, 45.389287825463931 ], [ 12.21908796, 45.386453745462894 ] ], [ [ 12.31946731, 45.40696465547046 ], [ 12.31819761, 45.404471745469536 ], [ 12.32453465, 45.404058575469371 ], [ 12.32395375, 45.407366035470623 ], [ 12.31946731, 45.40696465547046 ] ], [ [ 12.35875714, 45.405480735469908 ], [ 12.36068165, 45.405408255469894 ], [ 12.36092544, 45.40695023547044 ], [ 12.35791552, 45.406051035470092 ], [ 12.35875714, 45.405480735469908 ] ], [ [ 12.33350456, 45.399314635467604 ], [ 12.33509481, 45.399443145467643 ], [ 12.33576334, 45.399969455467861 ], [ 12.33308685, 45.400976535468239 ], [ 12.33350456, 45.399314635467604 ] ], [ [ 12.33121598, 45.38005125546055 ], [ 12.33373523, 45.382081025461297 ], [ 12.33078921, 45.383501645461806 ], [ 12.3293575, 45.382704375461529 ], [ 12.33121598, 45.38005125546055 ] ], [ [ 12.23033595, 45.359106055452855 ], [ 12.22826564, 45.357236615452166 ], [ 12.23383236, 45.355996365451666 ], [ 12.23382676, 45.3565273254519 ], [ 12.23033595, 45.359106055452855 ] ], [ [ 12.22254944, 45.340172645445818 ], [ 12.22454524, 45.339945665445768 ], [ 12.22541952, 45.340527525446035 ], [ 12.22340858, 45.341542955446378 ], [ 12.22254944, 45.340172645445818 ] ], [ [ 12.21496987, 45.336896655444683 ], [ 12.21745873, 45.33822476544514 ], [ 12.21525192, 45.339381925445601 ], [ 12.21394515, 45.338590735445301 ], [ 12.21496987, 45.336896655444683 ] ], [ [ 12.33727002, 45.412761805472584 ], [ 12.33503473, 45.412201515472368 ], [ 12.33458054, 45.409504525471377 ], [ 12.33736706, 45.410565375471755 ], [ 12.33727002, 45.412761805472584 ] ], [ [ 12.35676825, 45.420280925475318 ], [ 12.35506415, 45.420257445475286 ], [ 12.35821736, 45.416575665473985 ], [ 12.35902846, 45.417921065474424 ], [ 12.35676825, 45.420280925475318 ] ], [ [ 12.33901012, 45.420458075475395 ], [ 12.33811343, 45.418819545474776 ], [ 12.33997905, 45.417701955474406 ], [ 12.34118223, 45.419502845475058 ], [ 12.33901012, 45.420458075475395 ] ], [ [ 12.34029365, 45.423910135476604 ], [ 12.34645772, 45.429609415478765 ], [ 12.33347023, 45.425575015477264 ], [ 12.31453323, 45.429047105478531 ], [ 12.31087565, 45.424699065476915 ], [ 12.34029365, 45.423910135476604 ] ], [ [ 12.31101716, 45.426894545477758 ], [ 12.30726945, 45.426897165477733 ], [ 12.30698764, 45.426690815477656 ], [ 12.30969036, 45.425061815477072 ], [ 12.31101716, 45.426894545477758 ] ], [ [ 12.33095884, 45.428076145478208 ], [ 12.34735954, 45.432725545479904 ], [ 12.36615062, 45.424206015476756 ], [ 12.36538005, 45.439091435482197 ], [ 12.31940281, 45.447654245485374 ], [ 12.30443907, 45.434291235480451 ], [ 12.31163526, 45.438410395481931 ], [ 12.30788696, 45.431517355479443 ], [ 12.33095884, 45.428076145478208 ] ], [ [ 12.26574743, 45.433768265480289 ], [ 12.26540863, 45.446903105485092 ], [ 12.26150095, 45.447793595485379 ], [ 12.25908744, 45.436216945481178 ], [ 12.26574743, 45.433768265480289 ] ], [ [ 12.30196965, 45.439367175482339 ], [ 12.30435514, 45.438294405481962 ], [ 12.31233704, 45.441834925483249 ], [ 12.30560887, 45.443894735483958 ], [ 12.30196965, 45.439367175482339 ] ], [ [ 12.29807115, 45.438826435482099 ], [ 12.29798996, 45.437380545481581 ], [ 12.29979587, 45.437603945481648 ], [ 12.29990685, 45.438433045482007 ], [ 12.29807115, 45.438826435482099 ] ], [ [ 12.27286482, 45.449033255485851 ], [ 12.2673614, 45.451936355486936 ], [ 12.26322031, 45.455937265488402 ], [ 12.2624377, 45.449230305485926 ], [ 12.27286482, 45.449033255485851 ] ], [ [ 12.34862602, 45.45133530548668 ], [ 12.36158025, 45.458456515489331 ], [ 12.35420001, 45.465648645491925 ], [ 12.34528685, 45.461942545490565 ], [ 12.34862602, 45.45133530548668 ] ], [ [ 12.32001436, 45.462403055490739 ], [ 12.31742871, 45.46236156549076 ], [ 12.31793368, 45.460208055489936 ], [ 12.32066846, 45.461729405490495 ], [ 12.32001436, 45.462403055490739 ] ], [ [ 12.3928045, 45.465406535491859 ], [ 12.37103176, 45.457197895488832 ], [ 12.37277496, 45.456058735488433 ], [ 12.37948716, 45.458354345489255 ], [ 12.38346875, 45.45728766548887 ], [ 12.39298356, 45.44422554548413 ], [ 12.42203903, 45.457622045489025 ], [ 12.43226945, 45.471823805494182 ], [ 12.42402482, 45.473051425494624 ], [ 12.4065237, 45.457522745488973 ], [ 12.39783931, 45.458580845489315 ], [ 12.39552665, 45.470488545493687 ], [ 12.3928045, 45.465406535491859 ] ], [ [ 12.28670311, 45.468288775492887 ], [ 12.2895174, 45.470891705493848 ], [ 12.28709102, 45.472125045494259 ], [ 12.28572977, 45.469703075493406 ], [ 12.28670311, 45.468288775492887 ] ], [ [ 12.40760303, 45.471940755494238 ], [ 12.40878964, 45.472787255494517 ], [ 12.40504885, 45.476100555495755 ], [ 12.4039278, 45.473887915494956 ], [ 12.40760303, 45.471940755494238 ] ], [ [ 12.42870092, 45.475948565495671 ], [ 12.43532765, 45.477609035496293 ], [ 12.43252587, 45.480147955497209 ], [ 12.42968416, 45.478829855496741 ], [ 12.42870092, 45.475948565495671 ] ], [ [ 12.44133484, 45.475401155495497 ], [ 12.45122445, 45.475867145495656 ], [ 12.44929755, 45.476754425495976 ], [ 12.44666696, 45.480642315497384 ], [ 12.45469105, 45.482527255498084 ], [ 12.45812285, 45.48603009549938 ], [ 12.45743394, 45.489360445500637 ], [ 12.44367707, 45.478789805496746 ], [ 12.44295394, 45.491116755501253 ], [ 12.41970336, 45.492413035501734 ], [ 12.43257165, 45.489491695500647 ], [ 12.44133484, 45.475401155495497 ] ], [ [ 12.42986774, 45.487262365499809 ], [ 12.42721081, 45.482917425498286 ], [ 12.43087554, 45.480919235497524 ], [ 12.43252265, 45.482469675498081 ], [ 12.42986774, 45.487262365499809 ] ], [ [ 12.42638075, 45.48583411549928 ], [ 12.42647362, 45.486944555499683 ], [ 12.42295015, 45.485607495499231 ], [ 12.42361295, 45.485280505499126 ], [ 12.42638075, 45.48583411549928 ] ], [ [ 12.41785657, 45.492052905501566 ], [ 12.42353082, 45.49809360550379 ], [ 12.42839527, 45.497433655503528 ], [ 12.43080902, 45.499381295504278 ], [ 12.41173911, 45.50279783550549 ], [ 12.41785657, 45.492052905501566 ] ], [ [ 12.41088641, 45.502774945505507 ], [ 12.40701675, 45.507675045507263 ], [ 12.40179718, 45.498970865504113 ], [ 12.40583241, 45.498923055504036 ], [ 12.41088641, 45.502774945505507 ] ], [ [ 12.39693677, 45.507377735507184 ], [ 12.3873136, 45.508570905507611 ], [ 12.38772464, 45.504666565506163 ], [ 12.38981485, 45.504034035505953 ], [ 12.39693677, 45.507377735507184 ] ], [ [ 12.40942621, 45.508687015507654 ], [ 12.40981531, 45.506224035506769 ], [ 12.41199255, 45.505591505506544 ], [ 12.4106009, 45.509114615507805 ], [ 12.40942621, 45.508687015507654 ] ], [ [ 12.43913352, 45.497627255503602 ], [ 12.43738055, 45.49673020550329 ], [ 12.44093132, 45.498258705503858 ], [ 12.43913007, 45.501231545504936 ], [ 12.43913352, 45.497627255503602 ] ], [ [ 12.46807277, 45.498115655503788 ], [ 12.47853625, 45.493649715502194 ], [ 12.47604883, 45.515870565510255 ], [ 12.47157025, 45.510989895508523 ], [ 12.46807277, 45.498115655503788 ] ], [ [ 12.45304465, 45.511667005508741 ], [ 12.44853175, 45.508542655507576 ], [ 12.45863557, 45.506384965506832 ], [ 12.4594655, 45.509160875507824 ], [ 12.45304465, 45.511667005508741 ] ], [ [ 12.44874811, 45.511560435508699 ], [ 12.44938326, 45.512405745508993 ], [ 12.44752181, 45.513918035509548 ], [ 12.44731915, 45.511765715508758 ], [ 12.44874811, 45.511560435508699 ] ], [ [ 12.53199482, 45.502810955505495 ], [ 12.53408551, 45.501608605505069 ], [ 12.53900981, 45.503241535505651 ], [ 12.53454638, 45.505644675506545 ], [ 12.53199482, 45.502810955505495 ] ], [ [ 12.56651676, 45.501648305505086 ], [ 12.56442976, 45.496834865503288 ], [ 12.55662274, 45.492364045501716 ], [ 12.5620625, 45.493015045501949 ], [ 12.56798255, 45.500159615504515 ], [ 12.56651676, 45.501648305505086 ] ], [ [ 12.49031103, 45.501444455505016 ], [ 12.48984063, 45.502810955505502 ], [ 12.48917985, 45.499998925504507 ], [ 12.49008143, 45.500634065504656 ], [ 12.49031103, 45.501444455505016 ] ], [ [ 12.46925604, 45.4952566555028 ], [ 12.46959591, 45.492442245501749 ], [ 12.47126627, 45.491170165501252 ], [ 12.47132254, 45.492877125501863 ], [ 12.46925604, 45.4952566555028 ] ], [ [ 12.45775223, 45.495063655502655 ], [ 12.45877326, 45.497884745503683 ], [ 12.4549185, 45.49281119550183 ], [ 12.45951915, 45.487333055499825 ], [ 12.45903277, 45.485784045499287 ], [ 12.45438731, 45.481403225497687 ], [ 12.44894373, 45.480810515497453 ], [ 12.44874406, 45.478667135496678 ], [ 12.46375072, 45.475455045495508 ], [ 12.47070956, 45.48193251549786 ], [ 12.46031547, 45.483361005498381 ], [ 12.46409667, 45.488940715500412 ], [ 12.45775223, 45.495063655502655 ] ], [ [ 12.47389567, 45.487113945499729 ], [ 12.46922672, 45.486217255499454 ], [ 12.47177994, 45.482791535498201 ], [ 12.47620368, 45.485894435499311 ], [ 12.47295833, 45.490584135501066 ], [ 12.47389567, 45.487113945499729 ] ], [ [ 12.42278492, 45.473818535494935 ], [ 12.42048454, 45.475446335495498 ], [ 12.41882694, 45.474775305495271 ], [ 12.4214586, 45.473126525494649 ], [ 12.42278492, 45.473818535494935 ] ], [ [ 12.42061496, 45.472078795494298 ], [ 12.41730654, 45.474051355494979 ], [ 12.41065395, 45.471939795494222 ], [ 12.41707575, 45.471009845493874 ], [ 12.42061496, 45.472078795494298 ] ], [ [ 12.37631488, 45.468610635493029 ], [ 12.37993073, 45.468533745492977 ], [ 12.38081181, 45.469867345493498 ], [ 12.37999904, 45.470527045493739 ], [ 12.37631488, 45.468610635493029 ] ], [ [ 12.40898395, 45.444467655484196 ], [ 12.40752065, 45.442092655483322 ], [ 12.41779625, 45.446624035484959 ], [ 12.41187596, 45.447585105485309 ], [ 12.40898395, 45.444467655484196 ] ], [ [ 12.38465393, 45.443429105483794 ], [ 12.38434696, 45.449562065486056 ], [ 12.36784232, 45.431934705479556 ], [ 12.38238132, 45.439773435482465 ], [ 12.37921166, 45.43384944548027 ], [ 12.38334584, 45.434628955480584 ], [ 12.38465393, 45.443429105483794 ] ], [ [ 12.34728873, 45.449154255485908 ], [ 12.34403956, 45.446342935484893 ], [ 12.34851027, 45.444517845484214 ], [ 12.35159791, 45.447178355485214 ], [ 12.34728873, 45.449154255485908 ] ], [ [ 12.38122904, 45.449460025486026 ], [ 12.38333964, 45.455168835488138 ], [ 12.38029396, 45.457367055488888 ], [ 12.37833202, 45.45568024548831 ], [ 12.38122904, 45.449460025486026 ] ], [ [ 12.54141784, 45.487713335499997 ], [ 12.53708208, 45.485742325499267 ], [ 12.547369, 45.488610615500285 ], [ 12.54648483, 45.489659425500705 ], [ 12.54141784, 45.487713335499997 ] ], [ [ 12.51145184, 45.476964345496064 ], [ 12.50826383, 45.474045155494984 ], [ 12.48615515, 45.476016395495719 ], [ 12.50328708, 45.472948905494604 ], [ 12.51237512, 45.473924275494959 ], [ 12.51145184, 45.476964345496064 ] ], [ [ 12.47374845, 45.517653465510918 ], [ 12.47372055, 45.518492575511196 ], [ 12.47071254, 45.518883345511362 ], [ 12.47131264, 45.517191405510751 ], [ 12.47374845, 45.517653465510918 ] ], [ [ 12.47528112, 45.519147155511462 ], [ 12.47740197, 45.518111345511095 ], [ 12.47615814, 45.520997635512089 ], [ 12.47532082, 45.520575995511997 ], [ 12.47528112, 45.519147155511462 ] ], [ [ 12.47297692, 45.520843735512067 ], [ 12.47818661, 45.523172255512911 ], [ 12.48050165, 45.530139205515439 ], [ 12.46838915, 45.522574895512733 ], [ 12.47297692, 45.520843735512067 ] ], [ [ 12.48368335, 45.528120275514723 ], [ 12.4862771, 45.528434745514829 ], [ 12.48651993, 45.530046935515408 ], [ 12.48377156, 45.530004975515425 ], [ 12.48368335, 45.528120275514723 ] ], [ [ 12.48831665, 45.527881025514652 ], [ 12.48770082, 45.525075665513604 ], [ 12.48894274, 45.524748435513516 ], [ 12.48942685, 45.527343745514408 ], [ 12.48831665, 45.527881025514652 ] ], [ [ 12.54114151, 45.525293345513703 ], [ 12.54284465, 45.525615445513793 ], [ 12.54684961, 45.522108665512555 ], [ 12.54727006, 45.525823945513871 ], [ 12.53985703, 45.527343745514408 ], [ 12.54114151, 45.525293345513703 ] ], [ [ 12.48366654, 45.524111145513253 ], [ 12.47867394, 45.524490355513414 ], [ 12.47851825, 45.518471115511197 ], [ 12.48349166, 45.519115205511447 ], [ 12.48366654, 45.524111145513253 ] ], [ [ 12.49153996, 45.535938015517566 ], [ 12.48841405, 45.533719295516754 ], [ 12.48834276, 45.53245484551632 ], [ 12.49313474, 45.534915325517183 ], [ 12.49153996, 45.535938015517566 ] ], [ [ 12.49481237, 45.542061325519818 ], [ 12.49371004, 45.541655655519669 ], [ 12.4937458, 45.538068525518334 ], [ 12.49729896, 45.540496825519256 ], [ 12.49481237, 45.542061325519818 ] ], [ [ 12.5150398, 45.546240205521336 ], [ 12.51454115, 45.54376410552041 ], [ 12.51721621, 45.543095345520207 ], [ 12.51499701, 45.544815535520804 ], [ 12.5150398, 45.546240205521336 ] ], [ [ 12.4991765, 45.54560732552109 ], [ 12.4967314, 45.545586105521103 ], [ 12.49621344, 45.544495455520675 ], [ 12.49969852, 45.544445155520684 ], [ 12.4991765, 45.54560732552109 ] ], [ [ 12.48744512, 45.55817889552565 ], [ 12.48627245, 45.55899154552597 ], [ 12.48650086, 45.556362745525007 ], [ 12.48734546, 45.556819315525182 ], [ 12.48744512, 45.55817889552565 ] ], [ [ 12.38430667, 45.4911433455012 ], [ 12.38314498, 45.492389195501701 ], [ 12.38365662, 45.489717245500692 ], [ 12.38446951, 45.490197655500886 ], [ 12.38430667, 45.4911433455012 ] ], [ [ 12.21156931, 45.406690835470293 ], [ 12.20958507, 45.406215905470198 ], [ 12.21166432, 45.402644035468811 ], [ 12.21396518, 45.404705635469604 ], [ 12.21156931, 45.406690835470293 ] ], [ [ 12.20636106, 45.410500405471737 ], [ 12.21012616, 45.411114925471971 ], [ 12.20681345, 45.414232965473097 ], [ 12.20544362, 45.412585015472501 ], [ 12.20636106, 45.410500405471737 ] ], [ [ 12.16908705, 45.312238805435541 ], [ 12.16592073, 45.31369447543608 ], [ 12.1655153, 45.313120835435896 ], [ 12.16656816, 45.311401715435231 ], [ 12.16908705, 45.312238805435541 ] ], [ [ 12.29842973, 45.254294745414086 ], [ 12.28900325, 45.237159245407746 ], [ 12.29099071, 45.234745145406869 ], [ 12.31414831, 45.233314155406347 ], [ 12.29894757, 45.235749955407243 ], [ 12.30057955, 45.262446755417123 ], [ 12.29842973, 45.254294745414086 ] ], [ [ 12.24121583, 45.246083135411084 ], [ 12.23811984, 45.245590805410913 ], [ 12.23824775, 45.239513755408652 ], [ 12.24088001, 45.241765375409464 ], [ 12.24121583, 45.246083135411084 ] ], [ [ 12.23510587, 45.254129645414089 ], [ 12.23387194, 45.252791395413531 ], [ 12.23639131, 45.25182413541318 ], [ 12.23735023, 45.252868055413579 ], [ 12.23510587, 45.254129645414089 ] ], [ [ 12.28938746, 45.229768625405015 ], [ 12.29342103, 45.222965955402486 ], [ 12.28330004, 45.20272373539499 ], [ 12.27712083, 45.212416405398578 ], [ 12.26821482, 45.206772205396476 ], [ 12.26126897, 45.210846535397991 ], [ 12.2697463, 45.1922711053911 ], [ 12.24942195, 45.183071965387668 ], [ 12.31183195, 45.181297535387017 ], [ 12.29635072, 45.221914525402092 ], [ 12.29815495, 45.229073635404738 ], [ 12.31392431, 45.228632325404583 ], [ 12.28938746, 45.229768625405015 ] ], [ [ 13.58259404, 45.223376625402636 ], [ 13.58784544, 45.221899745402119 ], [ 13.58366656, 45.226627345403891 ], [ 13.58259404, 45.223376625402636 ] ], [ [ 13.57321358, 45.190185545390321 ], [ 13.57508671, 45.190409535390359 ], [ 13.57708061, 45.191634175390867 ], [ 13.57410896, 45.19091784539058 ], [ 13.57321358, 45.190185545390321 ] ], [ [ 12.31202865, 45.183908455387943 ], [ 12.31396246, 45.185329075388516 ], [ 12.31323636, 45.186449045388933 ], [ 12.31201184, 45.184931155388327 ], [ 12.31202865, 45.183908455387943 ] ], [ [ 12.31644142, 45.184013715388012 ], [ 12.31779957, 45.183132405387646 ], [ 12.31814587, 45.185337295388507 ], [ 12.31661224, 45.184295055388141 ], [ 12.31644142, 45.184013715388012 ] ], [ [ 12.23416054, 45.206883545396494 ], [ 12.22553802, 45.202480545394856 ], [ 12.22517276, 45.200317615394049 ], [ 12.23132372, 45.200252405394039 ], [ 12.23416054, 45.206883545396494 ] ], [ [ 12.27910948, 45.214352245399304 ], [ 12.28564155, 45.221271155401858 ], [ 12.27479672, 45.226283425403743 ], [ 12.27249277, 45.215295425399617 ], [ 12.27910948, 45.214352245399304 ] ], [ [ 12.28270054, 45.215398665399654 ], [ 12.28766274, 45.21459674539939 ], [ 12.28836823, 45.216061345399957 ], [ 12.28440821, 45.217595455400499 ], [ 12.28270054, 45.215398665399654 ] ], [ [ 12.28832126, 45.228938335404685 ], [ 12.28700161, 45.229182955404802 ], [ 12.28573596, 45.228157875404392 ], [ 12.28877532, 45.227251645404067 ], [ 12.28832126, 45.228938335404685 ] ], [ [ 13.5825845, 45.17760157538563 ], [ 13.58503997, 45.175781245384954 ], [ 13.58691716, 45.177706955385659 ], [ 13.58456576, 45.178796405386059 ], [ 13.5825845, 45.17760157538563 ] ], [ [ 12.33119297, 45.163249845380271 ], [ 12.3326987, 45.164368265380695 ], [ 12.33121276, 45.165264605381012 ], [ 12.33069015, 45.16497706538091 ], [ 12.33119297, 45.163249845380271 ] ], [ [ 13.60185182, 45.161486145379619 ], [ 13.60090673, 45.157827615378245 ], [ 13.60558164, 45.156857725377876 ], [ 13.60356164, 45.160835145379338 ], [ 13.60185182, 45.161486145379619 ] ], [ [ 12.33284616, 45.161288135379522 ], [ 12.33004415, 45.158041475378312 ], [ 12.33135235, 45.156228295377645 ], [ 12.33170545, 45.156524655377787 ], [ 12.33284616, 45.161288135379522 ] ], [ [ 12.32940781, 45.157498835378135 ], [ 12.32693398, 45.155534145377395 ], [ 12.32701957, 45.154128545376885 ], [ 12.33027685, 45.155569545377411 ], [ 12.32940781, 45.157498835378135 ] ], [ [ 12.32789576, 45.157386535378102 ], [ 12.3260982, 45.159525155378844 ], [ 12.32404387, 45.154684535377051 ], [ 12.32569778, 45.155131575377261 ], [ 12.32789576, 45.157386535378102 ] ], [ [ 13.5951575, 45.146913765374173 ], [ 13.5951699, 45.150587555375559 ], [ 13.59072125, 45.150825975375618 ], [ 13.59044671, 45.150552145375556 ], [ 13.5951575, 45.146913765374173 ] ], [ [ 13.581321, 45.142299055372447 ], [ 13.58336306, 45.140987865371933 ], [ 13.58503532, 45.142022245372374 ], [ 13.58497858, 45.142353525372485 ], [ 13.581321, 45.142299055372447 ] ], [ [ 13.59676623, 45.132814165368877 ], [ 13.59908521, 45.132173175368663 ], [ 13.60080981, 45.133944025369331 ], [ 13.59676635, 45.135281795369806 ], [ 13.59676623, 45.132814165368877 ] ], [ [ 13.62096775, 45.093665355354275 ], [ 13.62207437, 45.094566815354561 ], [ 13.62125146, 45.096552845355369 ], [ 13.62049341, 45.094341755354542 ], [ 13.62096775, 45.093665355354275 ] ], [ [ 12.29522145, 45.094239345354453 ], [ 12.29415906, 45.095739235355076 ], [ 12.29174733, 45.091841095353622 ], [ 12.29361463, 45.092058415353655 ], [ 12.29522145, 45.094239345354453 ] ], [ [ 12.31901371, 45.094426745354554 ], [ 12.32220757, 45.09538781535489 ], [ 12.31428492, 45.096355555355245 ], [ 12.31596506, 45.095347045354856 ], [ 12.31901371, 45.094426745354554 ] ], [ [ 12.30951953, 45.106179115358941 ], [ 12.30720556, 45.103394025357858 ], [ 12.31035805, 45.101112835357043 ], [ 12.31965435, 45.099293945356372 ], [ 12.30951953, 45.106179115358941 ] ], [ [ 12.30351233, 45.106114145358937 ], [ 12.30488992, 45.106280445358998 ], [ 12.30617654, 45.108752845359902 ], [ 12.30222154, 45.105952135358876 ], [ 12.30309832, 45.104059095358188 ], [ 12.30351233, 45.106114145358937 ] ], [ [ 12.31935966, 45.088262555352266 ], [ 12.31570911, 45.086568945351601 ], [ 12.31927264, 45.083428855350427 ], [ 12.32081115, 45.088245745352232 ], [ 12.31935966, 45.088262555352266 ] ], [ [ 12.31226325, 45.084793445350954 ], [ 12.30695725, 45.081768505349814 ], [ 12.31155026, 45.079588055349028 ], [ 12.31452394, 45.080714345349406 ], [ 12.31226325, 45.084793445350954 ] ], [ [ 12.31864858, 45.079722635349007 ], [ 12.32182264, 45.077731965348264 ], [ 12.32315862, 45.081296435349621 ], [ 12.32239008, 45.081514115349691 ], [ 12.31864858, 45.079722635349007 ] ], [ [ 12.33226526, 45.062097905342441 ], [ 12.33706474, 45.06414412534324 ], [ 12.33103597, 45.070337645345489 ], [ 12.32998431, 45.065527555343692 ], [ 12.33226526, 45.062097905342441 ] ], [ [ 13.62669075, 45.07608580534766 ], [ 13.629812, 45.076223725347745 ], [ 13.63360381, 45.078278655348498 ], [ 13.6255095, 45.07872986534867 ], [ 13.62669075, 45.07608580534766 ] ], [ [ 12.35925496, 45.066261045343992 ], [ 12.37387073, 45.060623645341877 ], [ 12.40124857, 45.033089875331576 ], [ 12.38304436, 45.055060145339816 ], [ 12.36637115, 45.066745755344172 ], [ 12.35925496, 45.066261045343992 ] ], [ [ 13.62263477, 45.056083435340156 ], [ 13.62710965, 45.054569955339602 ], [ 13.63051283, 45.05903005534126 ], [ 13.62235641, 45.059988855341643 ], [ 13.62263477, 45.056083435340156 ] ], [ [ 13.62630534, 45.050108545337935 ], [ 13.62742531, 45.051306955338404 ], [ 13.62502992, 45.052335735338751 ], [ 13.62418532, 45.050962205338244 ], [ 13.62630534, 45.050108545337935 ] ], [ [ 13.62035716, 45.045400135336124 ], [ 13.62563777, 45.045654055336271 ], [ 13.62715197, 45.047406545336919 ], [ 13.61842072, 45.047414655336887 ], [ 13.62035716, 45.045400135336124 ] ], [ [ 13.67335117, 45.032588235331339 ], [ 13.67651176, 45.033285975331594 ], [ 13.67538691, 45.034691445332122 ], [ 13.67211914, 45.034341445332011 ], [ 13.67335117, 45.032588235331339 ] ], [ [ 12.45222235, 45.006367555321461 ], [ 12.47589445, 44.996358155317736 ], [ 12.48288357, 44.990010255315298 ], [ 12.48274636, 44.994249335316916 ], [ 12.45222235, 45.006367555321461 ] ], [ [ 12.47430635, 44.99050664531547 ], [ 12.47253132, 44.98945640531511 ], [ 12.47429883, 44.98715054531425 ], [ 12.47512567, 44.988295545314656 ], [ 12.47430635, 44.99050664531547 ] ], [ [ 12.4692744, 44.992517945316237 ], [ 12.46883154, 44.994169945316919 ], [ 12.46572375, 44.996215695317666 ], [ 12.46594918, 44.99375485531673 ], [ 12.4692744, 44.992517945316237 ] ], [ [ 12.46270955, 45.000772475319422 ], [ 12.46084201, 44.999801155318977 ], [ 12.46409845, 44.998394845318451 ], [ 12.4643141, 44.998868935318661 ], [ 12.46270955, 45.000772475319422 ] ], [ [ 12.47629797, 44.980964775311925 ], [ 12.47833705, 44.983473655312842 ], [ 12.47416866, 44.986091965313847 ], [ 12.47382665, 44.985910055313745 ], [ 12.47629797, 44.980964775311925 ] ], [ [ 12.49346328, 44.96481132530581 ], [ 12.53022361, 44.96713900530667 ], [ 12.53973925, 44.976199145310133 ], [ 12.51973808, 44.983589765312914 ], [ 12.53510582, 44.977463125310585 ], [ 12.51871073, 44.980941645311901 ], [ 12.53115737, 44.974984645309675 ], [ 12.52755773, 44.96999275530775 ], [ 12.50517106, 44.98788976531457 ], [ 12.49930334, 44.971122255308153 ], [ 12.49346328, 44.96481132530581 ] ], [ [ 12.53333867, 44.96644842530641 ], [ 12.45827615, 44.959782835303926 ], [ 12.45383704, 44.957835075303166 ], [ 12.45262265, 44.948926325299801 ], [ 12.44776201, 44.946088075298746 ], [ 12.43660665, 44.949918505300168 ], [ 12.45119607, 44.949693675300111 ], [ 12.45074666, 44.955291505302206 ], [ 12.43547916, 44.95044934530037 ], [ 12.43527842, 44.921299815289352 ], [ 12.46623814, 44.905104035283237 ], [ 12.46775103, 44.900330305281422 ], [ 12.46458185, 44.883528345275025 ], [ 12.47512412, 44.877732745272823 ], [ 12.47813523, 44.882014625274472 ], [ 12.48138392, 44.873218775271098 ], [ 12.49658465, 44.896463155279932 ], [ 12.50473523, 44.915583605287189 ], [ 12.50480533, 44.919470065288671 ], [ 12.48859191, 44.897149435280213 ], [ 12.47850656, 44.930813545292928 ], [ 12.49127686, 44.927518005291702 ], [ 12.48881614, 44.941595315296986 ], [ 12.50072622, 44.942353955297328 ], [ 12.49509656, 44.948593735299639 ], [ 12.50573444, 44.948611255299667 ], [ 12.50325441, 44.943479655297722 ], [ 12.51405275, 44.932204595293442 ], [ 12.50761521, 44.94810854529949 ], [ 12.51421857, 44.962332835304842 ], [ 12.53453004, 44.964831705305812 ], [ 12.54468894, 44.958437795303396 ], [ 12.55124295, 44.962881565305096 ], [ 12.53333867, 44.96644842530641 ] ], [ [ 12.53823805, 44.958642005303474 ], [ 12.53898597, 44.960613245304216 ], [ 12.53824437, 44.961389775304497 ], [ 12.53735161, 44.957730405303117 ], [ 12.53823805, 44.958642005303474 ] ], [ [ 12.53888082, 44.958210825303283 ], [ 12.52076232, 44.946115965298752 ], [ 12.51849175, 44.939442155296199 ], [ 12.54033685, 44.955926175302473 ], [ 12.53888082, 44.958210825303283 ] ], [ [ 13.73351943, 44.94067680529669 ], [ 13.7298851, 44.93050240529282 ], [ 13.73941421, 44.936388605295072 ], [ 13.74004173, 44.929585805292461 ], [ 13.75020754, 44.929583425292492 ], [ 13.73351943, 44.94067680529669 ] ], [ [ 12.50971878, 44.929901955292607 ], [ 12.50787318, 44.929863205292563 ], [ 12.50745654, 44.927150005291537 ], [ 12.50970221, 44.928423395292029 ], [ 12.50971878, 44.929901955292607 ] ], [ [ 13.74681854, 44.927828545291803 ], [ 13.73378086, 44.924739475290657 ], [ 13.75536752, 44.916148655287373 ], [ 13.74552286, 44.904911755283138 ], [ 13.75237405, 44.88730597527649 ], [ 13.75916445, 44.90539335528333 ], [ 13.76568484, 44.900716895281548 ], [ 13.78277385, 44.907790775284226 ], [ 13.77429664, 44.910284155285154 ], [ 13.77762497, 44.919037215288483 ], [ 13.76882792, 44.91642260528748 ], [ 13.74681854, 44.927828545291803 ] ], [ [ 13.80083024, 44.903586505282632 ], [ 13.79679394, 44.901703945281945 ], [ 13.79647064, 44.899377345281039 ], [ 13.80057693, 44.901126735281714 ], [ 13.80083024, 44.903586505282632 ] ], [ [ 13.78930843, 44.900936005281629 ], [ 13.78451407, 44.899346945281025 ], [ 13.78429306, 44.897178165280245 ], [ 13.79040432, 44.898051735280568 ], [ 13.78930843, 44.900936005281629 ] ], [ [ 13.74060404, 44.902524825282249 ], [ 13.73790765, 44.901633855281894 ], [ 13.73776197, 44.90022980528132 ], [ 13.74113894, 44.900064345281315 ], [ 13.74060404, 44.902524825282249 ] ], [ [ 13.73326314, 44.909605615284903 ], [ 13.73074412, 44.914037935286593 ], [ 13.72592545, 44.913079615286229 ], [ 13.73131573, 44.905775665283464 ], [ 13.73326314, 44.909605615284903 ] ], [ [ 13.72122085, 44.914083355286614 ], [ 13.71864843, 44.914734235286879 ], [ 13.71402335, 44.915180435287034 ], [ 13.71631813, 44.913395635286363 ], [ 13.72122085, 44.914083355286614 ] ], [ [ 13.74575794, 44.909895055285013 ], [ 13.74764454, 44.909754745284985 ], [ 13.75095284, 44.912806745286154 ], [ 13.74717081, 44.91313993528626 ], [ 13.74575794, 44.909895055285013 ] ], [ [ 13.73086095, 44.918871515288423 ], [ 13.72707081, 44.919669865288732 ], [ 13.72707391, 44.917593235287946 ], [ 13.73000026, 44.916601655287593 ], [ 13.73086095, 44.918871515288423 ] ], [ [ 13.71956885, 44.936213245295015 ], [ 13.72013795, 44.939375155296183 ], [ 13.71755433, 44.940604805296694 ], [ 13.71741414, 44.937153455295366 ], [ 13.71956885, 44.936213245295015 ] ], [ [ 13.72262025, 44.937635295295507 ], [ 13.72503614, 44.936800235295209 ], [ 13.72572351, 44.93853663529589 ], [ 13.72378004, 44.939488645296215 ], [ 13.72262025, 44.937635295295507 ] ], [ [ 12.51846635, 44.944913025298284 ], [ 12.51641893, 44.944015145297939 ], [ 12.51763821, 44.942024345297177 ], [ 12.51875424, 44.942990535297547 ], [ 12.51846635, 44.944913025298284 ] ], [ [ 12.46892238, 44.877469535272724 ], [ 12.46376264, 44.88294362527477 ], [ 12.46248126, 44.88744294527649 ], [ 12.46563506, 44.901896475282015 ], [ 12.43568003, 44.91597663528735 ], [ 12.43127024, 44.926466815291306 ], [ 12.43481064, 44.943498845297746 ], [ 12.42439771, 44.953434105301518 ], [ 12.4012295, 44.958426355303402 ], [ 12.30356574, 44.952063435300971 ], [ 12.30045116, 44.941173315296894 ], [ 12.32059658, 44.935756795294829 ], [ 12.32571805, 44.930346005292783 ], [ 12.31495762, 44.903188465282497 ], [ 12.33267486, 44.879588245273524 ], [ 12.35933638, 44.867816565269031 ], [ 12.3635838, 44.862511275267025 ], [ 12.38089633, 44.826035855253153 ], [ 12.39975655, 44.813737745248488 ], [ 12.41088545, 44.810554025247264 ], [ 12.41928196, 44.810052035247068 ], [ 12.42153442, 44.81175660524773 ], [ 12.40556204, 44.812918305248211 ], [ 12.39338326, 44.830712555254991 ], [ 12.4051851, 44.85148512526289 ], [ 12.38781285, 44.869418855269686 ], [ 12.40368402, 44.893138045278661 ], [ 12.42448425, 44.900068635281301 ], [ 12.44160616, 44.894394275279147 ], [ 12.44284832, 44.863638395267493 ], [ 12.43269241, 44.851691245262934 ], [ 12.45505965, 44.837705135257593 ], [ 12.47927165, 44.864542835267791 ], [ 12.47817397, 44.871862405270562 ], [ 12.46778047, 44.860330095266228 ], [ 12.46892238, 44.877469535272724 ] ], [ [ 12.4494946, 44.83809804525778 ], [ 12.43111634, 44.834542265256431 ], [ 12.42901897, 44.831982135255423 ], [ 12.45357335, 44.836301555257087 ], [ 12.4494946, 44.83809804525778 ] ], [ [ 13.83911133, 44.82618581525319 ], [ 13.84492981, 44.82813882525393 ], [ 13.84174824, 44.831089615255088 ], [ 13.83957708, 44.831091165255138 ], [ 13.83911133, 44.82618581525319 ] ], [ [ 12.41564846, 44.824944135252743 ], [ 12.41558301, 44.824218745252487 ], [ 12.41592395, 44.8237165152523 ], [ 12.41612017, 44.824218745252509 ], [ 12.41564846, 44.824944135252743 ] ], [ [ 13.84041905, 44.824218745252509 ], [ 13.83985364, 44.823454255252173 ], [ 13.84979606, 44.817315215249835 ], [ 13.84757984, 44.821666355251473 ], [ 13.84041905, 44.824218745252509 ] ], [ [ 12.41587377, 44.813211195248279 ], [ 12.41868556, 44.814268105248715 ], [ 12.42123294, 44.813789725248519 ], [ 12.41733897, 44.815056315248974 ], [ 12.41587377, 44.813211195248279 ] ], [ [ 12.40898454, 44.810403345247202 ], [ 12.40093672, 44.812469715248007 ], [ 12.40892994, 44.79752563524228 ], [ 12.4192481, 44.80839502524644 ], [ 12.40898454, 44.810403345247202 ] ], [ [ 12.26049626, 44.968411205307184 ], [ 12.26267207, 44.964748495305756 ], [ 12.26791346, 44.961982365304735 ], [ 12.26616752, 44.964603655305737 ], [ 12.26049626, 44.968411205307184 ] ], [ [ 12.24455905, 44.999312635318816 ], [ 12.24257052, 45.00109302531947 ], [ 12.24471545, 44.996752855317872 ], [ 12.24553931, 44.997691145318235 ], [ 12.24455905, 44.999312635318816 ] ], [ [ 12.23651016, 45.010809055323172 ], [ 12.23602796, 45.009136555322534 ], [ 12.24233055, 45.006544705321581 ], [ 12.24154258, 45.008448955322223 ], [ 12.23651016, 45.010809055323172 ] ], [ [ 12.35068917, 44.795362825241462 ], [ 12.35438406, 44.795149445241414 ], [ 12.35447097, 44.795985335241703 ], [ 12.35140026, 44.796902655242086 ], [ 12.35068917, 44.795362825241462 ] ], [ [ 12.35773981, 44.791697135240042 ], [ 12.35906065, 44.792536965240437 ], [ 12.35513711, 44.794417255241136 ], [ 12.35457885, 44.793889635240944 ], [ 12.35773981, 44.791697135240042 ] ], [ [ 12.36785495, 44.792759655240481 ], [ 12.36967444, 44.79280495524052 ], [ 12.36341405, 44.793385025240681 ], [ 12.36556613, 44.793027635240556 ], [ 12.36785495, 44.792759655240481 ] ], [ [ 12.36170352, 44.79164170524006 ], [ 12.36262286, 44.790759795239708 ], [ 12.36509502, 44.790166255239527 ], [ 12.36475491, 44.791558615240049 ], [ 12.36170352, 44.79164170524006 ] ], [ [ 12.3682512, 44.790318125239565 ], [ 12.37024605, 44.788534635238854 ], [ 12.37439525, 44.788272855238802 ], [ 12.37121427, 44.789978265239405 ], [ 12.3682512, 44.790318125239565 ] ], [ [ 12.35715866, 44.79960834524308 ], [ 12.35592866, 44.798864125242844 ], [ 12.35836041, 44.798388955242636 ], [ 12.35871768, 44.798975935242836 ], [ 12.35715866, 44.79960834524308 ] ], [ [ 12.30787063, 44.799692745243085 ], [ 12.31444645, 44.800572155243437 ], [ 12.29943013, 44.801580065243826 ], [ 12.30182874, 44.800283545243353 ], [ 12.30787063, 44.799692745243085 ] ], [ [ 12.29763615, 44.802010055244011 ], [ 12.29706633, 44.802568075244224 ], [ 12.29521322, 44.80262314524424 ], [ 12.29678023, 44.801072355243676 ], [ 12.29763615, 44.802010055244011 ] ], [ [ 13.90019012, 44.766403675230421 ], [ 13.90318274, 44.767438165230828 ], [ 13.90243804, 44.768947715231377 ], [ 13.89932597, 44.767306915230748 ], [ 13.90019012, 44.766403675230421 ] ], [ [ 14.30322695, 44.759142035227612 ], [ 14.31382418, 44.764322755229628 ], [ 14.31852055, 44.791852705240125 ], [ 14.30548036, 44.78050887523581 ], [ 14.30322695, 44.759142035227612 ] ], [ [ 13.95009911, 44.772277945232666 ], [ 13.94553387, 44.775421855233851 ], [ 13.94541633, 44.768957135231396 ], [ 13.94857895, 44.769347545231518 ], [ 13.95009911, 44.772277945232666 ] ], [ [ 14.30367255, 44.778326265234966 ], [ 14.30064428, 44.777507655234643 ], [ 14.30082381, 44.7769968452345 ], [ 14.30294287, 44.776705495234353 ], [ 14.30367255, 44.778326265234966 ] ], [ [ 13.9351691, 44.787877435238585 ], [ 13.92994726, 44.785628435237783 ], [ 13.93090355, 44.783511155236958 ], [ 13.93718767, 44.785650015237742 ], [ 13.9351691, 44.787877435238585 ] ], [ [ 13.95127845, 44.790399065239569 ], [ 13.95049226, 44.793267845240685 ], [ 13.94809675, 44.794413445241162 ], [ 13.94483411, 44.790465345239582 ], [ 13.95127845, 44.790399065239569 ] ], [ [ 13.92674804, 44.793638705240788 ], [ 13.92403555, 44.79297911524057 ], [ 13.92536914, 44.791721335240076 ], [ 13.92721951, 44.792226905240291 ], [ 13.92674804, 44.793638705240788 ] ], [ [ 14.36629546, 44.791994925240211 ], [ 14.37374842, 44.750390045224243 ], [ 14.39701104, 44.743399135221644 ], [ 14.38979375, 44.724629515214431 ], [ 14.39865994, 44.710681435209061 ], [ 14.38529956, 44.693390845202423 ], [ 14.37984383, 44.700836655205322 ], [ 14.36952066, 44.695850005203383 ], [ 14.35703063, 44.700356715205089 ], [ 14.34876645, 44.711611145209432 ], [ 14.33806706, 44.709556335208624 ], [ 14.35132384, 44.645187015183886 ], [ 14.38104236, 44.626089565176514 ], [ 14.39244854, 44.602472535167465 ], [ 14.38486874, 44.590686675162893 ], [ 14.37312973, 44.589568845162425 ], [ 14.36792135, 44.562643645152029 ], [ 14.39196396, 44.553341025148427 ], [ 14.40861595, 44.560154435151048 ], [ 14.40589798, 44.573549265156274 ], [ 14.42446125, 44.560555215151204 ], [ 14.42473853, 44.568254105154175 ], [ 14.43229795, 44.5654401751531 ], [ 14.46707058, 44.532956115140529 ], [ 14.43039107, 44.557539215150044 ], [ 14.42716014, 44.544333815144945 ], [ 14.43884444, 44.54705380514595 ], [ 14.44510114, 44.529709575139272 ], [ 14.45626831, 44.530055045139413 ], [ 14.44927633, 44.523870705137028 ], [ 14.49045765, 44.505106805129692 ], [ 14.48870635, 44.497995965127004 ], [ 14.49530661, 44.500923035128082 ], [ 14.49319541, 44.493523955125212 ], [ 14.51707125, 44.474945545117997 ], [ 14.52898657, 44.475075835118062 ], [ 14.54262125, 44.488110065123152 ], [ 14.52454352, 44.512131205132434 ], [ 14.50801957, 44.524385445137206 ], [ 14.48229218, 44.526537775138031 ], [ 14.48561037, 44.533033725140548 ], [ 14.44509316, 44.557166805149926 ], [ 14.41679895, 44.587471365161662 ], [ 14.39306545, 44.629315015177781 ], [ 14.40142691, 44.654485815187464 ], [ 14.39397442, 44.692305445202003 ], [ 14.41440582, 44.675043815195401 ], [ 14.41001487, 44.668627855192916 ], [ 14.42879987, 44.663148635190844 ], [ 14.45663297, 44.634266255179718 ], [ 14.45201504, 44.629419445177845 ], [ 14.46183372, 44.621424675174758 ], [ 14.46521842, 44.627506605177061 ], [ 14.48344254, 44.607550975169346 ], [ 14.49840212, 44.601875895167197 ], [ 14.50848651, 44.607966065169528 ], [ 14.49604475, 44.621906755174969 ], [ 14.51717782, 44.60864281516978 ], [ 14.51815057, 44.623129245175363 ], [ 14.5280869, 44.616782425172964 ], [ 14.52948952, 44.628033755177277 ], [ 14.54523075, 44.630035755178049 ], [ 14.53095484, 44.64350580518326 ], [ 14.53250861, 44.635092615180014 ], [ 14.52062404, 44.63233053517893 ], [ 14.51745856, 44.644726505183712 ], [ 14.50376081, 44.640494815182073 ], [ 14.51440752, 44.662786595190674 ], [ 14.47885394, 44.693995355202659 ], [ 14.46511185, 44.722830645213726 ], [ 14.48033047, 44.739280335220066 ], [ 14.47766757, 44.753714915225579 ], [ 14.44894123, 44.785782455237808 ], [ 14.45245707, 44.794165725241015 ], [ 14.47050095, 44.79036700523956 ], [ 14.44630492, 44.874368065271547 ], [ 14.46145534, 44.910033105285109 ], [ 14.46213067, 44.950350045300326 ], [ 14.48660004, 44.955209845302193 ], [ 14.46864641, 44.982551925312521 ], [ 14.43634367, 44.97738491531053 ], [ 14.39948523, 45.012510775323818 ], [ 14.360201, 45.08863400535239 ], [ 14.35500884, 45.116466635362791 ], [ 14.37199283, 45.143948665373046 ], [ 14.36658812, 45.157234305378019 ], [ 14.34794867, 45.169138545382502 ], [ 14.32650125, 45.168297525382123 ], [ 14.32191765, 45.17553173538488 ], [ 14.30144775, 45.163222065380261 ], [ 14.29647887, 45.142424695372512 ], [ 14.27247524, 45.120614045364327 ], [ 14.27613044, 45.105027315358548 ], [ 14.29636025, 45.093968145354346 ], [ 14.30955827, 45.066027155343917 ], [ 14.34813106, 45.054272405339496 ], [ 14.36029565, 45.029548045330195 ], [ 14.35124505, 45.002682805320077 ], [ 14.37980795, 44.98897873531493 ], [ 14.39069176, 44.959915275303928 ], [ 14.40924835, 44.957747455303121 ], [ 14.41544592, 44.945661305298579 ], [ 14.39304805, 44.955626955302307 ], [ 14.38498414, 44.945230595298376 ], [ 14.40143466, 44.91711961528776 ], [ 14.39066005, 44.902729145282308 ], [ 14.37064362, 44.908152455284359 ], [ 14.36329937, 44.903952115282785 ], [ 14.34586084, 44.913996335286605 ], [ 14.31608248, 44.951001995300579 ], [ 14.30169332, 44.93374180529409 ], [ 14.29845512, 44.905663845283435 ], [ 14.30934155, 44.9079401452843 ], [ 14.32102334, 44.885182855275687 ], [ 14.33275986, 44.853198645263525 ], [ 14.33004451, 44.82632159525329 ], [ 14.33943868, 44.81205903524787 ], [ 14.34731066, 44.810026405247051 ], [ 14.34975815, 44.818329925250268 ], [ 14.36024356, 44.814057705248629 ], [ 14.36629546, 44.791994925240211 ] ], [ [ 13.98625135, 44.800681345243525 ], [ 13.98101723, 44.798424005242651 ], [ 13.98221493, 44.7972058052422 ], [ 13.98667693, 44.79837715524264 ], [ 13.98625135, 44.800681345243525 ] ], [ [ 14.54198802, 45.173808215384184 ], [ 14.53317952, 45.15121626537578 ], [ 14.52197635, 45.150611395375535 ], [ 14.52839005, 45.145854945373763 ], [ 14.52229786, 45.120040655364122 ], [ 14.50499487, 45.11644076536281 ], [ 14.47534406, 45.128107545367158 ], [ 14.4644829, 45.117204665363097 ], [ 14.46862471, 45.098561995356093 ], [ 14.43345427, 45.09126865535336 ], [ 14.43622208, 45.066665765344162 ], [ 14.4606657, 45.045964235336392 ], [ 14.49814641, 45.021666645327265 ], [ 14.56116152, 45.012480735323791 ], [ 14.57809985, 45.026782505329166 ], [ 14.62135243, 45.013878935324271 ], [ 14.60778785, 45.028047315329637 ], [ 14.62542677, 45.039833305334071 ], [ 14.62714505, 44.989373915315028 ], [ 14.61699736, 44.978992095311149 ], [ 14.65283644, 44.963392965305296 ], [ 14.67733502, 44.964850535305786 ], [ 14.68805945, 44.949208255299922 ], [ 14.73467314, 44.934356205294307 ], [ 14.76275015, 44.939853065296397 ], [ 14.74722934, 44.959155435303671 ], [ 14.75371683, 44.969102495307432 ], [ 14.80798185, 44.963158125305171 ], [ 14.80204117, 44.984043835313024 ], [ 14.82108092, 44.97078346530806 ], [ 14.81138694, 44.99047684531547 ], [ 14.80157864, 44.995884055317511 ], [ 14.79890728, 44.990570545315549 ], [ 14.7993921, 44.999452345318915 ], [ 14.77049422, 45.011251805323333 ], [ 14.74396658, 45.03379523533183 ], [ 14.73616803, 45.069207305345095 ], [ 14.72762465, 45.063056345342773 ], [ 14.71564901, 45.072277305346233 ], [ 14.70160115, 45.065355055343609 ], [ 14.67336893, 45.078578945348603 ], [ 14.65919805, 45.121102445364528 ], [ 14.68023407, 45.134044645369343 ], [ 14.66993904, 45.156754015377864 ], [ 14.66800416, 45.146378755373973 ], [ 14.63474882, 45.161528705379602 ], [ 14.59757161, 45.151122925375802 ], [ 14.60776937, 45.170569055382998 ], [ 14.63331366, 45.165588855381152 ], [ 14.58259285, 45.22960972540492 ], [ 14.60473394, 45.223842015402823 ], [ 14.59137464, 45.238979095408432 ], [ 14.57804334, 45.241406675409323 ], [ 14.57707405, 45.232779615406123 ], [ 14.55439985, 45.245706195410939 ], [ 14.5498383, 45.235594505407178 ], [ 14.53602743, 45.235767245407281 ], [ 14.5510087, 45.224977135403236 ], [ 14.55007875, 45.206630345396391 ], [ 14.53400886, 45.226775045403933 ], [ 14.52680016, 45.224995845403242 ], [ 14.54453146, 45.202031845394693 ], [ 14.53370094, 45.201400755394452 ], [ 14.54198802, 45.173808215384184 ] ], [ [ 14.56554544, 45.24444984541045 ], [ 14.56755435, 45.254253145414083 ], [ 14.55965543, 45.256383055414908 ], [ 14.55625057, 45.250995515412903 ], [ 14.56554544, 45.24444984541045 ] ], [ [ 14.83292055, 44.996291875317702 ], [ 14.83363807, 44.994742745317076 ], [ 14.83630657, 44.995696895317479 ], [ 14.83482838, 44.99736630531806 ], [ 14.83292055, 44.996291875317702 ] ], [ [ 14.76974165, 44.934790365294504 ], [ 14.77002025, 44.911181445285493 ], [ 14.83917654, 44.883402705274953 ], [ 14.82002795, 44.914595955286792 ], [ 14.76974165, 44.934790365294504 ] ], [ [ 14.75929594, 44.878365155273094 ], [ 14.74672902, 44.884978525275606 ], [ 14.74709046, 44.875204795271898 ], [ 14.73479152, 44.873119345271085 ], [ 14.74700391, 44.858836165265672 ], [ 14.77617216, 44.85395204526381 ], [ 14.78146708, 44.862070555266889 ], [ 14.75929594, 44.878365155273094 ] ], [ [ 14.67810071, 44.940545195296629 ], [ 14.67207515, 44.941277145296922 ], [ 14.67603481, 44.93801605529567 ], [ 14.67810071, 44.940545195296629 ] ], [ [ 14.57381797, 44.946918245299059 ], [ 14.56808186, 44.950135345300232 ], [ 14.56770062, 44.949817535300127 ], [ 14.57879186, 44.943219535297644 ], [ 14.57381797, 44.946918245299059 ] ], [ [ 14.55480075, 44.957957625303202 ], [ 14.52157974, 44.987733715314469 ], [ 14.50396311, 44.979429005311353 ], [ 14.48669291, 44.982637635312514 ], [ 14.53443336, 44.954446315301887 ], [ 14.55480075, 44.957957625303202 ] ], [ [ 14.54415357, 44.974401345309403 ], [ 14.54649186, 44.973279825309028 ], [ 14.54892862, 44.974328155309436 ], [ 14.54363716, 44.97572540530993 ], [ 14.54415357, 44.974401345309403 ] ], [ [ 14.62055075, 45.026499745329055 ], [ 14.61750221, 45.027014255329256 ], [ 14.61752212, 45.025475495328678 ], [ 14.62024832, 45.024995445328514 ], [ 14.62055075, 45.026499745329055 ] ], [ [ 14.72214735, 44.846946355261132 ], [ 14.72260726, 44.83291863525578 ], [ 14.70029235, 44.844009275259978 ], [ 14.67814124, 44.844776625260259 ], [ 14.72731376, 44.800701855243481 ], [ 14.69244826, 44.813586225248436 ], [ 14.70636451, 44.785234325237617 ], [ 14.66309607, 44.799910065243189 ], [ 14.65465152, 44.790017955239428 ], [ 14.67004156, 44.773048515232922 ], [ 14.70039845, 44.754835955225985 ], [ 14.71057761, 44.762884855229039 ], [ 14.71127582, 44.75682603522678 ], [ 14.73561037, 44.759130835227651 ], [ 14.75451493, 44.751205795224593 ], [ 14.73721766, 44.769051545231406 ], [ 14.78654635, 44.746289845222698 ], [ 14.83808684, 44.701205725205426 ], [ 14.85223162, 44.698940275204606 ], [ 14.86225247, 44.705875865207197 ], [ 14.86907184, 44.704237935206592 ], [ 14.86525083, 44.722684615213659 ], [ 14.86230445, 44.71829533521197 ], [ 14.82736814, 44.757513755226995 ], [ 14.73976982, 44.817661635249991 ], [ 14.75373256, 44.821226115251328 ], [ 14.76265252, 44.840346215258577 ], [ 14.74996901, 44.841619125259129 ], [ 14.75143266, 44.850726715262581 ], [ 14.74016964, 44.844961395260363 ], [ 14.72138107, 44.851577515262875 ], [ 14.72214735, 44.846946355261132 ] ], [ [ 14.80082965, 44.850934735262634 ], [ 14.80463135, 44.838788505258044 ], [ 14.81615257, 44.8375890252576 ], [ 14.82644558, 44.82441830525255 ], [ 14.83952785, 44.845870255260742 ], [ 14.80082965, 44.850934735262634 ] ], [ [ 14.85797834, 44.731327525217004 ], [ 14.86037183, 44.731408355217063 ], [ 14.8580507, 44.734318845218148 ], [ 14.8578279, 44.733873835217935 ], [ 14.85797834, 44.731327525217004 ] ], [ [ 14.86427081, 44.704437605206707 ], [ 14.86272943, 44.705329055207024 ], [ 14.86265993, 44.702643865205985 ], [ 14.86409044, 44.702416655205909 ], [ 14.86427081, 44.704437605206707 ] ], [ [ 14.78944016, 44.733693475217891 ], [ 14.76911914, 44.742342945221189 ], [ 14.84168303, 44.685158245199304 ], [ 14.82641065, 44.707475895207878 ], [ 14.78944016, 44.733693475217891 ] ], [ [ 14.73518813, 44.703961245206514 ], [ 14.73329258, 44.690168375201196 ], [ 14.78764892, 44.629330625177815 ], [ 14.83267915, 44.595811835164817 ], [ 14.83366215, 44.587186565161574 ], [ 14.86132145, 44.574076765156448 ], [ 14.86222875, 44.564508675152709 ], [ 14.88361526, 44.554557315148884 ], [ 14.87028694, 44.547905205146321 ], [ 14.91460836, 44.514472835133368 ], [ 14.92053807, 44.499859565127672 ], [ 14.89919484, 44.496685735126434 ], [ 14.90644836, 44.484317055121601 ], [ 14.9343847, 44.466205945114595 ], [ 14.95786035, 44.468159905115336 ], [ 14.95451808, 44.463183755113413 ], [ 14.98226106, 44.454887145110156 ], [ 15.03785753, 44.408299325091988 ], [ 15.03808928, 44.39305912508609 ], [ 15.06562757, 44.387890575084022 ], [ 15.06632388, 44.39871644508824 ], [ 15.08283627, 44.397468805087783 ], [ 15.11635816, 44.37793516508016 ], [ 15.11357427, 44.369453665076797 ], [ 15.08955598, 44.366253015075522 ], [ 15.09775352, 44.34815895506847 ], [ 15.10661864, 44.347383015068132 ], [ 15.10658383, 44.339339845064977 ], [ 15.09398854, 44.341232175065713 ], [ 15.10198677, 44.325195305059438 ], [ 15.1766479, 44.28921353504532 ], [ 15.13272584, 44.324544305059192 ], [ 15.13498473, 44.331427455061899 ], [ 15.22369575, 44.303815125051038 ], [ 15.21178567, 44.320034495057399 ], [ 15.2362442, 44.318633075056852 ], [ 15.18257976, 44.355530495071363 ], [ 15.18758905, 44.358535045072507 ], [ 15.25585556, 44.321891305058109 ], [ 15.24719155, 44.349247455068884 ], [ 15.20195997, 44.377790205080068 ], [ 15.18669522, 44.37678265507968 ], [ 15.1752001, 44.397195095087653 ], [ 15.14052784, 44.411211965093123 ], [ 15.1171875, 44.440848225104716 ], [ 15.0448215, 44.47876977511946 ], [ 15.05238783, 44.444696425106173 ], [ 15.04413366, 44.441994905105169 ], [ 14.97084904, 44.5076414251307 ], [ 14.93316162, 44.535612335141586 ], [ 14.91712725, 44.536930435142089 ], [ 14.91566372, 44.547634115146217 ], [ 14.95219493, 44.536975135142072 ], [ 14.96566296, 44.523610345136916 ], [ 14.9973011, 44.516986245134312 ], [ 15.01537251, 44.495093345125845 ], [ 15.02313995, 44.500753155128017 ], [ 15.05037105, 44.495892515126144 ], [ 15.05289161, 44.484414455121701 ], [ 15.07985175, 44.476177445118488 ], [ 15.05008984, 44.513776295133098 ], [ 14.98562276, 44.536058545141763 ], [ 14.95825577, 44.577401155157752 ], [ 14.94476473, 44.58079301515906 ], [ 14.93059754, 44.597505445165503 ], [ 14.90868521, 44.602587815167439 ], [ 14.91639078, 44.605850575168702 ], [ 14.90925956, 44.61247336517129 ], [ 14.87028956, 44.606513855168963 ], [ 14.88915968, 44.576005455157144 ], [ 14.88379085, 44.572643035155885 ], [ 14.73518813, 44.703961245206514 ] ], [ [ 15.10341203, 44.448518745107684 ], [ 15.10783064, 44.447160955107158 ], [ 15.10473943, 44.448703045107791 ], [ 15.10341203, 44.448518745107684 ] ], [ [ 15.22686052, 44.303970215051123 ], [ 15.22475505, 44.301468125050128 ], [ 15.23019767, 44.301158305049974 ], [ 15.22889531, 44.304314845051209 ], [ 15.22686052, 44.303970215051123 ] ], [ [ 15.18843424, 44.302193155050396 ], [ 15.18496788, 44.302311295050487 ], [ 15.18985975, 44.299502605049362 ], [ 15.18843424, 44.302193155050396 ] ], [ [ 15.23303783, 44.299150105049193 ], [ 15.23266995, 44.296626805048177 ], [ 15.23719704, 44.295660965047816 ], [ 15.23643577, 44.298925275049129 ], [ 15.23303783, 44.299150105049193 ] ], [ [ 15.13507736, 44.291405555046154 ], [ 15.07202804, 44.319244855057114 ], [ 15.05660057, 44.31669282505613 ], [ 15.02977204, 44.328663345060839 ], [ 15.01791286, 44.323827495058893 ], [ 15.02567852, 44.3031740150508 ], [ 15.05008411, 44.284431815043419 ], [ 15.07849634, 44.286074035044088 ], [ 15.08291471, 44.297144645048427 ], [ 15.11871815, 44.291051145046033 ], [ 15.12000692, 44.280286545041776 ], [ 15.13507736, 44.291405555046154 ] ], [ [ 15.13627565, 44.283200135042925 ], [ 15.13863695, 44.283031935042864 ], [ 15.13888657, 44.286637535044264 ], [ 15.13766456, 44.285878535043992 ], [ 15.13627565, 44.283200135042925 ] ], [ [ 14.78252316, 44.280691855041937 ], [ 14.75184905, 44.293630955047043 ], [ 14.76005971, 44.277258745040626 ], [ 14.73589575, 44.280565135041925 ], [ 14.73744881, 44.270572415037954 ], [ 14.76857412, 44.25514113503187 ], [ 14.7646538, 44.271763435038423 ], [ 14.78518713, 44.26236521503472 ], [ 14.80011284, 44.268900745037321 ], [ 14.78252316, 44.280691855041937 ] ], [ [ 14.79971397, 44.26290451503494 ], [ 14.78709352, 44.256827235032574 ], [ 14.82880616, 44.20042442501029 ], [ 14.84244013, 44.199627755009971 ], [ 14.81555986, 44.234437815023732 ], [ 14.83698773, 44.226366755020507 ], [ 14.84845614, 44.215870135016374 ], [ 14.86481082, 44.215382575016186 ], [ 14.86980844, 44.205083245012084 ], [ 14.89213824, 44.197462555009089 ], [ 14.91139245, 44.211487645014643 ], [ 14.88663375, 44.23000025502197 ], [ 14.87947941, 44.218652365017505 ], [ 14.79971397, 44.26290451503494 ] ], [ [ 14.87748206, 44.240031835025931 ], [ 14.87766314, 44.237511745024918 ], [ 14.88318622, 44.235327005024068 ], [ 14.88380671, 44.236564155024567 ], [ 14.87748206, 44.240031835025931 ] ], [ [ 14.94383335, 44.198055855009372 ], [ 14.97168875, 44.15806245499347 ], [ 15.03140616, 44.12584554498067 ], [ 15.03537488, 44.136652344985031 ], [ 15.02642155, 44.146379704988874 ], [ 15.00521171, 44.161467544994892 ], [ 14.99222875, 44.161645404994907 ], [ 14.9504106, 44.200519195010315 ], [ 14.94383335, 44.198055855009372 ] ], [ [ 14.99030018, 44.182288645003126 ], [ 14.99334896, 44.184005135003758 ], [ 14.98771048, 44.188410755005506 ], [ 14.98637712, 44.186812035004927 ], [ 14.99030018, 44.182288645003126 ] ], [ [ 14.99778378, 44.177499765001208 ], [ 15.00201964, 44.17395793499977 ], [ 15.00287712, 44.173963424999805 ], [ 15.00064063, 44.178379535001532 ], [ 14.99778378, 44.177499765001208 ] ], [ [ 15.00974405, 44.170263404998337 ], [ 15.01175058, 44.170244924998343 ], [ 15.01197708, 44.172094934999095 ], [ 15.00924003, 44.171335934998744 ], [ 15.00974405, 44.170263404998337 ] ], [ [ 15.02400684, 44.170018424998247 ], [ 15.01915204, 44.165726294996567 ], [ 15.03065336, 44.152701844991384 ], [ 15.05705595, 44.14056991498655 ], [ 15.05495584, 44.152754544991396 ], [ 15.02400684, 44.170018424998247 ] ], [ [ 15.05588317, 44.161174414994697 ], [ 15.05871761, 44.161631344994909 ], [ 15.05791378, 44.16464733499609 ], [ 15.05413008, 44.163160434995525 ], [ 15.05588317, 44.161174414994697 ] ], [ [ 15.06092048, 44.15534913499242 ], [ 15.07207334, 44.139041894985986 ], [ 15.06490374, 44.13151907498294 ], [ 15.09784913, 44.108357544973757 ], [ 15.11548448, 44.10619520497292 ], [ 15.19017851, 44.03751694494553 ], [ 15.20024896, 44.032108304943357 ], [ 15.20500124, 44.042150614947374 ], [ 15.21835542, 44.033756254944038 ], [ 15.212888, 44.048535814949929 ], [ 15.22889173, 44.038063044945723 ], [ 15.22992873, 44.027555934941574 ], [ 15.24378812, 44.024321074940261 ], [ 15.24258983, 44.009899374934506 ], [ 15.25129986, 44.013250104935871 ], [ 15.26629436, 44.00510775493256 ], [ 15.30755031, 43.954434034912268 ], [ 15.33727503, 43.942609544907512 ], [ 15.34910071, 43.92760943490147 ], [ 15.35898077, 43.92901193490205 ], [ 15.36349714, 43.924030654900101 ], [ 15.35365891, 43.923112144899676 ], [ 15.36227405, 43.909960144894391 ], [ 15.37309885, 43.906698454893117 ], [ 15.37611854, 43.913454054895787 ], [ 15.38440335, 43.906311624892936 ], [ 15.38557541, 43.914038414896041 ], [ 15.42641616, 43.889655104886245 ], [ 15.44209266, 43.894127964888071 ], [ 15.45477414, 43.888573764885798 ], [ 15.4494915, 43.90180384489112 ], [ 15.39035904, 43.937983504905674 ], [ 15.38957906, 43.956019034912892 ], [ 15.3772403, 43.966908444917266 ], [ 15.35766947, 43.966024034916877 ], [ 15.34673715, 43.98013793492256 ], [ 15.29662526, 44.00166594493124 ], [ 15.2891643, 44.012085434935386 ], [ 15.26990736, 44.014041654936143 ], [ 15.26533747, 44.020849934938894 ], [ 15.25144756, 44.015161744936584 ], [ 15.26017666, 44.021291604939066 ], [ 15.24721551, 44.034159054944162 ], [ 15.25371265, 44.036651364945179 ], [ 15.20253706, 44.066250434956991 ], [ 15.18991566, 44.085328334964608 ], [ 15.18308115, 44.084123844964118 ], [ 15.18675053, 44.09233223496738 ], [ 15.15222025, 44.103412504971814 ], [ 15.12699163, 44.125832434980708 ], [ 15.12042952, 44.123244634979699 ], [ 15.06800127, 44.157344334993198 ], [ 15.06092048, 44.15534913499242 ] ], [ [ 15.21080422, 44.072268954959412 ], [ 15.21358514, 44.076045744960872 ], [ 15.20755196, 44.078979244962071 ], [ 15.20739877, 44.074877134960438 ], [ 15.21080422, 44.072268954959412 ] ], [ [ 15.3792206, 43.98113524492301 ], [ 15.38108301, 43.980765454922832 ], [ 15.38217676, 43.983370894923887 ], [ 15.3792206, 43.98113524492301 ] ], [ [ 15.38558912, 43.980851764922882 ], [ 15.38131285, 43.979738824922435 ], [ 15.38005781, 43.97773134492158 ], [ 15.38562083, 43.976642124921213 ], [ 15.38558912, 43.980851764922882 ] ], [ [ 15.36264324, 43.971201774919017 ], [ 15.36514854, 43.969677564918385 ], [ 15.36636615, 43.971928114919265 ], [ 15.36476088, 43.97327970491984 ], [ 15.36264324, 43.971201774919017 ] ], [ [ 15.39528573, 43.96380924491605 ], [ 15.39863753, 43.965062614916548 ], [ 15.39403701, 43.968497744917876 ], [ 15.39148223, 43.967522854917519 ], [ 15.39528573, 43.96380924491605 ] ], [ [ 15.39702451, 43.961042044914947 ], [ 15.40097332, 43.952190514911372 ], [ 15.41132474, 43.951325654911052 ], [ 15.41245913, 43.954826354912463 ], [ 15.39702451, 43.961042044914947 ] ], [ [ 15.39349246, 43.952052824911362 ], [ 15.39252734, 43.948487394909883 ], [ 15.39761651, 43.947571034909544 ], [ 15.39562964, 43.950331324910621 ], [ 15.39349246, 43.952052824911362 ] ], [ [ 15.39946294, 43.94673442490916 ], [ 15.39820492, 43.945312494908592 ], [ 15.4013766, 43.943275804907827 ], [ 15.40210104, 43.943697444907968 ], [ 15.39946294, 43.94673442490916 ] ], [ [ 15.40554798, 43.939583054906322 ], [ 15.40823305, 43.941384664907034 ], [ 15.4028697, 43.943050734907693 ], [ 15.40186274, 43.942392944907411 ], [ 15.40554798, 43.939583054906322 ] ], [ [ 15.42412674, 43.936133734904928 ], [ 15.4286921, 43.937220444905357 ], [ 15.42844355, 43.938778874905999 ], [ 15.42408311, 43.936747544905167 ], [ 15.42412674, 43.936133734904928 ] ], [ [ 15.42871225, 43.933358664903807 ], [ 15.43000174, 43.930533044902702 ], [ 15.43166196, 43.93457030490427 ], [ 15.42871225, 43.933358664903807 ] ], [ [ 15.50760627, 43.904633634892257 ], [ 15.50666475, 43.903362864891747 ], [ 15.50914598, 43.90270673489146 ], [ 15.50999665, 43.903546924891842 ], [ 15.50760627, 43.904633634892257 ] ], [ [ 15.5050987, 43.902499674891374 ], [ 15.5036031, 43.904493804892219 ], [ 15.50202465, 43.90076684489074 ], [ 15.50438344, 43.901162854890856 ], [ 15.5050987, 43.902499674891374 ] ], [ [ 15.52196753, 43.891578314886985 ], [ 15.52386308, 43.890352244886522 ], [ 15.52429998, 43.890492674886552 ], [ 15.52267206, 43.893381114887717 ], [ 15.52196753, 43.891578314886985 ] ], [ [ 15.4268614, 43.88760351488542 ], [ 15.41660476, 43.884895794884322 ], [ 15.42484915, 43.875236144880404 ], [ 15.43408585, 43.882292744883273 ], [ 15.4268614, 43.88760351488542 ] ], [ [ 15.32565451, 43.87596690488072 ], [ 15.31597745, 43.886684764885032 ], [ 15.31570435, 43.872273204879257 ], [ 15.30200315, 43.878890744881915 ], [ 15.29533684, 43.875145434880388 ], [ 15.28585672, 43.882086744883203 ], [ 15.29814136, 43.885296934884501 ], [ 15.26655006, 43.894025444887994 ], [ 15.26039374, 43.884531374884155 ], [ 15.25209463, 43.884421344884117 ], [ 15.26540172, 43.875389334880495 ], [ 15.27865732, 43.876212944880834 ], [ 15.36602604, 43.818060034857297 ], [ 15.37328565, 43.81960534485799 ], [ 15.35263634, 43.837276454865098 ], [ 15.35106456, 43.846690764868939 ], [ 15.32449615, 43.86562203487653 ], [ 15.32565451, 43.87596690488072 ] ], [ [ 15.33106518, 43.868302224877588 ], [ 15.33466971, 43.868490924877698 ], [ 15.33559108, 43.873840204879848 ], [ 15.32972908, 43.871011724878677 ], [ 15.33106518, 43.868302224877588 ] ], [ [ 15.42734945, 43.869898674878257 ], [ 15.43115783, 43.865243424876397 ], [ 15.44783378, 43.859256854873998 ], [ 15.44118845, 43.867629044877368 ], [ 15.42734945, 43.869898674878257 ] ], [ [ 15.48756802, 43.870041724878341 ], [ 15.48439038, 43.868373744877658 ], [ 15.48797131, 43.866418354876885 ], [ 15.48913217, 43.868660324877823 ], [ 15.48756802, 43.870041724878341 ] ], [ [ 15.52589011, 43.866435644876901 ], [ 15.52751744, 43.86419784487601 ], [ 15.52943552, 43.865430234876492 ], [ 15.52844656, 43.86671959487704 ], [ 15.52589011, 43.866435644876901 ] ], [ [ 15.53370452, 43.864202134875967 ], [ 15.54152167, 43.85122823487076 ], [ 15.55248678, 43.851334924870748 ], [ 15.55025065, 43.85974061487417 ], [ 15.53370452, 43.864202134875967 ] ], [ [ 15.55442572, 43.851049064870672 ], [ 15.56140184, 43.849960444870213 ], [ 15.56641448, 43.852149364871138 ], [ 15.56297135, 43.856099244872667 ], [ 15.55442572, 43.851049064870672 ] ], [ [ 15.55163825, 43.848937624869805 ], [ 15.55204725, 43.847419974869219 ], [ 15.5537399, 43.847931144869463 ], [ 15.55305564, 43.849485514870032 ], [ 15.55163825, 43.848937624869805 ] ], [ [ 15.55864227, 43.847475524869203 ], [ 15.55930591, 43.845034354868226 ], [ 15.56141293, 43.849197744869898 ], [ 15.55957866, 43.849209894869944 ], [ 15.55864227, 43.847475524869203 ] ], [ [ 15.56151426, 43.845565434868448 ], [ 15.56624484, 43.839400524865965 ], [ 15.57461011, 43.843732944867725 ], [ 15.56801152, 43.848588344869661 ], [ 15.56151426, 43.845565434868448 ] ], [ [ 15.57158995, 43.839475624866019 ], [ 15.57966745, 43.837417244865158 ], [ 15.58303261, 43.840373744866348 ], [ 15.57793593, 43.842938294867437 ], [ 15.57158995, 43.839475624866019 ] ], [ [ 15.58919787, 43.837573404865211 ], [ 15.58614695, 43.836359134864765 ], [ 15.58752835, 43.833277224863501 ], [ 15.59049344, 43.834985844864235 ], [ 15.58919787, 43.837573404865211 ] ], [ [ 15.5849452, 43.834746354864102 ], [ 15.57910764, 43.835918064864522 ], [ 15.57818675, 43.832657454863217 ], [ 15.58214545, 43.831781144862909 ], [ 15.5849452, 43.834746354864102 ] ], [ [ 15.5836246, 43.831812854862918 ], [ 15.58377886, 43.829758404862083 ], [ 15.58616746, 43.829425444861982 ], [ 15.58618784, 43.832732554863277 ], [ 15.5836246, 43.831812854862918 ] ], [ [ 15.51955855, 43.83310961486346 ], [ 15.51218235, 43.835426204864397 ], [ 15.50525582, 43.830213544862254 ], [ 15.52532494, 43.825915334860497 ], [ 15.51955855, 43.83310961486346 ] ], [ [ 15.53836203, 43.827445624861149 ], [ 15.53906763, 43.827317114861088 ], [ 15.54032874, 43.829192874861818 ], [ 15.53747761, 43.829051254861753 ], [ 15.53836203, 43.827445624861149 ] ], [ [ 15.56170642, 43.828708644861663 ], [ 15.55877507, 43.826645604860857 ], [ 15.55859518, 43.825263134860251 ], [ 15.56194305, 43.825378774860312 ], [ 15.56170642, 43.828708644861663 ] ], [ [ 15.37233162, 43.824514024859958 ], [ 15.37279105, 43.826772564860846 ], [ 15.36596358, 43.831527824862796 ], [ 15.36722124, 43.825001834860167 ], [ 15.37233162, 43.824514024859958 ] ], [ [ 15.38014495, 43.827972644861376 ], [ 15.38193595, 43.827895394861351 ], [ 15.38262486, 43.828390834861516 ], [ 15.37968481, 43.829557174862039 ], [ 15.38014495, 43.827972644861376 ] ], [ [ 15.49885404, 43.828219524861431 ], [ 15.50126374, 43.826043244860564 ], [ 15.50370622, 43.827044954860952 ], [ 15.50294197, 43.829296944861916 ], [ 15.49885404, 43.828219524861431 ] ], [ [ 15.50683308, 43.835568904864395 ], [ 15.50776744, 43.838886014865743 ], [ 15.50513816, 43.839585414866043 ], [ 15.50410664, 43.837009424865009 ], [ 15.50683308, 43.835568904864395 ] ], [ [ 15.5545516, 43.836198444864664 ], [ 15.55628586, 43.835852974864522 ], [ 15.55713725, 43.837228054865065 ], [ 15.55435288, 43.837306854865105 ], [ 15.5545516, 43.836198444864664 ] ], [ [ 15.49945211, 43.839981554866192 ], [ 15.49980795, 43.841978304867034 ], [ 15.49842215, 43.843230244867492 ], [ 15.49684346, 43.841214414866727 ], [ 15.49945211, 43.839981554866192 ] ], [ [ 15.51267254, 43.840538974866455 ], [ 15.51414764, 43.841914644866996 ], [ 15.51163578, 43.843002434867451 ], [ 15.51105738, 43.841302274866727 ], [ 15.51267254, 43.840538974866455 ] ], [ [ 15.48379898, 43.843594424867696 ], [ 15.48733544, 43.847516174869206 ], [ 15.48555541, 43.848772164869722 ], [ 15.48311365, 43.846756574868913 ], [ 15.48379898, 43.843594424867696 ] ], [ [ 15.50707436, 43.845295544868343 ], [ 15.51761305, 43.850904224870618 ], [ 15.49882102, 43.86166285487495 ], [ 15.49811125, 43.856389514872859 ], [ 15.48590755, 43.860508554874485 ], [ 15.50707436, 43.845295544868343 ] ], [ [ 15.46026075, 43.852655524871345 ], [ 15.45464885, 43.853236554871543 ], [ 15.4544028, 43.85302567487151 ], [ 15.46193922, 43.849221224869908 ], [ 15.46026075, 43.852655524871345 ] ], [ [ 15.50171936, 43.862119664875095 ], [ 15.50387347, 43.861715904874963 ], [ 15.50185943, 43.864702694876158 ], [ 15.50076532, 43.864033334875913 ], [ 15.50171936, 43.862119664875095 ] ], [ [ 15.45390534, 43.865108364876384 ], [ 15.45484197, 43.869838114878256 ], [ 15.44928646, 43.869388334878067 ], [ 15.45112097, 43.866161934876772 ], [ 15.45390534, 43.865108364876384 ] ], [ [ 15.45656598, 43.86784815487745 ], [ 15.45917344, 43.867497314877291 ], [ 15.46004713, 43.868520614877724 ], [ 15.45658052, 43.869977704878281 ], [ 15.45656598, 43.86784815487745 ] ], [ [ 15.34034526, 43.869582524878155 ], [ 15.33782065, 43.867221824877198 ], [ 15.33819175, 43.86665963487701 ], [ 15.34136593, 43.867565154877319 ], [ 15.34034526, 43.869582524878155 ] ], [ [ 15.37382698, 43.818261614857427 ], [ 15.37637746, 43.815970414856508 ], [ 15.37549245, 43.819093464857772 ], [ 15.37382698, 43.818261614857427 ] ], [ [ 15.32796013, 43.817216514857002 ], [ 15.25632346, 43.858169904873527 ], [ 15.26878965, 43.864821664876203 ], [ 15.2629261, 43.869722124878223 ], [ 15.24104583, 43.871197214878769 ], [ 15.23711765, 43.882597794883424 ], [ 15.23437822, 43.877028344881182 ], [ 15.22623813, 43.875169154880396 ], [ 15.22113955, 43.875303144880462 ], [ 15.24541163, 43.850586524870451 ], [ 15.24093938, 43.845397104868418 ], [ 15.27153444, 43.821855654858901 ], [ 15.27732468, 43.824740644860043 ], [ 15.30342305, 43.809857724854062 ], [ 15.30350685, 43.800182814850096 ], [ 15.46139252, 43.734648104823556 ], [ 15.3863945, 43.772627824838999 ], [ 15.32796013, 43.817216514857002 ] ], [ [ 15.35793412, 43.80865096485352 ], [ 15.3598597, 43.806790224852776 ], [ 15.36590755, 43.808583254853524 ], [ 15.36201584, 43.812637444855135 ], [ 15.35793412, 43.80865096485352 ] ], [ [ 15.37556112, 43.806812044852769 ], [ 15.37723231, 43.80529784485217 ], [ 15.37831306, 43.805653204852327 ], [ 15.3774054, 43.80695330485284 ], [ 15.37556112, 43.806812044852769 ] ], [ [ 15.37540591, 43.805710314852334 ], [ 15.37439525, 43.805449834852261 ], [ 15.37586033, 43.803555244851495 ], [ 15.37619793, 43.803620574851486 ], [ 15.37540591, 43.805710314852334 ] ], [ [ 15.61019564, 43.790011514845993 ], [ 15.60973716, 43.788528554845392 ], [ 15.61156392, 43.790515064846225 ], [ 15.61019564, 43.790011514845993 ] ], [ [ 15.62303174, 43.760799164834161 ], [ 15.62469292, 43.760052554833848 ], [ 15.62525141, 43.762828824834997 ], [ 15.62328565, 43.762987364835041 ], [ 15.62303174, 43.760799164834161 ] ], [ [ 15.67382586, 43.762116544834711 ], [ 15.67387664, 43.760847924834181 ], [ 15.67539728, 43.759898304833818 ], [ 15.67578125, 43.762100574834676 ], [ 15.67382586, 43.762116544834711 ] ], [ [ 15.63180196, 43.761037944834264 ], [ 15.62942707, 43.761609544834499 ], [ 15.63055444, 43.759006494833443 ], [ 15.63108575, 43.759230254833533 ], [ 15.63180196, 43.761037944834264 ] ], [ [ 15.67869770000001, 43.759115924833495 ], [ 15.67336178, 43.755902644832169 ], [ 15.67368102, 43.754341594831502 ], [ 15.67881072, 43.755746714832121 ], [ 15.67869770000001, 43.759115924833495 ] ], [ [ 15.74079072, 43.753376594831138 ], [ 15.75036752, 43.740334144825873 ], [ 15.75805426, 43.738016364824922 ], [ 15.75819087, 43.739963764825667 ], [ 15.74079072, 43.753376594831138 ] ], [ [ 15.78015554, 43.737742304824778 ], [ 15.79690933, 43.718251104816872 ], [ 15.79472935, 43.725123404819669 ], [ 15.80665052, 43.722275014818507 ], [ 15.7871145, 43.742553824826764 ], [ 15.78015554, 43.737742304824778 ] ], [ [ 15.80731785, 43.719209904817276 ], [ 15.80939865, 43.715549704815786 ], [ 15.81507325, 43.714320414815305 ], [ 15.81390703, 43.719248764817273 ], [ 15.80731785, 43.719209904817276 ] ], [ [ 15.85338748, 43.722004054818399 ], [ 15.85587752, 43.718212834816889 ], [ 15.85564554, 43.721818324818329 ], [ 15.85338748, 43.722004054818399 ] ], [ [ 15.77141202, 43.713648674814991 ], [ 15.77812636, 43.720369574817781 ], [ 15.75454164, 43.733120194822924 ], [ 15.75034261, 43.725707044819899 ], [ 15.77507257, 43.705860374811813 ], [ 15.77141202, 43.713648674814991 ] ], [ [ 15.83464897, 43.70750474481251 ], [ 15.83424115, 43.697914594808552 ], [ 15.8203125, 43.701729764810139 ], [ 15.8203125, 43.696149464807888 ], [ 15.86993802, 43.660603634793389 ], [ 15.86724496, 43.684216854803076 ], [ 15.83464897, 43.70750474481251 ] ], [ [ 15.90877116, 43.671450014797827 ], [ 15.91754091, 43.669084664796856 ], [ 15.91994715, 43.671280974797739 ], [ 15.911834, 43.67709409480014 ], [ 15.90877116, 43.671450014797827 ] ], [ [ 15.88157034, 43.668403734796577 ], [ 15.87768435, 43.668562404796624 ], [ 15.87927282, 43.660063264793187 ], [ 15.88287485, 43.665061344795184 ], [ 15.88157034, 43.668403734796577 ] ], [ [ 15.90326405, 43.661303394793698 ], [ 15.9020555, 43.659487124792946 ], [ 15.90328741, 43.657126544791986 ], [ 15.90499246, 43.66041266479332 ], [ 15.90326405, 43.661303394793698 ] ], [ [ 15.90900695, 43.657397864792102 ], [ 15.90699685, 43.654779904791049 ], [ 15.908553, 43.653519264790525 ], [ 15.91052377, 43.66039311479333 ], [ 15.90900695, 43.657397864792102 ] ], [ [ 15.89989233, 43.652481664790074 ], [ 15.89233565, 43.654708734791022 ], [ 15.89219296, 43.650514354789287 ], [ 15.89485228, 43.649620764788907 ], [ 15.89989233, 43.652481664790074 ] ], [ [ 15.84217191, 43.648527494788446 ], [ 15.83937311, 43.650669574789347 ], [ 15.83878875, 43.648585914788519 ], [ 15.84217191, 43.648527494788446 ] ], [ [ 15.6840198, 43.647874354788215 ], [ 15.66158271, 43.666394704795756 ], [ 15.60014093, 43.677603594800331 ], [ 15.60521376, 43.66549431479541 ], [ 15.62497008, 43.658361904792478 ], [ 15.62360156, 43.664704554795058 ], [ 15.68151426, 43.63045274478111 ], [ 15.69309866, 43.627919544780049 ], [ 15.68286097, 43.63541423478312 ], [ 15.69874096, 43.631182904781376 ], [ 15.70296991, 43.637336964783913 ], [ 15.71153355, 43.628099674780159 ], [ 15.71317184, 43.633801094782442 ], [ 15.73178053, 43.629041424780489 ], [ 15.6840198, 43.647874354788215 ] ], [ [ 15.73775434, 43.64710092478785 ], [ 15.73756456, 43.645417564787195 ], [ 15.73791218, 43.644913544786966 ], [ 15.74000275, 43.646418444787585 ], [ 15.73775434, 43.64710092478785 ] ], [ [ 15.81537771, 43.646824714787776 ], [ 15.81896484, 43.642299054785937 ], [ 15.82141936, 43.643007154786211 ], [ 15.8203125, 43.645647164787249 ], [ 15.81537771, 43.646824714787776 ] ], [ [ 15.71450508, 43.644587864786885 ], [ 15.71468878, 43.645960444787427 ], [ 15.71355987, 43.646933904787858 ], [ 15.71254158, 43.644783734786948 ], [ 15.71450508, 43.644587864786885 ] ], [ [ 15.89837754, 43.632558934781976 ], [ 15.897879, 43.628139724780119 ], [ 15.90675581, 43.628596534780321 ], [ 15.90666628, 43.631031624781322 ], [ 15.89837754, 43.632558934781976 ] ], [ [ 15.74059784, 43.629578944780725 ], [ 15.73756564, 43.625161524778939 ], [ 15.7444669, 43.623736854778379 ], [ 15.74500024, 43.627273554779826 ], [ 15.74059784, 43.629578944780725 ] ], [ [ 15.61024201, 43.624313944778585 ], [ 15.60800111, 43.624277344778534 ], [ 15.60875487, 43.622792594777941 ], [ 15.60985994, 43.622886294777999 ], [ 15.61024201, 43.624313944778585 ] ], [ [ 15.57649636, 43.624330394778575 ], [ 15.57444632, 43.626084794779317 ], [ 15.57387364, 43.624327414778627 ], [ 15.57649636, 43.624330394778575 ] ], [ [ 15.68033814, 43.624990934778822 ], [ 15.68355596, 43.6243846347786 ], [ 15.67929614, 43.628122204780141 ], [ 15.67800093, 43.626168844779322 ], [ 15.68033814, 43.624990934778822 ] ], [ [ 15.60500443, 43.632751814782033 ], [ 15.60303426, 43.63540970478315 ], [ 15.60265541, 43.63324236478222 ], [ 15.60500443, 43.632751814782033 ] ], [ [ 15.55868137, 43.658349274792442 ], [ 15.55674493, 43.659621354792982 ], [ 15.55741656, 43.657238954792049 ], [ 15.55868137, 43.658349274792442 ] ], [ [ 15.52007544, 43.676382534799821 ], [ 15.51784551, 43.677734254800406 ], [ 15.51761472, 43.677544354800318 ], [ 15.51850736, 43.675929664799625 ], [ 15.52007544, 43.676382534799821 ] ], [ [ 15.67669535, 43.678655144800729 ], [ 15.69397223, 43.679335944801032 ], [ 15.63816893, 43.709915634813505 ], [ 15.64391971, 43.700287814809577 ], [ 15.67669535, 43.678655144800729 ] ], [ [ 15.58713305, 43.682469724802303 ], [ 15.58508253, 43.68186854480205 ], [ 15.58594882, 43.680057164801319 ], [ 15.58773243, 43.68090605480166 ], [ 15.58713305, 43.682469724802303 ] ], [ [ 15.48646152, 43.682281014802228 ], [ 15.48556173, 43.68536626480347 ], [ 15.48343265, 43.686092134803822 ], [ 15.48320544, 43.681710594802027 ], [ 15.48646152, 43.682281014802228 ] ], [ [ 15.51951861, 43.686421624803899 ], [ 15.51795006, 43.690994014805788 ], [ 15.46875, 43.711495514814125 ], [ 15.48478127, 43.695871344807792 ], [ 15.51951861, 43.686421624803899 ] ], [ [ 15.47640097, 43.695678224807665 ], [ 15.46875, 43.699776644809354 ], [ 15.46585977, 43.695717214807708 ], [ 15.4735589, 43.688388344804707 ], [ 15.47640097, 43.695678224807665 ] ], [ [ 15.43884683, 43.695846314807717 ], [ 15.43694615, 43.697964544808585 ], [ 15.4360466, 43.696274874807905 ], [ 15.43884683, 43.695846314807717 ] ], [ [ 15.46298254, 43.705521454811674 ], [ 15.45799744, 43.705385324811644 ], [ 15.45862162, 43.702865714810599 ], [ 15.46235895, 43.701794734810179 ], [ 15.46298254, 43.705521454811674 ] ], [ [ 15.46293473, 43.706421844812056 ], [ 15.46506357, 43.706223244811959 ], [ 15.46508896, 43.708852764813052 ], [ 15.46261466, 43.709116214813157 ], [ 15.46293473, 43.706421844812056 ] ], [ [ 15.45432055, 43.708978054813151 ], [ 15.45406497, 43.709973444813492 ], [ 15.45244277, 43.710415234813745 ], [ 15.45216346, 43.708320374812828 ], [ 15.45432055, 43.708978054813151 ] ], [ [ 15.45544457, 43.711798544814243 ], [ 15.45107198, 43.715642804815808 ], [ 15.44945967, 43.71551393481576 ], [ 15.45034838, 43.713421334814932 ], [ 15.45544457, 43.711798544814243 ] ], [ [ 15.43812168, 43.715337744815699 ], [ 15.44376183, 43.717471954816567 ], [ 15.43659723, 43.722377054818509 ], [ 15.43401635, 43.716299174816093 ], [ 15.43812168, 43.715337744815699 ] ], [ [ 15.43463111, 43.719033714817165 ], [ 15.43005121, 43.720703114817915 ], [ 15.42874205, 43.718735804817086 ], [ 15.43209744, 43.717968934816767 ], [ 15.43463111, 43.719033714817165 ] ], [ [ 15.41555703, 43.720528714817796 ], [ 15.41102445, 43.724856254819578 ], [ 15.40362382, 43.726665014820291 ], [ 15.40815163, 43.721004954818 ], [ 15.41555703, 43.720528714817796 ] ], [ [ 15.39954233, 43.727007624820445 ], [ 15.40042365, 43.729173774821305 ], [ 15.39774013, 43.730219244821747 ], [ 15.39617348, 43.727492204820649 ], [ 15.39954233, 43.727007624820445 ] ], [ [ 15.40889657, 43.729196664821345 ], [ 15.41303861, 43.726592414820303 ], [ 15.42590427, 43.725026004819611 ], [ 15.41728055, 43.732723464822769 ], [ 15.40889657, 43.729196664821345 ] ], [ [ 15.46814036, 43.731469744822284 ], [ 15.47136295, 43.719899644817509 ], [ 15.48337317, 43.72191833481839 ], [ 15.4785037, 43.73307132482293 ], [ 15.46814036, 43.731469744822284 ] ], [ [ 15.57927632, 43.733425614823034 ], [ 15.58506978, 43.733129134822903 ], [ 15.58306336, 43.736625304824365 ], [ 15.58007431, 43.73669301482439 ], [ 15.57927632, 43.733425614823034 ] ], [ [ 15.61109805, 43.726505274820241 ], [ 15.61259985, 43.72659801482024 ], [ 15.61159146, 43.728041404820857 ], [ 15.61009634, 43.727566954820652 ], [ 15.61109805, 43.726505274820241 ] ], [ [ 15.59146345, 43.725696434819923 ], [ 15.58996272, 43.722338314818515 ], [ 15.5971868, 43.720056174817628 ], [ 15.59863925, 43.724567174819441 ], [ 15.59146345, 43.725696434819923 ] ], [ [ 15.61798275, 43.721320744818094 ], [ 15.62065613, 43.722328064818555 ], [ 15.61441135, 43.726097224820052 ], [ 15.61761415, 43.721640704818263 ], [ 15.61798275, 43.721320744818094 ] ], [ [ 15.68937922, 43.721707334818255 ], [ 15.69158232, 43.722886434818783 ], [ 15.68925834, 43.725271214819728 ], [ 15.6875596, 43.72390234481918 ], [ 15.68937922, 43.721707334818255 ] ], [ [ 15.60228491, 43.720193024817668 ], [ 15.60102093, 43.717711804816695 ], [ 15.60646105, 43.716683144816237 ], [ 15.60333765, 43.719670644817498 ], [ 15.60228491, 43.720193024817668 ] ], [ [ 15.67162395, 43.717053404816404 ], [ 15.68087113, 43.714334604815335 ], [ 15.68111694, 43.702068324810305 ], [ 15.71117437, 43.68509721480337 ], [ 15.69583416, 43.688349834804704 ], [ 15.69618595, 43.681424014801884 ], [ 15.72303534, 43.66938113479695 ], [ 15.71745825, 43.679705734801182 ], [ 15.72843254, 43.691959974806181 ], [ 15.71510851, 43.691054454805808 ], [ 15.69223166, 43.717609524816645 ], [ 15.67162395, 43.717053404816404 ] ], [ [ 15.74248135, 43.707796924812612 ], [ 15.74426091, 43.689247724805064 ], [ 15.77313411, 43.679779524801219 ], [ 15.77252996, 43.691487544805987 ], [ 15.74248135, 43.707796924812612 ] ], [ [ 15.78267467, 43.679914944801268 ], [ 15.7870481, 43.672232144798144 ], [ 15.78903067, 43.671723954797926 ], [ 15.78365195, 43.686272854803896 ], [ 15.78267467, 43.679914944801268 ] ], [ [ 15.79515052, 43.6731609047985 ], [ 15.79857111, 43.675917264799644 ], [ 15.79461157, 43.679419274801091 ], [ 15.79277885, 43.675662754799568 ], [ 15.79515052, 43.6731609047985 ] ], [ [ 15.75566852, 43.671761034797939 ], [ 15.75390494, 43.669166794796887 ], [ 15.76425898, 43.665713544795494 ], [ 15.7605499, 43.671139954797709 ], [ 15.75566852, 43.671761034797939 ] ], [ [ 15.80868363, 43.667457214796194 ], [ 15.80950201, 43.663513054794564 ], [ 15.81351435, 43.66401111479481 ], [ 15.81224668, 43.667729614796308 ], [ 15.80868363, 43.667457214796194 ] ], [ [ 15.78822756, 43.664515374795023 ], [ 15.78620982, 43.664617414794989 ], [ 15.78925455, 43.662967794794355 ], [ 15.78822756, 43.664515374795023 ] ], [ [ 15.74476564, 43.670941824797644 ], [ 15.74002397, 43.673620334798734 ], [ 15.73279607, 43.67241274479823 ], [ 15.74473286, 43.667782534796309 ], [ 15.74476564, 43.670941824797644 ] ], [ [ 15.73702753, 43.682905544802495 ], [ 15.73541033, 43.684437624803124 ], [ 15.73390496, 43.680636044801567 ], [ 15.73513865, 43.680691234801557 ], [ 15.73702753, 43.682905544802495 ] ], [ [ 15.72935295, 43.703935494811049 ], [ 15.72579801, 43.705509064811679 ], [ 15.72429466, 43.702664964810516 ], [ 15.73017561, 43.70101069480986 ], [ 15.72935295, 43.703935494811049 ] ], [ [ 15.70064676, 43.674046154798894 ], [ 15.69912326, 43.672364464798214 ], [ 15.70111465, 43.670211074797301 ], [ 15.70248854, 43.673465364798666 ], [ 15.70064676, 43.674046154798894 ] ], [ [ 15.69451976, 43.673914904798821 ], [ 15.69060075, 43.673634644798732 ], [ 15.68971205, 43.670792334797568 ], [ 15.69416296, 43.672182314798114 ], [ 15.69451976, 43.673914904798821 ] ], [ [ 15.66928756, 43.701128834809936 ], [ 15.66747856, 43.698529114808878 ], [ 15.67016745, 43.696725954808159 ], [ 15.67195344, 43.698551644808887 ], [ 15.66928756, 43.701128834809936 ] ], [ [ 15.66586304, 43.700516454809687 ], [ 15.66400611, 43.704404344811252 ], [ 15.65977526, 43.703600404810942 ], [ 15.66178095, 43.698530074808872 ], [ 15.66586304, 43.700516454809687 ] ], [ [ 15.46198785, 43.714574214815364 ], [ 15.46133184, 43.721746434818314 ], [ 15.44351315, 43.729657764821532 ], [ 15.44975066, 43.721311924818103 ], [ 15.46198785, 43.714574214815364 ] ], [ [ 15.43913805, 43.72819804482095 ], [ 15.43072045, 43.730524534821839 ], [ 15.42799354, 43.72562252481989 ], [ 15.43691421, 43.724186774819252 ], [ 15.43913805, 43.72819804482095 ] ], [ [ 15.48702812, 43.724825134819568 ], [ 15.48648214, 43.723410604818987 ], [ 15.48906207, 43.722774264818717 ], [ 15.48915756, 43.723860734819134 ], [ 15.48702812, 43.724825134819568 ] ], [ [ 15.53341985, 43.705391644811634 ], [ 15.53802395, 43.707206834812361 ], [ 15.53713465, 43.709424844813313 ], [ 15.53224611, 43.707452644812506 ], [ 15.53341985, 43.705391644811634 ] ], [ [ 15.51844335, 43.701288214809949 ], [ 15.52447343, 43.697269194808321 ], [ 15.52728331, 43.700664034809719 ], [ 15.51942921, 43.702107544810332 ], [ 15.51844335, 43.701288214809949 ] ], [ [ 15.55715108, 43.686547514803976 ], [ 15.55874646, 43.688088054804631 ], [ 15.55496693, 43.689055914805024 ], [ 15.55654085, 43.686827414804078 ], [ 15.55715108, 43.686547514803976 ] ], [ [ 15.73688388, 43.658260344792438 ], [ 15.74366665, 43.659205554792855 ], [ 15.7439357, 43.661389944793761 ], [ 15.73721504, 43.660675044793457 ], [ 15.73688388, 43.658260344792438 ] ], [ [ 15.88601291, 43.661018604793561 ], [ 15.88450837, 43.658228744792424 ], [ 15.88831568, 43.656082024791516 ], [ 15.88803995, 43.660404314793347 ], [ 15.88601291, 43.661018604793561 ] ], [ [ 15.88077605, 43.655353664791292 ], [ 15.87768817, 43.656958334791952 ], [ 15.88128877, 43.65237771479007 ], [ 15.88296855, 43.653615944790573 ], [ 15.88077605, 43.655353664791292 ] ], [ [ 15.72417152, 43.752737394830895 ], [ 15.72319734, 43.752335064830739 ], [ 15.72536016, 43.750874754830164 ], [ 15.72553515, 43.75107514483021 ], [ 15.72417152, 43.752737394830895 ] ], [ [ 15.40028298, 43.7349568548237 ], [ 15.40594006, 43.738376614825064 ], [ 15.40191126, 43.740006914825699 ], [ 15.40028298, 43.7349568548237 ] ], [ [ 15.39183795, 43.739512554825509 ], [ 15.39715147, 43.742141594826599 ], [ 15.39089215, 43.746164914828206 ], [ 15.38764167, 43.735587714823914 ], [ 15.39183795, 43.739512554825509 ] ], [ [ 15.38313842, 43.742001054826488 ], [ 15.37985611, 43.740461944825903 ], [ 15.38226461, 43.737239234824592 ], [ 15.38465381, 43.738318554825028 ], [ 15.38313842, 43.742001054826488 ] ], [ [ 15.37265742, 43.742541904826723 ], [ 15.3833884, 43.756940354832601 ], [ 15.36977363, 43.75599264483219 ], [ 15.36157727, 43.765158644835942 ], [ 15.31578195, 43.777438754840915 ], [ 15.35023665, 43.758437034833214 ], [ 15.36288703, 43.760305044833956 ], [ 15.3588382, 43.74958157482962 ], [ 15.37265742, 43.742541904826723 ] ], [ [ 15.35468221, 43.754856814831754 ], [ 15.35256135, 43.755510444832005 ], [ 15.35158896, 43.755488154832001 ], [ 15.35494173, 43.753147594831056 ], [ 15.35468221, 43.754856814831754 ] ], [ [ 15.34842062, 43.755103344831831 ], [ 15.34741354, 43.758190744833058 ], [ 15.33850062, 43.762598624834908 ], [ 15.34286463, 43.756299844832306 ], [ 15.34842062, 43.755103344831831 ] ], [ [ 15.31108165, 43.777110454840788 ], [ 15.31020176, 43.783145304843195 ], [ 15.29612815, 43.780473344842143 ], [ 15.30174172, 43.777629604840968 ], [ 15.31108165, 43.777110454840788 ] ], [ [ 15.33320761, 43.783322804843287 ], [ 15.33750105, 43.781035064842335 ], [ 15.34070981, 43.781640764842642 ], [ 15.33836424, 43.782984844843121 ], [ 15.33320761, 43.783322804843287 ] ], [ [ 15.34486687, 43.778525344841327 ], [ 15.34980786, 43.77262031483896 ], [ 15.35282707, 43.774072524839497 ], [ 15.35159194, 43.778020854841117 ], [ 15.34486687, 43.778525344841327 ] ], [ [ 15.40471435, 43.75420176483145 ], [ 15.40732503, 43.75308310483102 ], [ 15.40748346, 43.753214954831058 ], [ 15.40653884, 43.755004634831799 ], [ 15.40471435, 43.75420176483145 ] ], [ [ 15.38070476, 43.743208044827014 ], [ 15.38567257, 43.745622154828006 ], [ 15.38538945, 43.751136534830231 ], [ 15.38034892, 43.747053734828597 ], [ 15.38070476, 43.743208044827014 ] ], [ [ 15.42393458, 43.746638414828396 ], [ 15.42418921, 43.745092024827812 ], [ 15.42672384, 43.744577764827547 ], [ 15.42639065, 43.747302164828682 ], [ 15.42393458, 43.746638414828396 ] ], [ [ 15.29220176, 43.785531034844162 ], [ 15.29427934, 43.789831754845913 ], [ 15.28918672, 43.791331044846551 ], [ 15.2877202, 43.789268844845665 ], [ 15.29220176, 43.785531034844162 ] ], [ [ 15.27779376, 43.797246454848917 ], [ 15.27746046, 43.803306454851359 ], [ 15.27501857, 43.804098834851715 ], [ 15.26056087, 43.801828614850791 ], [ 15.27779376, 43.797246454848917 ] ], [ [ 15.25572121, 43.804958214852029 ], [ 15.25573945, 43.807659504853127 ], [ 15.25433195, 43.807958354853255 ], [ 15.25310671, 43.805045364852091 ], [ 15.25572121, 43.804958214852029 ] ], [ [ 15.25285566, 43.808298944853405 ], [ 15.25988007, 43.812085024854944 ], [ 15.24599051, 43.812881464855231 ], [ 15.25059116, 43.810928934854473 ], [ 15.25285566, 43.808298944853405 ] ], [ [ 15.27515018, 43.812917944855265 ], [ 15.27743554, 43.812342514855047 ], [ 15.27668965, 43.813719744855561 ], [ 15.27515018, 43.812917944855265 ] ], [ [ 15.27860224, 43.810598364854307 ], [ 15.28473973, 43.805778144852411 ], [ 15.28617632, 43.806113714852515 ], [ 15.27916872, 43.812034724854897 ], [ 15.27860224, 43.810598364854307 ] ], [ [ 15.27166212, 43.809389944853812 ], [ 15.26924145, 43.806977024852912 ], [ 15.27228367, 43.805287954852176 ], [ 15.27166212, 43.809389944853812 ] ], [ [ 15.29376042, 43.798409334849367 ], [ 15.29716575, 43.798014154849234 ], [ 15.29509354, 43.80106031485046 ], [ 15.29299808, 43.800614114850269 ], [ 15.29376042, 43.798409334849367 ] ], [ [ 15.25124562, 43.814474334855909 ], [ 15.26574945, 43.817189334856963 ], [ 15.26476645, 43.822684044859223 ], [ 15.24917293, 43.830830214862523 ], [ 15.25376642, 43.820997944858561 ], [ 15.22348654, 43.834824314864122 ], [ 15.25124562, 43.814474334855909 ] ], [ [ 15.23120654, 43.825239054860248 ], [ 15.23335826, 43.827124704860999 ], [ 15.22656095, 43.827435254861115 ], [ 15.23062635, 43.823683134859643 ], [ 15.23120654, 43.825239054860248 ] ], [ [ 15.28045046, 43.817898144857239 ], [ 15.28253365, 43.8189487448577 ], [ 15.28010523, 43.820339194858292 ], [ 15.27994192, 43.818166844857416 ], [ 15.28045046, 43.817898144857239 ] ], [ [ 15.24195874, 43.838584064865614 ], [ 15.24007761, 43.839378354865985 ], [ 15.23873627, 43.83735775486516 ], [ 15.23943222, 43.837123034865058 ], [ 15.24195874, 43.838584064865614 ] ], [ [ 15.23745561, 43.844375004867985 ], [ 15.23814011, 43.845397944868402 ], [ 15.23551202, 43.846912024868999 ], [ 15.23463261, 43.84584247486859 ], [ 15.23745561, 43.844375004867985 ] ], [ [ 15.23458564, 43.846967334869007 ], [ 15.23451543, 43.854287024872001 ], [ 15.22562957, 43.859634034874141 ], [ 15.22113895, 43.856035104872703 ], [ 15.23458564, 43.846967334869007 ] ], [ [ 15.21430373, 43.850885504870604 ], [ 15.21366131, 43.851091734870721 ], [ 15.21204627, 43.849211444869958 ], [ 15.21515048, 43.849059694869872 ], [ 15.21430373, 43.850885504870604 ] ], [ [ 15.21123993, 43.850866554870606 ], [ 15.20625031, 43.853639594871744 ], [ 15.20440757, 43.852982754871469 ], [ 15.20651305, 43.849998344870251 ], [ 15.21123993, 43.850866554870606 ] ], [ [ 15.21331811, 43.858073464873542 ], [ 15.21070385, 43.858006474873477 ], [ 15.21037173, 43.856023544872698 ], [ 15.21451735, 43.856784334872955 ], [ 15.21331811, 43.858073464873542 ] ], [ [ 15.23795867, 43.847579834869315 ], [ 15.24073148, 43.849550244870045 ], [ 15.23905706, 43.85136854487078 ], [ 15.23710012, 43.850122444870294 ], [ 15.23795867, 43.847579834869315 ] ], [ [ 15.22317302, 43.861310004874802 ], [ 15.22090232, 43.862203234875153 ], [ 15.22010577, 43.860872744874655 ], [ 15.22239065, 43.860033504874274 ], [ 15.22317302, 43.861310004874802 ] ], [ [ 15.21409166, 43.860827794874616 ], [ 15.21631575, 43.870180004878371 ], [ 15.21232665, 43.871976724879104 ], [ 15.20693386, 43.869290464878034 ], [ 15.21409166, 43.860827794874616 ] ], [ [ 15.20151365, 43.867115614877157 ], [ 15.19972181, 43.87852894488173 ], [ 15.17517877, 43.886920444885135 ], [ 15.1688807, 43.89713680488925 ], [ 15.15531397, 43.894011734887975 ], [ 15.14594126, 43.914880744896372 ], [ 15.13744223, 43.915211314896489 ], [ 15.13024175, 43.920955294898825 ], [ 15.13944173, 43.925826544900808 ], [ 15.14575541, 43.923333044899735 ], [ 15.14676762, 43.915479054896629 ], [ 15.16185546, 43.911113854894879 ], [ 15.15665674, 43.901664844891059 ], [ 15.17715812, 43.903082844891635 ], [ 15.21642566, 43.889274234886095 ], [ 15.20792174, 43.875563734880551 ], [ 15.22577524, 43.875291934880465 ], [ 15.21577024, 43.89801537488961 ], [ 15.22633064, 43.896296254888924 ], [ 15.22326756, 43.905314444892539 ], [ 15.17684674, 43.925118794900506 ], [ 15.16866076, 43.939189544906178 ], [ 15.11619425, 43.97077035491882 ], [ 15.11964703, 43.979620454922376 ], [ 15.09717608, 43.99020003492658 ], [ 15.09618664, 43.978769294922031 ], [ 15.05174696, 44.007634634933616 ], [ 15.02970302, 44.036098954944926 ], [ 15.02412903, 44.06340181495586 ], [ 15.00230181, 44.073539844959861 ], [ 15.00928104, 44.08278893496356 ], [ 14.9954226, 44.088332524965772 ], [ 14.99783576, 44.078831314962009 ], [ 14.94813371, 44.10194694497121 ], [ 14.94582725, 44.11810361497767 ], [ 14.92202306, 44.122585414979412 ], [ 14.91159224, 44.142447944987303 ], [ 14.85761178, 44.17704331500105 ], [ 14.85580516, 44.167921894997399 ], [ 14.87977993, 44.138884534985898 ], [ 14.84493601, 44.151943554991064 ], [ 14.86266255, 44.140518424986517 ], [ 14.85665023, 44.135431994984522 ], [ 14.82497072, 44.157271144993196 ], [ 14.83842385, 44.160199164994303 ], [ 14.82451892, 44.161671154994934 ], [ 14.81907058, 44.151358244990853 ], [ 14.82840776, 44.142033214987123 ], [ 14.87343264, 44.123227354979662 ], [ 14.87257945, 44.133501764983791 ], [ 14.88821244, 44.127183904981273 ], [ 14.93931377, 44.083905454964039 ], [ 14.99084544, 44.054697864952374 ], [ 15.10066915, 43.929282894902187 ], [ 15.18555665, 43.870470634878501 ], [ 15.20151365, 43.867115614877157 ] ], [ [ 15.18330014, 43.871065964878746 ], [ 15.18107367, 43.86907886487792 ], [ 15.18115056, 43.86509644487635 ], [ 15.18455613, 43.867719044877354 ], [ 15.18330014, 43.871065964878746 ] ], [ [ 15.17904341, 43.874344344880072 ], [ 15.17469466, 43.874617804880181 ], [ 15.17817771, 43.87224554487922 ], [ 15.17904341, 43.874344344880072 ] ], [ [ 14.91940177, 44.093749394967958 ], [ 14.91621161, 44.093749994967951 ], [ 14.91422093, 44.092455504967425 ], [ 14.91970122, 44.091123214966899 ], [ 14.91940177, 44.093749394967958 ] ], [ [ 14.80924404, 44.164257644995978 ], [ 14.80902696, 44.166207904996739 ], [ 14.80735993, 44.163510434995644 ], [ 14.80924404, 44.164257644995978 ] ], [ [ 14.91427314, 44.183242195003508 ], [ 14.92773724, 44.173373574999587 ], [ 14.93981385, 44.168547504997683 ], [ 14.92697322, 44.184132215003856 ], [ 14.90533948, 44.191477655006722 ], [ 14.91427314, 44.183242195003508 ] ], [ [ 14.84671474, 44.188704365005655 ], [ 14.84301496, 44.187859645005283 ], [ 14.84318876, 44.187341805005097 ], [ 14.84745073, 44.186298845004686 ], [ 14.84671474, 44.188704365005655 ] ], [ [ 14.89953935, 44.191324345006677 ], [ 14.90150917, 44.193829655007654 ], [ 14.89745235, 44.197662705009208 ], [ 14.89742351, 44.192315455007034 ], [ 14.89953935, 44.191324345006677 ] ], [ [ 14.91199934, 44.169991964998246 ], [ 14.88956595, 44.175197355000265 ], [ 14.90129161, 44.162202234995149 ], [ 14.94820046, 44.144698614988187 ], [ 14.91199934, 44.169991964998246 ] ], [ [ 14.85487223, 44.184700965004041 ], [ 14.85198545, 44.180859445002504 ], [ 14.85573781, 44.177742835001311 ], [ 14.85763001, 44.180319545002348 ], [ 14.85487223, 44.184700965004041 ] ], [ [ 14.93752956, 44.142087214987185 ], [ 14.94177318, 44.142567744987353 ], [ 14.9418236, 44.143353934987658 ], [ 14.93784845, 44.14382051498783 ], [ 14.93752956, 44.142087214987185 ] ], [ [ 14.95076323, 44.136002774984767 ], [ 14.95307553, 44.135436174984491 ], [ 14.95351422, 44.137029164985151 ], [ 14.95175171, 44.13800572498554 ], [ 14.95076323, 44.136002774984767 ] ], [ [ 14.92776227, 44.129567974982173 ], [ 14.92679346, 44.128712524981843 ], [ 14.92877245, 44.126132604980832 ], [ 14.93004835, 44.127604244981363 ], [ 14.92776227, 44.129567974982173 ] ], [ [ 15.03986144, 44.123031844979579 ], [ 15.04193246, 44.123353114979693 ], [ 15.03834283, 44.124905704980335 ], [ 15.03952885, 44.123221754979703 ], [ 15.03986144, 44.123031844979579 ] ], [ [ 14.94944716, 44.113996024976025 ], [ 14.95295715, 44.116320604976949 ], [ 14.94994223, 44.118924374977965 ], [ 14.95075405, 44.115537634976597 ], [ 14.94944716, 44.113996024976025 ] ], [ [ 14.98718381, 44.088114854965703 ], [ 14.99213445, 44.088813534965936 ], [ 14.99175251, 44.093382944967821 ], [ 14.98602295, 44.090320104966601 ], [ 14.98718381, 44.088114854965703 ] ], [ [ 15.07036531, 44.08268653496355 ], [ 15.07707071, 44.052360764951473 ], [ 15.16745305, 43.99622213492902 ], [ 15.15096045, 44.012447354935517 ], [ 15.15478373, 44.022761934939666 ], [ 15.13117993, 44.032374974943494 ], [ 15.09675646, 44.072013134959334 ], [ 15.07036531, 44.08268653496355 ] ], [ [ 15.12167311, 44.051990624951294 ], [ 15.12330902, 44.051766744951223 ], [ 15.12249148, 44.054164644952188 ], [ 15.12163007, 44.052853464951681 ], [ 15.12167311, 44.051990624951294 ] ], [ [ 15.13631237, 44.035595414944751 ], [ 15.13819265, 44.039757724946412 ], [ 15.13353562, 44.043062324947748 ], [ 15.13124466, 44.039108864946172 ], [ 15.13631237, 44.035595414944751 ] ], [ [ 15.21001673, 44.028725734942 ], [ 15.21201372, 44.02852630494197 ], [ 15.21552086, 44.029691334942399 ], [ 15.21088135, 44.03271626494363 ], [ 15.21001673, 44.028725734942 ] ], [ [ 15.21778631, 44.022541874939535 ], [ 15.21962404, 44.022058954939368 ], [ 15.22180498, 44.023250334939846 ], [ 15.21736765, 44.023170104939794 ], [ 15.21778631, 44.022541874939535 ] ], [ [ 15.15866184, 44.011021254934924 ], [ 15.16353357, 44.008322234933829 ], [ 15.15957594, 44.012068624935374 ], [ 15.15866184, 44.011021254934924 ] ], [ [ 15.17452598, 44.010009644934549 ], [ 15.1764369, 44.008638734934003 ], [ 15.17511535, 44.011892554935329 ], [ 15.17452598, 44.010009644934549 ] ], [ [ 15.24076247, 44.00927996493423 ], [ 15.23902655, 44.007987974933719 ], [ 15.23961115, 44.006824724933246 ], [ 15.24182355, 44.008826844934099 ], [ 15.24076247, 44.00927996493423 ] ], [ [ 15.08563614, 43.998230814929812 ], [ 15.08312511, 43.996561044929166 ], [ 15.09401333, 43.989838114926478 ], [ 15.09313786, 43.993962164928149 ], [ 15.08563614, 43.998230814929812 ] ], [ [ 15.09193122, 44.001658554931183 ], [ 15.09123015, 44.002713434931614 ], [ 15.08943105, 44.001244894931006 ], [ 15.09052002, 44.000680324930812 ], [ 15.09193122, 44.001658554931183 ] ], [ [ 15.08602512, 44.010900964934905 ], [ 15.06269372, 44.03216540494337 ], [ 15.06563294, 44.040003054946503 ], [ 15.05092704, 44.04289769494769 ], [ 15.06235623, 44.028610934941987 ], [ 15.05429292, 44.022995344939716 ], [ 15.07708871, 44.008492824933924 ], [ 15.08602512, 44.010900964934905 ] ], [ [ 15.04129446, 44.037250634945444 ], [ 15.04156601, 44.039636244946401 ], [ 15.03971481, 44.040233244946606 ], [ 15.03865707, 44.038083074945732 ], [ 15.04129446, 44.037250634945444 ] ], [ [ 15.10267735, 44.030355804942651 ], [ 15.10472906, 44.029959434942505 ], [ 15.10502136, 44.031450624943112 ], [ 15.10328877, 44.032219044943439 ], [ 15.10267735, 44.030355804942651 ] ], [ [ 15.11238468, 44.015278814936657 ], [ 15.11528361, 44.015672444936776 ], [ 15.11593974, 44.018313044937848 ], [ 15.11257851, 44.017395014937506 ], [ 15.11238468, 44.015278814936657 ] ], [ [ 15.07282925, 44.064705964956381 ], [ 15.07051897, 44.065420024956659 ], [ 15.06935954, 44.063373444955857 ], [ 15.07130337, 44.062952274955649 ], [ 15.07282925, 44.064705964956381 ] ], [ [ 15.06570101, 44.065165514956561 ], [ 15.06725371, 44.067655794957545 ], [ 15.06279445, 44.070670244958713 ], [ 15.06163657, 44.069851754958421 ], [ 15.06570101, 44.065165514956561 ] ], [ [ 15.05658185, 44.081651324963111 ], [ 15.05258667, 44.079119914962128 ], [ 15.06006396, 44.076774714961211 ], [ 15.06020975, 44.077082744961324 ], [ 15.05658185, 44.081651324963111 ] ], [ [ 15.13736653, 43.970171924918603 ], [ 15.13247406, 43.966129414916978 ], [ 15.14346063, 43.958995214914125 ], [ 15.14115536, 43.968516344917937 ], [ 15.13736653, 43.970171924918603 ] ], [ [ 15.14594078, 43.962089414915326 ], [ 15.14867628, 43.962112424915382 ], [ 15.14878476, 43.963665244915966 ], [ 15.14614856, 43.964638824916356 ], [ 15.14594078, 43.962089414915326 ] ], [ [ 15.16868806, 43.96228193491541 ], [ 15.17080796, 43.960850714914869 ], [ 15.17300081, 43.961830254915228 ], [ 15.16973734, 43.963364954915846 ], [ 15.16868806, 43.96228193491541 ] ], [ [ 15.17706442, 43.95183562491124 ], [ 15.17924404, 43.955759634912795 ], [ 15.17669356, 43.95705663491335 ], [ 15.17542851, 43.954803934912391 ], [ 15.17706442, 43.95183562491124 ] ], [ [ 15.19572187, 43.946928734909292 ], [ 15.20622575, 43.928701754901915 ], [ 15.22692788, 43.920510164898644 ], [ 15.21230245, 43.937992924905664 ], [ 15.19572187, 43.946928734909292 ] ], [ [ 15.27194214, 43.937808864905598 ], [ 15.28003502, 43.936557044905086 ], [ 15.28057063, 43.93835246490584 ], [ 15.27060318, 43.94139921490703 ], [ 15.27194214, 43.937808864905598 ] ], [ [ 15.28582323, 43.939423554906242 ], [ 15.2846235, 43.931462044903036 ], [ 15.31784761, 43.915502064896664 ], [ 15.30700874, 43.927412624901393 ], [ 15.28582323, 43.939423554906242 ] ], [ [ 15.32150817, 43.914124604896095 ], [ 15.32546115, 43.90746271489337 ], [ 15.32944393, 43.906065694892824 ], [ 15.33064115, 43.911878344895186 ], [ 15.32150817, 43.914124604896095 ] ], [ [ 15.33617556, 43.907294264893324 ], [ 15.34095836, 43.900874254890759 ], [ 15.34950197, 43.897763604889484 ], [ 15.33888638, 43.907473794893406 ], [ 15.33617556, 43.907294264893324 ] ], [ [ 15.25362313, 43.901736854891091 ], [ 15.24693835, 43.899394864890176 ], [ 15.25476301, 43.892650834887469 ], [ 15.25681126, 43.899216404890097 ], [ 15.25362313, 43.901736854891091 ] ], [ [ 15.27631485, 43.905119174892434 ], [ 15.27345896, 43.906528944893033 ], [ 15.2732321, 43.906308644892967 ], [ 15.27368414, 43.90476536489232 ], [ 15.27631485, 43.905119174892434 ] ], [ [ 15.25258195, 43.905908344892801 ], [ 15.25254893, 43.90657853489305 ], [ 15.25101233, 43.907678594893447 ], [ 15.25139606, 43.905419224892569 ], [ 15.25258195, 43.905908344892801 ] ], [ [ 15.26599872, 43.907209154893316 ], [ 15.26667631, 43.91003834489446 ], [ 15.2649585, 43.910957804894821 ], [ 15.26410973, 43.909351224894174 ], [ 15.26599872, 43.907209154893316 ] ], [ [ 15.26147497, 43.912738434895537 ], [ 15.26074743, 43.917026514897259 ], [ 15.25704861, 43.913850894895994 ], [ 15.26147497, 43.912738434895537 ] ], [ [ 15.23203647, 43.916986934897253 ], [ 15.22938645, 43.9185759948979 ], [ 15.22820973, 43.917699574897547 ], [ 15.23033536, 43.915151354896501 ], [ 15.23203647, 43.916986934897253 ] ], [ [ 15.27455997, 43.920975794898794 ], [ 15.25874436, 43.928064814901674 ], [ 15.25686896, 43.926547044901071 ], [ 15.26145792, 43.920347564898577 ], [ 15.27455997, 43.920975794898794 ] ], [ [ 15.2865839, 43.926174874900973 ], [ 15.28938687, 43.925929544900825 ], [ 15.28937721, 43.927644124901491 ], [ 15.28711808, 43.928325524901773 ], [ 15.2865839, 43.926174874900973 ] ], [ [ 15.28268146, 43.926013704900868 ], [ 15.28065884, 43.925931324900802 ], [ 15.27940893, 43.921273104898951 ], [ 15.28422403, 43.92149125489906 ], [ 15.28268146, 43.926013704900868 ] ], [ [ 15.22860587, 43.889071694886006 ], [ 15.23491824, 43.886873834885144 ], [ 15.23800516, 43.888205164885647 ], [ 15.2340281, 43.8920704048872 ], [ 15.22860587, 43.889071694886006 ] ], [ [ 15.24865365, 43.887163874885239 ], [ 15.24888206, 43.889998074886407 ], [ 15.24602926, 43.89118301488687 ], [ 15.24619496, 43.888661734885829 ], [ 15.24865365, 43.887163874885239 ] ], [ [ 15.25782561, 43.887181634885216 ], [ 15.26050925, 43.886315934884912 ], [ 15.25771713, 43.890836114886696 ], [ 15.25697601, 43.890160314886465 ], [ 15.25782561, 43.887181634885216 ] ], [ [ 15.1378957, 43.919775244898325 ], [ 15.1375463, 43.922144164899322 ], [ 15.13436735, 43.921241634898912 ], [ 15.13443172, 43.918573014897852 ], [ 15.1378957, 43.919775244898325 ] ], [ [ 15.13932276, 43.920829644898795 ], [ 15.14305091, 43.921256414898949 ], [ 15.14101195, 43.924049134900052 ], [ 15.13850915, 43.922753444899548 ], [ 15.13932276, 43.920829644898795 ] ], [ [ 15.24165487, 43.877270934881274 ], [ 15.24362028, 43.877599834881423 ], [ 15.24156225, 43.879902114882327 ], [ 15.24116135, 43.879572864882164 ], [ 15.24165487, 43.877270934881274 ] ], [ [ 15.2717303, 43.864456644876107 ], [ 15.26843894, 43.862034434875099 ], [ 15.28029037, 43.857434264873262 ], [ 15.28113592, 43.860805144874611 ], [ 15.2717303, 43.864456644876107 ] ], [ [ 15.28483474, 43.857924934873424 ], [ 15.28726315, 43.857635374873325 ], [ 15.28832102, 43.858301394873571 ], [ 15.28640151, 43.859131454873932 ], [ 15.28483474, 43.857924934873424 ] ], [ [ 15.39365447, 43.891518944886997 ], [ 15.40242422, 43.882567634883358 ], [ 15.41099775, 43.883499254883773 ], [ 15.397192, 43.89351713488783 ], [ 15.39365447, 43.891518944886997 ] ], [ [ 15.41175807, 43.888552544885783 ], [ 15.41330564, 43.890222424886495 ], [ 15.4098289, 43.89121233488688 ], [ 15.40966284, 43.890007254886406 ], [ 15.41175807, 43.888552544885783 ] ], [ [ 15.3097831, 43.887107844885179 ], [ 15.3085798, 43.885706894884649 ], [ 15.31066847, 43.884220354884029 ], [ 15.31105173, 43.884419194884153 ], [ 15.3097831, 43.887107844885179 ] ], [ [ 15.35248852, 43.890020604886374 ], [ 15.35086155, 43.889135354886044 ], [ 15.35149086, 43.887634744885389 ], [ 15.35334897, 43.888365024885751 ], [ 15.35248852, 43.890020604886374 ] ], [ [ 15.33162653, 43.876273744880848 ], [ 15.33580613, 43.876576064880943 ], [ 15.33620131, 43.880244844882476 ], [ 15.33105814, 43.877121444881183 ], [ 15.33162653, 43.876273744880848 ] ], [ [ 15.03921378, 44.129719724982237 ], [ 15.03923404, 44.130541434982568 ], [ 15.03784561, 44.131585714982961 ], [ 15.03759146, 44.128998034981919 ], [ 15.03921378, 44.129719724982237 ] ], [ [ 14.83556044, 44.224488135019776 ], [ 14.83206666, 44.225279565020109 ], [ 14.83227372, 44.222358345018897 ], [ 14.83463895, 44.22211980501887 ], [ 14.83556044, 44.224488135019776 ] ], [ [ 14.7790333, 44.217333665016938 ], [ 14.78090775, 44.225124355020043 ], [ 14.765625, 44.22516726502004 ], [ 14.77186513, 44.219845765017951 ], [ 14.7790333, 44.217333665016938 ] ], [ [ 14.79388642, 44.218747845017546 ], [ 14.79729927, 44.218243475017275 ], [ 14.79700685, 44.22224294501892 ], [ 14.79206586, 44.22183775501874 ], [ 14.79388642, 44.218747845017546 ] ], [ [ 14.7847805, 44.234027025023579 ], [ 14.78298342, 44.233151905023213 ], [ 14.78575015, 44.230723015022257 ], [ 14.78637517, 44.233355515023305 ], [ 14.7847805, 44.234027025023579 ] ], [ [ 14.75595164, 44.247490165028864 ], [ 14.75277293, 44.248675105029335 ], [ 14.75188935, 44.248008245029069 ], [ 14.75411236, 44.245378845028014 ], [ 14.75595164, 44.247490165028864 ] ], [ [ 14.73694456, 44.25298702503104 ], [ 14.73642337, 44.253195635031105 ], [ 14.73333228, 44.251940845030589 ], [ 14.7366389, 44.251238935030365 ], [ 14.73694456, 44.25298702503104 ] ], [ [ 14.75848246, 44.254986635031855 ], [ 14.75664008, 44.25532769503193 ], [ 14.75560856, 44.254776835031713 ], [ 14.75968826, 44.253648635031297 ], [ 14.75848246, 44.254986635031855 ] ], [ [ 14.7326498, 44.263583295035204 ], [ 14.72845781, 44.261770245034512 ], [ 14.73774517, 44.261517045034402 ], [ 14.73614681, 44.263482325035199 ], [ 14.7326498, 44.263583295035204 ] ], [ [ 14.71456826, 44.27050530503795 ], [ 14.71370268, 44.278631445041142 ], [ 14.72807193, 44.274371615039442 ], [ 14.72115982, 44.284839145043577 ], [ 14.68705976, 44.290753245045913 ], [ 14.71456826, 44.27050530503795 ] ], [ [ 14.65921915, 44.312283635054385 ], [ 14.59212828, 44.356727595071838 ], [ 14.58206093, 44.351241345069681 ], [ 14.59411645, 44.336087935063695 ], [ 14.61921525, 44.328379745060701 ], [ 14.64221215, 44.308388465052829 ], [ 14.66894543, 44.30132793505004 ], [ 14.65921915, 44.312283635054385 ] ], [ [ 14.59869075, 44.33040141506148 ], [ 14.58626413, 44.338351605064624 ], [ 14.59692705, 44.329983115061331 ], [ 14.59869075, 44.33040141506148 ] ], [ [ 14.58049905, 44.356148715071583 ], [ 14.5790323, 44.354655735070978 ], [ 14.58130658, 44.352341645070098 ], [ 14.58214855, 44.355590215071409 ], [ 14.58049905, 44.356148715071583 ] ], [ [ 14.69612515, 44.357704155072241 ], [ 14.71998465, 44.346666455067883 ], [ 14.7295562, 44.350636235069416 ], [ 14.72188771, 44.364589325074867 ], [ 14.70336676, 44.372554775078015 ], [ 14.70622957, 44.39927696508849 ], [ 14.69504333, 44.409666175092532 ], [ 14.67512727, 44.413166045093888 ], [ 14.66332746, 44.407539605091664 ], [ 14.66064322, 44.394842855086736 ], [ 14.68404841, 44.387686125083938 ], [ 14.69612515, 44.357704155072241 ] ], [ [ 14.57482886, 44.365998855075425 ], [ 14.57083952, 44.363899105074658 ], [ 14.57445896, 44.361374375073638 ], [ 14.57804787, 44.363787165074562 ], [ 14.57482886, 44.365998855075425 ] ], [ [ 14.57049596, 44.411241045093135 ], [ 14.56760526, 44.412796845093737 ], [ 14.56766915, 44.409222715092383 ], [ 14.57052255, 44.408689855092142 ], [ 14.57049596, 44.411241045093135 ] ], [ [ 14.765625, 44.41071414509296 ], [ 14.77612662, 44.378694055080388 ], [ 14.74367607, 44.368500225076474 ], [ 14.79639745, 44.340518235065474 ], [ 14.81720626, 44.341009965065666 ], [ 14.82198834, 44.353909125070722 ], [ 14.79455733, 44.383611315082319 ], [ 14.80548465, 44.388806815084429 ], [ 14.80899763, 44.404535045090512 ], [ 14.78477955, 44.422091125097396 ], [ 14.77017796, 44.41328334509398 ], [ 14.76024723, 44.416754245095326 ], [ 14.765625, 44.41071414509296 ] ], [ [ 14.75594473, 44.418972845096178 ], [ 14.75335574, 44.418004745095814 ], [ 14.75852203, 44.417327635095553 ], [ 14.75594473, 44.418972845096178 ] ], [ [ 14.94325471, 44.407380215091649 ], [ 14.96859622, 44.401334635089256 ], [ 14.89868236, 44.45560085511044 ], [ 14.88083434, 44.453854435109768 ], [ 14.94325471, 44.407380215091649 ] ], [ [ 14.73574674, 44.433373565101753 ], [ 14.73210967, 44.430887335100827 ], [ 14.73824751, 44.428127995099729 ], [ 14.73789895, 44.432225935101343 ], [ 14.73574674, 44.433373565101753 ] ], [ [ 14.55091345, 44.440588345104594 ], [ 14.55863726, 44.44725024510722 ], [ 14.57951105, 44.441038605104772 ], [ 14.57009423, 44.454763525110124 ], [ 14.55883145, 44.457098005111021 ], [ 14.54200637, 44.465114825114142 ], [ 14.53034556, 44.45142590510882 ], [ 14.55091345, 44.440588345104594 ] ], [ [ 14.55615544, 44.459766745112105 ], [ 14.56603694, 44.459947815112137 ], [ 14.54243815, 44.471418375116592 ], [ 14.54159975, 44.467761275115222 ], [ 14.55615544, 44.459766745112105 ] ], [ [ 14.8647722, 44.469135045115735 ], [ 14.87310851, 44.467241995114982 ], [ 14.86730194, 44.478494405119406 ], [ 14.84705687, 44.486817235122643 ], [ 14.8647722, 44.469135045115735 ] ], [ [ 14.54263341, 44.480130315120036 ], [ 14.54063153, 44.476780405118696 ], [ 14.54414403, 44.473894945117593 ], [ 14.54615092, 44.476264355118531 ], [ 14.54263341, 44.480130315120036 ] ], [ [ 14.56698906, 44.486706845122526 ], [ 14.56223488, 44.502650735128753 ], [ 14.54534984, 44.508673305131097 ], [ 14.56564331, 44.482398865120857 ], [ 14.56698906, 44.486706845122526 ] ], [ [ 14.54250252, 44.494816535125722 ], [ 14.54072845, 44.495602245125987 ], [ 14.54228973, 44.492576475124842 ], [ 14.54250252, 44.494816535125722 ] ], [ [ 14.89633894, 44.498478055127109 ], [ 14.89699376, 44.499237535127463 ], [ 14.8952651, 44.500626325128003 ], [ 14.89535797, 44.49925565512747 ], [ 14.89633894, 44.498478055127109 ] ], [ [ 14.99562454, 44.43484925510235 ], [ 14.99754572, 44.433400745101792 ], [ 14.99848855, 44.435985325102791 ], [ 14.99592936, 44.436968555103178 ], [ 14.99562454, 44.43484925510235 ] ], [ [ 14.99371052, 44.399254555088476 ], [ 14.99186456, 44.397015805087605 ], [ 14.99668455, 44.394428845086566 ], [ 14.99881422, 44.39693104508757 ], [ 14.99371052, 44.399254555088476 ] ], [ [ 14.89383447, 44.393962735086397 ], [ 14.8941946, 44.396029945087221 ], [ 14.89194691, 44.395860905087162 ], [ 14.89246464, 44.394105425086458 ], [ 14.89383447, 44.393962735086397 ] ], [ [ 14.97715425, 44.398713705088277 ], [ 14.97530818, 44.397218465087633 ], [ 14.97838044, 44.396636245087443 ], [ 14.97858763, 44.39776896508787 ], [ 14.97715425, 44.398713705088277 ] ], [ [ 14.86364925, 44.371093745077452 ], [ 14.86822915, 44.374032015078612 ], [ 14.8472141, 44.389382235084589 ], [ 14.85243201, 44.378577945080373 ], [ 14.86364925, 44.371093745077452 ] ], [ [ 14.87338138, 44.362365245074002 ], [ 14.87644875, 44.360326645073243 ], [ 14.87837553, 44.361532445073706 ], [ 14.87539124, 44.364690535074956 ], [ 14.87338138, 44.362365245074002 ] ], [ [ 14.75627065, 44.405694835090991 ], [ 14.75510144, 44.404157395090344 ], [ 14.75779581, 44.402913445089901 ], [ 14.75818264, 44.403043145089939 ], [ 14.75627065, 44.405694835090991 ] ], [ [ 14.68991303, 44.332385055062275 ], [ 14.69590974, 44.327475425060321 ], [ 14.69991171, 44.326791045060084 ], [ 14.69950473, 44.328392025060737 ], [ 14.68991303, 44.332385055062275 ] ], [ [ 14.70425975, 44.322163105058245 ], [ 14.70476603, 44.324167125059013 ], [ 14.70016706, 44.326031445059755 ], [ 14.70093274, 44.323867555058953 ], [ 14.70425975, 44.322163105058245 ] ], [ [ 14.71427977, 44.314699405055286 ], [ 14.7159183, 44.316328635055967 ], [ 14.70718384, 44.321179505057856 ], [ 14.70749521, 44.319465515057175 ], [ 14.71427977, 44.314699405055286 ] ], [ [ 14.59541953, 44.542126765144097 ], [ 14.59331071, 44.542784925144367 ], [ 14.59233665, 44.54255842514425 ], [ 14.59578693, 44.540312045143374 ], [ 14.59541953, 44.542126765144097 ] ], [ [ 14.58439362, 44.552004805147902 ], [ 14.57972765, 44.555843825149346 ], [ 14.58306384, 44.544976225145184 ], [ 14.58724415, 44.547824855146303 ], [ 14.58439362, 44.552004805147902 ] ], [ [ 14.42004216, 44.592235205163455 ], [ 14.41765988, 44.590785255162928 ], [ 14.42053354, 44.589356535162345 ], [ 14.42175555, 44.591158625163075 ], [ 14.42004216, 44.592235205163455 ] ], [ [ 14.58089983, 44.669623255193308 ], [ 14.5724411, 44.672699805194497 ], [ 14.58136737, 44.662531015190552 ], [ 14.58444595, 44.665304535191673 ], [ 14.58089983, 44.669623255193308 ] ], [ [ 14.68771148, 44.687842605200345 ], [ 14.69342554, 44.689980145201183 ], [ 14.68436587, 44.695083855203066 ], [ 14.68283021, 44.690700645201389 ], [ 14.68771148, 44.687842605200345 ] ], [ [ 14.66192508, 44.720174545212714 ], [ 14.65927887, 44.718517295212074 ], [ 14.66863048, 44.712467065209744 ], [ 14.66504276, 44.715166925210795 ], [ 14.66192508, 44.720174545212714 ] ], [ [ 14.49209821, 44.725492235214752 ], [ 14.49087763, 44.727289905215486 ], [ 14.48865044, 44.720899455212994 ], [ 14.48993444, 44.720976345213039 ], [ 14.49209821, 44.725492235214752 ] ], [ [ 14.70462382, 44.809311625246799 ], [ 14.70687032, 44.809549205246881 ], [ 14.70619476, 44.811225055247526 ], [ 14.70369005, 44.810266605247151 ], [ 14.70462382, 44.809311625246799 ] ], [ [ 14.30525541, 44.496698855126446 ], [ 14.3270421, 44.510107515131658 ], [ 14.31009352, 44.508343575131001 ], [ 14.31061065, 44.515306945133652 ], [ 14.28919184, 44.521513815136124 ], [ 14.28801668, 44.511828295132318 ], [ 14.30525541, 44.496698855126446 ] ], [ [ 14.4269129, 44.552067755147966 ], [ 14.42135894, 44.550203915147222 ], [ 14.42198098, 44.548901315146701 ], [ 14.42459762, 44.549277655146845 ], [ 14.4269129, 44.552067755147966 ] ], [ [ 14.40380001, 44.552368515148061 ], [ 14.40148211, 44.55209505514798 ], [ 14.40176165, 44.55031716514727 ], [ 14.40415955, 44.550990695147519 ], [ 14.40380001, 44.552368515148061 ] ], [ [ 14.34079421, 44.561065545151401 ], [ 14.3288604, 44.568937295154477 ], [ 14.32490075, 44.568076005154147 ], [ 14.3324393, 44.559789775150925 ], [ 14.34079421, 44.561065545151401 ] ], [ [ 14.30119383, 44.590646145162886 ], [ 14.30159795, 44.583234425159972 ], [ 14.32448733, 44.56988024515482 ], [ 14.31927156, 44.578224655158046 ], [ 14.30119383, 44.590646145162886 ] ], [ [ 14.26589155, 44.631379365178582 ], [ 14.25266063, 44.647089835184644 ], [ 14.26617432, 44.639647245181763 ], [ 14.25557113, 44.658185715188928 ], [ 14.26535702, 44.655283445187784 ], [ 14.26215065, 44.66516804519155 ], [ 14.27426982, 44.655897735188049 ], [ 14.28587842, 44.658800005189143 ], [ 14.27886832, 44.689479945200901 ], [ 14.23787868, 44.659183615189306 ], [ 14.2469902, 44.634629845179873 ], [ 14.23119175, 44.627993695177267 ], [ 14.23642457, 44.618397945173562 ], [ 14.25347972, 44.618502375173577 ], [ 14.28208804, 44.604043125167998 ], [ 14.26589155, 44.631379365178582 ] ], [ [ 14.25673366, 44.675469515195559 ], [ 14.25439143, 44.677346345196291 ], [ 14.25401032, 44.674517145195217 ], [ 14.25673366, 44.675469515195559 ] ], [ [ 14.17661643, 44.729196665216179 ], [ 14.17392433, 44.728533265215923 ], [ 14.17356753, 44.726899025215282 ], [ 14.17579257, 44.727486125215556 ], [ 14.17661643, 44.729196665216179 ] ], [ [ 14.35162115, 44.776943795234395 ], [ 14.34840643, 44.777040715234477 ], [ 14.34745645, 44.775034065233726 ], [ 14.34958816, 44.77509545523376 ], [ 14.35162115, 44.776943795234395 ] ], [ [ 15.71249485, 43.621233214777284 ], [ 15.71486676, 43.62001215477683 ], [ 15.71513414, 43.620227454776867 ], [ 15.71347284, 43.622552034777847 ], [ 15.71249485, 43.621233214777284 ] ], [ [ 15.91060436, 43.59374999476605 ], [ 15.91061378, 43.592338194765489 ], [ 15.91365206, 43.592005364765363 ], [ 15.91369033, 43.593924394766155 ], [ 15.91060436, 43.59374999476605 ] ], [ [ 15.86970103, 43.575998534758824 ], [ 15.87212515, 43.575710054758673 ], [ 15.87167704, 43.578712224759919 ], [ 15.87011075, 43.577651254759502 ], [ 15.86970103, 43.575998534758824 ] ], [ [ 15.89617765, 43.569040534755963 ], [ 15.90332568, 43.567648044755387 ], [ 15.90556073, 43.568851464755852 ], [ 15.89628744, 43.574303744758154 ], [ 15.89617765, 43.569040534755963 ] ], [ [ 15.87493742, 43.565875164754637 ], [ 15.87646782, 43.563792934753806 ], [ 15.87945306, 43.563462844753666 ], [ 15.87775362, 43.566685314754984 ], [ 15.87493742, 43.565875164754637 ] ], [ [ 15.93115711, 43.54035794474418 ], [ 15.93448246, 43.539399144743832 ], [ 15.93514335, 43.543704864745571 ], [ 15.93230987, 43.543451424745484 ], [ 15.93115711, 43.54035794474418 ] ], [ [ 15.89151371, 43.539741864743959 ], [ 15.88703084, 43.540151354744154 ], [ 15.88728666, 43.537483924743036 ], [ 15.8915807, 43.536921854742793 ], [ 15.89151371, 43.539741864743959 ] ], [ [ 15.96949685, 43.519707914735719 ], [ 15.97502327, 43.525535344738103 ], [ 15.96917546, 43.530224194740065 ], [ 15.96756756, 43.521115654736306 ], [ 15.96949685, 43.519707914735719 ] ], [ [ 15.94340157, 43.519458644735579 ], [ 15.94121254, 43.518931864735343 ], [ 15.94175684, 43.517775414734935 ], [ 15.9438529, 43.51773917473492 ], [ 15.94340157, 43.519458644735579 ] ], [ [ 15.94263482, 43.510232564731815 ], [ 15.9449563, 43.513254394733067 ], [ 15.93851996, 43.516495344734409 ], [ 15.93707681, 43.515484204733987 ], [ 15.94263482, 43.510232564731815 ] ], [ [ 16.03324068, 43.479711644719238 ], [ 16.03444314, 43.478256334718665 ], [ 16.03376281, 43.481090664719815 ], [ 16.03324068, 43.479711644719238 ] ], [ [ 16.03197551, 43.476308104717894 ], [ 16.02626324, 43.474763034717206 ], [ 16.01733291, 43.474781864717201 ], [ 16.027794, 43.47021614471533 ], [ 16.03197551, 43.476308104717894 ] ], [ [ 16.04129863, 43.471511124715867 ], [ 16.04303634, 43.472168794716112 ], [ 16.04172337, 43.47425794471701 ], [ 16.04040325, 43.473373644716659 ], [ 16.04129863, 43.471511124715867 ] ], [ [ 16.01142645, 43.475058664717324 ], [ 16.00969613, 43.474976414717311 ], [ 16.01117563, 43.472984304716491 ], [ 16.01202142, 43.474462144717108 ], [ 16.01142645, 43.475058664717324 ] ], [ [ 16.13425422, 43.458539244710551 ], [ 16.14458275, 43.449826474706896 ], [ 16.1252439, 43.451313614707551 ], [ 16.12644494, 43.441601624703502 ], [ 16.11916852, 43.443550464704316 ], [ 16.10857415, 43.429250354698439 ], [ 16.14392376, 43.429203024698388 ], [ 16.15496552, 43.437961454702013 ], [ 16.16920745, 43.431959624699573 ], [ 16.17633176, 43.441789624703624 ], [ 16.16712284, 43.456175204709538 ], [ 16.13425422, 43.458539244710551 ] ], [ [ 16.17846417, 43.439842934702781 ], [ 16.18061197, 43.441334004703442 ], [ 16.17803443, 43.442281244703814 ], [ 16.17846417, 43.439842934702781 ] ], [ [ 16.17749763, 43.434881444700736 ], [ 16.17974055, 43.436100594701266 ], [ 16.17605996, 43.438984744702452 ], [ 16.17525256, 43.436736454701546 ], [ 16.17749763, 43.434881444700736 ] ], [ [ 16.09106803, 43.443524234704327 ], [ 16.09845555, 43.446427344705533 ], [ 16.08914733, 43.455284944709184 ], [ 16.05465281, 43.451166624707518 ], [ 16.05438185, 43.44585835470528 ], [ 16.08166015, 43.444619174704776 ], [ 16.08503151, 43.435456624701011 ], [ 16.09106803, 43.443524234704327 ] ], [ [ 16.11888516, 43.420115944694658 ], [ 16.12101698, 43.416480654693167 ], [ 16.13070774, 43.414978854692542 ], [ 16.12793696, 43.419532534694412 ], [ 16.11888516, 43.420115944694658 ] ], [ [ 16.13449573, 43.414658894692401 ], [ 16.13459492, 43.412447324691499 ], [ 16.13589335, 43.411531804691101 ], [ 16.13647187, 43.413551804691977 ], [ 16.13449573, 43.414658894692401 ] ], [ [ 16.20239174, 43.412612904691578 ], [ 16.20991075, 43.382417914679046 ], [ 16.23205662, 43.385022034680169 ], [ 16.2771337, 43.367205854672783 ], [ 16.28389955, 43.371088854674355 ], [ 16.31713164, 43.347880234664771 ], [ 16.35798705, 43.333149304658662 ], [ 16.36623526, 43.339190004661162 ], [ 16.36647165, 43.330818174657686 ], [ 16.37650704, 43.333438154658751 ], [ 16.38486064, 43.324311014654953 ], [ 16.38908172, 43.335080494659429 ], [ 16.39872754, 43.328939674656851 ], [ 16.32984245, 43.395359634684439 ], [ 16.32515824, 43.385043974680158 ], [ 16.31323636, 43.382847544679237 ], [ 16.31859624, 43.395790214684581 ], [ 16.30620325, 43.399859064686261 ], [ 16.30144537, 43.394069544683916 ], [ 16.29735363, 43.403088924687609 ], [ 16.27655625, 43.410932534690843 ], [ 16.20239174, 43.412612904691578 ] ], [ [ 16.43477964, 43.37531029467614 ], [ 16.45022225, 43.367471334672871 ], [ 16.44456911, 43.358238334669046 ], [ 16.46016181, 43.351684204666313 ], [ 16.43394923, 43.345818034663893 ], [ 16.44072402, 43.327317354656223 ], [ 16.42629635, 43.322527044654194 ], [ 16.40864801, 43.333283534658726 ], [ 16.40900385, 43.317380664652056 ], [ 16.42683923, 43.309205764648716 ], [ 16.43546176, 43.312749734650154 ], [ 16.43677366, 43.304753654646831 ], [ 16.45538425, 43.308031434648193 ], [ 16.45463252, 43.298431864644193 ], [ 16.46381462, 43.297109244643636 ], [ 16.46303141, 43.304229134646597 ], [ 16.46576774, 43.30631684464749 ], [ 16.48816943, 43.285293814638706 ], [ 16.49487758, 43.290668834640947 ], [ 16.50059676, 43.277460564635518 ], [ 16.50597918, 43.281504144637182 ], [ 16.52974951, 43.269489164632134 ], [ 16.63432717, 43.256298534626623 ], [ 16.82640266, 43.266516914630934 ], [ 16.8546468, 43.270824064632741 ], [ 16.86485183, 43.28628575463916 ], [ 16.87941587, 43.281425354637165 ], [ 16.88249481, 43.294876924642722 ], [ 16.89456701, 43.298408144644156 ], [ 16.88769567, 43.305355064647095 ], [ 16.89941454, 43.312740444650153 ], [ 16.84031045, 43.342473744662513 ], [ 16.83152795, 43.341264834661963 ], [ 16.83296192, 43.334348314659131 ], [ 16.82273817, 43.341165534661947 ], [ 16.79761302, 43.338708754660978 ], [ 16.81965411, 43.344905964663553 ], [ 16.81258011, 43.35176574466638 ], [ 16.78948212, 43.355114214667736 ], [ 16.78276205, 43.349845404665551 ], [ 16.78139401, 43.357308744668714 ], [ 16.74381053, 43.361798754670517 ], [ 16.74285507, 43.347808834664697 ], [ 16.73316348, 43.347616544664668 ], [ 16.73594415, 43.361982224670648 ], [ 16.65409184, 43.375214454676112 ], [ 16.60818112, 43.381084674678561 ], [ 16.59769154, 43.376723404676675 ], [ 16.59808457, 43.381642814678742 ], [ 16.54895461, 43.388533824681616 ], [ 16.51222098, 43.38343631467945 ], [ 16.44029176, 43.392763254683324 ], [ 16.42852735, 43.387587544681203 ], [ 16.43477964, 43.37531029467614 ] ], [ [ 16.19903505, 43.391230934682703 ], [ 16.19786227, 43.394893044684238 ], [ 16.19230294, 43.394078964683914 ], [ 16.19412363, 43.389358034681955 ], [ 16.19903505, 43.391230934682703 ] ], [ [ 16.18216944, 43.393734454683745 ], [ 16.18077314, 43.391637204682887 ], [ 16.18399811, 43.390329354682336 ], [ 16.18444145, 43.39241420468317 ], [ 16.18216944, 43.393734454683745 ] ], [ [ 16.18566751, 43.397416224685237 ], [ 16.18313944, 43.396940344685078 ], [ 16.18392301, 43.395446534684481 ], [ 16.18664706, 43.395850414684617 ], [ 16.18566751, 43.397416224685237 ] ], [ [ 16.17839336, 43.398753634685775 ], [ 16.18155515, 43.402600764687399 ], [ 16.16955936, 43.407625674689513 ], [ 16.171875, 43.399274464686023 ], [ 16.17839336, 43.398753634685775 ] ], [ [ 16.19528306, 43.400082344686368 ], [ 16.19775283, 43.400575514686551 ], [ 16.19779503, 43.401973244687177 ], [ 16.19302165, 43.401813264687114 ], [ 16.19528306, 43.400082344686368 ] ], [ [ 16.560353639999988, 43.23501932461776 ], [ 16.545313, 43.233150954617017 ], [ 16.54974055, 43.224228134613277 ], [ 16.52743018, 43.22964751461555 ], [ 16.51929247, 43.225026844613616 ], [ 16.53898025, 43.210449574607509 ], [ 16.55638313, 43.218772644611015 ], [ 16.56010342, 43.203161834604465 ], [ 16.57453942, 43.201560374603794 ], [ 16.57538605, 43.189347854598694 ], [ 16.59169447, 43.184935204596862 ], [ 16.58018064, 43.180659164595049 ], [ 16.56639254, 43.178575634594196 ], [ 16.52516043, 43.203365324604583 ], [ 16.47449243, 43.209621544607153 ], [ 16.46855044, 43.203961004604821 ], [ 16.45419204, 43.208120934606569 ], [ 16.44723368, 43.198955054602742 ], [ 16.43919075, 43.202791804604331 ], [ 16.43882322, 43.194776054600965 ], [ 16.43072152, 43.200425024603327 ], [ 16.43377471, 43.191793314599742 ], [ 16.41345954, 43.197696324602191 ], [ 16.41771054, 43.188711044598428 ], [ 16.39220655, 43.197444194602063 ], [ 16.36676371, 43.194120164600669 ], [ 16.40908778, 43.18348121459622 ], [ 16.44806421, 43.161607734587058 ], [ 16.46762395, 43.156888714585101 ], [ 16.48657537, 43.161901344587193 ], [ 16.54495347, 43.138574954577408 ], [ 16.56601346, 43.141104574578506 ], [ 16.66361225, 43.12090074456998 ], [ 16.78166986, 43.126953124572502 ], [ 16.93536615, 43.111973634566233 ], [ 16.98158157, 43.117150304568405 ], [ 17.11479092, 43.113079544566709 ], [ 17.19672585, 43.124577044571545 ], [ 17.14409053, 43.139432664577804 ], [ 17.06400216, 43.136093614576374 ], [ 16.95955491, 43.151911734583017 ], [ 16.89780235, 43.150730844582526 ], [ 16.89447558, 43.15583586458466 ], [ 16.88521457, 43.14834117458151 ], [ 16.87797403, 43.161802164587144 ], [ 16.84075582, 43.155406354584485 ], [ 16.82336891, 43.161749354587108 ], [ 16.74860418, 43.159629104586244 ], [ 16.7477349, 43.164614314588356 ], [ 16.72414517, 43.156626334585027 ], [ 16.70374465, 43.166371104589075 ], [ 16.69485557, 43.162270064587396 ], [ 16.69611895, 43.169333814590324 ], [ 16.67749143, 43.178979154594394 ], [ 16.70011222, 43.178573724594159 ], [ 16.66435206, 43.197772254602206 ], [ 16.66732216, 43.212332604608292 ], [ 16.65034556, 43.217896934610629 ], [ 16.6441828, 43.212515944608398 ], [ 16.64291644, 43.21899210461109 ], [ 16.63903463, 43.212785954608457 ], [ 16.61704385, 43.211646434608028 ], [ 16.60556853, 43.220315334611612 ], [ 16.58156991, 43.205586544605481 ], [ 16.58222485, 43.213860144608944 ], [ 16.56913364, 43.212929834608552 ], [ 16.57410455, 43.232444044616692 ], [ 16.560353639999988, 43.23501932461776 ] ], [ [ 16.69234765, 43.191406244599563 ], [ 16.69001853, 43.189252014598679 ], [ 16.69766927, 43.189482444598774 ], [ 16.69713461, 43.191375364599523 ], [ 16.69234765, 43.191406244599563 ] ], [ [ 16.38189542, 43.145607704580328 ], [ 16.37932825, 43.146012064580553 ], [ 16.37847853, 43.144063104579693 ], [ 16.37904406, 43.144139644579752 ], [ 16.38189542, 43.145607704580328 ] ], [ [ 16.3637979, 43.149495834582005 ], [ 16.36336064, 43.156106224584796 ], [ 16.35528386, 43.155123704584362 ], [ 16.36171591, 43.148944734581782 ], [ 16.3637979, 43.149495834582005 ] ], [ [ 16.36601043, 43.153956764583882 ], [ 16.37282896, 43.153480524583685 ], [ 16.37396014, 43.161730044587102 ], [ 16.37694585, 43.154320474584026 ], [ 16.40337956, 43.155570624584534 ], [ 16.40218186, 43.167065854589396 ], [ 16.38232696, 43.162216424587335 ], [ 16.38160145, 43.167423834589506 ], [ 16.36720204, 43.165164224588587 ], [ 16.35072541, 43.177260754593611 ], [ 16.33909965, 43.176466694593273 ], [ 16.33187044, 43.164327494588214 ], [ 16.34231222, 43.168805834590103 ], [ 16.34822404, 43.161173694586907 ], [ 16.36323154, 43.162606834587493 ], [ 16.36601043, 43.153956764583882 ] ], [ [ 16.31247926, 43.169330944590349 ], [ 16.31852615, 43.170317044590718 ], [ 16.31648672, 43.174795864592625 ], [ 16.30923247, 43.170182344590678 ], [ 16.31247926, 43.169330944590349 ] ], [ [ 16.33191395, 43.173359034592004 ], [ 16.33368051, 43.171207544591098 ], [ 16.33205783, 43.17451965459248 ], [ 16.33191395, 43.173359034592004 ] ], [ [ 16.32860076, 43.172851314591803 ], [ 16.32578337, 43.172682164591755 ], [ 16.32458043, 43.171595334591295 ], [ 16.32685375, 43.171528814591248 ], [ 16.32860076, 43.172851314591803 ] ], [ [ 16.36396885, 43.169183844590243 ], [ 16.36462462, 43.168005224589784 ], [ 16.36651015, 43.168961634590126 ], [ 16.36573172, 43.170025224590596 ], [ 16.36396885, 43.169183844590243 ] ], [ [ 16.42156625, 43.164217464588212 ], [ 16.41807771, 43.158005944585568 ], [ 16.41126823, 43.156678314585022 ], [ 16.41751933, 43.150489204582428 ], [ 16.42201436, 43.159937134586364 ], [ 16.42926455, 43.156093114584749 ], [ 16.42156625, 43.164217464588212 ] ], [ [ 16.43193006, 43.15614604458478 ], [ 16.43774414, 43.157845844585509 ], [ 16.43830133, 43.160473224586596 ], [ 16.43315041, 43.161916604587176 ], [ 16.43193006, 43.15614604458478 ] ], [ [ 16.40655792, 43.157255764585237 ], [ 16.40906358, 43.159499644586226 ], [ 16.41213381, 43.160326234586563 ], [ 16.40641272, 43.161317224586966 ], [ 16.40655792, 43.157255764585237 ] ], [ [ 16.41393197, 43.160772794586713 ], [ 16.41762674, 43.161670794587096 ], [ 16.41575623, 43.163611044587931 ], [ 16.41393197, 43.160772794586713 ] ], [ [ 16.68384624, 43.097474214560165 ], [ 16.66127813, 43.08634685455548 ], [ 16.71387434, 43.079588524552619 ], [ 16.74061894, 43.085801834555241 ], [ 16.73107612, 43.095114944559135 ], [ 16.70406616, 43.09783303456031 ], [ 16.69926858, 43.091482754557632 ], [ 16.69789255, 43.098123304560445 ], [ 16.68384624, 43.097474214560165 ] ], [ [ 16.18785322, 43.078680154552309 ], [ 16.10366738, 43.075539944550925 ], [ 16.05718076, 43.059329744544101 ], [ 16.04931235, 43.05333065454159 ], [ 16.06284285, 43.040481204536171 ], [ 16.08459651, 43.047319164539026 ], [ 16.09331322, 43.03584622453419 ], [ 16.09264314, 43.024398564529363 ], [ 16.06718183, 43.005595914521436 ], [ 16.11293364, 43.006355634521746 ], [ 16.171875, 43.014787904525299 ], [ 16.1716845, 43.020089144527546 ], [ 16.19492614, 43.017571204526519 ], [ 16.19681573, 43.023371094528983 ], [ 16.21526396, 43.016780134526165 ], [ 16.23071253, 43.040084234535975 ], [ 16.25255263, 43.049366114539922 ], [ 16.25508261, 43.072207324549503 ], [ 16.24182725, 43.064229604546178 ], [ 16.24276972, 43.076262344551239 ], [ 16.21068346, 43.071648954549289 ], [ 16.19316936, 43.057515014543341 ], [ 16.18611467, 43.061386464544967 ], [ 16.19909978, 43.074468134550472 ], [ 16.17869687, 43.077504154551818 ], [ 16.18785322, 43.078680154552309 ] ], [ [ 16.20417225, 43.07681941455148 ], [ 16.20126927, 43.075401894550879 ], [ 16.20142746, 43.075141904550769 ], [ 16.20461893, 43.075458044550913 ], [ 16.20417225, 43.07681941455148 ] ], [ [ 16.26465237, 43.048023454539383 ], [ 16.26680624, 43.049535864539969 ], [ 16.26735425, 43.052562704541231 ], [ 16.26505554, 43.049041504539744 ], [ 16.26465237, 43.048023454539383 ] ], [ [ 16.25465453, 43.033918734533394 ], [ 16.25868666, 43.036061634534313 ], [ 16.25658953, 43.037656894534969 ], [ 16.25384533, 43.034585704533676 ], [ 16.25465453, 43.033918734533394 ] ], [ [ 16.81518602, 43.031734344532488 ], [ 16.81671691, 43.029783954531652 ], [ 16.81966341, 43.028874034531256 ], [ 16.81606305, 43.032061334532571 ], [ 16.81518602, 43.031734344532488 ] ], [ [ 16.24316466, 43.028216114531013 ], [ 16.23921704, 43.028673644531182 ], [ 16.24272275, 43.021235344528016 ], [ 16.24953473, 43.025990834530035 ], [ 16.24316466, 43.028216114531013 ] ], [ [ 16.23124886, 43.021084664527955 ], [ 16.22317517, 43.018651834526963 ], [ 16.22338927, 43.014545554525228 ], [ 16.22883236, 43.014255634525107 ], [ 16.23124886, 43.021084664527955 ] ], [ [ 16.23826694, 43.025899524530033 ], [ 16.23639166, 43.025200004529715 ], [ 16.23667324, 43.02410983452927 ], [ 16.23899424, 43.02471744452955 ], [ 16.23826694, 43.025899524530033 ] ], [ [ 15.80288351, 43.004771944521103 ], [ 15.80276012, 43.007036914522082 ], [ 15.80040133, 43.007667534522326 ], [ 15.79954505, 43.005430094521394 ], [ 15.80288351, 43.004771944521103 ] ], [ [ 15.74240911, 43.017283554526436 ], [ 15.76140714, 43.021521804528177 ], [ 15.76868856, 43.031769864532464 ], [ 15.75064135, 43.034419764533624 ], [ 15.72585511, 43.024685614529503 ], [ 15.74240911, 43.017283554526436 ] ], [ [ 16.04543555, 43.055330154542446 ], [ 16.04318404, 43.055133694542349 ], [ 16.04372585, 43.053872344541809 ], [ 16.04575586, 43.053666344541696 ], [ 16.04543555, 43.055330154542446 ] ], [ [ 16.57452536, 43.086156124555423 ], [ 16.57466495, 43.087564104556009 ], [ 16.57221973, 43.087179534555851 ], [ 16.57452536, 43.086156124555423 ] ], [ [ 15.46173096, 43.090823644557389 ], [ 15.46060085, 43.091676944557733 ], [ 15.45858836, 43.091583364557692 ], [ 15.46173096, 43.090823644557389 ] ], [ [ 15.99675095, 42.958833574501682 ], [ 15.99560773, 42.952935214499171 ], [ 16.00801682, 42.961218234502688 ], [ 16.01941395, 42.958861344501649 ], [ 16.02516127, 42.975673904508788 ], [ 16.02186191, 42.987664574513893 ], [ 16.00484335, 42.994735954516862 ], [ 15.99675095, 42.958833574501682 ] ], [ [ 16.69289136, 42.994167444516584 ], [ 16.62730861, 42.984438654512473 ], [ 16.64506686, 42.973809114507979 ], [ 16.65457821, 42.983974924512296 ], [ 16.67710805, 42.973114244507748 ], [ 16.67430425, 42.968247054505653 ], [ 16.71607733, 42.964910744504238 ], [ 16.70952284, 42.957878944501267 ], [ 16.66144705, 42.953651544499486 ], [ 16.6689924, 42.943148254495043 ], [ 16.63868165, 42.937268844492564 ], [ 16.64039695, 42.9240150444869 ], [ 16.66220891, 42.914979574483105 ], [ 16.66435814, 42.92853843448885 ], [ 16.77517915, 42.903203004478051 ], [ 16.79222131, 42.906199214479358 ], [ 16.79260242, 42.902753344477901 ], [ 16.80066764, 42.905900474479246 ], [ 16.8298316, 42.904112334478462 ], [ 16.83672857, 42.901917574477544 ], [ 16.85251892, 42.907551044479931 ], [ 16.86085892, 42.90541922447904 ], [ 16.84888136, 42.897223464475559 ], [ 16.86453855, 42.893191574473811 ], [ 16.93917954, 42.909787054480894 ], [ 16.97505987, 42.926563254487981 ], [ 17.04573905, 42.922970404486463 ], [ 17.12013805, 42.906536454479514 ], [ 17.20251715, 42.917066444483986 ], [ 17.16065764, 42.92772554448846 ], [ 17.16437376, 42.935125944491624 ], [ 17.13583517, 42.963001004503433 ], [ 17.1108278, 42.958851454501719 ], [ 17.10601938, 42.96468960450418 ], [ 17.04660058, 42.972880234507592 ], [ 17.04774368, 42.980475654510819 ], [ 17.02083194, 42.973479024507903 ], [ 17.01006222, 42.978164314509833 ], [ 16.91072023, 42.971329444506949 ], [ 16.9004873, 42.963861814503808 ], [ 16.85386658, 42.957656144501193 ], [ 16.80854726, 42.968423834505764 ], [ 16.78430653, 42.967103234505167 ], [ 16.77921724, 42.973435394507838 ], [ 16.73454595, 42.980859754511009 ], [ 16.72490895, 42.989652744514714 ], [ 16.70691872, 42.986342904513343 ], [ 16.69289136, 42.994167444516584 ] ], [ [ 17.0518471, 42.980602494510869 ], [ 17.05229747, 42.978852624510154 ], [ 17.05502236, 42.980069274510647 ], [ 17.05381262, 42.981098644511057 ], [ 17.0518471, 42.980602494510869 ] ], [ [ 17.18930483, 42.959162234501775 ], [ 17.19169152, 42.955665464500385 ], [ 17.19601381, 42.958558554501543 ], [ 17.19064033, 42.96152424450279 ], [ 17.18930483, 42.959162234501775 ] ], [ [ 17.20125914, 42.955814714500413 ], [ 17.20396221, 42.956599704500732 ], [ 17.19980657, 42.957937234501294 ], [ 17.19946563, 42.957690354501167 ], [ 17.20125914, 42.955814714500413 ] ], [ [ 17.15540385, 42.95838701450149 ], [ 17.15597701, 42.951271054498456 ], [ 17.1686238, 42.950683344498202 ], [ 17.17047453, 42.955255504500137 ], [ 17.15540385, 42.95838701450149 ] ], [ [ 17.16931677, 42.94176375449441 ], [ 17.17202234, 42.943435064495141 ], [ 17.16588116, 42.948411694497246 ], [ 17.16396975, 42.945090764495824 ], [ 17.16931677, 42.94176375449441 ] ], [ [ 17.18971395, 42.93888294449323 ], [ 17.19224894, 42.938230864492937 ], [ 17.19487226, 42.939600224493503 ], [ 17.18980634, 42.941127054494125 ], [ 17.18971395, 42.93888294449323 ] ], [ [ 17.16795981, 42.938546654493088 ], [ 17.16574144, 42.934781544491486 ], [ 17.17301214, 42.932072394490312 ], [ 17.17209756, 42.937240594492536 ], [ 17.16795981, 42.938546654493088 ] ], [ [ 17.20198154, 42.934177634491235 ], [ 17.20378554, 42.93458354449141 ], [ 17.20617294, 42.937468764492621 ], [ 17.20300663, 42.936879274492362 ], [ 17.20198154, 42.934177634491235 ] ], [ [ 17.18135715, 42.931816454490225 ], [ 17.18133354, 42.930710664489759 ], [ 17.18569505, 42.9319901444903 ], [ 17.18335974, 42.933092704490733 ], [ 17.18135715, 42.931816454490225 ] ], [ [ 16.80356574, 42.892802354473659 ], [ 16.80977285, 42.894999854474619 ], [ 16.80982471, 42.895367254474735 ], [ 16.80073905, 42.895147914474656 ], [ 16.80356574, 42.892802354473659 ] ], [ [ 16.79752815, 42.896017904475038 ], [ 16.79424715, 42.895142074474641 ], [ 16.79420102, 42.891886944473264 ], [ 16.79822445, 42.894595734474393 ], [ 16.79752815, 42.896017904475038 ] ], [ [ 16.78824878, 42.89408802447425 ], [ 16.78655994, 42.894753454474497 ], [ 16.78516603, 42.894563674474384 ], [ 16.78797913, 42.893813244474096 ], [ 16.78824878, 42.89408802447425 ] ], [ [ 16.70286512, 42.89677845447536 ], [ 16.70350385, 42.897732254475741 ], [ 16.70122802, 42.89988231447667 ], [ 16.70144784, 42.897140494475465 ], [ 16.70286512, 42.89677845447536 ] ], [ [ 16.76203024, 42.900264014476811 ], [ 16.76521623, 42.898859854476214 ], [ 16.76061201, 42.903177254478081 ], [ 16.76052415, 42.902127024477622 ], [ 16.76203024, 42.900264014476811 ] ], [ [ 16.69749486, 42.901968954477546 ], [ 16.69628, 42.906893844479669 ], [ 16.68966985, 42.903632754478252 ], [ 16.69195652, 42.901539204477402 ], [ 16.69749486, 42.901968954477546 ] ], [ [ 16.69032717, 42.906230804479371 ], [ 16.69057608, 42.907604804479973 ], [ 16.68648064, 42.908153174480226 ], [ 16.68695903, 42.905203214478931 ], [ 16.69032717, 42.906230804479371 ] ], [ [ 16.72652018, 42.910956734481388 ], [ 16.73758852, 42.904949304478855 ], [ 16.74041414, 42.90489816447883 ], [ 16.72217286, 42.915238614483208 ], [ 16.72652018, 42.910956734481388 ] ], [ [ 16.68146527, 42.912321204481955 ], [ 16.67485428, 42.917366494484071 ], [ 16.67109787, 42.91483544448301 ], [ 16.67250145, 42.912289134481917 ], [ 16.68146527, 42.912321204481955 ] ], [ [ 16.74944484, 42.902515524477799 ], [ 16.75165784, 42.90398692447841 ], [ 16.74858034, 42.90486657447876 ], [ 16.74944484, 42.902515524477799 ] ], [ [ 16.83075225, 42.901127574477179 ], [ 16.8322587, 42.901093234477194 ], [ 16.83305442, 42.902775044477913 ], [ 16.83046234, 42.903101794478033 ], [ 16.83075225, 42.901127574477179 ] ], [ [ 16.81343687, 42.896827214475387 ], [ 16.81349611, 42.893485424473958 ], [ 16.82074285, 42.895222534474719 ], [ 16.81543231, 42.897389044475595 ], [ 16.81343687, 42.896827214475387 ] ], [ [ 16.68560076, 42.960254904502278 ], [ 16.68508112, 42.961872334502957 ], [ 16.67696703, 42.961711164502887 ], [ 16.68079936, 42.958508844501551 ], [ 16.68560076, 42.960254904502278 ] ], [ [ 16.61391664, 42.980836264510963 ], [ 16.62366438, 42.982484814511693 ], [ 16.61772525, 42.989848254514825 ], [ 16.60657597, 42.983636134512189 ], [ 16.61391664, 42.980836264510963 ] ], [ [ 17.4255774, 42.873085734465306 ], [ 17.42881894, 42.873417254465465 ], [ 17.42919445, 42.875171774466153 ], [ 17.42594755, 42.874261134465804 ], [ 17.4255774, 42.873085734465306 ] ], [ [ 16.98985755, 42.816002244440973 ], [ 16.99326825, 42.814828864440457 ], [ 16.99343252, 42.816148514441011 ], [ 16.98985755, 42.816002244440973 ] ], [ [ 17.35684514, 42.804227344435986 ], [ 17.36148655, 42.804164044435915 ], [ 17.36286485, 42.806545134436909 ], [ 17.35999525, 42.808128824437645 ], [ 17.35684514, 42.804227344435986 ] ], [ [ 17.36693013, 42.805153964436343 ], [ 17.33233917, 42.779948704425564 ], [ 17.32666802, 42.792601694430992 ], [ 17.31772125, 42.783917064427285 ], [ 17.32729423, 42.785619614427993 ], [ 17.3290354, 42.774033544423055 ], [ 17.38420475, 42.755897634415341 ], [ 17.38926566, 42.767009614420068 ], [ 17.41330028, 42.75455927441471 ], [ 17.43335748, 42.754940144414924 ], [ 17.44466925, 42.74475097441055 ], [ 17.45825684, 42.751059644413218 ], [ 17.56317306, 42.722928634401171 ], [ 17.64343321, 42.71700775439863 ], [ 17.69810557, 42.701722734392092 ], [ 17.69745135, 42.692308894388077 ], [ 17.73787355, 42.699987044391364 ], [ 17.73623037, 42.688471554386403 ], [ 17.74849415, 42.686129924385376 ], [ 17.75450802, 42.692051164387941 ], [ 17.74172366, 42.702561734392425 ], [ 17.74657237, 42.708650464395078 ], [ 17.68333435, 42.73001443440419 ], [ 17.67399395, 42.725361934402194 ], [ 17.67027926, 42.725644104402356 ], [ 17.66823328, 42.736500254406984 ], [ 17.64928281, 42.730199924404303 ], [ 17.64399552, 42.737444034407389 ], [ 17.59892046, 42.737809414407565 ], [ 17.59718657, 42.74509441441068 ], [ 17.61124551, 42.745297544410725 ], [ 17.44795132, 42.779228804425294 ], [ 17.440786, 42.786591404428457 ], [ 17.37751925, 42.786577334428429 ], [ 17.37325752, 42.791252964430413 ], [ 17.3855741, 42.790486804430103 ], [ 17.39657867, 42.800798644434458 ], [ 17.38018751, 42.803885214435809 ], [ 17.37343121, 42.797701114433153 ], [ 17.36693013, 42.805153964436343 ] ], [ [ 17.37597036, 42.802899714435405 ], [ 17.37728441, 42.802898404435396 ], [ 17.37834716, 42.804206844435946 ], [ 17.37538672, 42.804285524435961 ], [ 17.37597036, 42.802899714435405 ] ], [ [ 17.39516771, 42.793210024431275 ], [ 17.40630186, 42.79409574443163 ], [ 17.40534616, 42.79694890443281 ], [ 17.39630175, 42.797211764432959 ], [ 17.39516771, 42.793210024431275 ] ], [ [ 17.40760517, 42.794923654431983 ], [ 17.40864527, 42.793855544431565 ], [ 17.41483438, 42.793652764431471 ], [ 17.41087031, 42.794993154431978 ], [ 17.40760517, 42.794923654431983 ] ], [ [ 17.40117657, 42.793355694431298 ], [ 17.39617455, 42.791192644430396 ], [ 17.39674676, 42.789259904429585 ], [ 17.40115333, 42.79164790443059 ], [ 17.40117657, 42.793355694431298 ] ], [ [ 17.40245128, 42.789814824429804 ], [ 17.41162086, 42.786885014428563 ], [ 17.43233144, 42.787839054428929 ], [ 17.42592192, 42.790491934430086 ], [ 17.40245128, 42.789814824429804 ] ], [ [ 17.76648831, 42.761338704417632 ], [ 17.78114355, 42.759040704416641 ], [ 17.77806735, 42.769687524421208 ], [ 17.76993203, 42.767619244420324 ], [ 17.76648831, 42.761338704417632 ] ], [ [ 17.83034778, 42.759634964416882 ], [ 17.83004701, 42.75761174441601 ], [ 17.83134651, 42.757238744415879 ], [ 17.83279312, 42.759313344416761 ], [ 17.83034778, 42.759634964416882 ] ], [ [ 17.80125856, 42.758421774416405 ], [ 17.79570711, 42.75951623441685 ], [ 17.79499602, 42.758043044416226 ], [ 17.79865253, 42.75647043441554 ], [ 17.80125856, 42.758421774416405 ] ], [ [ 17.82877195, 42.755067464414971 ], [ 17.86247933, 42.727655524403254 ], [ 17.841488, 42.732735624405372 ], [ 17.90941882, 42.698673124390794 ], [ 17.91594636, 42.720443004400117 ], [ 17.85739613, 42.753039954414071 ], [ 17.82877195, 42.755067464414971 ] ], [ [ 17.9296875, 42.704799054393419 ], [ 17.93454027, 42.708029744394793 ], [ 17.92873955, 42.710890164396027 ], [ 17.92482781, 42.707130424394414 ], [ 17.9296875, 42.704799054393419 ] ], [ [ 17.75200295, 42.706777324394231 ], [ 17.74902964, 42.706557154394183 ], [ 17.74609888, 42.70402872439309 ], [ 17.74712217, 42.703785654393009 ], [ 17.75200295, 42.706777324394231 ] ], [ [ 17.83596063, 42.73379826440587 ], [ 17.84094322, 42.737569204407478 ], [ 17.83186531, 42.742424844409506 ], [ 17.82825637, 42.737426874407362 ], [ 17.78833747, 42.7540631244145 ], [ 17.83962786, 42.728074304403414 ], [ 17.83596063, 42.73379826440587 ] ], [ [ 17.6527847, 42.739823334408449 ], [ 17.65000355, 42.739550104408316 ], [ 17.65130937, 42.737673634407479 ], [ 17.65282536, 42.73797690440761 ], [ 17.6527847, 42.739823334408449 ] ], [ [ 17.80891681, 42.750557774413039 ], [ 17.81278896, 42.751725074413535 ], [ 17.81280196, 42.752880804414012 ], [ 17.80900562, 42.753623714414353 ], [ 17.80891681, 42.750557774413039 ] ], [ [ 17.82289624, 42.745459554410829 ], [ 17.82440937, 42.744999524410616 ], [ 17.82475281, 42.746195434411128 ], [ 17.82318413, 42.746965164411485 ], [ 17.82289624, 42.745459554410829 ] ], [ [ 17.64879537, 42.734429834406122 ], [ 17.65056634, 42.733055464405552 ], [ 17.65291035, 42.735216964406476 ], [ 17.64994335, 42.735796444406702 ], [ 17.64879537, 42.734429834406122 ] ], [ [ 17.94067085, 42.695186844389312 ], [ 17.93965042, 42.686394324385539 ], [ 17.92346501, 42.689125414386666 ], [ 17.93919933, 42.67464160438044 ], [ 17.95640755, 42.674974554380604 ], [ 17.95371711, 42.680656904383042 ], [ 17.97528851, 42.678054324381932 ], [ 17.94899356, 42.697274914390199 ], [ 17.94067085, 42.695186844389312 ] ], [ [ 18.00614548, 42.680117844382828 ], [ 17.98640037, 42.675068614380621 ], [ 18.01314938, 42.669294114378175 ], [ 18.01998556, 42.661318534374757 ], [ 18.02262628, 42.670452944378667 ], [ 18.00614548, 42.680117844382828 ] ], [ [ 18.05608475, 42.6705216143787 ], [ 18.05520117, 42.66602444437676 ], [ 18.05641282, 42.665727254376655 ], [ 18.05946064, 42.668088904377662 ], [ 18.05608475, 42.6705216143787 ] ], [ [ 17.69026828, 42.698052044390529 ], [ 17.68980241, 42.698167314390581 ], [ 17.68890345, 42.695956224389654 ], [ 17.69205105, 42.696427454389855 ], [ 17.69026828, 42.698052044390529 ] ], [ [ 16.84213853, 42.722703924401117 ], [ 16.84518456, 42.731072544404718 ], [ 16.86775076, 42.736606234407034 ], [ 16.88555706, 42.729811544404143 ], [ 16.88798106, 42.736850974407147 ], [ 16.88478506, 42.72285055440117 ], [ 16.91234255, 42.729840034404162 ], [ 16.92562616, 42.736702434407086 ], [ 16.94273925, 42.766886704419981 ], [ 16.92379642, 42.77335023442275 ], [ 16.88190281, 42.770152924421431 ], [ 16.88037205, 42.776146044423953 ], [ 16.86887813, 42.771258464421841 ], [ 16.85613358, 42.778105254424815 ], [ 16.84701526, 42.769458164421103 ], [ 16.83480728, 42.776988854424282 ], [ 16.83340204, 42.767547844420285 ], [ 16.82407212, 42.767148724420117 ], [ 16.83192015, 42.770544044421612 ], [ 16.82138145, 42.771408434421964 ], [ 16.82764316, 42.776478644424095 ], [ 16.80535448, 42.772907964422544 ], [ 16.79762042, 42.765014644419168 ], [ 16.80705261, 42.75379299441439 ], [ 16.81500912, 42.754339454414648 ], [ 16.81006777, 42.764591564419035 ], [ 16.82405186, 42.760211934417121 ], [ 16.82647455, 42.749237054412447 ], [ 16.81215262, 42.743728034410132 ], [ 16.84213853, 42.722703924401117 ] ], [ [ 16.79948592, 42.748291364412047 ], [ 16.79809403, 42.748630994412174 ], [ 16.79385507, 42.746538154411304 ], [ 16.80039906, 42.744898914410619 ], [ 16.79948592, 42.748291364412047 ] ], [ [ 16.70922554, 42.748141044411994 ], [ 16.72794056, 42.752720824413949 ], [ 16.73283482, 42.751777524413541 ], [ 16.72531116, 42.757887004416155 ], [ 16.70922554, 42.748141044411994 ] ], [ [ 16.49479175, 42.749232644412452 ], [ 16.50897181, 42.762749904418207 ], [ 16.53094244, 42.759521124416821 ], [ 16.53459942, 42.765862814419584 ], [ 16.50926125, 42.773705954422915 ], [ 16.48744285, 42.751047364413246 ], [ 16.49479175, 42.749232644412452 ] ], [ [ 16.78169274, 42.772643794422457 ], [ 16.7831583, 42.760363214417232 ], [ 16.79399133, 42.760082234417112 ], [ 16.79187095, 42.77776014442464 ], [ 16.78169274, 42.772643794422457 ] ], [ [ 16.82820988, 42.778275244424897 ], [ 16.83002901, 42.777721634424623 ], [ 16.83204246, 42.779466144425399 ], [ 16.83087492, 42.780195354425707 ], [ 16.82820988, 42.778275244424897 ] ], [ [ 16.77573025, 42.779081934425221 ], [ 16.77478075, 42.781119694426117 ], [ 16.77380157, 42.779317254425308 ], [ 16.77573025, 42.779081934425221 ] ], [ [ 16.98575354, 42.781173344426122 ], [ 16.98754895, 42.78166603442633 ], [ 16.9865334, 42.783292054427015 ], [ 16.98575354, 42.781173344426122 ] ], [ [ 16.98820531, 42.78358411442715 ], [ 16.99022615, 42.782332654426604 ], [ 16.99251902, 42.782423724426657 ], [ 16.99014676, 42.783911344427253 ], [ 16.98820531, 42.78358411442715 ] ], [ [ 16.98270345, 42.780442354425816 ], [ 16.98261213, 42.775504224423713 ], [ 16.99634552, 42.778593534424992 ], [ 16.99308837, 42.780367134425781 ], [ 16.98270345, 42.780442354425816 ] ], [ [ 16.96529067, 42.778294434424858 ], [ 16.96097231, 42.773585434422877 ], [ 16.96392667, 42.769019714420899 ], [ 16.96947145, 42.772199744422231 ], [ 16.96529067, 42.778294434424858 ] ], [ [ 16.96773612, 42.76907252442092 ], [ 16.98225784, 42.765068044419252 ], [ 16.98682785, 42.767116544420091 ], [ 16.98419738, 42.772925964422633 ], [ 16.96773612, 42.76907252442092 ] ], [ [ 17.14486206, 42.766111244419655 ], [ 17.14537334, 42.764624354419027 ], [ 17.14734745, 42.765234224419281 ], [ 17.14707422, 42.76630067441976 ], [ 17.14486206, 42.766111244419655 ] ], [ [ 17.11805475, 42.764484994418936 ], [ 17.11592782, 42.763517254418552 ], [ 17.11715031, 42.761748304417821 ], [ 17.11992228, 42.763280744418473 ], [ 17.11805475, 42.764484994418936 ] ], [ [ 17.11492205, 42.763987054418735 ], [ 17.11236274, 42.763878934418706 ], [ 17.11127734, 42.761485454417731 ], [ 17.11455226, 42.761904114417902 ], [ 17.11492205, 42.763987054418735 ] ], [ [ 17.10884094, 42.762013074417922 ], [ 17.10642016, 42.763778804418656 ], [ 17.10396206, 42.761264914417609 ], [ 17.10648334, 42.760632154417337 ], [ 17.10884094, 42.762013074417922 ] ], [ [ 16.96967852, 42.762737034418237 ], [ 16.96322405, 42.762183064417982 ], [ 16.96237123, 42.757706164416057 ], [ 16.97185373, 42.757055514415811 ], [ 16.96967852, 42.762737034418237 ] ], [ [ 17.07352555, 42.757119654415831 ], [ 17.07621408, 42.757048954415765 ], [ 17.07187295, 42.759786604416966 ], [ 17.07352555, 42.757119654415831 ] ], [ [ 16.95791388, 42.756438254415535 ], [ 16.95874846, 42.759014244416662 ], [ 16.95099783, 42.755509374415119 ], [ 16.95274341, 42.754873154414888 ], [ 16.95791388, 42.756438254415535 ] ], [ [ 16.99613464, 42.76373183441865 ], [ 16.99764645, 42.765425434419377 ], [ 16.99621832, 42.765990134419638 ], [ 16.99427593, 42.764363644418928 ], [ 16.99613464, 42.76373183441865 ] ], [ [ 16.95342755, 42.77489864442343 ], [ 16.94789565, 42.776158564423937 ], [ 16.94623494, 42.775815124423815 ], [ 16.95394075, 42.773835294422931 ], [ 16.95342755, 42.77489864442343 ] ], [ [ 16.72561765, 42.764575714418982 ], [ 16.72288752, 42.762896414418314 ], [ 16.72323477, 42.761606454417752 ], [ 16.72641766, 42.763597964418608 ], [ 16.72561765, 42.764575714418982 ] ], [ [ 16.79643655, 42.75589262441531 ], [ 16.79724968, 42.752918354414 ], [ 16.80179334, 42.752574204413897 ], [ 16.80217946, 42.756001344415353 ], [ 16.79643655, 42.75589262441531 ] ], [ [ 16.74730265, 42.755388134415121 ], [ 16.7453227, 42.755374664415093 ], [ 16.74452913, 42.754565714414746 ], [ 16.74608791, 42.754358764414654 ], [ 16.74730265, 42.755388134415121 ] ], [ [ 17.33941162, 42.792786954431058 ], [ 17.34520113, 42.790747634430225 ], [ 17.34722006, 42.795893304432397 ], [ 17.34145868, 42.796911474432854 ], [ 17.33941162, 42.792786954431058 ] ], [ [ 17.33705294, 42.791865344430661 ], [ 17.33625448, 42.792078724430752 ], [ 17.33350408, 42.791687724430595 ], [ 17.33569086, 42.79117273443034 ], [ 17.33705294, 42.791865344430661 ] ], [ [ 18.04649365, 42.651377194370497 ], [ 18.04748225, 42.650702824370164 ], [ 18.05203044, 42.651808254370621 ], [ 18.05011332, 42.652370324370928 ], [ 18.04649365, 42.651377194370497 ] ], [ [ 17.95209062, 42.644247054367398 ], [ 17.95319366, 42.646853564368534 ], [ 17.94941282, 42.647567864368838 ], [ 17.94906807, 42.647331354368767 ], [ 17.95209062, 42.644247054367398 ] ], [ [ 18.11864233, 42.621477834357606 ], [ 18.12683761, 42.622680534358111 ], [ 18.11620414, 42.634478564363228 ], [ 18.11361253, 42.629477494361026 ], [ 18.11864233, 42.621477834357606 ] ], [ [ 18.2005012, 42.594352834345948 ], [ 18.20306218, 42.593756904345639 ], [ 18.20486605, 42.594818224346135 ], [ 18.20100784, 42.596932044347049 ], [ 18.2005012, 42.594352834345948 ] ], [ [ 18.17573512, 42.584865444341794 ], [ 18.18179154, 42.58376144434137 ], [ 18.17402256, 42.588057034343187 ], [ 18.17573512, 42.584865444341794 ] ], [ [ 18.18952203, 42.579902044339711 ], [ 18.19454956, 42.572420354336494 ], [ 18.19950235, 42.571762794336188 ], [ 18.192065, 42.579697724339596 ], [ 18.18952203, 42.579902044339711 ] ], [ [ 16.25203872, 42.391769644258147 ], [ 16.26648772, 42.389904254257296 ], [ 16.26697075, 42.391188734257895 ], [ 16.25571287, 42.394725434259442 ], [ 16.25203872, 42.391769644258147 ] ], [ [ 16.27481794, 42.390154234257416 ], [ 16.27291644, 42.38885926425688 ], [ 16.26982605, 42.388742324256839 ], [ 16.27429748, 42.386780134255957 ], [ 16.27481794, 42.390154234257416 ] ], [ [ 16.33770323, 42.377829544252073 ], [ 16.33930075, 42.377668614252023 ], [ 16.33879232, 42.378237244252247 ], [ 16.33770323, 42.377829544252073 ] ], [ [ 18.85138822, 42.262850044201862 ], [ 18.85856271, 42.258744944200018 ], [ 18.84651053, 42.271548744205617 ], [ 18.84516776, 42.269863244204942 ], [ 18.85138822, 42.262850044201862 ] ], [ [ 15.74323642, 42.225307814185378 ], [ 15.74879467, 42.22298383418434 ], [ 15.75204837, 42.225763554185583 ], [ 15.74365544, 42.226591944185941 ], [ 15.74323642, 42.225307814185378 ] ], [ [ 15.5100764, 42.135552404145926 ], [ 15.508219119999989, 42.128961434143008 ], [ 15.52398825, 42.138533344147262 ], [ 15.5129925, 42.140373824148043 ], [ 15.5100764, 42.135552404145926 ] ], [ [ 15.51007736, 42.126470204141889 ], [ 15.50159073, 42.120368954139188 ], [ 15.50164986, 42.118050574138202 ], [ 15.51811934, 42.127583974142389 ], [ 15.51007736, 42.126470204141889 ] ], [ [ 15.49752772, 42.120776054139341 ], [ 15.48643792, 42.124409674140992 ], [ 15.47510648, 42.112105244135549 ], [ 15.47891474, 42.104370704132158 ], [ 15.49752772, 42.120776054139341 ] ], [ [ 15.49865234, 42.123097414140403 ], [ 15.49911284, 42.120988954139484 ], [ 15.50246942, 42.122948404140331 ], [ 15.49992645, 42.124268644140926 ], [ 15.49865234, 42.123097414140403 ] ], [ [ 19.13863635, 41.991510144082255 ], [ 19.14085484, 41.99123250408207 ], [ 19.14144242, 41.992548694082636 ], [ 19.13810527, 41.993337144083043 ], [ 19.13863635, 41.991510144082255 ] ], [ [ 16.18350685, 41.887946244036158 ], [ 16.1863234, 41.888224954036275 ], [ 16.18191135, 41.890981314037496 ], [ 16.18120837, 41.890424004037236 ], [ 16.18350685, 41.887946244036158 ] ], [ [ 19.37457943, 41.846125004017509 ], [ 19.37664807, 41.846953744017853 ], [ 19.37393916, 41.848772164018676 ], [ 19.37353182, 41.84695803401786 ], [ 19.37457943, 41.846125004017509 ] ], [ [ 16.19002497, 41.843248244016188 ], [ 16.18914986, 41.844551204016788 ], [ 16.18638694, 41.844362254016708 ], [ 16.18677127, 41.84378599401645 ], [ 16.19002497, 41.843248244016188 ] ], [ [ 19.57621086, 41.766513343981892 ], [ 19.58129227, 41.760443203979165 ], [ 19.57350576, 41.759291043978656 ], [ 19.58532405, 41.759528153978799 ], [ 19.59209335, 41.76282894398021 ], [ 19.57621086, 41.766513343981892 ] ], [ [ 16.58983672, 41.214643713731654 ], [ 16.58480716, 41.213140363730986 ], [ 16.58399355, 41.212197773730551 ], [ 16.59183002, 41.214714043731703 ], [ 16.58983672, 41.214643713731654 ] ], [ [ 17.30448234, 40.957031243612938 ], [ 17.30595934, 40.957031243612938 ], [ 17.30661416, 40.957724203613253 ], [ 17.30351448, 40.958521713613649 ], [ 17.30448234, 40.957031243612938 ] ], [ [ 17.99826252, 40.655207623472251 ], [ 18.00081182, 40.653434153471459 ], [ 18.00337744, 40.65415143347181 ], [ 18.00003004, 40.65560960347247 ], [ 17.99826252, 40.655207623472251 ] ], [ [ 18.01931441, 40.640366543465305 ], [ 18.02017796, 40.640740863465489 ], [ 18.01971412, 40.641663063465927 ], [ 18.01887524, 40.64117574346573 ], [ 18.01931441, 40.640366543465305 ] ], [ [ 19.26587236, 40.510168423404131 ], [ 19.26709843, 40.49336420339624 ], [ 19.28720737, 40.474034903387135 ], [ 19.29326332, 40.496012203397477 ], [ 19.27144671, 40.513761393405787 ], [ 19.26587236, 40.510168423404131 ] ], [ [ 19.57200313, 39.883225433105537 ], [ 19.57701242, 39.874933233101572 ], [ 19.59222543, 39.875830763102009 ], [ 19.59581971, 39.890299553108939 ], [ 19.57505393, 39.899040333113149 ], [ 19.57200313, 39.883225433105537 ] ], [ [ 19.3747195, 39.841613163085498 ], [ 19.39168036, 39.834877723082229 ], [ 19.41089797, 39.838559743084041 ], [ 19.43367934, 39.863686193096108 ], [ 19.42133975, 39.867723223098039 ], [ 19.40148032, 39.85999977309433 ], [ 19.37965596, 39.868582603098467 ], [ 19.3747195, 39.841613163085498 ] ], [ [ 19.51248825, 39.773543233052656 ], [ 19.5242604, 39.756671543044526 ], [ 19.535765049999988, 39.759395713045834 ], [ 19.50961006, 39.784906263058133 ], [ 19.51248825, 39.773543233052656 ] ], [ [ 19.59006155, 39.765759943048892 ], [ 19.59621632, 39.766363613049158 ], [ 19.59342313, 39.773153063052455 ], [ 19.5891993, 39.768876423050415 ], [ 19.59006155, 39.765759943048892 ] ], [ [ 19.58950245, 39.76484214304849 ], [ 19.586424709999989, 39.764310833048192 ], [ 19.59049118, 39.761248943046738 ], [ 19.59053934, 39.761943333047078 ], [ 19.58950245, 39.76484214304849 ] ], [ [ 19.49632192, 39.772873393052343 ], [ 19.49575472, 39.773399343052567 ], [ 19.49622285, 39.770108453051002 ], [ 19.49698317, 39.770821563051328 ], [ 19.49632192, 39.772873393052343 ] ], [ [ 19.99122012, 39.772470113052165 ], [ 19.99248707, 39.773459313052633 ], [ 19.990804549999989, 39.776013843053825 ], [ 19.98979032, 39.774149773052933 ], [ 19.99122012, 39.772470113052165 ] ], [ [ 19.61443532, 41.783187143989373 ], [ 19.60853672, 41.779740323987831 ], [ 19.61047196, 41.77563750398599 ], [ 19.61378765, 41.779102553987549 ], [ 19.61443532, 41.783187143989373 ] ], [ [ 19.46253431, 41.857468954022593 ], [ 19.45079112, 41.859694594023559 ], [ 19.45016456, 41.858964434023214 ], [ 19.46228802, 41.855814574021778 ], [ 19.47057044, 41.856168024021962 ], [ 19.46253431, 41.857468954022593 ] ], [ [ 18.55950105, 42.393873324259076 ], [ 18.55794954, 42.396128644260031 ], [ 18.55653965, 42.394730324259399 ], [ 18.55950105, 42.393873324259076 ] ], [ [ 18.69036734, 42.412495254267178 ], [ 18.68268251, 42.410686964266382 ], [ 18.70099854, 42.407190554264865 ], [ 18.69071472, 42.412989134267377 ], [ 18.69036734, 42.412495254267178 ] ], [ [ 17.19803643, 43.019328944527281 ], [ 17.20007551, 43.018578644526926 ], [ 17.19973636, 43.020498274527725 ], [ 17.19801295, 43.019740454527401 ], [ 17.19803643, 43.019328944527281 ] ], [ [ 17.45606422, 42.953160404499258 ], [ 17.45837247, 42.952947854499165 ], [ 17.45916736, 42.953844304499569 ], [ 17.45684242, 42.954856624499989 ], [ 17.45606422, 42.953160404499258 ] ], [ [ 17.47552395, 42.934542654491381 ], [ 17.47714937, 42.936365954492146 ], [ 17.47503865, 42.937265154492515 ], [ 17.4734019, 42.935336344491724 ], [ 17.47552395, 42.934542654491381 ] ], [ [ 17.49644601, 42.928954234489026 ], [ 17.49693894, 42.927322144488336 ], [ 17.49922597, 42.927651404488479 ], [ 17.49749446, 42.929311504489178 ], [ 17.49644601, 42.928954234489026 ] ], [ [ 17.48587322, 42.928375954488793 ], [ 17.48411512, 42.927027224488199 ], [ 17.48713267, 42.924463504487079 ], [ 17.48668575, 42.927855244488562 ], [ 17.48587322, 42.928375954488793 ] ], [ [ 17.50199294, 42.924757114487214 ], [ 17.50239146, 42.919824354485129 ], [ 17.50895286, 42.919685834485087 ], [ 17.50398636, 42.924914954487292 ], [ 17.50199294, 42.924757114487214 ] ], [ [ 17.49263108, 42.920447224485372 ], [ 17.49131084, 42.920328854485327 ], [ 17.4914999, 42.918390264484515 ], [ 17.49372971, 42.918844334484703 ], [ 17.49263108, 42.920447224485372 ] ], [ [ 17.47692263, 42.924441334487092 ], [ 17.4773699, 42.926792734488117 ], [ 17.47475183, 42.927780864488504 ], [ 17.47217572, 42.924957154487302 ], [ 17.47692263, 42.924441334487092 ] ], [ [ 17.72291422, 42.843262664452567 ], [ 17.72320616, 42.841053954451631 ], [ 17.72619617, 42.842145314452118 ], [ 17.72291422, 42.843262664452567 ] ], [ [ 16.17589724, 43.473825334716828 ], [ 16.17265618, 43.473400344716666 ], [ 16.18078208, 43.472537754716278 ], [ 16.17589724, 43.473825334716828 ] ], [ [ 16.17029905, 43.475771424717621 ], [ 16.16903305, 43.477864144718502 ], [ 16.16699028, 43.47830044471867 ], [ 16.16762197, 43.475071424717321 ], [ 16.17029905, 43.475771424717621 ] ], [ [ 16.21700645, 43.478284234718636 ], [ 16.22024763, 43.47762333471838 ], [ 16.22172415, 43.478097554718609 ], [ 16.21894276, 43.479044434718965 ], [ 16.21700645, 43.478284234718636 ] ], [ [ 16.22603881, 43.477673164718439 ], [ 16.23824966, 43.476602544717956 ], [ 16.23939276, 43.477791664718438 ], [ 16.23705673, 43.480017654719362 ], [ 16.22603881, 43.477673164718439 ] ], [ [ 16.46473575, 43.532184004740813 ], [ 16.46269667, 43.532392734740917 ], [ 16.46182084, 43.530708304740195 ], [ 16.46502936, 43.531175844740396 ], [ 16.46473575, 43.532184004740813 ] ], [ [ 15.68168986, 43.769531244837694 ], [ 15.67860925, 43.769531244837701 ], [ 15.6786077, 43.767664904836906 ], [ 15.68031061, 43.767055504836655 ], [ 15.68168986, 43.769531244837694 ] ], [ [ 15.66560733, 43.775213474839994 ], [ 15.66651213, 43.776605364840584 ], [ 15.66338563, 43.776712414840603 ], [ 15.66338205, 43.775449864840077 ], [ 15.66560733, 43.775213474839994 ] ], [ [ 15.67355084, 43.777393574840858 ], [ 15.67668474, 43.775239464839991 ], [ 15.67599738, 43.781847354842668 ], [ 15.67355084, 43.777393574840858 ] ], [ [ 15.68125868, 43.777011744840713 ], [ 15.68353868, 43.778066744841198 ], [ 15.68125796, 43.779102434841569 ], [ 15.68072152, 43.777570244840938 ], [ 15.68125868, 43.777011744840713 ] ], [ [ 15.66442311, 43.786899204844737 ], [ 15.66342366, 43.786713594844677 ], [ 15.665320630000011, 43.784079304843601 ], [ 15.66633141, 43.785578124844193 ], [ 15.66442311, 43.786899204844737 ] ], [ [ 15.66220522, 43.788338534845302 ], [ 15.65610981, 43.790590994846212 ], [ 15.65820992, 43.788270824845299 ], [ 15.66220522, 43.788338534845302 ] ], [ [ 15.34863567, 44.318138235056686 ], [ 15.35170865, 44.315061205055464 ], [ 15.35484874, 44.314827915055396 ], [ 15.35438013, 44.316571945056047 ], [ 15.34863567, 44.318138235056686 ] ], [ [ 15.3353945, 44.317732325056561 ], [ 15.33330882, 44.31674110505616 ], [ 15.33760798, 44.316099755055859 ], [ 15.33776796, 44.317339655056394 ], [ 15.3353945, 44.317732325056561 ] ], [ [ 13.82213986, 44.873667955271323 ], [ 13.82397914, 44.873946545271409 ], [ 13.82398915, 44.875213615271896 ], [ 13.82134986, 44.874901175271724 ], [ 13.82213986, 44.873667955271323 ] ], [ [ 13.83414662, 44.873778815271329 ], [ 13.83540595, 44.870421165270074 ], [ 13.83986914, 44.871791235270571 ], [ 13.83929324, 44.875809065272136 ], [ 13.83414662, 44.873778815271329 ] ], [ [ 13.82792056, 44.871507755270486 ], [ 13.82686865, 44.873293035271153 ], [ 13.82330644, 44.871451735270426 ], [ 13.82500994, 44.869417905269692 ], [ 13.82792056, 44.871507755270486 ] ], [ [ 13.41155243, 45.723711725585481 ], [ 13.40876806, 45.722313395584948 ], [ 13.41040528, 45.719358315583889 ], [ 13.41440546, 45.722482915585054 ], [ 13.41155243, 45.723711725585481 ] ], [ [ 13.391698, 45.703862065578356 ], [ 13.3872565, 45.693523045574629 ], [ 13.39498425, 45.6852147555716 ], [ 13.40266383, 45.690997955573692 ], [ 13.391698, 45.703862065578356 ] ] ], [ [ [ 25.1149255, 41.087719193673315 ], [ 25.13738215, 41.073672403666862 ], [ 25.133154149999989, 41.062623013661728 ], [ 25.11884451, 41.05745195365936 ], [ 25.12176287, 41.049917333655891 ], [ 25.15554774, 41.04266273365252 ], [ 25.17325854, 41.02605604364485 ], [ 25.17841172, 41.008039943636554 ], [ 25.15896845, 41.000879643633219 ], [ 25.14443266, 41.009649743637283 ], [ 25.15461886, 41.001005523633289 ], [ 25.13980925, 41.007693523636355 ], [ 25.12875915, 41.004004353634677 ], [ 25.14162481, 40.988549103627541 ], [ 25.14876783, 40.997172233631503 ], [ 25.16543245, 40.998548503632179 ], [ 25.14950585, 40.988509533627493 ], [ 25.15689111, 40.983066313624974 ], [ 25.13874304, 40.980030653623579 ], [ 25.12451792, 40.962133763615306 ], [ 25.17425764, 40.940125223605101 ], [ 25.24862182, 40.936210033603246 ], [ 25.26409793, 40.921039813596245 ], [ 25.29376411, 40.943045013606429 ], [ 25.33264685, 40.942205543606065 ], [ 25.33559597, 40.947680463608556 ], [ 25.33512044, 40.941364043605681 ], [ 25.36105585, 40.934697143602598 ], [ 25.37983692, 40.909423703590861 ], [ 25.45727754, 40.89684760358503 ], [ 25.55040503, 40.858720533567308 ], [ 25.56258512, 40.856774443566415 ], [ 25.59078491, 40.868515843571856 ], [ 25.73173106, 40.844706523560774 ], [ 25.81586611, 40.850652923563523 ], [ 25.88024545, 40.839928743558566 ], [ 25.91657245, 40.847801793562219 ], [ 25.94979596, 40.842373363559716 ], [ 26.00080156, 40.809648153544472 ], [ 26.01320064, 40.818275803548509 ], [ 26.01510155, 40.80337476354152 ], [ 26.00322914, 40.799864643539905 ], [ 26.005023959999988, 40.793381803536846 ], [ 26.02071226, 40.796275373538201 ], [ 26.02979696, 40.786006803533418 ], [ 26.02790976, 40.781929013531538 ], [ 26.04829443, 40.770498153526184 ], [ 26.05676401, 40.773240563527452 ], [ 26.05138731, 40.774921053528232 ], [ 26.05030465, 40.782784453531924 ], [ 26.06925941, 40.781249993531205 ], [ 26.05025625, 40.768723723525341 ], [ 26.03620827, 40.776066413528767 ], [ 26.04125714, 40.76659702352439 ], [ 26.03466141, 40.762444723522407 ], [ 26.04175711, 40.760999193521769 ], [ 26.03457356, 40.745290753514439 ], [ 26.04756391, 40.754025573518504 ], [ 26.02573907, 40.736829753510477 ], [ 26.04160655, 40.725973833505392 ], [ 26.05301046, 40.708740943497318 ], [ 26.04947531, 40.695152393490979 ], [ 26.06232774, 40.683388943485454 ], [ 26.06058598, 40.639086243464682 ], [ 26.07517433, 40.617607943454644 ], [ 26.1223371, 40.591514933442376 ], [ 26.23429763, 40.598493333445688 ], [ 26.30369651, 40.590473053441897 ], [ 26.37513816, 40.608009453450144 ], [ 26.41364586, 40.59856056344573 ], [ 26.45978987, 40.616658923454189 ], [ 26.53338683, 40.591284743442301 ], [ 26.60999095, 40.636561623463507 ], [ 26.69685435, 40.637027853463778 ], [ 26.78425443, 40.657676453473393 ], [ 26.81846595, 40.64694773346843 ], [ 26.83888817, 40.588382953440927 ], [ 26.79891741, 40.556731333426058 ], [ 26.76333165, 40.544420113420287 ], [ 26.74479616, 40.549288023422555 ], [ 26.74759901, 40.55892323342708 ], [ 26.71875, 40.538504353417459 ], [ 26.708052869999989, 40.512700673405313 ], [ 26.694893239999985, 40.507129663402694 ], [ 26.63570118, 40.510376213404221 ], [ 26.58908725, 40.496953363397907 ], [ 26.49281895, 40.447479363374562 ], [ 26.45070946, 40.438913693370523 ], [ 26.41254926, 40.411320203357462 ], [ 26.36665785, 40.392327423348505 ], [ 26.33176076, 40.363882413335027 ], [ 26.30822325, 40.365480533335798 ], [ 26.29548872, 40.352185843329494 ], [ 26.26230907, 40.345898143326529 ], [ 26.21555138, 40.316329953312469 ], [ 26.24065435, 40.314972633311875 ], [ 26.2468363, 40.306785933307943 ], [ 26.24150836, 40.293660153301708 ], [ 26.22936213, 40.289180273299586 ], [ 26.27856743, 40.253906243282863 ], [ 26.27851415, 40.216265553264982 ], [ 26.20993197, 40.104501833211643 ], [ 26.16587126, 40.052560323186825 ], [ 26.211369, 40.006013763164496 ], [ 26.19854176, 40.009727353166291 ], [ 26.17924321, 39.991434333157493 ], [ 26.149917840000011, 39.915387263120991 ], [ 26.15906787, 39.882963773105416 ], [ 26.13739097, 39.840894933085139 ], [ 26.163612839999988, 39.818219893074215 ], [ 26.15395164, 39.795005313063065 ], [ 26.15853345, 39.776663533054204 ], [ 26.14017582, 39.756987443044636 ], [ 26.15876985, 39.718191733025883 ], [ 26.16351736, 39.659460422997469 ], [ 26.14253986, 39.612599122974757 ], [ 26.10560083, 39.584913842961321 ], [ 26.08029067, 39.521365042930405 ], [ 26.08375287, 39.511067502925371 ], [ 26.06975007, 39.502882232921401 ], [ 26.06264365, 39.479496112910034 ], [ 26.08117998, 39.467152822903998 ], [ 26.13240981, 39.45291959289704 ], [ 26.20424962, 39.460973132900989 ], [ 26.23026514, 39.4745273529076 ], [ 26.24230695, 39.463890072902394 ], [ 26.26713824, 39.483527052911953 ], [ 26.32491052, 39.480821242910672 ], [ 26.35394764, 39.487073532913747 ], [ 26.36811817, 39.480497832910501 ], [ 26.37638235, 39.496379842918245 ], [ 26.417954559999988, 39.500984662920509 ], [ 26.44641304, 39.517827742928702 ], [ 26.54867935, 39.531118502935151 ], [ 26.63165724, 39.554479832946519 ], [ 26.69061673, 39.555041542946746 ], [ 26.72747564, 39.56711065295265 ], [ 26.75877714, 39.563529842950913 ], [ 26.77296972, 39.571094862954617 ], [ 26.81864226, 39.567620742952883 ], [ 26.83765781, 39.557786342948084 ], [ 26.85204613, 39.566377752952313 ], [ 26.86642754, 39.565296162951817 ], [ 26.87969315, 39.585129732961427 ], [ 26.921881559999989, 39.58358060296068 ], [ 26.94196057, 39.570262062954214 ], [ 26.95296442, 39.550130952944393 ], [ 26.93941545, 39.5373672129382 ], [ 26.93172085, 39.485576622913008 ], [ 26.89862704, 39.476253622908438 ], [ 26.85827005, 39.476946342908768 ], [ 26.85522926, 39.440213432890879 ], [ 26.83356857, 39.429458012885604 ], [ 26.81313944, 39.438472742890042 ], [ 26.79729581, 39.432159062886932 ], [ 26.80182874, 39.403438802872891 ], [ 26.81111622, 39.400342932871425 ], [ 26.80593467, 39.392300602867486 ], [ 26.77550781, 39.368783822855995 ], [ 26.73672378, 39.359572162851435 ], [ 26.71697032, 39.3424419128431 ], [ 26.70155156, 39.340555062842206 ], [ 26.68913245, 39.313193192828798 ], [ 26.66367745, 39.304645652824611 ], [ 26.66042757, 39.293247332819028 ], [ 26.66687834, 39.294628132819653 ], [ 26.67114365, 39.279346932812246 ], [ 26.65465367, 39.286167142815614 ], [ 26.65259385, 39.297671552821171 ], [ 26.64122856, 39.292395102818631 ], [ 26.63071775, 39.29700862282089 ], [ 26.64437008, 39.307396762825981 ], [ 26.65679348, 39.303710092824133 ], [ 26.65080047, 39.323416942833795 ], [ 26.62622273, 39.312103142828249 ], [ 26.62104213, 39.287236202816054 ], [ 26.60858774, 39.275770302810486 ], [ 26.63941264, 39.266206022805768 ], [ 26.69624424, 39.266153452805746 ], [ 26.71795321, 39.25887190280222 ], [ 26.73423052, 39.238600842792238 ], [ 26.73570347, 39.205512042776029 ], [ 26.768065450000012, 39.166124332756667 ], [ 26.81736052, 39.153959862750639 ], [ 26.8778491, 39.09979736272404 ], [ 26.88649416, 39.068221802708436 ], [ 26.79912674, 39.03218244269069 ], [ 26.79865015, 39.01513754268229 ], [ 26.8160181, 39.025466552687405 ], [ 26.79752552, 38.996519792673119 ], [ 26.80143976, 38.950597752650403 ], [ 26.811354759999986, 38.952587242651404 ], [ 26.82103574, 38.93602275264319 ], [ 26.85143125, 38.932467212641406 ], [ 26.85833013, 38.913584942632127 ], [ 26.87762034, 38.91493272263277 ], [ 26.91996455, 38.939610352644976 ], [ 26.938251850000011, 38.925216552637892 ], [ 26.93696773, 38.93721734264377 ], [ 26.95034325, 38.934188242642286 ], [ 26.95441794, 38.941099992645732 ], [ 26.96691072, 38.944239012647294 ], [ 26.95710623, 38.937686912644018 ], [ 26.96978617, 38.926665892638567 ], [ 27.00492787, 38.912961002631818 ], [ 27.01741743, 38.91334545263198 ], [ 27.00639427, 38.91626464263345 ], [ 27.01117015, 38.924355742637438 ], [ 27.04317856, 38.940944422645629 ], [ 27.05691993, 38.914387692632488 ], [ 27.04401803, 38.908887142629808 ], [ 27.03719604, 38.894081942622428 ], [ 27.04417658, 38.890655032620721 ], [ 27.05152035, 38.896941652623887 ], [ 27.06627381, 38.877226102614088 ], [ 27.05898857, 38.86580681260844 ], [ 27.0449301, 38.868051642609565 ], [ 27.0340507, 38.855745072603462 ], [ 27.01981604, 38.861855622606463 ], [ 27.02551126, 38.872298232611698 ], [ 26.990305070000012, 38.856026642603595 ], [ 26.987308619999986, 38.847182142599223 ], [ 26.97115064, 38.845350612598303 ], [ 26.96225846, 38.831284162591338 ], [ 26.98403728, 38.822109212586803 ], [ 26.96886027, 38.80388819257778 ], [ 26.95318627, 38.80298125257729 ], [ 26.943158629999989, 38.811499472581524 ], [ 26.94459867, 38.836086742593743 ], [ 26.91409647, 38.81741165258444 ], [ 26.89283156, 38.82491993258818 ], [ 26.89457548, 38.813599812582574 ], [ 26.92437863, 38.77797281256489 ], [ 26.93189096, 38.780902852566328 ], [ 26.93908274, 38.764276732558116 ], [ 26.92947245, 38.755918732553923 ], [ 26.907562020000011, 38.766335362559111 ], [ 26.89632797, 38.73438524254324 ], [ 26.87708151, 38.73515736254361 ], [ 26.85758817, 38.753107302552543 ], [ 26.83550847, 38.742331732547164 ], [ 26.83749723, 38.752646792552291 ], [ 26.82303774, 38.762342202557114 ], [ 26.81276083, 38.752669442552317 ], [ 26.78706408, 38.746787902549428 ], [ 26.78034961, 38.736837732544423 ], [ 26.74056065, 38.741276142546631 ], [ 26.74294364, 38.732097732542059 ], [ 26.726668, 38.721037262536584 ], [ 26.72829235, 38.695274462523777 ], [ 26.74094665, 38.681698432517024 ], [ 26.73088646, 38.674941652513638 ], [ 26.74533963, 38.677983752515154 ], [ 26.75485373, 38.670840972511606 ], [ 26.74871016, 38.663689842508049 ], [ 26.73437715, 38.666840072509622 ], [ 26.72237587, 38.651586162502028 ], [ 26.73378432, 38.653470862502985 ], [ 26.74959695, 38.634564632493564 ], [ 26.76439273, 38.640574802496559 ], [ 26.76962245, 38.635758032494145 ], [ 26.75514746, 38.628949162490763 ], [ 26.75736415, 38.61542653248403 ], [ 26.79999864, 38.610584132481613 ], [ 26.80057263, 38.599062912475866 ], [ 26.80619681, 38.601392852477048 ], [ 26.81848764, 38.585974452469358 ], [ 26.82594204, 38.590347992471514 ], [ 26.83068812, 38.578181732465467 ], [ 26.84038413, 38.586877932469768 ], [ 26.84677565, 38.560459372456585 ], [ 26.83879793, 38.56102680245688 ], [ 26.84013414, 38.556024542454388 ], [ 26.83055377, 38.558305252455519 ], [ 26.82295871, 38.550353642451533 ], [ 26.82978678, 38.55618571245445 ], [ 26.84271014, 38.550332062451538 ], [ 26.841184380000012, 38.559814562456282 ], [ 26.8470273, 38.558946362455863 ], [ 26.848329540000012, 38.542778602447733 ], [ 26.88264978, 38.534356472443569 ], [ 26.87709975, 38.516237852434536 ], [ 26.88824284, 38.510759942431797 ], [ 26.82899082, 38.526114932439476 ], [ 26.88395894, 38.507812492430325 ], [ 26.92158377, 38.468629712410745 ], [ 26.920025709999987, 38.453131552402965 ], [ 26.95102322, 38.443892232398333 ], [ 26.948597909999989, 38.431686752392217 ], [ 26.95535743, 38.444354052398594 ], [ 26.96418905, 38.44161211239723 ], [ 26.96599996, 38.447695242400258 ], [ 26.97085595, 38.441898812397355 ], [ 26.97454405, 38.454965462403862 ], [ 26.98378372, 38.448852652400859 ], [ 26.98995328, 38.45715653240498 ], [ 26.98710644, 38.449243542401014 ], [ 27.01664042, 38.465018622408898 ], [ 27.03540742, 38.463286272408034 ], [ 27.02704537, 38.467593542410221 ], [ 27.06703675, 38.458224532405524 ], [ 27.07902145, 38.467075932409955 ], [ 27.09391856, 38.453215112403022 ], [ 27.11265886, 38.448697802400766 ], [ 27.13506246, 38.464766492408813 ], [ 27.15892315, 38.466899862409846 ], [ 27.17139947, 38.447750922400289 ], [ 27.16996455, 38.440769662396775 ], [ 27.14816856, 38.447280162400034 ], [ 27.12100744, 38.412215942382488 ], [ 27.08680475, 38.398445832375586 ], [ 27.05915081, 38.415124052383923 ], [ 27.03675628, 38.410503852381623 ], [ 27.01734614, 38.417885772385311 ], [ 26.98088181, 38.396934742374818 ], [ 26.93406117, 38.383702512368203 ], [ 26.83572137, 38.370464552361547 ], [ 26.80850625, 38.355183832353937 ], [ 26.76536345, 38.367922652360292 ], [ 26.76211667, 38.384966842368847 ], [ 26.74951744, 38.393150322372954 ], [ 26.75531387, 38.400125492376432 ], [ 26.74305272, 38.40243732237758 ], [ 26.73549461, 38.414417612383588 ], [ 26.73601103, 38.429057112390907 ], [ 26.73120105, 38.42443763238861 ], [ 26.72111464, 38.436869022394845 ], [ 26.72354317, 38.427861802390318 ], [ 26.71534145, 38.42735504239009 ], [ 26.707412, 38.434527032393675 ], [ 26.68322074, 38.411057342381902 ], [ 26.67476296, 38.387445442370087 ], [ 26.6880939, 38.351382722351993 ], [ 26.67814517, 38.360135902356404 ], [ 26.67499244, 38.348029252350315 ], [ 26.69172072, 38.344108332348384 ], [ 26.70303655, 38.319609632336103 ], [ 26.67402041, 38.311986442332255 ], [ 26.64444387, 38.339950192346286 ], [ 26.64453435, 38.372610922362625 ], [ 26.63036335, 38.38124942236697 ], [ 26.61157703, 38.422119852387439 ], [ 26.6002748, 38.416152472384418 ], [ 26.58485222, 38.42655336238969 ], [ 26.59977376, 38.433904402393324 ], [ 26.60492146, 38.45192384240233 ], [ 26.60107207, 38.460637922406718 ], [ 26.58993804, 38.461345542407095 ], [ 26.59775114, 38.4678991924104 ], [ 26.58787978, 38.470021242411406 ], [ 26.62093568, 38.472023832412404 ], [ 26.63150024, 38.462890502407859 ], [ 26.64088047, 38.468620412410715 ], [ 26.62540054, 38.531125892441985 ], [ 26.60755217, 38.532001602442406 ], [ 26.56968451, 38.559696662456233 ], [ 26.5624696, 38.602002852477284 ], [ 26.55080164, 38.601462352477057 ], [ 26.523220419999987, 38.630622262491592 ], [ 26.52366686, 38.649885762501192 ], [ 26.51278305, 38.647478452499982 ], [ 26.4740808, 38.674887652513647 ], [ 26.43813348, 38.670835842511593 ], [ 26.416647550000011, 38.680604922516451 ], [ 26.397398709999983, 38.667248952509837 ], [ 26.36326325, 38.661070932506725 ], [ 26.35302484, 38.638294812495403 ], [ 26.36023426, 38.566450352459576 ], [ 26.38056016, 38.543965572448357 ], [ 26.38069046, 38.523603672438213 ], [ 26.37512147, 38.541556942447187 ], [ 26.37163115, 38.530150642441455 ], [ 26.38100445, 38.519530052436181 ], [ 26.39059222, 38.520803322436784 ], [ 26.38942575, 38.504890192428839 ], [ 26.40046835, 38.505205622428974 ], [ 26.41202974, 38.49345004242312 ], [ 26.39195216, 38.465243452409034 ], [ 26.39279461, 38.447430842400138 ], [ 26.40003717, 38.4453350223991 ], [ 26.41293812, 38.456907142404866 ], [ 26.420303939999989, 38.475943202414342 ], [ 26.43813694, 38.476346842414578 ], [ 26.49473298, 38.448184842400465 ], [ 26.51572955, 38.427506442390147 ], [ 26.49058998, 38.401022072376904 ], [ 26.47058642, 38.425854432389343 ], [ 26.45075965, 38.427310812390068 ], [ 26.46151102, 38.417811152385276 ], [ 26.45930314, 38.409583562381172 ], [ 26.46689761, 38.412109252382407 ], [ 26.47564423, 38.401472442377084 ], [ 26.47359276, 38.386296022369514 ], [ 26.4823457, 38.376018512364332 ], [ 26.45120013, 38.347667802350138 ], [ 26.420039179999986, 38.339210142345905 ], [ 26.4241935, 38.333484642343002 ], [ 26.40156221, 38.323426002337982 ], [ 26.39423323, 38.322994102337766 ], [ 26.40194273, 38.332621562342617 ], [ 26.39738286, 38.341804142347215 ], [ 26.38749075, 38.336913932344736 ], [ 26.38429666, 38.34831165235051 ], [ 26.38483465, 38.316522832334527 ], [ 26.37487113, 38.308539622330507 ], [ 26.34451425, 38.31956541233604 ], [ 26.34468806, 38.333959932343276 ], [ 26.33513725, 38.324094642338295 ], [ 26.31907952, 38.330124732341318 ], [ 26.31203175, 38.338855142345736 ], [ 26.32473683, 38.352822532352718 ], [ 26.31572413, 38.376016852364373 ], [ 26.30095673, 38.354911912353792 ], [ 26.28489101, 38.376328942364481 ], [ 26.28510332, 38.342197652347423 ], [ 26.30274844, 38.32073795233665 ], [ 26.28657305, 38.317021362334792 ], [ 26.28130472, 38.32346724233804 ], [ 26.28265822, 38.301172602326844 ], [ 26.27441645, 38.29104732232171 ], [ 26.25176883, 38.284554232318477 ], [ 26.24472582, 38.293673032323063 ], [ 26.23375845, 38.294039842323208 ], [ 26.23172188, 38.266518342309404 ], [ 26.28526294, 38.26502227230862 ], [ 26.30108953, 38.256786102304517 ], [ 26.30692518, 38.240216242296249 ], [ 26.33599198, 38.225525372288814 ], [ 26.3671875, 38.22712051228963 ], [ 26.38716793, 38.246954192299562 ], [ 26.378508329999988, 38.262738462307553 ], [ 26.39130247, 38.260553232306393 ], [ 26.40187514, 38.244817962298534 ], [ 26.38993454, 38.23730980229471 ], [ 26.38923275, 38.222943892287482 ], [ 26.43073392, 38.198105442275029 ], [ 26.41990924, 38.221430412286765 ], [ 26.44292152, 38.217969052285007 ], [ 26.43926764, 38.212125772282064 ], [ 26.45292234, 38.200952162276444 ], [ 26.46155977, 38.204149832278048 ], [ 26.45828843, 38.191763152271839 ], [ 26.49015796, 38.195632452273749 ], [ 26.48648417, 38.185490722268646 ], [ 26.49691725, 38.177471632264641 ], [ 26.50104046, 38.182762142267293 ], [ 26.50642943, 38.175221912263495 ], [ 26.51791275, 38.18683075226933 ], [ 26.5200752, 38.165495622258611 ], [ 26.51542211, 38.170279972261035 ], [ 26.51176476, 38.16584801225882 ], [ 26.52060485, 38.142372242246935 ], [ 26.53129494, 38.138865942245182 ], [ 26.53002202, 38.127651202239548 ], [ 26.54126084, 38.129080052240283 ], [ 26.54363537, 38.119509932235481 ], [ 26.56069136, 38.117373702234381 ], [ 26.56746364, 38.126672142239066 ], [ 26.5633471, 38.143812652247711 ], [ 26.57067537, 38.142550942247055 ], [ 26.58406544, 38.125205272238297 ], [ 26.58127046, 38.109991062230655 ], [ 26.59187424, 38.10257410222691 ], [ 26.60451651, 38.102138032226691 ], [ 26.61541545, 38.111814852231589 ], [ 26.61298716, 38.134999272243249 ], [ 26.6051681, 38.137632602244601 ], [ 26.60338736, 38.143217432247404 ], [ 26.62407386, 38.138357872244967 ], [ 26.63613296, 38.20716547227957 ], [ 26.64555144, 38.20179485227689 ], [ 26.65394115, 38.210076562281046 ], [ 26.67492366, 38.204432722278192 ], [ 26.67898285, 38.21180116228188 ], [ 26.68623173, 38.202206842277079 ], [ 26.69697332, 38.210880032281473 ], [ 26.73247206, 38.206826202279387 ], [ 26.73652518, 38.215798962283898 ], [ 26.74503362, 38.212157242282061 ], [ 26.75730157, 38.221910822286979 ], [ 26.79019523, 38.198886742275427 ], [ 26.78273237, 38.19199704227195 ], [ 26.77253365, 38.197064152274507 ], [ 26.76740611000001, 38.175998442263918 ], [ 26.77484667, 38.161433452256546 ], [ 26.79513311, 38.173299062262515 ], [ 26.82433271, 38.157780992254715 ], [ 26.8193084, 38.14416217224786 ], [ 26.83681226, 38.131209242241319 ], [ 26.83019221, 38.124000542237724 ], [ 26.85109043, 38.102018232226612 ], [ 26.84479737, 38.072703352211818 ], [ 26.867394810000011, 38.039401162195041 ], [ 26.86454487, 38.02855383218958 ], [ 26.89822137, 38.061246032206057 ], [ 26.94751895, 38.075285072213148 ], [ 26.98088336, 38.074746242212917 ], [ 27.01709807, 38.054631702202769 ], [ 27.048037049999987, 38.049902192200364 ], [ 27.06900704, 38.032087552191371 ], [ 27.07547235, 38.012850632181618 ], [ 27.0987823, 38.015340202182905 ], [ 27.11805606, 37.993434302171821 ], [ 27.142910719999989, 37.98381232216699 ], [ 27.16725671, 37.980866062165511 ], [ 27.186618809999988, 37.990217912170195 ], [ 27.21672344, 37.99220346217124 ], [ 27.25286591, 37.977532022163821 ], [ 27.27189326, 37.95122193215051 ], [ 27.27741206, 37.926731222138116 ], [ 27.26057196, 37.913020002131226 ], [ 27.27252805, 37.901880022125574 ], [ 27.26300454, 37.888443102118792 ], [ 27.26337004, 37.866213312107497 ], [ 27.2414875, 37.859824652104287 ], [ 27.23564792, 37.840054862094291 ], [ 27.24267447, 37.825223442086752 ], [ 27.25925875, 37.823894972086045 ], [ 27.26961982, 37.808343402078229 ], [ 27.25944257, 37.761578432054499 ], [ 27.23966277, 37.72805523203747 ], [ 27.20690465, 37.708304042027422 ], [ 27.10001016, 37.680524222013382 ], [ 27.06602693, 37.686353202016328 ], [ 27.04792118, 37.68098651201354 ], [ 27.03147805, 37.689873922018094 ], [ 27.01524568, 37.684913512015562 ], [ 27.00306797, 37.659795042002806 ], [ 27.01917624, 37.654924742000325 ], [ 27.01454115, 37.647210711996415 ], [ 27.03267097, 37.649047721997363 ], [ 27.12544954, 37.630337231987816 ], [ 27.13186657, 37.623625751984441 ], [ 27.13876605, 37.619298211982247 ], [ 27.13342345, 37.626268021985759 ], [ 27.17935336, 37.60660492197573 ], [ 27.18934345, 37.609406941977177 ], [ 27.21715415, 37.590360631967499 ], [ 27.21301305, 37.575352901959874 ], [ 27.19363797, 37.573955531959157 ], [ 27.17394352, 37.54757654194573 ], [ 27.17574406, 37.560656541952376 ], [ 27.15959442, 37.585206141964868 ], [ 27.1685909, 37.537008161940371 ], [ 27.18327272, 37.546403401945149 ], [ 27.19220805, 37.542341461943032 ], [ 27.18325865, 37.534779541939209 ], [ 27.18762577, 37.524129741933756 ], [ 27.18920755, 37.523021571933221 ], [ 27.18027306, 37.483075131912877 ], [ 27.18988931, 37.491351001917103 ], [ 27.19350028, 37.509792441926514 ], [ 27.18885887, 37.513895501928573 ], [ 27.19226766, 37.517707101930526 ], [ 27.18783176, 37.526756631935129 ], [ 27.19455278, 37.532472121938028 ], [ 27.20111787, 37.516100041929676 ], [ 27.2027595, 37.489759431916305 ], [ 27.18178225, 37.474313611908386 ], [ 27.20367825, 37.488273491915521 ], [ 27.20458114, 37.478510971910538 ], [ 27.22549558, 37.487675901915239 ], [ 27.22052097, 37.479490511911038 ], [ 27.227722050000011, 37.47222876190731 ], [ 27.21805036, 37.452932351897502 ], [ 27.21861434, 37.419785371880607 ], [ 27.230935219999985, 37.406149141873627 ], [ 27.20936704, 37.39888214186994 ], [ 27.21770835, 37.392958391866941 ], [ 27.20298088, 37.37103592185575 ], [ 27.2075963, 37.366560571853448 ], [ 27.19254804, 37.353432651846759 ], [ 27.220864059999979, 37.354298341847212 ], [ 27.21410823, 37.346092091843026 ], [ 27.23308682, 37.349887961844914 ], [ 27.2351371, 37.338405601839078 ], [ 27.25384855, 37.335702531837711 ], [ 27.28585768, 37.356180901848148 ], [ 27.29584444, 37.349283451844641 ], [ 27.30868614, 37.352719651846407 ], [ 27.31286812, 37.340953941840361 ], [ 27.330337759999985, 37.34282183184132 ], [ 27.33051503, 37.354749431847409 ], [ 27.32031393, 37.360971441850637 ], [ 27.32994092, 37.378104801859358 ], [ 27.34261501, 37.368874061854633 ], [ 27.36006713, 37.372091761856289 ], [ 27.36955416, 37.399819251870404 ], [ 27.41691685, 37.415795911878597 ], [ 27.42988503, 37.403025021872068 ], [ 27.43302846, 37.38252543186163 ], [ 27.41374814, 37.383553021862134 ], [ 27.40388906, 37.367579211853979 ], [ 27.38370621, 37.357282391848692 ], [ 27.38946605, 37.322417011830908 ], [ 27.40095735, 37.321303601830351 ], [ 27.39868355, 37.314299691826797 ], [ 27.41188097, 37.304566731821744 ], [ 27.44349432, 37.302336921820647 ], [ 27.47749674, 37.328715431834162 ], [ 27.47469223, 37.344865911842376 ], [ 27.49802935, 37.319368591829338 ], [ 27.48697901, 37.292636031815682 ], [ 27.47588325, 37.288336741813481 ], [ 27.45448184, 37.256322251797108 ], [ 27.45776951, 37.250367041794078 ], [ 27.47594786, 37.255037061796443 ], [ 27.47654104, 37.268939251803587 ], [ 27.49422336, 37.26767181180292 ], [ 27.50723910000001, 37.280158391809323 ], [ 27.51832223, 37.276646841807498 ], [ 27.51690185, 37.262755501800434 ], [ 27.52502835, 37.257580871797757 ], [ 27.51468575, 37.251240011794515 ], [ 27.52222764, 37.250606651794222 ], [ 27.51054132, 37.237948531787715 ], [ 27.49885356, 37.237082951787301 ], [ 27.522450329999987, 37.226971021782127 ], [ 27.52091408, 37.239505161788536 ], [ 27.532539839999988, 37.240957851789283 ], [ 27.53496635, 37.251348721794614 ], [ 27.55213761, 37.244708171791181 ], [ 27.54117167, 37.254817951796369 ], [ 27.55717206, 37.277594911808045 ], [ 27.58101726, 37.271325701804791 ], [ 27.59478426, 37.287917841813304 ], [ 27.60203135, 37.285077201811845 ], [ 27.60051775, 37.274889341806649 ], [ 27.60745084, 37.281510341810005 ], [ 27.61637902, 37.273835651806095 ], [ 27.58695674, 37.222534531779864 ], [ 27.5752809, 37.215343471776215 ], [ 27.59343255, 37.199008451767853 ], [ 27.60846531, 37.199473011768056 ], [ 27.60325444, 37.195180641765852 ], [ 27.61494994, 37.187901841762155 ], [ 27.60030377, 37.196044911766286 ], [ 27.59792173, 37.182613841759427 ], [ 27.57474506, 37.178998461757566 ], [ 27.59345496, 37.193927401765237 ], [ 27.57077742, 37.211439001774188 ], [ 27.554689649999986, 37.192875491764696 ], [ 27.52620745, 37.193677651765093 ], [ 27.54638541, 37.183770651759986 ], [ 27.53769946, 37.172621961754331 ], [ 27.55024731, 37.166291701751078 ], [ 27.53987718, 37.162248961748965 ], [ 27.54169917, 37.154103271744866 ], [ 27.56090987, 37.154272551744945 ], [ 27.54996645, 37.135787721735454 ], [ 27.58138216, 37.136330831735727 ], [ 27.56959832, 37.127012601730954 ], [ 27.53745973, 37.128666751731814 ], [ 27.53122294, 37.118283621726512 ], [ 27.48884153, 37.101161951717692 ], [ 27.49079037, 37.094849101714473 ], [ 27.47410774, 37.081846941707816 ], [ 27.45790803, 37.082189911707978 ], [ 27.45929408, 37.096923101715554 ], [ 27.44548738, 37.099638811716922 ], [ 27.43033516, 37.128331651731635 ], [ 27.4148277, 37.116967671725803 ], [ 27.41989982, 37.127425901731179 ], [ 27.41037405, 37.134464611734771 ], [ 27.39581835, 37.119114631726887 ], [ 27.38663733, 37.12034034172752 ], [ 27.37636912, 37.13379251173442 ], [ 27.38998473, 37.145478121740396 ], [ 27.377840159999987, 37.141985531738612 ], [ 27.37750161, 37.150902141743188 ], [ 27.36457777, 37.157028071746304 ], [ 27.34617031, 37.130367631732646 ], [ 27.34325445, 37.149765241742635 ], [ 27.32334065, 37.159126031747405 ], [ 27.32856143, 37.145521871740414 ], [ 27.31171227, 37.138372051736766 ], [ 27.31895864, 37.120078791727408 ], [ 27.311323519999988, 37.115227091724947 ], [ 27.30549395, 37.123831861729343 ], [ 27.30489755, 37.115034331724814 ], [ 27.28417778, 37.125932801730407 ], [ 27.27349496, 37.140510551737883 ], [ 27.26359642, 37.132852901733933 ], [ 27.26388931, 37.120013471727368 ], [ 27.25540054, 37.130818951732927 ], [ 27.25471544, 37.111613141723041 ], [ 27.28003895, 37.120452041727596 ], [ 27.28966153, 37.119537701727104 ], [ 27.293401359999987, 37.110431071722445 ], [ 27.26401472, 37.092431301713205 ], [ 27.25403464, 37.094041931714045 ], [ 27.25179195, 37.081891771707809 ], [ 27.23921382, 37.083298431708556 ], [ 27.23885095, 37.066106551699789 ], [ 27.22525418, 37.058104151695652 ], [ 27.23745596, 37.05189060169247 ], [ 27.23005974, 37.039654841686186 ], [ 27.24982846, 37.031426661681991 ], [ 27.25944388, 37.000163901665957 ], [ 27.25523055, 36.976742141653922 ], [ 27.26426744, 36.964121331647426 ], [ 27.27876115, 36.966016041648395 ], [ 27.28631735, 36.957742321644183 ], [ 27.28410447, 36.965403901648131 ], [ 27.29360545, 36.968206751649547 ], [ 27.30374634, 36.957280151643914 ], [ 27.30028641, 36.972286811651649 ], [ 27.31884468, 36.977478141654267 ], [ 27.33244407, 36.989063611660235 ], [ 27.33013785, 36.998522391665126 ], [ 27.34064746, 36.999315851665479 ], [ 27.33002555, 37.00404214166791 ], [ 27.33235276, 37.015393601673715 ], [ 27.382544759999988, 37.026271331679354 ], [ 27.37589991, 36.99865924166518 ], [ 27.38898182, 37.006093611668994 ], [ 27.39609146, 37.029059041680739 ], [ 27.40990901, 37.030447121681441 ], [ 27.40028036, 37.018531311675382 ], [ 27.40881658, 37.023130051677718 ], [ 27.41251612, 37.016719091674432 ], [ 27.42486942, 37.035740841684195 ], [ 27.43860126, 37.030832641681691 ], [ 27.45018494, 37.010744441671356 ], [ 27.48241174, 36.986323941658831 ], [ 27.507949230000012, 36.985291111658306 ], [ 27.51811445, 36.995031351663314 ], [ 27.54851687, 36.987272851659313 ], [ 27.54547787, 36.982819431657028 ], [ 27.55939674, 36.984887231658071 ], [ 27.56540418, 36.974669921652861 ], [ 27.56533205, 36.981871831656569 ], [ 27.576197149999988, 36.983551021657426 ], [ 27.56300497, 36.989226331660362 ], [ 27.58259654, 36.994496451663053 ], [ 27.63708198, 36.97769855165442 ], [ 27.64751196, 36.980424041655766 ], [ 27.64761186, 36.997731321664681 ], [ 27.66220617, 36.994623771663065 ], [ 27.685571549999988, 37.003291841667554 ], [ 27.707297799999989, 36.996182311663922 ], [ 27.73369741, 37.000905861666304 ], [ 27.733811859999989, 36.992875331662184 ], [ 27.75586545, 37.00071811166621 ], [ 27.758380169999988, 36.990318531660904 ], [ 27.774820919999986, 36.992157451661846 ], [ 27.77691495, 36.998849261665278 ], [ 27.78122377, 36.992516271661998 ], [ 27.78706825, 37.005848041668841 ], [ 27.80014694, 37.002701031667243 ], [ 27.79931164, 36.994852061663188 ], [ 27.8206892, 37.011490341671752 ], [ 27.89296091, 37.028388491680396 ], [ 27.90791798, 37.022053471677161 ], [ 27.92628455, 37.03076743168161 ], [ 27.94655085, 37.015964741674061 ], [ 27.96855581, 37.021180021676699 ], [ 27.97905636, 37.031770341682147 ], [ 28.02677584, 37.021571631676913 ], [ 28.07887054, 37.021581041676924 ], [ 28.08753955, 37.028707611680588 ], [ 28.09037614, 37.021019931676648 ], [ 28.10104024, 37.020314331676268 ], [ 28.09874463, 37.011689301671829 ], [ 28.11591363, 37.01606034167407 ], [ 28.09834743, 37.028523551680493 ], [ 28.10201633, 37.034579621683577 ], [ 28.16331935, 37.028809541680637 ], [ 28.19777214, 37.039812441686294 ], [ 28.24084353, 37.038576831685639 ], [ 28.27394128, 37.048833721690926 ], [ 28.32210612, 37.051372401692163 ], [ 28.33056116, 37.033395161683003 ], [ 28.31912243, 37.022725451677502 ], [ 28.2672621, 37.015653841673917 ], [ 28.24512923, 37.002836341667312 ], [ 28.25723171000001, 36.994272341662892 ], [ 28.25055516, 36.989690771660534 ], [ 28.21600306, 36.99848794166504 ], [ 28.2153666, 36.985338321658318 ], [ 28.19754386, 36.981996051656594 ], [ 28.21603703, 36.976825701653944 ], [ 28.20126784, 36.969136471650017 ], [ 28.20576382, 36.952056761641245 ], [ 28.18969452, 36.940024131635099 ], [ 28.18815792, 36.947747701639031 ], [ 28.17418158, 36.95174145164107 ], [ 28.17328835, 36.945267551637755 ], [ 28.16822004, 36.951513401640945 ], [ 28.15829575, 36.944862241637566 ], [ 28.17050898, 36.93965243163489 ], [ 28.16155195, 36.935639011632809 ], [ 28.17293704, 36.926227441628015 ], [ 28.16822124, 36.906815041618053 ], [ 28.16002822, 36.907776941618494 ], [ 28.15969765, 36.925951951627837 ], [ 28.14820731, 36.928006521628902 ], [ 28.14574921, 36.919003241624289 ], [ 28.13897777, 36.934414731632202 ], [ 28.13507807, 36.9289528016294 ], [ 28.09810293, 36.940406191635269 ], [ 28.09914911, 36.933113211631515 ], [ 28.09389853, 36.930840241630378 ], [ 28.09200132, 36.937708961633845 ], [ 28.07409894, 36.942056171636096 ], [ 28.04453635, 36.936094751633043 ], [ 28.07325041, 36.929544801629724 ], [ 28.04307032, 36.920670141625138 ], [ 28.02133536, 36.925408831627585 ], [ 28.04376662, 36.910265321619804 ], [ 28.01465225, 36.90559911161742 ], [ 28.05131745, 36.89648794161274 ], [ 28.04067635, 36.884324421606465 ], [ 28.05932736, 36.878801931603611 ], [ 28.04711843, 36.870948541599581 ], [ 28.05339897, 36.865514751596805 ], [ 28.03770494, 36.864939201596528 ], [ 28.02952695, 36.856979841592391 ], [ 28.01681125, 36.863696451595892 ], [ 28.01617527, 36.857177961592541 ], [ 28.00025773, 36.853319161590527 ], [ 28.01434088, 36.853703371590719 ], [ 28.01211631, 36.845161311586352 ], [ 28.03131521, 36.838830341583098 ], [ 28.002654909999986, 36.835291731581286 ], [ 28.01835561, 36.827609051577326 ], [ 28.05587435, 36.833649861580447 ], [ 28.05343056, 36.825392121576193 ], [ 28.06510663, 36.823532811575241 ], [ 28.05596411, 36.816374291571556 ], [ 28.06040812, 36.800775041563497 ], [ 28.042584779999988, 36.800186621563221 ], [ 28.03283274, 36.787760251556854 ], [ 27.99125087, 36.800774331563524 ], [ 27.96929026, 36.795025221560564 ], [ 27.92052841, 36.796905631561529 ], [ 27.904427770000012, 36.80942403156795 ], [ 27.857697839999986, 36.803658591565004 ], [ 27.82605183, 36.813032621569832 ], [ 27.78442645, 36.803260911564777 ], [ 27.77156937, 36.788587801557284 ], [ 27.69696772, 36.785226341555507 ], [ 27.676455859999987, 36.801524631563936 ], [ 27.64124525, 36.810728661568653 ], [ 27.64153743, 36.800547711563418 ], [ 27.62341881, 36.797328341561752 ], [ 27.62824774, 36.781343571553563 ], [ 27.60954738, 36.763982641544622 ], [ 27.57993424, 36.768017761546666 ], [ 27.51191366, 36.750052201537457 ], [ 27.47670925, 36.750412221537644 ], [ 27.47595692, 36.758215421541649 ], [ 27.46464431, 36.762175311543707 ], [ 27.44782841, 36.744743221534733 ], [ 27.42661071, 36.746845831535786 ], [ 27.4168359, 36.732187861528288 ], [ 27.42217886, 36.715023031519401 ], [ 27.40703595, 36.703974831513733 ], [ 27.3962692, 36.700464951511918 ], [ 27.36202776, 36.708661901516145 ], [ 27.37320101, 36.689819451506459 ], [ 27.36304104, 36.68446671150371 ], [ 27.40237725, 36.68007194150141 ], [ 27.4051826, 36.662398211492338 ], [ 27.42137825, 36.670488471496483 ], [ 27.44011462, 36.661862361492069 ], [ 27.46837473, 36.661381351491833 ], [ 27.477548, 36.647066111484421 ], [ 27.51400495, 36.677002421499843 ], [ 27.53243911, 36.6708151014967 ], [ 27.55290985, 36.681853641502343 ], [ 27.56092143, 36.672119611497337 ], [ 27.57355416, 36.684598561503755 ], [ 27.59764135, 36.677997941500358 ], [ 27.6067667, 36.682635651502771 ], [ 27.62701535, 36.671124811496803 ], [ 27.63858592, 36.675021641498816 ], [ 27.65171361, 36.663613671492939 ], [ 27.67847073, 36.657644621489872 ], [ 27.67222142, 36.660553561491355 ], [ 27.67642546, 36.700433841511916 ], [ 27.69122386, 36.702316511512848 ], [ 27.69627166, 36.71207475151791 ], [ 27.68673933, 36.725213161524664 ], [ 27.730822209999989, 36.763141861544192 ], [ 27.74995816, 36.765302651545269 ], [ 27.77990186, 36.755369651540192 ], [ 27.79143286, 36.760404701542789 ], [ 27.79538977, 36.755061861540042 ], [ 27.80503595, 36.764128791544657 ], [ 27.81610274, 36.76305043154413 ], [ 27.83587563, 36.754989141540008 ], [ 27.83724725, 36.744569651534619 ], [ 27.84842145, 36.747758141536266 ], [ 27.85851586, 36.74114882153286 ], [ 27.87115467, 36.744447701534568 ], [ 27.87776852, 36.757656331541384 ], [ 27.88955152, 36.754790651539899 ], [ 27.89081752, 36.740868441532726 ], [ 27.89907086, 36.742449511533557 ], [ 27.89441895, 36.756354921540691 ], [ 27.91975605, 36.754441731539679 ], [ 27.92053914, 36.742264261533421 ], [ 27.92982316, 36.742110001533348 ], [ 27.95615554, 36.760779971542938 ], [ 27.96716225, 36.759917131542508 ], [ 27.96725404, 36.752016531538416 ], [ 27.97674751, 36.761994231543554 ], [ 27.98429406, 36.756493201540756 ], [ 28.00873017, 36.7649028215451 ], [ 28.01417375, 36.758460631541759 ], [ 28.031571750000012, 36.765785451545504 ], [ 28.04145014, 36.78272079155424 ], [ 28.04697585, 36.784803621555334 ], [ 28.04050326, 36.771977411548733 ], [ 28.05109561, 36.759488331542322 ], [ 28.05266285, 36.765999311545634 ], [ 28.06475544, 36.766133541545699 ], [ 28.06437743, 36.7739117015497 ], [ 28.07886386, 36.775150411550364 ], [ 28.08163846, 36.785340301555586 ], [ 28.07358885, 36.787827961556907 ], [ 28.08229351, 36.795949451561093 ], [ 28.11823547, 36.803426141564884 ], [ 28.13185823, 36.793965571559994 ], [ 28.12224722, 36.77358841154954 ], [ 28.13353765, 36.757043111541002 ], [ 28.12849235, 36.754365311539679 ], [ 28.11188304, 36.774395101549963 ], [ 28.11322916, 36.764160741544742 ], [ 28.09475303, 36.764606821544938 ], [ 28.08475757, 36.743836511534234 ], [ 28.120653629999989, 36.734719271529528 ], [ 28.12967801, 36.726090901525133 ], [ 28.113118049999986, 36.728149521526184 ], [ 28.11515558, 36.720098841522017 ], [ 28.09891987, 36.705117811514341 ], [ 28.085278270000011, 36.718412631521169 ], [ 28.09867704, 36.726468911525302 ], [ 28.06517577, 36.724021661524041 ], [ 28.04593885, 36.717303861520612 ], [ 28.04235053, 36.703820221513659 ], [ 28.01713574, 36.707703221515658 ], [ 28.00839162, 36.697358241510337 ], [ 28.00181246, 36.704048621513792 ], [ 27.98207295, 36.69419216150871 ], [ 27.98352897, 36.684337011503636 ], [ 27.97698545, 36.692692751507934 ], [ 27.96363366, 36.683787101503341 ], [ 27.96430886, 36.675613151499164 ], [ 28.00210476, 36.674834841498729 ], [ 28.02417505, 36.668128361495313 ], [ 28.04063606, 36.673988331498293 ], [ 28.03382587, 36.686538571504741 ], [ 28.0409286, 36.692700261507945 ], [ 28.05230153, 36.683149331503046 ], [ 28.049863219999988, 36.673580521498117 ], [ 28.07256925, 36.674982421498846 ], [ 28.05272591, 36.657479751489824 ], [ 28.06811786, 36.655637491488818 ], [ 28.06213331, 36.65096723148644 ], [ 28.06829202, 36.648005711484934 ], [ 28.053160909999988, 36.641935931481811 ], [ 28.057314160000011, 36.635465251478436 ], [ 28.06662345, 36.642222041481979 ], [ 28.07233763, 36.660167331491174 ], [ 28.08353496, 36.660055631491133 ], [ 28.095725420000011, 36.644943471483366 ], [ 28.06227481, 36.604897251462702 ], [ 28.02666473, 36.602706541461615 ], [ 27.98331654, 36.611552111466139 ], [ 27.96298122, 36.607054941463865 ], [ 27.95648718, 36.600482811460417 ], [ 27.97870421, 36.58596062145299 ], [ 27.96522164000001, 36.579965941449871 ], [ 27.98027563, 36.567743291443584 ], [ 27.97934568, 36.55356955143629 ], [ 27.99776673, 36.567818511443619 ], [ 28.01751244, 36.564209811441785 ], [ 28.01182401, 36.576127041447926 ], [ 28.02655435, 36.567685001443522 ], [ 28.02492535, 36.560951221440106 ], [ 28.03567076, 36.56303929144115 ], [ 28.0506252, 36.572426911445973 ], [ 28.04458642, 36.5768698414483 ], [ 28.04874575, 36.584123841451998 ], [ 28.05119634, 36.578201401448972 ], [ 28.06657994, 36.595109811457696 ], [ 28.07859278, 36.595390911457812 ], [ 28.08905125, 36.582017531450951 ], [ 28.09482503, 36.58484219145241 ], [ 28.11558497, 36.600843541460641 ], [ 28.14626932, 36.643971191482862 ], [ 28.142755149999985, 36.650470961486178 ], [ 28.16338026, 36.666313641494327 ], [ 28.155660749999988, 36.673547261498122 ], [ 28.16369724, 36.683777561503319 ], [ 28.17625976, 36.678987851500857 ], [ 28.20220625, 36.691061131507098 ], [ 28.22456014, 36.688261741505634 ], [ 28.22225642, 36.697096701510183 ], [ 28.23362625, 36.699974651511681 ], [ 28.22591543, 36.70235144151291 ], [ 28.23961616, 36.717504851520729 ], [ 28.24759936, 36.715989941519929 ], [ 28.25475454, 36.730439301527348 ], [ 28.26668795, 36.730152221527213 ], [ 28.22081767, 36.45827589138716 ], [ 28.19791722, 36.427841301371458 ], [ 28.18393815, 36.420279131367536 ], [ 28.11815524, 36.419297451367072 ], [ 28.05390513, 36.398108231356112 ], [ 27.961308, 36.353837121333264 ], [ 27.91504633, 36.342508071327408 ], [ 27.878322, 36.322170251316933 ], [ 27.84603381, 36.283543101296914 ], [ 27.80531526, 36.270320171290095 ], [ 27.7896322, 36.242615571275813 ], [ 27.788571480000012, 36.218659751263431 ], [ 27.76787114, 36.188499921247853 ], [ 27.75334334, 36.186378951246752 ], [ 27.73496282, 36.169424051237968 ], [ 27.68523407, 36.15602755123107 ], [ 27.69045556, 36.143663631224683 ], [ 27.70660651, 36.147964471226928 ], [ 27.71571398, 36.131054031218177 ], [ 27.71070945, 36.112571111208631 ], [ 27.75035906, 36.105175131204788 ], [ 27.76029074, 36.09023832119707 ], [ 27.75449038, 36.008806811154976 ], [ 27.71757376, 35.940649501119715 ], [ 27.73456347, 35.914570561106245 ], [ 27.76254916, 35.896951551097096 ], [ 27.7487128, 35.87650387108652 ], [ 27.21174026, 35.534721840909597 ], [ 27.21991825, 35.546463720915646 ], [ 27.20548952, 35.557686800921488 ], [ 27.20493221, 35.573253260929505 ], [ 27.18921888, 35.577437870931711 ], [ 27.17917895, 35.587633240936938 ], [ 27.18165052, 35.596070040941356 ], [ 27.15977097, 35.602588050944689 ], [ 27.15121484, 35.615191810951266 ], [ 27.16364646, 35.622830140955173 ], [ 27.15768051, 35.631005750959424 ], [ 27.161817550000013, 35.654759990971712 ], [ 27.19348514, 35.68265079098618 ], [ 27.19165957, 35.698799960994549 ], [ 27.22007978, 35.73000955101071 ], [ 27.21090341, 35.771860951032345 ], [ 27.23110354, 35.796852941045302 ], [ 27.235822559999988, 35.824725861059697 ], [ 27.21029294, 35.831012241062943 ], [ 27.18917823, 35.803200951048595 ], [ 27.17408097, 35.807953471051043 ], [ 27.16964781, 35.799508801046663 ], [ 27.16277587, 35.803369041048683 ], [ 27.1621716, 35.726162541008726 ], [ 27.13873303, 35.708812350999729 ], [ 27.13697457, 35.69435822099225 ], [ 27.12391412, 35.684299460987006 ], [ 27.11632574, 35.665303340977204 ], [ 27.12071824, 35.64388501096613 ], [ 27.08995807, 35.628319130958012 ], [ 27.08297443, 35.621440160954478 ], [ 27.08761275, 35.613921040950601 ], [ 27.06107581, 35.597973460942363 ], [ 27.06593847, 35.586291540936259 ], [ 27.07830691, 35.581576810933811 ], [ 27.07704794, 35.568971620927286 ], [ 27.10174477, 35.560216540922774 ], [ 27.11281335, 35.544827450914838 ], [ 27.10255563, 35.535447710909978 ], [ 27.1086241, 35.531349530907832 ], [ 27.10499716, 35.511918060897756 ], [ 27.11920786, 35.484833350883733 ], [ 27.11438394, 35.475883240879064 ], [ 27.10331464, 35.476812950879577 ], [ 27.11219478, 35.472132430877203 ], [ 27.08336628, 35.454383240867948 ], [ 27.08794475, 35.450766430866111 ], [ 27.07934904, 35.443815940862486 ], [ 27.10074043, 35.436760890858864 ], [ 27.11249173, 35.423592200852035 ], [ 27.13122737, 35.426954500853796 ], [ 27.14447391, 35.408424250844142 ], [ 27.13420205, 35.398752660839179 ], [ 26.31286335, 35.19809603073525 ], [ 26.30180645, 35.186747540729371 ], [ 26.27888465, 35.194844830733565 ], [ 26.26700723, 35.210574020741696 ], [ 26.27757788, 35.223015660748167 ], [ 26.26367033, 35.266386140770628 ], [ 26.28821623, 35.275533430775347 ], [ 26.29086936, 35.289193020782456 ], [ 26.30736315, 35.293360340784545 ], [ 26.30267346, 35.301549540788791 ], [ 26.31457293, 35.306420320791332 ], [ 26.31239784, 35.316946500796831 ], [ 26.2895447, 35.313305850794912 ], [ 26.28373814, 35.304147590790187 ], [ 26.30022645, 35.300374740788193 ], [ 26.27354038, 35.295445190785671 ], [ 26.288036699999985, 35.285004960780249 ], [ 26.26017177, 35.28034471077784 ], [ 26.25445604, 35.272190920773582 ], [ 26.24662352, 35.281786430778602 ], [ 26.23612475, 35.279550300777437 ], [ 26.23044205, 35.273920530774525 ], [ 26.23671675, 35.269349330772165 ], [ 26.22168946, 35.266656750770721 ], [ 26.22591925, 35.250830160762533 ], [ 26.21359217, 35.238922940756396 ], [ 26.20385373, 35.241309390757628 ], [ 26.20785165, 35.235069150754427 ], [ 26.19596052, 35.226882450750182 ], [ 26.18137622, 35.224004140748697 ], [ 26.1868906, 35.211332430742132 ], [ 26.16262543, 35.198784700735615 ], [ 26.13533092, 35.195618140733991 ], [ 26.11165583, 35.203755250738148 ], [ 26.112558960000012, 35.227962840750727 ], [ 26.08336234, 35.218561640745861 ], [ 26.06861925, 35.220456950746872 ], [ 26.06130314, 35.236501450755149 ], [ 26.04901016, 35.22496413074915 ], [ 26.02680421, 35.229878300751714 ], [ 25.99829531, 35.198927630735717 ], [ 25.97449434, 35.195078840733693 ], [ 25.96313345, 35.200429310736432 ], [ 25.95415425, 35.18319224072755 ], [ 25.91977835, 35.179216140725472 ], [ 25.89688432, 35.187314140729669 ], [ 25.89483654, 35.172018040721746 ], [ 25.87987864, 35.159698240715358 ], [ 25.86323833, 35.152063960711445 ], [ 25.85831666, 35.159500230715302 ], [ 25.84722483, 35.156995410713975 ], [ 25.84347606, 35.139403210704863 ], [ 25.81111872, 35.109489430689358 ], [ 25.76982474, 35.121699800695687 ], [ 25.75992274, 35.130600200700286 ], [ 25.72855806, 35.129046310699508 ], [ 25.72976935, 35.149126400709896 ], [ 25.72162461, 35.147935620709305 ], [ 25.72365594, 35.154860130712834 ], [ 25.71121275, 35.166172730718756 ], [ 25.70970941, 35.177571050724595 ], [ 25.72279131, 35.189239610730681 ], [ 25.71339166, 35.197692860735039 ], [ 25.720334770000012, 35.201758260737144 ], [ 25.71428585, 35.219615450746375 ], [ 25.74039125, 35.231767760752675 ], [ 25.73231864, 35.242882360758436 ], [ 25.73500061, 35.255728350765104 ], [ 25.72198224, 35.266895160770851 ], [ 25.72733748, 35.302871810789512 ], [ 25.76317322, 35.319510930798153 ], [ 25.77304101, 35.341149200809326 ], [ 25.69870114, 35.335858690806617 ], [ 25.65978813, 35.347942460812838 ], [ 25.58760607, 35.332031240804575 ], [ 25.57311416, 35.31929194079801 ], [ 25.54365063, 35.320832240798822 ], [ 25.487239959999989, 35.295237530785514 ], [ 25.44267273, 35.291752330783766 ], [ 25.39199817, 35.318235150797477 ], [ 25.38141477, 35.338420740807884 ], [ 25.23623776, 35.330154650803635 ], [ 25.19759226, 35.332031240804582 ], [ 25.18558073, 35.345137350811392 ], [ 25.15352345, 35.348043430812915 ], [ 25.09277892, 35.337167130807245 ], [ 25.05608785, 35.340831870809176 ], [ 25.03997445, 35.359601730818881 ], [ 25.037294750000012, 35.379523270829189 ], [ 25.04967487, 35.392954340836198 ], [ 25.04458833, 35.405172930842483 ], [ 25.02698398, 35.3993911608395 ], [ 25.01890111, 35.404944050842403 ], [ 25.01841426, 35.420284260850302 ], [ 24.98955011, 35.413957350847056 ], [ 24.97340655, 35.432261460856516 ], [ 24.955109239999985, 35.402092330840901 ], [ 24.93014085, 35.403990140841884 ], [ 24.92752743, 35.409889330844905 ], [ 24.91877294, 35.403597350841672 ], [ 24.88583088, 35.422036400851205 ], [ 24.875299219999988, 35.422079910851245 ], [ 24.87321866, 35.409617530844805 ], [ 24.83512151, 35.406110400842948 ], [ 24.82661784, 35.415398830847778 ], [ 24.81963384, 35.408424960844179 ], [ 24.78850973, 35.407115930843496 ], [ 24.78310561, 35.421012030850669 ], [ 24.76801646, 35.417213550848693 ], [ 24.69949496, 35.427105540853837 ], [ 24.69331837, 35.418931120849592 ], [ 24.64835322, 35.419972530850103 ], [ 24.61379385, 35.393311610836321 ], [ 24.55235231, 35.375467410827085 ], [ 24.48646235, 35.366942400822673 ], [ 24.46905744, 35.373488300826075 ], [ 24.45804214, 35.364469520821409 ], [ 24.4205991, 35.369410150823974 ], [ 24.41027522, 35.360326160819227 ], [ 24.37564707, 35.36241900082036 ], [ 24.35515225, 35.350523820814189 ], [ 24.28392231, 35.354439730816182 ], [ 24.26570845, 35.360136140819179 ], [ 24.2574954, 35.376655210827685 ], [ 24.26768434, 35.399456850839513 ], [ 24.26373684, 35.414670340847387 ], [ 24.27113533, 35.419621930849928 ], [ 24.25417757, 35.430384510855532 ], [ 24.25874805, 35.452381240866949 ], [ 24.24339116, 35.475023020878638 ], [ 24.18751216, 35.449284070865325 ], [ 24.15212405, 35.471606360876855 ], [ 24.12357461, 35.469895350875973 ], [ 24.08658803, 35.489403240886084 ], [ 24.06160641, 35.492382040887655 ], [ 24.06150413, 35.499029030891073 ], [ 24.08087015, 35.508679500896093 ], [ 24.15770853, 35.494206420888567 ], [ 24.18271732, 35.503595100893456 ], [ 24.20244575, 35.538295140911423 ], [ 24.17575765, 35.586726420936529 ], [ 24.12539303, 35.602018350944405 ], [ 24.09957564, 35.597553600942121 ], [ 24.09669626, 35.590799200938591 ], [ 24.07792425, 35.592596040939561 ], [ 24.06897175, 35.583291040934732 ], [ 24.08639765, 35.554038630919578 ], [ 24.06671262, 35.547735200916314 ], [ 24.0577383, 35.55568193092045 ], [ 24.06315446, 35.548710220916803 ], [ 24.05238152, 35.5513857509182 ], [ 24.04711115, 35.523890720903978 ], [ 23.99425435, 35.51149653089751 ], [ 23.98858047, 35.518347130901113 ], [ 23.97335565, 35.511498200897549 ], [ 23.94793391, 35.513741130898715 ], [ 23.93040395, 35.523069850903553 ], [ 23.89819801, 35.519285310901601 ], [ 23.80587888, 35.536022530910266 ], [ 23.77919865, 35.547739730916327 ], [ 23.77845788, 35.601676690944231 ], [ 23.76276696, 35.648379790968399 ], [ 23.77442586, 35.668055640978608 ], [ 23.73777282, 35.695833200993007 ], [ 23.70775294, 35.658719050973765 ], [ 23.70217085, 35.634949200961458 ], [ 23.71298075, 35.622267360954908 ], [ 23.70800555, 35.595636240941104 ], [ 23.72867644, 35.54590093091538 ], [ 23.72054756, 35.510586490897062 ], [ 23.65832186, 35.498413310890804 ], [ 23.64020574, 35.506509650894976 ], [ 23.638418319999985, 35.519781940901836 ], [ 23.63015938, 35.512863150898262 ], [ 23.61376715, 35.519930350901895 ], [ 23.61311352, 35.564993970925244 ], [ 23.60500276, 35.569645040927675 ], [ 23.60251856, 35.592177620939346 ], [ 23.61063516, 35.603053800944949 ], [ 23.59427321, 35.639681450963934 ], [ 23.32553196, 35.825038901059891 ], [ 23.32728636, 35.854190821074972 ], [ 23.31224787, 35.886814351091871 ], [ 23.29335284, 35.892063251094562 ], [ 23.29261136, 35.884326211090581 ], [ 23.289612049999988, 35.882674561089679 ], [ 23.28608811, 35.895673741096445 ], [ 22.98927915, 36.135802741220637 ], [ 22.99869776, 36.145291561225555 ], [ 23.005509610000011, 36.136065951220765 ], [ 23.02171207, 36.141970861223825 ], [ 23.04804838, 36.129690761217482 ], [ 23.05117536, 36.145569201225676 ], [ 23.05951965, 36.143632761224694 ], [ 23.04755986, 36.157081831231608 ], [ 23.04526341, 36.175695411241236 ], [ 23.05416322, 36.216951841262542 ], [ 23.07328212, 36.226520771267523 ], [ 23.09162211, 36.219197261263695 ], [ 23.10599446, 36.235906951272383 ], [ 23.10105157, 36.250105611279707 ], [ 23.09012032, 36.251934521280674 ], [ 23.04837406, 36.289317841299933 ], [ 22.98605597, 36.321653831316659 ], [ 22.95141375, 36.385744561349703 ], [ 22.92877865, 36.377958761345717 ], [ 22.95064723, 36.474050631395279 ], [ 22.97371137, 36.474301801395434 ], [ 22.97170305, 36.462211601389164 ], [ 22.98074746, 36.467023601391674 ], [ 22.98740053, 36.455130451385514 ], [ 22.992474439999988, 36.468705531392544 ], [ 22.98231268, 36.477320061396938 ], [ 22.98780417, 36.48352324140015 ], [ 22.98064876, 36.509655351413663 ], [ 22.95954323, 36.507596721412554 ], [ 22.96828723, 36.520920271419463 ], [ 22.98547733, 36.517042751417456 ], [ 23.02223206, 36.528430331423316 ], [ 23.05640936, 36.511525501414582 ], [ 23.06856525, 36.497865551407578 ], [ 23.06262422, 36.47429656139542 ], [ 23.0860213, 36.4391900213773 ], [ 23.1058284, 36.441181291378292 ], [ 23.13113165, 36.427527661371286 ], [ 23.14495146, 36.44109475137828 ], [ 23.1986922, 36.434794061375044 ], [ 23.20273614, 36.450217361383004 ], [ 23.17923474, 36.468589531392482 ], [ 23.16758037, 36.466870541391586 ], [ 23.16516507, 36.483883131400354 ], [ 23.14553475, 36.485822191401347 ], [ 23.13036168, 36.497820011407534 ], [ 23.14272785, 36.511591311414648 ], [ 23.13973427, 36.526876801422517 ], [ 23.15350854, 36.535813801427125 ], [ 23.1335572, 36.541394341429957 ], [ 23.12730444, 36.55939101143926 ], [ 23.10961735, 36.559737431439423 ], [ 23.06751311, 36.585695141452824 ], [ 23.05779314, 36.607252111463914 ], [ 23.03238451, 36.625835651473501 ], [ 23.02701461, 36.662146801492199 ], [ 23.03883398, 36.685354941504144 ], [ 23.05955982, 36.689870711506465 ], [ 23.034545539999989, 36.690410251506748 ], [ 23.02583873, 36.727137791525628 ], [ 23.03469372, 36.733613361528995 ], [ 23.04678655, 36.730656261527493 ], [ 23.04736304, 36.742631541533605 ], [ 23.057427640000011, 36.745060201534891 ], [ 23.06742775, 36.733986251529167 ], [ 23.08654034, 36.72879385152649 ], [ 23.091831920000011, 36.73679255153062 ], [ 23.08463454, 36.759356611542216 ], [ 23.1108582, 36.77399074154976 ], [ 23.09994316, 36.777943721551779 ], [ 23.09837484, 36.788193451557063 ], [ 23.09168053, 36.783147561554493 ], [ 23.08729696, 36.784153811554972 ], [ 23.08378792, 36.809816951568187 ], [ 23.09017563, 36.819242111573026 ], [ 23.07758045, 36.819846021573319 ], [ 23.07360744, 36.830221051578661 ], [ 23.053130629999984, 36.838352551582823 ], [ 23.05865812, 36.842489591584965 ], [ 23.03885281, 36.858168231593048 ], [ 23.05160916, 36.861834161594878 ], [ 23.01270533, 36.937858331633933 ], [ 23.02056801, 36.945446241637875 ], [ 23.00691605, 36.95819675164438 ], [ 23.01185906, 36.970111601650544 ], [ 23.00049973, 36.966982351648909 ], [ 22.99164557, 36.974623431652837 ], [ 23.00726187, 36.98481714165807 ], [ 23.00539005, 37.008098231669997 ], [ 22.99614072, 37.017542951674834 ], [ 23.00529575, 37.024022811678165 ], [ 22.96445274, 37.070151921701815 ], [ 22.98316634, 37.070820201702162 ], [ 22.98452103, 37.084627501709221 ], [ 22.96250212, 37.089421501711662 ], [ 22.9550631, 37.118535631726573 ], [ 22.94383681, 37.113939751724288 ], [ 22.93027306, 37.118936651726806 ], [ 22.91812217, 37.108126751721294 ], [ 22.89693224, 37.120033611727344 ], [ 22.89956892, 37.176044931756067 ], [ 22.91230404, 37.188996901762678 ], [ 22.89438951, 37.200954551768845 ], [ 22.89408934, 37.218504301777784 ], [ 22.87658453, 37.244700061791185 ], [ 22.85482526, 37.255909911796927 ], [ 22.86277401, 37.270034661804146 ], [ 22.83945823, 37.278414121808439 ], [ 22.84323525, 37.292561641815674 ], [ 22.83541048, 37.292800891815773 ], [ 22.82153511, 37.31327771182626 ], [ 22.82781374, 37.322324741830826 ], [ 22.80962455, 37.328862061834187 ], [ 22.81706321, 37.337420211838577 ], [ 22.80571067, 37.340434661840114 ], [ 22.77455354, 37.386460531863619 ], [ 22.75276577, 37.393552061867233 ], [ 22.77175105, 37.424241061882881 ], [ 22.74785161, 37.441406241891634 ], [ 22.75008798, 37.463578451902933 ], [ 22.72719634, 37.489843721916337 ], [ 22.73971415, 37.516495461929914 ], [ 22.71730375, 37.562618251953388 ], [ 22.73750722, 37.580040331962223 ], [ 22.77642643, 37.590619201967648 ], [ 22.80161631, 37.572857251958567 ], [ 22.79187071, 37.562201131953216 ], [ 22.82198358, 37.544429411944122 ], [ 22.81996346, 37.527796021935686 ], [ 22.83003235, 37.528651701936099 ], [ 22.85204184, 37.512440791927887 ], [ 22.86788356, 37.527133931935332 ], [ 22.89609885, 37.532615531938148 ], [ 22.92859554, 37.523192401933315 ], [ 22.91665494, 37.53440713193902 ], [ 22.92917633, 37.534952871939268 ], [ 22.93709946, 37.519716251931527 ], [ 22.98054326, 37.513829941928535 ], [ 23.00355697, 37.472481241907467 ], [ 23.00192714, 37.459957111901105 ], [ 23.04240525, 37.480963941911796 ], [ 23.05445087, 37.465394251903895 ], [ 23.04297638, 37.457422721899796 ], [ 23.05626082, 37.450679411896395 ], [ 23.09076571000001, 37.455284111898685 ], [ 23.12111974, 37.450787651896427 ], [ 23.11997461, 37.440984241891414 ], [ 23.13193405, 37.43884205189034 ], [ 23.13117814, 37.421462651881477 ], [ 23.14291096, 37.415012951878161 ], [ 23.13310266, 37.40968250187548 ], [ 23.11112857, 37.422270771881891 ], [ 23.11175513, 37.40082287187095 ], [ 23.10122144, 37.390640611865756 ], [ 23.06328905, 37.3920993718665 ], [ 23.07519293, 37.364720221852544 ], [ 23.06609941, 37.352451191846235 ], [ 23.11140585, 37.35034512184518 ], [ 23.13840354, 37.327506411833518 ], [ 23.11041796, 37.333169331836395 ], [ 23.12704742, 37.313627951826426 ], [ 23.14162076, 37.31818687182875 ], [ 23.14514065, 37.327124111833321 ], [ 23.15355515, 37.325338831832397 ], [ 23.15594482, 37.316166631827691 ], [ 23.13623035, 37.307917941823504 ], [ 23.17382145, 37.284943331811746 ], [ 23.18362462, 37.294596421816699 ], [ 23.20015883, 37.291239971814989 ], [ 23.20161426, 37.304419031821681 ], [ 23.1802268, 37.322173351830763 ], [ 23.19108486, 37.339703311839742 ], [ 23.27686226, 37.346281401843086 ], [ 23.26603043, 37.35573732184789 ], [ 23.2467159, 37.355337611847723 ], [ 23.25873482, 37.367171641853787 ], [ 23.23978305, 37.370115031855278 ], [ 23.23225021, 37.362145531851212 ], [ 23.2247076, 37.375983351858252 ], [ 23.23531854, 37.383586161862134 ], [ 23.26045763, 37.3837094218622 ], [ 23.24769747, 37.38784324186431 ], [ 23.2614845, 37.389404171865088 ], [ 23.26789951, 37.405825131873442 ], [ 23.30950856, 37.393171661867079 ], [ 23.31049275, 37.401937241871494 ], [ 23.33830524, 37.41400384187768 ], [ 23.40381634, 37.412046301876629 ], [ 23.39978814, 37.407570111874364 ], [ 23.41039765, 37.403802031872438 ], [ 23.42676306, 37.412912241877116 ], [ 23.49736905, 37.422765601882148 ], [ 23.52394235, 37.43504654188839 ], [ 23.51470757, 37.441045041891442 ], [ 23.51914394, 37.455341331898737 ], [ 23.49786377, 37.473172891907844 ], [ 23.47852862, 37.475263701908887 ], [ 23.47729754, 37.48587703191432 ], [ 23.43814373, 37.504291171923718 ], [ 23.39159727, 37.509416571926316 ], [ 23.39028335, 37.518326511930816 ], [ 23.40798116, 37.517414321930403 ], [ 23.4183712, 37.530585761937118 ], [ 23.36559427, 37.559033621951549 ], [ 23.38631535, 37.560170401952149 ], [ 23.38861597, 37.576685061960561 ], [ 23.4072113, 37.592014541968361 ], [ 23.41450775, 37.618478771981827 ], [ 23.39776111, 37.637631641991518 ], [ 23.34428585, 37.63652765199101 ], [ 23.30750442, 37.617400521981239 ], [ 23.30405676, 37.61009442197755 ], [ 23.32403266, 37.608045931976491 ], [ 23.35917652, 37.575989121960191 ], [ 23.358211879999988, 37.561126341952601 ], [ 23.36714745, 37.553168761948598 ], [ 23.33250368, 37.532313811937968 ], [ 23.31958377, 37.531966801937806 ], [ 23.30236471, 37.547319641945606 ], [ 23.27067316, 37.555968631950009 ], [ 23.26388025, 37.573129051958759 ], [ 23.244192, 37.585379231965 ], [ 23.22805095, 37.585897441965209 ], [ 23.15873933, 37.617187491981142 ], [ 23.15974355, 37.630939241988131 ], [ 23.16999126, 37.632946961989163 ], [ 23.1585741, 37.63774942199155 ], [ 23.17063045, 37.639723651992604 ], [ 23.17038226, 37.651043641998363 ], [ 23.15074408, 37.674781672010418 ], [ 23.17781365, 37.717077962031873 ], [ 23.15875006, 37.713323112029968 ], [ 23.11838686, 37.731069442038994 ], [ 23.12917876, 37.734425062040692 ], [ 23.11756134, 37.755718342051509 ], [ 23.12828457, 37.765548342056512 ], [ 23.12905145, 37.757801052052585 ], [ 23.15138924, 37.756710522051996 ], [ 23.17909145, 37.776727902062163 ], [ 23.17909455, 37.80345963207575 ], [ 23.16655481, 37.805906172076952 ], [ 23.14275455, 37.832451332090372 ], [ 23.13168454, 37.83260344209053 ], [ 23.12528324, 37.842702742095632 ], [ 23.11651385, 37.840115662094298 ], [ 23.11418867, 37.847612252098116 ], [ 23.06417656, 37.839323392093888 ], [ 23.04651523, 37.847609872098076 ], [ 23.01188385, 37.844635712096583 ], [ 22.9921267, 37.879118192114028 ], [ 23.017576810000012, 37.899444572124345 ], [ 23.00869691, 37.914003842131685 ], [ 23.01520967, 37.923087472136324 ], [ 23.02567256, 37.917529102133457 ], [ 23.05093181, 37.921835772135658 ], [ 23.05990434, 37.91190111213065 ], [ 23.13192701, 37.919391502134388 ], [ 23.16688824, 37.948708642149235 ], [ 23.19742846, 37.95388316215184 ], [ 23.24266005, 37.975585332162822 ], [ 23.27763855, 37.977579942163821 ], [ 23.30520165, 37.969200722159584 ], [ 23.35021651, 37.977592342163881 ], [ 23.397228, 37.972526542161297 ], [ 23.39876687, 37.966508022158244 ], [ 23.40748012, 37.971293442160643 ], [ 23.420506, 37.968749992159374 ], [ 23.387816549999989, 37.980009902165087 ], [ 23.41555154, 37.987342472168791 ], [ 23.41894984, 37.998322362174306 ], [ 23.45061004, 38.023234602186903 ], [ 23.48724496, 38.024185772187387 ], [ 23.52038586, 38.043650862197175 ], [ 23.54180884, 38.030792702190723 ], [ 23.56679702, 38.038359632194528 ], [ 23.56894374, 38.046809662198818 ], [ 23.60255086, 38.024164432187369 ], [ 23.59102225, 38.001517052175927 ], [ 23.57049823, 37.999716752174997 ], [ 23.56922102, 37.988291972169236 ], [ 23.55240202, 37.979789252164977 ], [ 23.5549587, 37.958149542154004 ], [ 23.57246125, 37.961449852155674 ], [ 23.59488904, 37.951142542150464 ], [ 23.60000134, 37.958311192154056 ], [ 23.60896182, 37.95895790215441 ], [ 23.60237122, 37.954709042152295 ], [ 23.6082561, 37.950075022149932 ], [ 23.59741986, 37.949183342149503 ], [ 23.61339986, 37.9474370421486 ], [ 23.62153077, 37.938545462144113 ], [ 23.64147115, 37.948016512148904 ], [ 23.62209201, 37.934710022142177 ], [ 23.6314733, 37.926119792137804 ], [ 23.66755295, 37.940815442145251 ], [ 23.68787122, 37.937850942143776 ], [ 23.68103194, 37.929089892139331 ], [ 23.699858549999988, 37.918934932134206 ], [ 23.70046377, 37.910891052130125 ], [ 23.71620643, 37.907002802128154 ], [ 23.72717893, 37.870929952109911 ], [ 23.75046515, 37.857720252103206 ], [ 23.73946583, 37.848248832098385 ], [ 23.74865317, 37.850243322099388 ], [ 23.7695837, 37.834691042091563 ], [ 23.76868093, 37.817680232082935 ], [ 23.75598908, 37.813156712080662 ], [ 23.77295613, 37.810172552079109 ], [ 23.77079844, 37.79725384207255 ], [ 23.77937984, 37.812981242080554 ], [ 23.78709996, 37.796624652072254 ], [ 23.79742992, 37.799463262073708 ], [ 23.80132174, 37.815187922081655 ], [ 23.8116194, 37.820239302084225 ], [ 23.82945681, 37.80920373207865 ], [ 23.83615196, 37.818001142083077 ], [ 23.85034037, 37.804358832076161 ], [ 23.86851156, 37.800198662074045 ], [ 23.88901317, 37.783178442065442 ], [ 23.88639033, 37.773170822060365 ], [ 23.89221203, 37.779240242063445 ], [ 23.90138555, 37.773271432060412 ], [ 23.90994644, 37.719770662033291 ], [ 23.93365943, 37.719424952033108 ], [ 23.93479526, 37.725979202036399 ], [ 23.94625771, 37.720884432033841 ], [ 23.93556941, 37.707906122027211 ], [ 23.93771374, 37.671705002008856 ], [ 23.97262287, 37.666330922006125 ], [ 23.98037136, 37.655679342000724 ], [ 23.99019158, 37.662744752004301 ], [ 24.00506484, 37.655530202000648 ], [ 24.02093113, 37.657574762001666 ], [ 24.03069365, 37.648193351996909 ], [ 24.05326235, 37.678477752012284 ], [ 24.06704736, 37.675311562010656 ], [ 24.064152, 37.681045402013574 ], [ 24.07325852, 37.682617532014412 ], [ 24.05745995, 37.709014642027796 ], [ 24.06784356, 37.712860342029778 ], [ 24.06507623, 37.720698942033728 ], [ 24.05360282, 37.729770532038337 ], [ 24.06069422, 37.738281122042665 ], [ 24.07165742, 37.734199632040614 ], [ 24.06525981, 37.743684522045413 ], [ 24.08224952, 37.744132272045604 ], [ 24.07403254, 37.756553642051905 ], [ 24.08621454, 37.79366003207074 ], [ 24.04646826, 37.822407832085304 ], [ 24.06081867, 37.827716942087989 ], [ 24.04872835, 37.836895812092685 ], [ 24.05840278, 37.855422132102071 ], [ 24.04087126, 37.863443722106098 ], [ 24.04441404, 37.875268572112091 ], [ 24.02426922, 37.870283712109597 ], [ 24.01470435, 37.882247442115649 ], [ 24.02233005, 37.884304042116646 ], [ 24.00912547, 37.888654822118887 ], [ 24.04295695, 37.893854732121504 ], [ 24.04701006, 37.901507252125349 ], [ 24.02965868, 37.923949352136731 ], [ 24.00278163, 37.925637352137578 ], [ 24.01806605, 37.942987432146332 ], [ 24.00724804, 37.964996922157454 ], [ 24.01000261, 37.98006712216511 ], [ 24.03183603, 37.992052072171127 ], [ 24.01992548, 38.016533722183524 ], [ 24.00028956, 38.033078302191861 ], [ 24.00354636, 38.066672432208811 ], [ 23.98578203, 38.083065742217102 ], [ 23.98063695, 38.106726162228981 ], [ 24.00952041, 38.13083993224118 ], [ 24.03922248, 38.141948812246767 ], [ 24.05234444, 38.141936052246749 ], [ 24.05755842, 38.12113046223628 ], [ 24.06129956, 38.15873443225523 ], [ 24.08073723, 38.164935342258325 ], [ 24.05814075, 38.182100052266996 ], [ 24.07444704, 38.190983642271419 ], [ 24.07345223, 38.199474442275701 ], [ 24.05042207, 38.207460162279723 ], [ 24.04663694, 38.21721887228464 ], [ 24.0020858, 38.24331974229775 ], [ 23.95436585, 38.285262342318852 ], [ 23.83250356, 38.3122786223324 ], [ 23.80697751, 38.328328842340426 ], [ 23.78658962, 38.321589342337077 ], [ 23.76815355, 38.338841552345706 ], [ 23.73619783, 38.332066762342329 ], [ 23.72814882, 38.34105014234683 ], [ 23.69794071, 38.336809632344689 ], [ 23.65884376, 38.350347152351475 ], [ 23.63115275, 38.377609842365167 ], [ 23.63233972, 38.410321232381534 ], [ 23.59583294, 38.416166532384445 ], [ 23.60342348, 38.427159662389982 ], [ 23.59278238, 38.437314502395061 ], [ 23.60016871, 38.440397972396561 ], [ 23.56644428, 38.451204172402015 ], [ 23.57502961, 38.462399002407579 ], [ 23.58902276, 38.462605702407707 ], [ 23.59268558, 38.472499602412654 ], [ 23.55167687, 38.506810892429826 ], [ 23.537799, 38.510303132431559 ], [ 23.51361108, 38.479964132416377 ], [ 23.4791373, 38.485669252419257 ], [ 23.46479285, 38.499239912426034 ], [ 23.41163003, 38.498881812425836 ], [ 23.40472937, 38.509358522431043 ], [ 23.35518885, 38.508998152430905 ], [ 23.35138953, 38.501287332427033 ], [ 23.33030164, 38.498907792425882 ], [ 23.33157194, 38.51740264243508 ], [ 23.37816405, 38.526284572439543 ], [ 23.35555196, 38.537044522444909 ], [ 23.32875311, 38.536455742444609 ], [ 23.33347893, 38.542442552447618 ], [ 23.31904793, 38.553974262453387 ], [ 23.31564164, 38.56975435246121 ], [ 23.29669583, 38.569377292461034 ], [ 23.28590584, 38.56103383245685 ], [ 23.288854, 38.571364032462014 ], [ 23.31097996, 38.586043352469346 ], [ 23.30639446, 38.588942642470784 ], [ 23.34090972, 38.604625102478664 ], [ 23.33574617, 38.624259342488401 ], [ 23.31306708, 38.642238852497364 ], [ 23.2834053, 38.649523962501036 ], [ 23.25517535, 38.64338564249794 ], [ 23.19543982, 38.68017673251628 ], [ 23.16464841, 38.674468152513413 ], [ 23.19231617, 38.656338212504401 ], [ 23.19012845, 38.649351352500901 ], [ 23.17547607, 38.649359342500929 ], [ 23.16590083, 38.640919442496717 ], [ 23.16107535, 38.647012942499742 ], [ 23.14103794, 38.646255132499363 ], [ 23.13087595, 38.632845872492716 ], [ 23.10624433, 38.624598022488577 ], [ 23.09724033, 38.641411532496939 ], [ 23.08735692, 38.640210742496343 ], [ 23.08239663, 38.66251086250746 ], [ 23.06460536, 38.679503912515926 ], [ 23.06424081, 38.722140062537122 ], [ 23.03361285, 38.755396362553675 ], [ 22.96888757, 38.744014972548037 ], [ 22.89997065, 38.776153202563968 ], [ 22.86457026, 38.754211652553089 ], [ 22.82447696, 38.789924492570798 ], [ 22.80935931, 38.78026806256598 ], [ 22.76536846, 38.781276812566546 ], [ 22.72399867, 38.824336402587889 ], [ 22.70655584, 38.830187432590762 ], [ 22.69702733, 38.851448762601315 ], [ 22.66153216, 38.832022302591682 ], [ 22.63953841, 38.830572362590978 ], [ 22.63051331, 38.837779872594524 ], [ 22.60465717, 38.821509352586496 ], [ 22.60101783, 38.842028252596663 ], [ 22.59048295, 38.841421832596374 ], [ 22.59069002, 38.826870312589129 ], [ 22.57915366, 38.823589322587516 ], [ 22.57272065, 38.839820732595562 ], [ 22.55330074, 38.833765502592584 ], [ 22.55854022, 38.844605792597918 ], [ 22.55153346, 38.849893922600558 ], [ 22.57858777, 38.864850512607951 ], [ 22.53159654, 38.857208842604138 ], [ 22.56028187, 38.873565072612315 ], [ 22.54669476, 38.874693152612828 ], [ 22.54829347, 38.880856502615906 ], [ 22.61312056, 38.911212792630891 ], [ 22.64776337, 38.903165332626976 ], [ 22.66929007, 38.881023642615958 ], [ 22.69443405, 38.877700802614342 ], [ 22.70913267, 38.887366052619157 ], [ 22.72419536, 38.874151342612592 ], [ 22.75351715, 38.868832342609927 ], [ 22.77430582, 38.880212652615604 ], [ 22.78547645, 38.875906812613437 ], [ 22.80298615, 38.886961332618931 ], [ 22.82808912, 38.887555832619235 ], [ 22.84097707, 38.893742552622285 ], [ 22.83900356, 38.910472742630567 ], [ 22.85617304, 38.926312562638408 ], [ 22.91805804, 38.918311822634458 ], [ 22.94028807, 38.928272712639348 ], [ 22.93718386, 38.944528932647387 ], [ 22.9503653, 38.936941612643686 ], [ 22.97135591, 38.952502242651342 ], [ 22.99140596, 38.944462652647388 ], [ 22.99365103, 38.964283222657166 ], [ 23.00960052, 38.975316042662612 ], [ 23.02668035, 39.014628762682051 ], [ 23.05686045, 39.015320652682391 ], [ 23.06684506, 39.039589992694339 ], [ 23.03324616, 39.036989802693093 ], [ 22.96926093, 39.00572263267766 ], [ 22.95840323, 39.008645172679067 ], [ 22.96303105, 39.033192742691192 ], [ 22.99688876, 39.035802712692487 ], [ 22.98985553, 39.042905442695989 ], [ 22.99618936, 39.04917454269907 ], [ 22.98772907, 39.053416722701158 ], [ 23.00011385, 39.065837142707281 ], [ 22.97972214, 39.081065172714801 ], [ 22.98308563, 39.098415842723362 ], [ 22.96497345, 39.118811362733375 ], [ 22.94544268, 39.119496692733705 ], [ 22.93548322, 39.131950012739843 ], [ 22.93098593, 39.124994862736429 ], [ 22.94173312, 39.113302942730662 ], [ 22.92257667, 39.113052832730538 ], [ 22.91254771, 39.158396592752851 ], [ 22.90202725, 39.171139952759127 ], [ 22.8894248, 39.16795014275754 ], [ 22.89077044, 39.188785422767765 ], [ 22.86996162, 39.18623423276653 ], [ 22.88087296, 39.169425002758281 ], [ 22.87215912000001, 39.169553632758308 ], [ 22.8621459, 39.153294432750371 ], [ 22.85059333, 39.153766142750598 ], [ 22.84940684, 39.168489802757826 ], [ 22.82135892, 39.21135556277887 ], [ 22.81449926, 39.257581222801541 ], [ 22.82192886, 39.276209702810675 ], [ 22.87775612, 39.292395942818644 ], [ 22.89566565, 39.286923042815928 ], [ 22.90499985, 39.294794432819828 ], [ 22.94692636, 39.298671952821728 ], [ 22.92587662, 39.320086472832159 ], [ 22.94369674, 39.343266242843498 ], [ 22.92794848, 39.352422942847952 ], [ 22.94089425, 39.361084812852219 ], [ 22.97124934, 39.347297062845506 ], [ 22.99281204, 39.350972172847293 ], [ 23.01112437, 39.338857642841326 ], [ 23.02035284, 39.315468062829893 ], [ 23.07516944, 39.314726342829516 ], [ 23.11944163, 39.305197942824876 ], [ 23.163818, 39.272471422808863 ], [ 23.18123877, 39.248890632797305 ], [ 23.17668855, 39.228369112787249 ], [ 23.18945372, 39.207708232777058 ], [ 23.21869934, 39.186503042766702 ], [ 23.21364403, 39.147932642747698 ], [ 23.20453882, 39.142910712745255 ], [ 23.191419119999988, 39.149354572748408 ], [ 23.19297695, 39.160697332754005 ], [ 23.18304825, 39.153146022750242 ], [ 23.18207467, 39.160198442753746 ], [ 23.17363715, 39.15164720274953 ], [ 23.17728257, 39.127683512737754 ], [ 23.14940238, 39.131927362739845 ], [ 23.15632665, 39.119482272733705 ], [ 23.14040875, 39.120899192734456 ], [ 23.09446335, 39.09669446272251 ], [ 23.09933865, 39.113835562730898 ], [ 23.12289524, 39.136020412741871 ], [ 23.11104345, 39.137409322742556 ], [ 23.10903776, 39.160391442753884 ], [ 23.0938915, 39.142740842745141 ], [ 23.07839715, 39.146454212746953 ], [ 23.06711662, 39.136368152742016 ], [ 23.06732166, 39.117062442732482 ], [ 23.04976153, 39.100746622724522 ], [ 23.07212186, 39.085183852716845 ], [ 23.10468948, 39.088397732718398 ], [ 23.12196446, 39.083157412715806 ], [ 23.13514388, 39.095448602721902 ], [ 23.15911281, 39.090764752719579 ], [ 23.16437864, 39.099354142723783 ], [ 23.18860745, 39.103999722726101 ], [ 23.20302856, 39.094763152721548 ], [ 23.203125, 39.103236552725704 ], [ 23.22634387, 39.111047262729542 ], [ 23.20688784, 39.117892732732948 ], [ 23.21099806, 39.126372922737076 ], [ 23.22159696, 39.132192842739961 ], [ 23.24919283, 39.126013632736914 ], [ 23.27190995, 39.140154232743903 ], [ 23.30631423, 39.140065062743837 ], [ 23.33549654, 39.15957307275341 ], [ 23.35169435, 39.186361302766628 ], [ 23.3329463, 39.223169442784666 ], [ 23.31603265, 39.236528862791232 ], [ 23.31820333, 39.245399942795586 ], [ 23.2836951, 39.275238152810203 ], [ 23.28615928, 39.289327852817081 ], [ 23.27602172, 39.295743932820265 ], [ 23.26987815, 39.323011632833591 ], [ 23.207993750000014, 39.364209762853761 ], [ 23.19330573, 39.397467962870017 ], [ 23.16971505, 39.40857290287542 ], [ 23.121228219999988, 39.454659452897886 ], [ 23.09625387, 39.49983131291993 ], [ 23.05025911, 39.528154842933702 ], [ 23.02058983, 39.528766152934033 ], [ 23.00401473, 39.551060312944848 ], [ 22.98483646, 39.549826732944247 ], [ 22.97548532, 39.561258542949851 ], [ 22.93579054, 39.574143522956071 ], [ 22.89809406, 39.642761702989347 ], [ 22.89147663, 39.679602023007206 ], [ 22.86752605, 39.726562493029952 ], [ 22.85332048, 39.799823043065366 ], [ 22.81322885, 39.816480033073404 ], [ 22.77036798, 39.855183353092016 ], [ 22.73623276, 39.868496653098454 ], [ 22.71232831, 39.91173076311923 ], [ 22.71845305, 39.935673113130761 ], [ 22.70956755, 39.952352633138787 ], [ 22.63660514, 39.983669753153819 ], [ 22.59262037, 40.014896503168757 ], [ 22.58735228, 40.038086523179857 ], [ 22.5691148, 40.060982693190795 ], [ 22.56882942, 40.098181243208607 ], [ 22.54816031, 40.154643053235603 ], [ 22.55985081, 40.179702513247484 ], [ 22.59060204, 40.209032053261488 ], [ 22.58246577, 40.225564233269367 ], [ 22.6035794, 40.282149543296285 ], [ 22.6611129, 40.362105723334203 ], [ 22.62442327, 40.376965753341217 ], [ 22.60717094, 40.442045323372007 ], [ 22.58778441, 40.457244033379169 ], [ 22.58952725, 40.467774863384129 ], [ 22.60153592, 40.475703473387881 ], [ 22.61313295, 40.471914403386087 ], [ 22.61870742, 40.481528753390606 ], [ 22.6558547, 40.466927643383755 ], [ 22.64895308, 40.479396453389619 ], [ 22.67020798, 40.488153093393727 ], [ 22.65261436, 40.508695713403419 ], [ 22.65271962, 40.521335953409377 ], [ 22.66164315, 40.525017373411131 ], [ 22.692475080000012, 40.527184243412123 ], [ 22.688454749999988, 40.522218933409768 ], [ 22.70397723, 40.519849293408676 ], [ 22.72061574, 40.498865833398796 ], [ 22.72793794, 40.501533743400046 ], [ 22.72226393, 40.516442173407064 ], [ 22.73419797, 40.505338543401841 ], [ 22.736547349999988, 40.522864813410145 ], [ 22.75220132, 40.514497513406148 ], [ 22.73577356, 40.535716643416144 ], [ 22.74601483, 40.541227813418729 ], [ 22.75335681, 40.536420693416474 ], [ 22.7416867, 40.557917353426603 ], [ 22.77470577, 40.56939935343199 ], [ 22.79938626, 40.560492863427783 ], [ 22.85556245, 40.591591113442426 ], [ 22.8578397, 40.613992443452958 ], [ 22.83528244, 40.617202873454445 ], [ 22.83143282, 40.631201853461 ], [ 22.83845854, 40.622455113456894 ], [ 22.85881436, 40.625515933458367 ], [ 22.888875009999989, 40.64479779346739 ], [ 22.90095103, 40.642347563466245 ], [ 22.90543437, 40.632956263461843 ], [ 22.91921771, 40.637269843463876 ], [ 22.94174898, 40.631138433460997 ], [ 22.95181274, 40.618274323454976 ], [ 22.93570995, 40.579355953436668 ], [ 22.98045754, 40.552362673424 ], [ 22.97633064, 40.536130063416337 ], [ 22.93749797, 40.51321196340556 ], [ 22.89759886, 40.502729413400615 ], [ 22.82328796, 40.505650393401986 ], [ 22.81472385, 40.479060043389453 ], [ 22.85414386, 40.467052333383805 ], [ 22.86600494, 40.431979053367257 ], [ 22.88199127, 40.426024313364415 ], [ 22.90309072, 40.397978063351182 ], [ 22.896190050000012, 40.384978053344994 ], [ 22.91060543, 40.39031624334757 ], [ 22.88935864, 40.374111403339846 ], [ 22.951197149999988, 40.379533403342464 ], [ 22.95914185, 40.371150363338465 ], [ 22.98429108, 40.367341633336665 ], [ 23.01121187, 40.34719919332715 ], [ 23.01999521, 40.324330443316256 ], [ 23.12098444, 40.291761153300847 ], [ 23.14043677, 40.274475213292625 ], [ 23.17856574, 40.269588703290289 ], [ 23.19605231, 40.256901853284283 ], [ 23.25864637, 40.247353313279753 ], [ 23.31020391, 40.225345123269278 ], [ 23.32671666, 40.178261873246853 ], [ 23.31739306, 40.147323243232073 ], [ 23.32309926, 40.129154913223402 ], [ 23.30430448, 40.099997033209455 ], [ 23.30799317, 40.087693443203598 ], [ 23.33832085, 40.068506713194417 ], [ 23.38187337, 40.001124613162162 ], [ 23.35661948, 39.953457943139291 ], [ 23.37993312, 39.962709893143732 ], [ 23.41717565, 39.959626553142229 ], [ 23.43917096, 39.969379303146908 ], [ 23.46385431, 39.969557753147043 ], [ 23.56287706, 39.931242223128642 ], [ 23.57800126, 39.931453343128737 ], [ 23.59281361, 39.920814153123608 ], [ 23.68336463, 39.916776053121701 ], [ 23.71410728, 39.907675613117298 ], [ 23.75097692, 39.915363063120978 ], [ 23.74513698, 39.934581153130218 ], [ 23.70698631, 39.928321953127231 ], [ 23.69148362, 39.934002273129977 ], [ 23.68553054, 39.958565233141798 ], [ 23.67616046, 39.962064143143451 ], [ 23.68043911, 39.971951003148149 ], [ 23.66704714, 39.981554263152752 ], [ 23.59344494, 39.995844233159616 ], [ 23.49438095, 40.033655633177773 ], [ 23.45373535, 40.070676563195498 ], [ 23.41790903, 40.12591385322186 ], [ 23.39551377, 40.140719403228935 ], [ 23.37596667, 40.139844653228522 ], [ 23.36145926, 40.147959703232388 ], [ 23.34823096, 40.181220163248248 ], [ 23.3312211, 40.198468793256474 ], [ 23.33121991, 40.2117177132628 ], [ 23.35349202, 40.243522513277952 ], [ 23.40179634, 40.279310223294949 ], [ 23.42884231, 40.27645420329354 ], [ 23.46078694, 40.261686433286513 ], [ 23.49572241, 40.259237403285368 ], [ 23.53059185, 40.236263863274488 ], [ 23.55133891, 40.237220043274881 ], [ 23.58395624, 40.22532724326927 ], [ 23.65483665, 40.223153943268215 ], [ 23.67646325, 40.207053773260547 ], [ 23.67807436, 40.196225043255396 ], [ 23.69703865, 40.192260263253509 ], [ 23.71479046, 40.177266833246371 ], [ 23.73284304, 40.141804803229441 ], [ 23.772615429999988, 40.117282143217736 ], [ 23.77266526, 40.095559353207378 ], [ 23.79198217, 40.088797443204129 ], [ 23.79068327, 40.056122413188518 ], [ 23.81243384, 40.043176643182335 ], [ 23.81055808, 40.02960490317578 ], [ 23.82347417, 40.014975543168845 ], [ 23.826352119999989, 40.022632953172469 ], [ 23.837646599999989, 40.023400543172841 ], [ 23.86365104, 40.01303112316787 ], [ 23.87194848, 39.995550033159482 ], [ 23.8915081, 39.994110463158805 ], [ 23.90397513, 39.982192633153119 ], [ 23.90154493, 39.960009333142459 ], [ 23.91811562, 39.96096193314289 ], [ 23.91771317, 39.97043084314744 ], [ 23.92592692, 39.964375843144559 ], [ 23.91651428, 39.957807053141366 ], [ 23.91837394, 39.94765042313653 ], [ 23.93398476, 39.945316663135394 ], [ 23.92848945, 39.935956953130905 ], [ 23.95006967, 39.9374098731316 ], [ 23.96191776, 39.947441453136385 ], [ 23.98566997, 39.945387353135423 ], [ 23.99646461, 39.956827513140944 ], [ 23.96773171, 39.964106553144426 ], [ 24.00148344, 39.970907803147675 ], [ 23.98687363, 39.985332603154575 ], [ 24.00006998, 39.988688343156213 ], [ 24.00204277, 40.000607723161977 ], [ 24.01272476, 39.999086013161232 ], [ 24.02289855, 40.01674091316967 ], [ 24.01804364, 40.037071813179416 ], [ 23.99084067, 40.035746453178774 ], [ 23.98590803, 40.041452643181508 ], [ 23.99145246, 40.050653453185866 ], [ 24.00852811, 40.053164593187056 ], [ 23.97922683, 40.085602513202645 ], [ 23.98305714, 40.102547643210677 ], [ 23.99682784, 40.108531943213571 ], [ 23.97584343, 40.12600945322189 ], [ 23.935563439999989, 40.137979623227658 ], [ 23.91526365, 40.157836553237125 ], [ 23.82476532, 40.180456513247897 ], [ 23.81102574, 40.194024203254372 ], [ 23.7849611, 40.18811892325153 ], [ 23.77067995, 40.202403423258339 ], [ 23.76672137, 40.198716633256574 ], [ 23.76115215, 40.229902143271438 ], [ 23.75042903, 40.224436633268851 ], [ 23.741889359999988, 40.239134903275833 ], [ 23.73671722, 40.230071533271527 ], [ 23.69402122, 40.286021223298121 ], [ 23.6987257, 40.319631453314074 ], [ 23.70793247, 40.333763713320771 ], [ 23.72813296, 40.333471653320629 ], [ 23.73464096, 40.353204363329979 ], [ 23.78254342, 40.336463443322032 ], [ 23.8087641, 40.355262513330956 ], [ 23.84964585, 40.369634863337772 ], [ 23.88926208, 40.36002385333321 ], [ 23.92035067, 40.364447823335297 ], [ 23.96204782, 40.34760701332732 ], [ 23.98028541, 40.324248663316276 ], [ 24.03967464, 40.292494173301186 ], [ 24.15528595, 40.283725853297 ], [ 24.22179306, 40.218843933266179 ], [ 24.22430575, 40.193018313253873 ], [ 24.27997804000001, 40.162771333239441 ], [ 24.29090214, 40.142587413229826 ], [ 24.28862596, 40.127578253222644 ], [ 24.30491555, 40.114047643216225 ], [ 24.39314151, 40.137035123227172 ], [ 24.39801133, 40.155098553235788 ], [ 24.37495017, 40.192667123253656 ], [ 24.34166396, 40.20589124326002 ], [ 24.32981086, 40.222070213267727 ], [ 24.2854768, 40.247779723279969 ], [ 24.26635182, 40.280669563295589 ], [ 24.27073455, 40.289059873299585 ], [ 24.25474691, 40.295474403302613 ], [ 24.24794161, 40.309778443309391 ], [ 24.22990215, 40.318310733313446 ], [ 24.19491625, 40.319473613313967 ], [ 24.18775415, 40.328004233318019 ], [ 24.19271016, 40.342081663324706 ], [ 24.15491354, 40.358783713332613 ], [ 24.14577985, 40.352723713329752 ], [ 24.1259129, 40.361575123333914 ], [ 24.06600106, 40.367550243336787 ], [ 24.04352605, 40.39663910335053 ], [ 24.03113747, 40.400468103352367 ], [ 24.00766563, 40.451612223376522 ], [ 23.99344921, 40.44271385337229 ], [ 24.00198197, 40.436050053369172 ], [ 23.99745286, 40.419207803361189 ], [ 24.01121092, 40.392011633348353 ], [ 23.99965453, 40.382479063343858 ], [ 23.97136474, 40.376766193341119 ], [ 23.96040356, 40.38356244334436 ], [ 23.93039966, 40.380640143342958 ], [ 23.88675356, 40.39623176335035 ], [ 23.8647089, 40.412797923358184 ], [ 23.85314357, 40.434085843368223 ], [ 23.83150244, 40.450612893376061 ], [ 23.81981075, 40.484967463392223 ], [ 23.82380891, 40.506976003402606 ], [ 23.835562939999985, 40.518496863408096 ], [ 23.89482093, 40.518979903408294 ], [ 23.92013741, 40.533396233415068 ], [ 23.89971507, 40.540846933418536 ], [ 23.89727688, 40.553521273424529 ], [ 23.88321078, 40.559383743427261 ], [ 23.88113785, 40.551971543423804 ], [ 23.85221505, 40.560510743427798 ], [ 23.83355618, 40.557148573426218 ], [ 23.81967092, 40.580506203437224 ], [ 23.80303764, 40.579977143436977 ], [ 23.79675364, 40.593197343443173 ], [ 23.78415263, 40.592377653442789 ], [ 23.7805655, 40.615398643453624 ], [ 23.74170852, 40.655710573472497 ], [ 23.69536781, 40.66744195347799 ], [ 23.6991477, 40.700438133493456 ], [ 23.73016155, 40.746554133515055 ], [ 23.74403155, 40.756942143519844 ], [ 23.76174414, 40.755450363519159 ], [ 23.78405941, 40.769965643525936 ], [ 23.84769511, 40.785775653533342 ], [ 23.963315959999989, 40.739985933511953 ], [ 24.04592288, 40.718433973501881 ], [ 24.08942688, 40.721851343503445 ], [ 24.14570975, 40.739300723511619 ], [ 24.28079236, 40.808754203544026 ], [ 24.34027696, 40.825274703551749 ], [ 24.33214605, 40.829508893553665 ], [ 24.31380391, 40.823130843550757 ], [ 24.30597544, 40.829125993553539 ], [ 24.30927515, 40.846514813561598 ], [ 24.31622374, 40.85068666356355 ], [ 24.33144796, 40.843011853559986 ], [ 24.33805585, 40.85888564356739 ], [ 24.31592905, 40.867205613571258 ], [ 24.31632221, 40.876233933575421 ], [ 24.321534159999988, 40.882792343578465 ], [ 24.33114314, 40.880900973577617 ], [ 24.34319842, 40.899442663586207 ], [ 24.36065531, 40.898484943585743 ], [ 24.37984526, 40.909413803590866 ], [ 24.39514816, 40.933758253602143 ], [ 24.41086948, 40.934960833602688 ], [ 24.41436505, 40.929375163600092 ], [ 24.42981303, 40.944433323607072 ], [ 24.47085047, 40.942272063606055 ], [ 24.47068226, 40.951259843610259 ], [ 24.48065722, 40.94857119360902 ], [ 24.51083827, 40.959314813614007 ], [ 24.55568421, 40.950883863610066 ], [ 24.62672603, 40.8578309935669 ], [ 24.67169392, 40.87357544357419 ], [ 24.69845748, 40.861895553568729 ], [ 24.71400845, 40.868136633571652 ], [ 24.71689367, 40.863172163569367 ], [ 24.70976984, 40.866169803570763 ], [ 24.689159629999988, 40.854089853565121 ], [ 24.71703815, 40.851591823563957 ], [ 24.76305521, 40.859624613567718 ], [ 24.80336463, 40.846030343561409 ], [ 24.79650867, 40.865555163570463 ], [ 24.80522585, 40.848576893562537 ], [ 24.88454545, 40.91181146359196 ], [ 24.95589352, 40.932893743601738 ], [ 24.98974407, 40.930011623600407 ], [ 24.99847496, 40.960251203614398 ], [ 25.05627716, 40.998458263632088 ], [ 25.08174765, 41.006229753635665 ], [ 25.12285364, 41.000590203633088 ], [ 25.11913586, 41.00550412363534 ], [ 25.14365327, 41.009869573637417 ], [ 25.0889647, 41.020940653642469 ], [ 25.07585311, 41.046702143654365 ], [ 25.09896386, 41.084453333671838 ], [ 25.1149255, 41.087719193673315 ] ], [ [ 24.34788632, 40.869768613572433 ], [ 24.34746742, 40.865897053570599 ], [ 24.35048532, 40.865800973570614 ], [ 24.35142136, 40.868192423571742 ], [ 24.34788632, 40.869768613572433 ] ], [ [ 24.70046616, 40.829736103553785 ], [ 24.71173716, 40.826531043552301 ], [ 24.71728325, 40.822985403550653 ], [ 24.7130934, 40.829559443553727 ], [ 24.70046616, 40.829736103553785 ] ], [ [ 24.64287281, 40.794811243537524 ], [ 24.59657896, 40.775693763528643 ], [ 24.58369005, 40.75894855352081 ], [ 24.56125092, 40.759904973521252 ], [ 24.55912173, 40.74058377351222 ], [ 24.533699039999988, 40.713588113499604 ], [ 24.51097393, 40.662060133475485 ], [ 24.51224244, 40.637602323464051 ], [ 24.52491176, 40.635520453463037 ], [ 24.52795827, 40.620061633455819 ], [ 24.589319939999985, 40.621631253456549 ], [ 24.60900843, 40.605468743448959 ], [ 24.60305226, 40.593750113443484 ], [ 24.61672211, 40.595887533444447 ], [ 24.62129664, 40.58328127343853 ], [ 24.63906884, 40.583228463438523 ], [ 24.64413011, 40.56736933343101 ], [ 24.66983771, 40.575526943434859 ], [ 24.6916821, 40.597399343445147 ], [ 24.71565783, 40.59477602344392 ], [ 24.7211858, 40.605468743448959 ], [ 24.74085963, 40.604402773448449 ], [ 24.73942053, 40.599653833446219 ], [ 24.76178265, 40.61832689345502 ], [ 24.77505386, 40.605468743448959 ], [ 24.78476536, 40.62481164345801 ], [ 24.77256131, 40.629030103460011 ], [ 24.76297641, 40.674333803481218 ], [ 24.78294647, 40.685355893486381 ], [ 24.776549459999988, 40.700768343493614 ], [ 24.78307605, 40.705756423495949 ], [ 24.7607069, 40.708992353497457 ], [ 24.75642598, 40.71951436350237 ], [ 24.76213324, 40.730991353507761 ], [ 24.78263891, 40.730034343507306 ], [ 24.7850579, 40.736108773510132 ], [ 24.77196407, 40.747585763515502 ], [ 24.75238192, 40.746618023515055 ], [ 24.73779964, 40.756731743519786 ], [ 24.727126, 40.769246093525595 ], [ 24.73088574, 40.776779643529139 ], [ 24.71663964, 40.785773863533308 ], [ 24.69456315, 40.776849263529172 ], [ 24.668408750000012, 40.783420553532238 ], [ 24.65151441, 40.800582523540257 ], [ 24.64287281, 40.794811243537524 ] ], [ [ 26.01989985, 40.789280053534938 ], [ 26.02512562, 40.784306043532602 ], [ 26.02675867, 40.776816243529161 ], [ 26.02530277, 40.78779661353429 ], [ 26.01836693, 40.793780913537041 ], [ 26.01989985, 40.789280053534938 ] ], [ [ 26.01859808, 40.780774113530988 ], [ 26.01086426, 40.789144153534863 ], [ 26.02724636, 40.769013403525477 ], [ 26.02180421, 40.77896451353017 ], [ 26.01859808, 40.780774113530988 ] ], [ [ 26.03086042, 40.749920243516584 ], [ 26.03155827, 40.749472253516352 ], [ 26.0305078, 40.753717293518356 ], [ 26.03033042, 40.751029603517068 ], [ 26.03086042, 40.749920243516584 ] ], [ [ 24.78468704, 40.706040973496115 ], [ 24.78383315, 40.704549903495348 ], [ 24.78712201, 40.70526897349572 ], [ 24.78599536, 40.70644986349626 ], [ 24.78468704, 40.706040973496115 ] ], [ [ 24.77934361, 40.65415215347177 ], [ 24.78461635, 40.657602903473411 ], [ 24.78487456, 40.664736743476745 ], [ 24.77747631, 40.656929603473088 ], [ 24.77934361, 40.65415215347177 ] ], [ [ 23.80489266, 40.614169473453032 ], [ 23.80889356, 40.614381903453136 ], [ 23.80330086, 40.617247933454479 ], [ 23.80220246, 40.616426223454098 ], [ 23.80489266, 40.614169473453032 ] ], [ [ 24.61835694, 40.560771933427937 ], [ 24.62131155, 40.558377733426852 ], [ 24.62588286, 40.557547323426412 ], [ 24.62401533, 40.562321063428676 ], [ 24.61835694, 40.560771933427937 ] ], [ [ 23.92831087, 40.528131833412608 ], [ 23.93062568, 40.528573153412786 ], [ 23.93103445, 40.530076973413486 ], [ 23.92545211, 40.52993142341343 ], [ 23.92831087, 40.528131833412608 ] ], [ [ 25.55317652, 40.507879373403071 ], [ 25.50101221, 40.497566333398176 ], [ 25.46806574, 40.472499243386331 ], [ 25.44370282, 40.475736613387895 ], [ 25.45884454, 40.457347143379188 ], [ 25.51008952, 40.424149153363551 ], [ 25.54306555, 40.413870443358675 ], [ 25.56017244, 40.395143143349841 ], [ 25.60112107, 40.392742623348674 ], [ 25.69773352, 40.422519443362766 ], [ 25.70029378, 40.464761603382698 ], [ 25.65657175, 40.493880143396431 ], [ 25.57952583, 40.509125463403635 ], [ 25.55317652, 40.507879373403071 ] ], [ [ 24.00774956, 40.454118723377682 ], [ 24.00599611, 40.453855863377569 ], [ 24.00563872, 40.452228663376779 ], [ 24.00819075, 40.45332979337735 ], [ 24.00774956, 40.454118723377682 ] ], [ [ 25.94370306, 40.241116753276785 ], [ 25.93941641, 40.236045953274377 ], [ 25.93081141, 40.240716923276601 ], [ 25.898383859999988, 40.236116043274365 ], [ 25.84304893, 40.211429113262618 ], [ 25.78477478, 40.209964743261956 ], [ 25.67096412, 40.153666253235087 ], [ 25.66538274, 40.124166243221019 ], [ 25.70712137, 40.115430463216889 ], [ 25.73872066, 40.090725413205057 ], [ 25.76229143, 40.099812863209429 ], [ 25.792810679999985, 40.095737813207485 ], [ 25.80059958, 40.104530213211639 ], [ 25.83858216, 40.099560853209304 ], [ 25.94314873, 40.129078263223391 ], [ 25.95796335, 40.123146523220541 ], [ 25.99572182, 40.132444973224992 ], [ 26.01339555, 40.147511953232176 ], [ 26.01364923, 40.163710233239875 ], [ 26.00549448, 40.154290673235401 ], [ 25.99156094, 40.1540771632353 ], [ 25.98810816, 40.144365543230663 ], [ 25.96589303, 40.150497553233606 ], [ 25.97707713, 40.216141813264883 ], [ 25.95068705, 40.224383223268831 ], [ 25.94370306, 40.241116753276785 ] ], [ [ 23.78944945, 40.200714703257525 ], [ 23.79496074, 40.20247470325836 ], [ 23.78705847, 40.223823423268534 ], [ 23.77957666, 40.229709143271364 ], [ 23.78299224, 40.21990060326668 ], [ 23.76962614, 40.224052543268641 ], [ 23.77122533, 40.206302043260173 ], [ 23.78944945, 40.200714703257525 ] ], [ [ 23.77504253, 40.229660743271332 ], [ 23.77602994, 40.231389153272097 ], [ 23.77527082, 40.232223023272532 ], [ 23.77206004, 40.230277533271618 ], [ 23.77504253, 40.229660743271332 ] ], [ [ 23.78991485, 40.220578063267013 ], [ 23.79318452, 40.221829053267626 ], [ 23.79375041, 40.223103163268178 ], [ 23.78912807, 40.224341143268802 ], [ 23.78991485, 40.220578063267013 ] ], [ [ 23.75280237, 40.234454623273606 ], [ 23.752239349999989, 40.233097423272923 ], [ 23.75414717, 40.232552043272726 ], [ 23.75427306, 40.233705033273282 ], [ 23.75280237, 40.234454623273606 ] ], [ [ 23.96176636, 40.308711523308887 ], [ 23.95875823, 40.310572613309787 ], [ 23.95376921, 40.308363553308681 ], [ 23.95797622, 40.306992403308037 ], [ 23.96176636, 40.308711523308887 ] ], [ [ 23.94848835, 40.310569043309755 ], [ 23.9234606, 40.318562743313542 ], [ 23.91617775, 40.341645233324499 ], [ 23.88307226, 40.329894653318895 ], [ 23.91695774, 40.319215413313863 ], [ 23.91871452, 40.31227206331058 ], [ 23.94848835, 40.310569043309755 ] ], [ [ 23.9632951, 40.310603133309776 ], [ 23.96664262, 40.310410253309705 ], [ 23.964677449999989, 40.313590403311217 ], [ 23.96162081, 40.312655323310722 ], [ 23.9632951, 40.310603133309776 ] ], [ [ 25.44081473, 40.034934873178365 ], [ 25.40217853, 40.005465743164251 ], [ 25.37915587, 40.019771453171103 ], [ 25.36742973, 40.017944333170234 ], [ 25.37207746, 40.002620813162885 ], [ 25.33708048, 39.977539533150861 ], [ 25.34710276, 39.966010563145332 ], [ 25.32519555, 39.956697933140831 ], [ 25.33175981, 39.969518413147021 ], [ 25.31812227, 39.967631333146109 ], [ 25.29089475, 39.939481133132595 ], [ 25.27449334, 39.947627893136499 ], [ 25.28913057, 39.954848643139989 ], [ 25.2646594, 39.963220943143988 ], [ 25.26173878, 39.974208943149215 ], [ 25.27346301, 39.983659853153817 ], [ 25.272636060000011, 39.991013763157333 ], [ 25.26452267, 39.984377853154122 ], [ 25.24748123, 39.98924314315645 ], [ 25.23567665, 40.00547885316422 ], [ 25.15430284, 39.988574023156154 ], [ 25.14961743, 39.996517773159958 ], [ 25.15602004, 39.998773453161029 ], [ 25.14054155, 40.00752174316527 ], [ 25.10239971, 39.990925063157292 ], [ 25.07378566, 39.992405053157974 ], [ 25.04940724, 39.983799813153865 ], [ 25.03628922, 39.989300363156474 ], [ 25.03530514, 39.983048553153495 ], [ 25.04615665, 39.983669033153816 ], [ 25.04935396, 39.976710553150454 ], [ 25.047221059999984, 39.931918733128938 ], [ 25.06540322, 39.928292143127194 ], [ 25.07321775, 39.918379893122442 ], [ 25.06866884, 39.89947556311332 ], [ 25.05391562, 39.889076943108343 ], [ 25.06316996, 39.884295933106031 ], [ 25.05095661, 39.875419133101801 ], [ 25.06078255, 39.871996153100135 ], [ 25.04880893, 39.8664244330975 ], [ 25.04996824, 39.853830803091363 ], [ 25.05803835, 39.859588853094195 ], [ 25.06620264, 39.853203053091121 ], [ 25.04761362, 39.84110581308525 ], [ 25.044140099999989, 39.829305043079593 ], [ 25.06763494, 39.841670153085545 ], [ 25.08870125, 39.832385533081037 ], [ 25.0853821, 39.838967433084257 ], [ 25.11871445, 39.851808903090415 ], [ 25.13274896, 39.844273203086786 ], [ 25.12961841, 39.832813853081255 ], [ 25.13735771, 39.833405253081573 ], [ 25.15114176, 39.849766243089427 ], [ 25.16905081, 39.855386253092142 ], [ 25.17204547, 39.845109103087175 ], [ 25.1619724, 39.84624564308772 ], [ 25.13787067, 39.802482243066606 ], [ 25.15259147, 39.808305013069457 ], [ 25.16572785, 39.795262453063152 ], [ 25.19978845, 39.800624843065741 ], [ 25.226675270000012, 39.795924533063491 ], [ 25.2065773, 39.821895953075966 ], [ 25.2107501, 39.83982395308464 ], [ 25.19619441, 39.8416160230855 ], [ 25.19673324, 39.850605723089821 ], [ 25.18820274, 39.84128164308531 ], [ 25.18016767, 39.848389263088741 ], [ 25.20355046, 39.8769514531025 ], [ 25.23182786, 39.87828742310316 ], [ 25.207037809999989, 39.886925933107349 ], [ 25.18922007, 39.878895513103465 ], [ 25.19047105, 39.883374923105634 ], [ 25.233080149999989, 39.910700433118762 ], [ 25.25681734, 39.911762353119244 ], [ 25.27837694, 39.892656443110091 ], [ 25.26228106, 39.876522653102306 ], [ 25.26866567, 39.865870473097175 ], [ 25.24332023, 39.860918153094786 ], [ 25.23509073, 39.849449513089269 ], [ 25.24956954, 39.851770033090382 ], [ 25.26587892, 39.830078123079929 ], [ 25.28439152, 39.829527133079637 ], [ 25.29506612, 39.821357123075778 ], [ 25.2882843, 39.806862943068751 ], [ 25.30003536, 39.794970143063018 ], [ 25.35475111, 39.782209033056809 ], [ 25.35028672, 39.799690953065308 ], [ 25.37248111, 39.811671013071027 ], [ 25.34424615, 39.838547343084038 ], [ 25.34237266, 39.851621743090291 ], [ 25.3563199, 39.857138623092986 ], [ 25.34389102, 39.864173053096394 ], [ 25.34087563, 39.877460473102779 ], [ 25.37192464, 39.890172713108868 ], [ 25.35668623, 39.890503993109036 ], [ 25.35782647, 39.909284943118067 ], [ 25.38852227, 39.910228363118499 ], [ 25.381212829999988, 39.924525613125404 ], [ 25.388275860000011, 39.944084633134786 ], [ 25.41453791, 39.968145363146355 ], [ 25.4436326, 39.980170123152128 ], [ 25.43752944, 40.00571965316437 ], [ 25.44659984, 40.012614843167668 ], [ 25.43823636, 40.009965533166415 ], [ 25.43214953, 40.017207733169847 ], [ 25.446778179999988, 40.026079053174129 ], [ 25.44835365, 40.035037513178423 ], [ 25.44081473, 40.034934873178365 ] ], [ [ 26.06715226, 39.931452503128753 ], [ 26.07342792, 39.932405943129162 ], [ 26.07960141, 39.938190213131996 ], [ 26.06046486, 39.940598723133135 ], [ 26.05824876, 39.934102053129976 ], [ 26.06715226, 39.931452503128753 ] ], [ [ 26.05281258, 39.93134295312867 ], [ 26.05174625, 39.93140530312867 ], [ 26.05020344, 39.929871433127971 ], [ 26.05318141, 39.929480663127762 ], [ 26.05281258, 39.93134295312867 ] ], [ [ 26.0837332, 39.917306653121919 ], [ 26.08730733, 39.917695753122089 ], [ 26.08775234, 39.918972843122759 ], [ 26.085336569999988, 39.920308103123347 ], [ 26.0837332, 39.917306653121919 ] ], [ [ 26.05305231, 39.84722411308821 ], [ 26.03752863, 39.841561673085472 ], [ 25.99805593, 39.845260133087251 ], [ 25.96237576, 39.837497823083538 ], [ 25.98417985, 39.816652053073433 ], [ 26.00244236, 39.817794913073989 ], [ 26.04554057, 39.796566123063755 ], [ 26.0518893, 39.786665193058994 ], [ 26.06155551, 39.787062643059201 ], [ 26.08388913, 39.800925243065883 ], [ 26.07375801, 39.812947143071675 ], [ 26.08052027, 39.821530813075832 ], [ 26.07585716, 39.836311573082924 ], [ 26.05305231, 39.84722411308821 ] ], [ [ 25.23624337, 39.792912713061966 ], [ 25.234462979999989, 39.793351523062228 ], [ 25.23681605, 39.790797103061003 ], [ 25.23699927, 39.791478743061347 ], [ 25.23624337, 39.792912713061966 ] ], [ [ 25.23766363, 39.797842023064376 ], [ 25.23247027, 39.797143213064032 ], [ 25.23165882, 39.796640743063826 ], [ 25.23628163, 39.794816603062934 ], [ 25.23766363, 39.797842023064376 ] ], [ [ 25.21441853, 39.860929123094799 ], [ 25.2192049, 39.8626836430957 ], [ 25.22323382, 39.870343793099345 ], [ 25.21867907, 39.869795673099098 ], [ 25.21441853, 39.860929123094799 ] ], [ [ 25.26944661, 39.887438763107582 ], [ 25.2641865, 39.885805723106792 ], [ 25.26606405, 39.883067243105444 ], [ 25.27061772, 39.885784143106797 ], [ 25.26944661, 39.887438763107582 ] ], [ [ 25.04328716, 39.858293643093553 ], [ 25.04051495, 39.857836003093318 ], [ 25.04568684, 39.855581393092201 ], [ 25.04722285, 39.857791533093298 ], [ 25.04328716, 39.858293643093553 ] ], [ [ 25.14140141, 40.020785443171583 ], [ 25.13516855, 40.026757953174439 ], [ 25.12489355, 40.020052543171225 ], [ 25.13319111, 40.016990653169792 ], [ 25.14140141, 40.020785443171583 ] ], [ [ 23.82187605, 40.003909943163507 ], [ 23.83020794, 40.00778734316534 ], [ 23.82038665, 40.014823903168768 ], [ 23.81756365, 40.009876003166326 ], [ 23.82187605, 40.003909943163507 ] ], [ [ 23.80918241, 40.019145603170834 ], [ 23.8088634, 40.022060743172233 ], [ 23.80749774, 40.023701423172973 ], [ 23.80635595, 40.019184943170814 ], [ 23.80918241, 40.019145603170834 ] ], [ [ 23.71987796, 40.057654493189268 ], [ 23.73050451, 40.057952753189397 ], [ 23.73392045, 40.062648413191624 ], [ 23.72067785, 40.063815823192172 ], [ 23.71987796, 40.057654493189268 ] ], [ [ 25.0, 39.561887852950122 ], [ 24.98780835, 39.538638222938808 ], [ 24.97768545, 39.5357340529374 ], [ 24.97003305, 39.509008402924415 ], [ 24.98628414, 39.460745802900874 ], [ 25.00210011, 39.484178652912306 ], [ 25.02556145, 39.495762222917939 ], [ 25.05758822, 39.530042402934662 ], [ 25.0, 39.561887852950122 ] ], [ [ 25.0606209, 39.536728252937905 ], [ 25.06358385, 39.539222232939075 ], [ 25.06321394, 39.541267862940089 ], [ 25.06136632, 39.539811842939393 ], [ 25.0606209, 39.536728252937905 ] ], [ [ 24.18217027, 39.481781002911134 ], [ 24.18215895, 39.483427042911941 ], [ 24.17931032, 39.482861032911622 ], [ 24.18034244, 39.48189055291116 ], [ 24.18217027, 39.481781002911134 ] ], [ [ 24.18479228, 39.496551862918324 ], [ 24.187383650000012, 39.497872102918961 ], [ 24.1851474, 39.507898802923833 ], [ 24.17458606, 39.494032612917074 ], [ 24.18479228, 39.496551862918324 ] ], [ [ 24.17492485, 39.428121442884994 ], [ 24.1538974, 39.398898832870714 ], [ 24.16059935, 39.395835872869228 ], [ 24.15733445, 39.384420032863609 ], [ 24.13449645, 39.370019072856579 ], [ 24.15493715, 39.368796932856014 ], [ 24.15722466, 39.360109442851765 ], [ 24.18956924, 39.396697152869606 ], [ 24.18905532, 39.403375742872917 ], [ 24.17964006, 39.404214132873285 ], [ 24.17492485, 39.428121442884994 ] ], [ [ 26.706796409999988, 39.405351752873855 ], [ 26.71139681, 39.406321042874325 ], [ 26.71205795, 39.409769052875987 ], [ 26.70655465, 39.407780642875011 ], [ 26.706796409999988, 39.405351752873855 ] ], [ [ 26.58934391, 39.39260303286764 ], [ 26.58498514, 39.386847722864829 ], [ 26.57597005, 39.389616962866171 ], [ 26.58857465, 39.367372502855325 ], [ 26.60279131, 39.395002712868816 ], [ 26.58934391, 39.39260303286764 ] ], [ [ 26.59887695, 39.386198872864497 ], [ 26.617223139999986, 39.379784452861365 ], [ 26.61363041, 39.369835602856512 ], [ 26.62356555, 39.356755012850115 ], [ 26.61071706, 39.357586252850524 ], [ 26.60788727, 39.352494352848041 ], [ 26.61629891, 39.353031742848273 ], [ 26.612887029999985, 39.339704152841783 ], [ 26.62283313, 39.326436872835259 ], [ 26.68907845, 39.332628842838311 ], [ 26.68367946, 39.343569752843656 ], [ 26.660434249999987, 39.34247195284312 ], [ 26.65046895, 39.35306226284829 ], [ 26.65364611, 39.36314582285322 ], [ 26.63324726, 39.357393142850441 ], [ 26.62337506, 39.370220532856692 ], [ 26.62314785, 39.380426992861658 ], [ 26.66064346, 39.375429622859251 ], [ 26.67038035, 39.389589542866133 ], [ 26.64567888, 39.383950462863417 ], [ 26.64569855, 39.38937055286604 ], [ 26.61465311, 39.395753612869157 ], [ 26.59887695, 39.386198872864497 ] ], [ [ 26.702868339999988, 39.379603732861263 ], [ 26.70292664, 39.374246832858653 ], [ 26.709403519999988, 39.373681652858401 ], [ 26.70844495, 39.38223826286255 ], [ 26.702868339999988, 39.379603732861263 ] ], [ [ 26.76801932, 39.379268162861131 ], [ 26.76053405, 39.374999992859024 ], [ 26.76010442, 39.372743952857917 ], [ 26.76892161, 39.374999992859017 ], [ 26.76801932, 39.379268162861131 ] ], [ [ 26.72774661, 39.378778572860845 ], [ 26.72462726, 39.37821280286061 ], [ 26.72451508, 39.376531232859811 ], [ 26.727121350000012, 39.376885642859953 ], [ 26.72774661, 39.378778572860845 ] ], [ [ 26.69425964, 39.368441332855809 ], [ 26.69869876, 39.368998762856108 ], [ 26.69689214, 39.372285122857697 ], [ 26.69454777, 39.371570342857389 ], [ 26.69425964, 39.368441332855809 ] ], [ [ 26.66507196, 39.352582452848097 ], [ 26.66900885, 39.352037062847792 ], [ 26.67287338, 39.354220862848862 ], [ 26.67144525, 39.354668012849089 ], [ 26.66507196, 39.352582452848097 ] ], [ [ 26.68328881, 39.345492952844587 ], [ 26.69642186, 39.343245142843543 ], [ 26.69768906, 39.348003022845838 ], [ 26.69516802, 39.34961664284662 ], [ 26.68328881, 39.345492952844587 ] ], [ [ 26.65703654, 39.324586742834391 ], [ 26.65743995, 39.323177332833708 ], [ 26.65992224, 39.323507062833819 ], [ 26.65874624, 39.324300992834267 ], [ 26.65703654, 39.324586742834391 ] ], [ [ 26.54215276, 39.324527972834346 ], [ 26.54099214, 39.330984112837513 ], [ 26.53142607, 39.331312772837656 ], [ 26.53073585, 39.324679132834383 ], [ 26.54215276, 39.324527972834346 ] ], [ [ 26.41244125, 39.322373742833285 ], [ 26.42576921, 39.329188102836625 ], [ 26.42187786, 39.33655750284025 ], [ 26.39980674, 39.343556632843658 ], [ 26.36961663, 39.340299242842072 ], [ 26.35195935, 39.351563562847574 ], [ 26.3671875, 39.377790202860432 ], [ 26.34457672, 39.382432572862669 ], [ 26.34192395, 39.390038242866403 ], [ 26.31582427, 39.373121612858135 ], [ 26.231290939999987, 39.383649462863254 ], [ 26.19866324, 39.374211302858619 ], [ 26.18373096, 39.379077072861023 ], [ 26.16573143, 39.369564052856376 ], [ 26.17479837, 39.363373632853346 ], [ 26.16871035, 39.350877752847225 ], [ 26.17846501, 39.330207932837133 ], [ 26.12686765, 39.307397122825961 ], [ 26.11343277, 39.305456632825027 ], [ 26.10118008, 39.31543683282991 ], [ 26.09499276, 39.304158562824377 ], [ 26.07186592, 39.295674312820196 ], [ 26.04612196, 39.29140865281812 ], [ 26.04873252, 39.295833942820302 ], [ 26.03833234, 39.298133842821429 ], [ 26.032848, 39.287404412816151 ], [ 26.01862574, 39.292653552818763 ], [ 25.99127877, 39.277498242811312 ], [ 25.97667313, 39.27816163281161 ], [ 25.97032225, 39.285912742815427 ], [ 25.95226824, 39.274409052809844 ], [ 25.93729532, 39.283171762814057 ], [ 25.91979361, 39.281688442813383 ], [ 25.92173314, 39.296019902820404 ], [ 25.90919864, 39.29682111282078 ], [ 25.90850651, 39.288697712816806 ], [ 25.904195069999989, 39.29467164281975 ], [ 25.90471804, 39.283507462814278 ], [ 25.88194907, 39.278716322811917 ], [ 25.85565186, 39.254521362800013 ], [ 25.86283386, 39.2411421427935 ], [ 25.84557486, 39.228269572787156 ], [ 25.85705233, 39.219774832782996 ], [ 25.849249839999988, 39.211902132779116 ], [ 25.85619545, 39.191873542769329 ], [ 25.85172534, 39.181832902764377 ], [ 25.84181535, 39.18886935276786 ], [ 25.83200431, 39.1896635227682 ], [ 25.83278096, 39.184107652765476 ], [ 25.8429656, 39.174366112760708 ], [ 25.86600184, 39.170016992758612 ], [ 25.87473094, 39.14962469274856 ], [ 25.933873649999985, 39.133058542740415 ], [ 25.95568764, 39.104213112726192 ], [ 25.99299705, 39.10857641272834 ], [ 26.0759021, 39.085720292717106 ], [ 26.09716117, 39.111645212729826 ], [ 26.11244798, 39.104776852726516 ], [ 26.12323165, 39.137488242742577 ], [ 26.13616025, 39.139360662743478 ], [ 26.15517294, 39.159039732753193 ], [ 26.15531635, 39.182338112764661 ], [ 26.16858685, 39.197050562771864 ], [ 26.18512142, 39.196920152771767 ], [ 26.20172024, 39.20668315277657 ], [ 26.25540328, 39.20501124277574 ], [ 26.29532421, 39.184313652765582 ], [ 26.281242009999989, 39.155254592751305 ], [ 26.25103223, 39.150181402748849 ], [ 26.22266388, 39.130896322739318 ], [ 26.18782735, 39.125581612736696 ], [ 26.16637623, 39.099510542723884 ], [ 26.134716029999989, 39.087105142717746 ], [ 26.11717844, 39.097647302722969 ], [ 26.10537326, 39.094273322721328 ], [ 26.08469176, 39.072116372710369 ], [ 26.10668325, 39.070562712709609 ], [ 26.11949766, 39.061634772705233 ], [ 26.16842651, 39.004793752677195 ], [ 26.18396676, 39.017268532683332 ], [ 26.23437548, 39.015874492682656 ], [ 26.28648186, 39.000924942675255 ], [ 26.32591927, 38.976676332663288 ], [ 26.36450505, 38.975698462662798 ], [ 26.39874482, 38.96199821265602 ], [ 26.47702825, 38.969510902659771 ], [ 26.49136865, 38.976671572663278 ], [ 26.50104237, 38.969461432659728 ], [ 26.51469254, 38.980112542664997 ], [ 26.518166780000012, 38.969648952659838 ], [ 26.54411447, 38.987345922668567 ], [ 26.53723741, 38.992304912671031 ], [ 26.546647549999989, 39.004325262676929 ], [ 26.53669345, 39.000088442674816 ], [ 26.53173983, 39.020599242684959 ], [ 26.49130416, 39.060441132704639 ], [ 26.46837938, 39.066993352707868 ], [ 26.44978118, 39.083286752715871 ], [ 26.44463372, 39.106593962727359 ], [ 26.48330104, 39.119174712733553 ], [ 26.50254595, 39.109779352728928 ], [ 26.52842498, 39.082170712715325 ], [ 26.53064477, 39.065404522707105 ], [ 26.51397884, 39.058576932703716 ], [ 26.51132905, 39.049264902699115 ], [ 26.52958286, 39.0461571126976 ], [ 26.52087188, 39.037714232693425 ], [ 26.54043102, 39.010777942680157 ], [ 26.56325674, 39.018341412683881 ], [ 26.60819936, 39.008643142679098 ], [ 26.61628747, 39.024497622686887 ], [ 26.61255837, 39.043951022696504 ], [ 26.59580195, 39.068236342708502 ], [ 26.55790126, 39.096175062722203 ], [ 26.55651474, 39.105380052726787 ], [ 26.56858432, 39.111458652729745 ], [ 26.55413878, 39.113420722730709 ], [ 26.54824281, 39.137977952742816 ], [ 26.53097677, 39.139772762743689 ], [ 26.53088701, 39.158010352752648 ], [ 26.54047036, 39.167363992757238 ], [ 26.50262988, 39.17856013276274 ], [ 26.48578465, 39.211975452779178 ], [ 26.47479522, 39.213561642779936 ], [ 26.47512746, 39.224434252785258 ], [ 26.3810271, 39.269703142807458 ], [ 26.37751615, 39.277740952811428 ], [ 26.39783084, 39.304930802824735 ], [ 26.41775966, 39.31530725282984 ], [ 26.41244125, 39.322373742833285 ] ], [ [ 26.52510464, 39.321284402832759 ], [ 26.52856314, 39.320349452832303 ], [ 26.53065824, 39.321774232833029 ], [ 26.52510464, 39.321284402832759 ] ], [ [ 26.44402325, 39.315176002829773 ], [ 26.44474196, 39.312026852828225 ], [ 26.44973505, 39.312018272828233 ], [ 26.44735944, 39.315457332829922 ], [ 26.44402325, 39.315176002829773 ] ], [ [ 26.43570292, 39.314886202829619 ], [ 26.43137717, 39.309265252826911 ], [ 26.43372405, 39.303928602824264 ], [ 26.44419682, 39.310945142827691 ], [ 26.43570292, 39.314886202829619 ] ], [ [ 26.59225345, 39.300421352822568 ], [ 26.57707357, 39.280303472812683 ], [ 26.57926023, 39.276342502810735 ], [ 26.60307884, 39.283361902814185 ], [ 26.60011685, 39.302592512823608 ], [ 26.59225345, 39.300421352822568 ] ], [ [ 26.43216383, 39.294821132819791 ], [ 26.43082762, 39.294088122819446 ], [ 26.431409, 39.292161932818509 ], [ 26.43305433, 39.293266052819035 ], [ 26.43216383, 39.294821132819791 ] ], [ [ 26.43640876, 39.296115032820452 ], [ 26.43894994, 39.29757332282113 ], [ 26.434368370000012, 39.299911852822333 ], [ 26.43353486, 39.296442742820616 ], [ 26.43640876, 39.296115032820452 ] ], [ [ 26.45244336, 39.239151832792508 ], [ 26.45466065, 39.239533532792741 ], [ 26.45488834, 39.241008512793414 ], [ 26.45225763, 39.240099542793004 ], [ 26.45244336, 39.239151832792508 ] ], [ [ 26.53790665, 39.154624092750971 ], [ 26.54017878, 39.156211132751757 ], [ 26.53723836, 39.157949322752643 ], [ 26.535736559999989, 39.156357402751851 ], [ 26.53790665, 39.154624092750971 ] ], [ [ 26.78063095, 39.008796802679186 ], [ 26.78356194, 39.00694202267826 ], [ 26.78421664, 39.000004402674826 ], [ 26.78784084, 39.011444442680464 ], [ 26.78063095, 39.008796802679186 ] ], [ [ 26.79125357, 39.000481002675073 ], [ 26.79506958, 38.995820632672761 ], [ 26.79821253, 39.01110255268032 ], [ 26.79340315, 39.008771652679158 ], [ 26.79125357, 39.000481002675073 ] ], [ [ 26.50942326, 38.969441762659713 ], [ 26.50989986, 38.967904922658981 ], [ 26.51041245, 38.96707844265854 ], [ 26.51173973, 38.967955342658982 ], [ 26.50942326, 38.969441762659713 ] ], [ [ 26.51236582, 38.965267772657654 ], [ 26.51090562, 38.964444032657248 ], [ 26.51147676, 38.963585252656785 ], [ 26.51316535, 38.964584942657332 ], [ 26.51236582, 38.965267772657654 ] ], [ [ 24.50925112, 38.961835852655973 ], [ 24.48560762, 38.985731952667756 ], [ 24.481625439999988, 38.975027432662479 ], [ 24.47133362, 38.977336522663641 ], [ 24.46958041, 38.968654152659333 ], [ 24.45508862, 38.964557762657307 ], [ 24.44792521, 38.945183152647708 ], [ 24.456892609999986, 38.936859602643615 ], [ 24.45194554, 38.934005132642206 ], [ 24.4654752, 38.929918522640158 ], [ 24.4673444, 38.915587422633088 ], [ 24.46121895, 38.91030847263049 ], [ 24.45369816, 38.909278032629949 ], [ 24.4515115, 38.894841542622821 ], [ 24.42993104, 38.876706112613803 ], [ 24.45788491, 38.879926312615424 ], [ 24.46652675, 38.866157642608648 ], [ 24.47707534, 38.873433342612209 ], [ 24.48084807, 38.852490892601857 ], [ 24.51070333, 38.856262202603702 ], [ 24.50425255, 38.840353242595846 ], [ 24.53305185000001, 38.849371072600306 ], [ 24.54132545, 38.834176652592781 ], [ 24.55647421, 38.84308540259719 ], [ 24.56515753, 38.840383042595825 ], [ 24.56894505, 38.80842005257999 ], [ 24.54785335, 38.804366942578021 ], [ 24.53969085, 38.794328562573035 ], [ 24.5309937, 38.797164552574415 ], [ 24.530455109999988, 38.786501762569102 ], [ 24.55343413, 38.779545892565686 ], [ 24.55101705, 38.769647952560717 ], [ 24.56561863, 38.760813942556368 ], [ 24.57211578, 38.764827842558361 ], [ 24.56615853, 38.782503242567159 ], [ 24.5857141, 38.789247152570475 ], [ 24.60005605, 38.785226452568516 ], [ 24.61684275, 38.763420932557651 ], [ 24.6354537, 38.774445522563113 ], [ 24.63804376, 38.764225232558047 ], [ 24.68384767, 38.773208972562522 ], [ 24.6773746, 38.784926762568297 ], [ 24.68652368, 38.79143750257154 ], [ 24.682577970000011, 38.807924142579722 ], [ 24.67200375, 38.811483492581495 ], [ 24.66714644, 38.824260702587864 ], [ 24.62277114, 38.851244442601235 ], [ 24.609375, 38.851562492601424 ], [ 24.59780884, 38.867835632609449 ], [ 24.5804646, 38.872964612611995 ], [ 24.57617247, 38.868028032609551 ], [ 24.56824493, 38.875280852613152 ], [ 24.57921541, 38.88130413261613 ], [ 24.57076335, 38.907857172629271 ], [ 24.58494353, 38.925041432637776 ], [ 24.50925112, 38.961835852655973 ] ], [ [ 26.80394947000001, 38.935590732643 ], [ 26.80555737, 38.93362426264202 ], [ 26.8060106, 38.933744302642097 ], [ 26.8042593, 38.937402242643884 ], [ 26.80394947000001, 38.935590732643 ] ], [ [ 26.80784714, 38.927092072638828 ], [ 26.80639064, 38.916892162633751 ], [ 26.82101095, 38.910117742630398 ], [ 26.82566714, 38.922545072636566 ], [ 26.80784714, 38.927092072638828 ] ], [ [ 26.83635676, 38.901237842626003 ], [ 26.83958542, 38.903839702627252 ], [ 26.83303285, 38.908552762629625 ], [ 26.83240235, 38.904973262627827 ], [ 26.83635676, 38.901237842626003 ] ], [ [ 27.03844404, 38.884531732617752 ], [ 27.04100013, 38.884536142617726 ], [ 27.04117012, 38.886559242618688 ], [ 27.03843033, 38.884949442617931 ], [ 27.03844404, 38.884531732617752 ] ], [ [ 26.89156914, 38.86392664260751 ], [ 26.89238787, 38.861909142606493 ], [ 26.89293432, 38.866386172608721 ], [ 26.89171505, 38.864727962607915 ], [ 26.89156914, 38.86392664260751 ] ], [ [ 26.88279414, 38.856269232603736 ], [ 26.87607515, 38.847656242599484 ], [ 26.88408935, 38.845470062598359 ], [ 26.88786936, 38.853009332602099 ], [ 26.88279414, 38.856269232603736 ] ], [ [ 24.609375, 38.763392802557625 ], [ 24.59889615, 38.763466942557677 ], [ 24.59803295, 38.748460162550245 ], [ 24.62649465, 38.747089732549519 ], [ 24.62769711, 38.758233542555075 ], [ 24.609375, 38.763392802557625 ] ], [ [ 23.72417831, 38.747891532549907 ], [ 23.70488524, 38.769101132560451 ], [ 23.68454862, 38.752598392552279 ], [ 23.66918635, 38.750955692551472 ], [ 23.64764667, 38.760024542555932 ], [ 23.64204633, 38.752994772552476 ], [ 23.63058353, 38.754274242553109 ], [ 23.60668814, 38.771106112561476 ], [ 23.59020364, 38.763953442557913 ], [ 23.59008324, 38.784292212568019 ], [ 23.58136785, 38.787211052569432 ], [ 23.57426822, 38.778777712565287 ], [ 23.56307507, 38.794084302572912 ], [ 23.51787221, 38.808655492580108 ], [ 23.51665223, 38.820867652586145 ], [ 23.47025037, 38.83624314259383 ], [ 23.43939722, 38.871171822611096 ], [ 23.43777561, 38.879604572615293 ], [ 23.4484266, 38.884201752617571 ], [ 23.42675686, 38.903400292627026 ], [ 23.42988706, 38.954310052652239 ], [ 23.38488996, 38.96222507265616 ], [ 23.37105811, 38.982002252665922 ], [ 23.37721634, 39.007187712678324 ], [ 23.3378334, 39.016211262682809 ], [ 23.31641352, 39.039281122694156 ], [ 23.27866542, 39.038726802693887 ], [ 23.25455117, 39.02315842268623 ], [ 23.22199917, 39.01893734268419 ], [ 23.20395422, 39.004215112676889 ], [ 23.13016868, 39.008001562678764 ], [ 23.09072244, 38.981069552665446 ], [ 23.08153105, 38.940576902645439 ], [ 23.04803526, 38.942483892646386 ], [ 23.00690055, 38.908331862629517 ], [ 22.99331105, 38.910913342630749 ], [ 22.93739235, 38.89034592262059 ], [ 22.92266583, 38.891403672621124 ], [ 22.90236425, 38.87675284261384 ], [ 22.85092521, 38.870643612610841 ], [ 22.82994485, 38.826559892588953 ], [ 22.89784455, 38.839417212595329 ], [ 22.95976937, 38.835881462593619 ], [ 22.99262643, 38.850311032600764 ], [ 22.99345481, 38.861154902606152 ], [ 22.97968256, 38.873353232612196 ], [ 22.94929731, 38.875132432613071 ], [ 22.96396971, 38.890292632620579 ], [ 22.98969364, 38.881197322616067 ], [ 23.03213453, 38.882169832616576 ], [ 23.04385436, 38.852983352602074 ], [ 23.08213866, 38.838614332594986 ], [ 23.13378906, 38.852150552601628 ], [ 23.20385206, 38.830736032591069 ], [ 23.23264515, 38.801120152576374 ], [ 23.27753687, 38.777770872564766 ], [ 23.28313482, 38.767288562559585 ], [ 23.30156636, 38.770740262561283 ], [ 23.32411516, 38.761135932556499 ], [ 23.34797728, 38.726945752539542 ], [ 23.387351039999988, 38.697008962524656 ], [ 23.42846465, 38.684033152518182 ], [ 23.449681760000011, 38.648755062500626 ], [ 23.49139297, 38.63420724249341 ], [ 23.51237798, 38.585732332469206 ], [ 23.52668715, 38.577205652464905 ], [ 23.55636823, 38.582362172467519 ], [ 23.57048535, 38.572262632462476 ], [ 23.59886014, 38.571628802462172 ], [ 23.62649846, 38.541215532446991 ], [ 23.62794161, 38.512608522432693 ], [ 23.63590431, 38.510729062431729 ], [ 23.62204456, 38.497707002425265 ], [ 23.62361443, 38.475293862414048 ], [ 23.61439025, 38.470473522411638 ], [ 23.60392475, 38.476735462414787 ], [ 23.58934391, 38.462545272407681 ], [ 23.58794415, 38.447637192400236 ], [ 23.61284006, 38.452996012402885 ], [ 23.64659584, 38.39975630237624 ], [ 23.70098007, 38.412318342382548 ], [ 23.79083562, 38.387580152370163 ], [ 23.82625926, 38.405262342378975 ], [ 23.89332545, 38.383569952368134 ], [ 23.96324575, 38.386216632369454 ], [ 23.99664021, 38.405315632379015 ], [ 24.01558387, 38.39052867237163 ], [ 24.04841936, 38.394953242373845 ], [ 24.05876732, 38.379519332366087 ], [ 24.04959857, 38.369038812360849 ], [ 24.05992961, 38.341582412347101 ], [ 24.03480935, 38.333111162342874 ], [ 24.02673626, 38.336735832344651 ], [ 24.02270555, 38.328305232340441 ], [ 24.05329597, 38.320089332336316 ], [ 24.07361341, 38.325707552339125 ], [ 24.07629705, 38.318786132335646 ], [ 24.08767521, 38.323690052338115 ], [ 24.11089885, 38.315700762334089 ], [ 24.10867286, 38.300259942326349 ], [ 24.12152803, 38.302584402327547 ], [ 24.11609435, 38.286913152319684 ], [ 24.09536767, 38.279739732316017 ], [ 24.10757411, 38.27415012231323 ], [ 24.10217011, 38.268157952310233 ], [ 24.10936737, 38.264221062308273 ], [ 24.10124397, 38.260219212306261 ], [ 24.11358011, 38.249334442300793 ], [ 24.12552154, 38.256129022304194 ], [ 24.13191414, 38.273839942313082 ], [ 24.14173245, 38.274162642313243 ], [ 24.13979697, 38.280959002316685 ], [ 24.15440583, 38.279049152315743 ], [ 24.15941524, 38.266629452309473 ], [ 24.15092075, 38.263363232307846 ], [ 24.13932276, 38.240095612296123 ], [ 24.11647391, 38.219060772285573 ], [ 24.12692285, 38.20598124227898 ], [ 24.13422334, 38.218004932285012 ], [ 24.15083635, 38.211305852281697 ], [ 24.13936484, 38.225010742288518 ], [ 24.15723491, 38.227983352290025 ], [ 24.18636966, 38.214781512283416 ], [ 24.19183934, 38.189615842270719 ], [ 24.20563495, 38.180893292266376 ], [ 24.21053934, 38.165659302258724 ], [ 24.20548844, 38.151130552251402 ], [ 24.19201314, 38.150129312250833 ], [ 24.17825782, 38.129467952240468 ], [ 24.18134987, 38.123928302237694 ], [ 24.20654702, 38.126937502239187 ], [ 24.21416855, 38.120954742236172 ], [ 24.20183885, 38.084305992217708 ], [ 24.21109128, 38.090178602220675 ], [ 24.24182856, 38.087773432219443 ], [ 24.24851537, 38.095335832223263 ], [ 24.28352046, 38.083337532217264 ], [ 24.28560221, 38.066336142208662 ], [ 24.30820155, 38.067770952209372 ], [ 24.32129717, 38.046995872198877 ], [ 24.30606663, 38.033744562192211 ], [ 24.30622852, 38.022461762186524 ], [ 24.31575656, 38.010641452180536 ], [ 24.32190132, 38.015833012183151 ], [ 24.33160055, 38.011089312180729 ], [ 24.33759034, 37.986802092168503 ], [ 24.37288213, 37.968749992159374 ], [ 24.37263536, 37.96158539215574 ], [ 24.38760138, 37.957187052153522 ], [ 24.38598835, 37.969857332159947 ], [ 24.40312052, 37.977041352163567 ], [ 24.38708687, 37.983456842166795 ], [ 24.39243925, 38.005258432177797 ], [ 24.41951084, 38.012609232181511 ], [ 24.46192944, 37.995966542173143 ], [ 24.477626320000013, 37.96506642215747 ], [ 24.47063673, 37.959197152154545 ], [ 24.49322247, 37.948706022149267 ], [ 24.52589655, 37.956751812153307 ], [ 24.53010952, 37.968196622159084 ], [ 24.54089785, 37.968749992159374 ], [ 24.5387336, 37.975574132162819 ], [ 24.54801142, 37.970841042160423 ], [ 24.54576385, 37.977056142163569 ], [ 24.56172144, 37.98110770216563 ], [ 24.556345939999989, 37.987654562168892 ], [ 24.5739125, 38.002718442176558 ], [ 24.56650317, 38.009075872179757 ], [ 24.58523095, 38.022976032186733 ], [ 24.57858324, 38.025301922187921 ], [ 24.58850086, 38.065875762208421 ], [ 24.577348349999987, 38.07872676221492 ], [ 24.58287001, 38.091388342221293 ], [ 24.57513022, 38.106246462228768 ], [ 24.59221852, 38.138548242245022 ], [ 24.59143364, 38.157174342254436 ], [ 24.58503997, 38.159844512255766 ], [ 24.54932284, 38.140972012246266 ], [ 24.50810635, 38.147253622249409 ], [ 24.45768237, 38.140981432246264 ], [ 24.42529166, 38.145472642248528 ], [ 24.39692545, 38.158627742255128 ], [ 24.39620554, 38.166881672259279 ], [ 24.35027385, 38.155321952253523 ], [ 24.32914817, 38.167834392259749 ], [ 24.33619142, 38.17730676226455 ], [ 24.32676697, 38.187525262269681 ], [ 24.31623495, 38.18083524226634 ], [ 24.29583883, 38.194638002273244 ], [ 24.27224672, 38.198358172275128 ], [ 24.248777149999988, 38.228308552290237 ], [ 24.24752235, 38.242601032297408 ], [ 24.25914073, 38.248446932300325 ], [ 24.25260055, 38.255347602303814 ], [ 24.2578125, 38.284877052318642 ], [ 24.235309, 38.303515072328018 ], [ 24.24047887, 38.315991752334227 ], [ 24.22700608, 38.316010942334266 ], [ 24.221154449999986, 38.332274552342412 ], [ 24.20637524, 38.337807652345198 ], [ 24.21994734, 38.362518422357596 ], [ 24.21332693, 38.379928342366298 ], [ 24.18219471, 38.39437436237354 ], [ 24.19221032, 38.409581052381178 ], [ 24.20907044, 38.405963652379349 ], [ 24.19917834, 38.42671155238974 ], [ 24.18163764, 38.434563872393682 ], [ 24.19324732, 38.453146212402949 ], [ 24.18820417, 38.484089842418427 ], [ 24.233186599999989, 38.524577852438696 ], [ 24.16202176, 38.5644816124586 ], [ 24.12334406, 38.595931042474291 ], [ 24.12240076, 38.628050322490331 ], [ 24.12815344, 38.62000226248631 ], [ 24.12695813, 38.632501232492537 ], [ 24.14017844, 38.645190472498847 ], [ 24.15577555, 38.644929522498707 ], [ 24.15509701, 38.65243386250247 ], [ 24.04723883, 38.687177532519762 ], [ 24.03177047, 38.677484142514921 ], [ 24.01017892, 38.680766452516536 ], [ 24.011502029999988, 38.673296202512851 ], [ 23.9816575, 38.682016842517164 ], [ 23.98145914, 38.673578492512959 ], [ 23.95602536, 38.661079642506799 ], [ 23.89577556, 38.679630752515976 ], [ 23.86087561, 38.671874992512144 ], [ 23.81000483, 38.695534932523934 ], [ 23.75874865, 38.70590245252906 ], [ 23.74984825, 38.716129412534123 ], [ 23.75425971, 38.721962202537028 ], [ 23.72417831, 38.747891532549907 ] ], [ [ 26.73328745, 38.731910342541994 ], [ 26.73445022, 38.73293137254251 ], [ 26.73322105, 38.73384820254293 ], [ 26.73204505, 38.732505192542291 ], [ 26.73328745, 38.731910342541994 ] ], [ [ 26.7087996, 38.716230502534195 ], [ 26.70802724, 38.711074822531657 ], [ 26.71006405, 38.714967122533601 ], [ 26.7087996, 38.716230502534195 ] ], [ [ 26.708905340000012, 38.702347862527319 ], [ 26.70877886, 38.691694612521978 ], [ 26.72274506, 38.686703912519505 ], [ 26.72547591, 38.692420122522329 ], [ 26.708905340000012, 38.702347862527319 ] ], [ [ 23.91728544, 38.675530542513947 ], [ 23.91836226, 38.676594012514521 ], [ 23.91791427, 38.678678622515548 ], [ 23.91703927, 38.676685802514541 ], [ 23.91728544, 38.675530542513947 ] ], [ [ 24.1297183, 38.668676962510517 ], [ 24.13368201, 38.662796842507618 ], [ 24.13607907, 38.662979712507713 ], [ 24.133563519999989, 38.669600242510988 ], [ 24.1297183, 38.668676962510517 ] ], [ [ 24.24932516, 38.662609212507519 ], [ 24.25292301, 38.664797652508582 ], [ 24.24798715, 38.666329732509389 ], [ 24.24766242, 38.664749732508625 ], [ 24.24932516, 38.662609212507519 ] ], [ [ 24.15163147, 38.656930792504653 ], [ 24.15325177, 38.657202352504797 ], [ 24.15346897, 38.660703652506555 ], [ 24.15158582, 38.659827342506127 ], [ 24.15163147, 38.656930792504653 ] ], [ [ 25.56932795, 38.605383152478993 ], [ 25.55349696, 38.596323602474484 ], [ 25.53672826, 38.601266252476954 ], [ 25.53003883, 38.59271811247271 ], [ 25.56579113, 38.563492412458125 ], [ 25.555731649999988, 38.548419352450551 ], [ 25.56224251, 38.532706732442726 ], [ 25.56991494, 38.543742772448269 ], [ 25.58381033, 38.534546722443636 ], [ 25.60625136, 38.532808292442795 ], [ 25.61467886, 38.568010442460348 ], [ 25.62356675, 38.574560042463638 ], [ 25.62090135, 38.589879262471293 ], [ 25.59151185, 38.608538622480594 ], [ 25.58231044, 38.60331093247801 ], [ 25.57021105, 38.610272642481476 ], [ 25.56932795, 38.605383152478993 ] ], [ [ 26.00615966, 38.604637142478651 ], [ 25.93878663, 38.588211652470427 ], [ 25.89252734, 38.589255442470979 ], [ 25.85749447, 38.580605502466653 ], [ 25.83030891, 38.545642012449242 ], [ 25.86336291, 38.491042132421931 ], [ 25.89248061, 38.472958912412864 ], [ 25.93928015, 38.462335342407584 ], [ 25.9451102, 38.44655394239971 ], [ 25.95558465, 38.443840492398344 ], [ 25.95915306, 38.403995152378364 ], [ 25.97435904, 38.399635302376218 ], [ 25.98315954, 38.385713452369195 ], [ 25.99184585, 38.390288942371491 ], [ 25.98650098, 38.377937662365333 ], [ 25.99362326, 38.365454432359016 ], [ 25.98561466, 38.362880222357767 ], [ 25.99390411, 38.359300252355993 ], [ 25.99562764, 38.342471112347525 ], [ 25.98612797, 38.344018332348313 ], [ 25.98448276, 38.332444542342515 ], [ 25.97300816, 38.328788272340681 ], [ 25.96490395, 38.29532920232387 ], [ 25.94299495, 38.298758022325593 ], [ 25.94027245, 38.293025362322766 ], [ 25.93130207, 38.300751912326561 ], [ 25.92985523, 38.287142622319742 ], [ 25.92484105, 38.301759592327102 ], [ 25.91824806, 38.299763432326131 ], [ 25.88940418, 38.274874922313586 ], [ 25.87624824, 38.273868432313094 ], [ 25.86527622, 38.242391702297262 ], [ 25.88561344, 38.243183012297678 ], [ 25.88779521, 38.216823572284454 ], [ 25.89214194, 38.223287452287693 ], [ 25.91430056, 38.221238012286648 ], [ 25.90974307, 38.210398902281185 ], [ 25.91925526, 38.203230012277608 ], [ 25.92718923, 38.206608402279301 ], [ 25.92702723, 38.192220922272085 ], [ 25.95225358, 38.194181432273034 ], [ 25.94970286, 38.186183922269002 ], [ 25.96853304, 38.166916122259309 ], [ 25.99348664, 38.163931002257819 ], [ 26.01244164, 38.146831142249212 ], [ 26.041154499999987, 38.200425502276168 ], [ 26.09875548, 38.208208192280104 ], [ 26.11630726, 38.23258101229235 ], [ 26.104707, 38.245411032298811 ], [ 26.10412633, 38.272247302312259 ], [ 26.15960813, 38.308958642330744 ], [ 26.15331304, 38.319657912336091 ], [ 26.16167486, 38.329732412341158 ], [ 26.14337361, 38.338979832345771 ], [ 26.13410854, 38.407596822380164 ], [ 26.15487635, 38.457939732405393 ], [ 26.151967049999985, 38.46605741240942 ], [ 26.13644755, 38.461860652407331 ], [ 26.14427948, 38.476758232414767 ], [ 26.12374365, 38.476842632414794 ], [ 26.12762904, 38.489326942421044 ], [ 26.14448094, 38.488508452420653 ], [ 26.15396798, 38.496093742424428 ], [ 26.15099895, 38.521873342437296 ], [ 26.16311073, 38.535580512444177 ], [ 26.15888405, 38.552871342452775 ], [ 26.13561094, 38.566846962459827 ], [ 26.12620294, 38.554764742453777 ], [ 26.13083446, 38.542715542447759 ], [ 26.11654913, 38.555200452453995 ], [ 26.11504102, 38.540168042446425 ], [ 26.10608351, 38.556332342454539 ], [ 26.08446443, 38.556559192454657 ], [ 26.06338716, 38.593584172473136 ], [ 26.04430151, 38.589189162470959 ], [ 26.00615966, 38.604637142478651 ] ], [ [ 26.11467695, 38.559544792456165 ], [ 26.11573565, 38.557816852455261 ], [ 26.12135434, 38.555586452454186 ], [ 26.11877561, 38.561857212457305 ], [ 26.11467695, 38.559544792456165 ] ], [ [ 26.16132963, 38.553149452452942 ], [ 26.16147482, 38.551792142452285 ], [ 26.16358817, 38.551198952451998 ], [ 26.16347504, 38.554308522453546 ], [ 26.16132963, 38.553149452452942 ] ], [ [ 26.19076455, 38.53374754244328 ], [ 26.20555317, 38.513968462433411 ], [ 26.21008337, 38.519253242436015 ], [ 26.23935556, 38.505639072429211 ], [ 26.24985862, 38.513081062432938 ], [ 26.25298035, 38.512362232432558 ], [ 26.2493602, 38.501437302427099 ], [ 26.26124656, 38.513867612433337 ], [ 26.26874387, 38.509343732431091 ], [ 26.27264297, 38.51942514243612 ], [ 26.23775136, 38.526599042439678 ], [ 26.23803675, 38.533320892443065 ], [ 26.22430384, 38.537902702445315 ], [ 26.21378493, 38.53413104244342 ], [ 26.20979607, 38.541702142447235 ], [ 26.18295252, 38.544434892448585 ], [ 26.19076455, 38.53374754244328 ] ], [ [ 26.27594483, 38.513587942433205 ], [ 26.27862954, 38.495342242424066 ], [ 26.29365575, 38.494428032423627 ], [ 26.2960571, 38.501796832427267 ], [ 26.27614856, 38.520598642436667 ], [ 26.27594483, 38.513587942433205 ] ], [ [ 26.26330912, 38.494160642423516 ], [ 26.26699567, 38.496093742424428 ], [ 26.26929665, 38.503508802428165 ], [ 26.26089752, 38.49911772242595 ], [ 26.26330912, 38.494160642423516 ] ], [ [ 26.27331805, 38.503198142427991 ], [ 26.27647853, 38.505370852429117 ], [ 26.27399528, 38.507845152430299 ], [ 26.27062833, 38.50475966242881 ], [ 26.27331805, 38.503198142427991 ] ], [ [ 26.2191838, 38.509011142430893 ], [ 26.21516538, 38.51327645243304 ], [ 26.21404195, 38.513706792433254 ], [ 26.22056007, 38.506684292429739 ], [ 26.2191838, 38.509011142430893 ] ], [ [ 26.28765631, 38.491098872421972 ], [ 26.28289676, 38.490394942421602 ], [ 26.27912867, 38.487984772420425 ], [ 26.29163373, 38.485069742418965 ], [ 26.28765631, 38.491098872421972 ] ], [ [ 26.15216684, 38.472605932412705 ], [ 26.15150535, 38.469329112411067 ], [ 26.15156054, 38.468815562410789 ], [ 26.1552788, 38.47241043241263 ], [ 26.15216684, 38.472605932412705 ] ], [ [ 26.35583174, 38.455022562403911 ], [ 26.32513678, 38.44079172239676 ], [ 26.33292794, 38.421637642387154 ], [ 26.34139526, 38.430421942391646 ], [ 26.35735977, 38.428066962390432 ], [ 26.36354065, 38.445235962399046 ], [ 26.35583174, 38.455022562403911 ] ], [ [ 26.3671875, 38.428571332390703 ], [ 26.3738234, 38.434018242393385 ], [ 26.36929667, 38.437755932395262 ], [ 26.36758125, 38.436849112394839 ], [ 26.3671875, 38.428571332390703 ] ], [ [ 26.37447155, 38.432133662392474 ], [ 26.373290659999988, 38.426808352389799 ], [ 26.38955331, 38.421744932387242 ], [ 26.38657022000001, 38.435778732394319 ], [ 26.37447155, 38.432133662392474 ] ], [ [ 26.30863237, 38.422891252387849 ], [ 26.30928194, 38.416266552384506 ], [ 26.31308925, 38.414028752383381 ], [ 26.315292119999988, 38.417454952385114 ], [ 26.30863237, 38.422891252387849 ] ], [ [ 26.46183658, 38.394985312373876 ], [ 26.46482158, 38.386910552369805 ], [ 26.46701658, 38.387253392369985 ], [ 26.46440053, 38.402628652377722 ], [ 26.46183658, 38.394985312373876 ] ], [ [ 26.46723914, 38.397124162374901 ], [ 26.46938157, 38.395804512374276 ], [ 26.46851563, 38.400593032376648 ], [ 26.46723914, 38.397124162374901 ] ], [ [ 26.44937885, 38.390078532371433 ], [ 26.44783115, 38.389295812370982 ], [ 26.449201229999989, 38.385629642369182 ], [ 26.45099795, 38.38756215237013 ], [ 26.44937885, 38.390078532371433 ] ], [ [ 26.44993711, 38.393366212373074 ], [ 26.44933307, 38.394775022373729 ], [ 26.44686472, 38.390979162371842 ], [ 26.4477092, 38.3910578423719 ], [ 26.44993711, 38.393366212373074 ] ], [ [ 26.46625876, 38.381948822367313 ], [ 26.46162033, 38.375502932364121 ], [ 26.46204555, 38.374277222363489 ], [ 26.46712983, 38.376023042364373 ], [ 26.46625876, 38.381948822367313 ] ], [ [ 26.20840776, 38.291951652322169 ], [ 26.21083975, 38.290511122321448 ], [ 26.20715535, 38.297679652325023 ], [ 26.208158369999985, 38.292465442322445 ], [ 26.20840776, 38.291951652322169 ] ], [ [ 26.42787754, 38.194551822273233 ], [ 26.43369627, 38.192973962272475 ], [ 26.43435502, 38.197717062274833 ], [ 26.43234515, 38.198693152275325 ], [ 26.42787754, 38.194551822273233 ] ], [ [ 26.44204915, 38.198356022275128 ], [ 26.44795978, 38.195916642273893 ], [ 26.45259905, 38.200213662276113 ], [ 26.44455075, 38.200252642276077 ], [ 26.44204915, 38.198356022275128 ] ], [ [ 26.43716276, 38.182844392267349 ], [ 26.44060183, 38.185231322268564 ], [ 26.43758714, 38.188382142270129 ], [ 26.436106559999988, 38.185824622268846 ], [ 26.43716276, 38.182844392267349 ] ], [ [ 25.904269459999988, 38.217800252284945 ], [ 25.90429282, 38.220288502286166 ], [ 25.90261245, 38.220729102286391 ], [ 25.90041935, 38.217580552284836 ], [ 25.904269459999988, 38.217800252284945 ] ], [ [ 25.96615791, 38.313973542333237 ], [ 25.95785177, 38.314772952333598 ], [ 25.957470420000011, 38.313650842333082 ], [ 25.96678436, 38.309448232330944 ], [ 25.96615791, 38.313973542333237 ] ], [ [ 25.95773184, 38.310341942331426 ], [ 25.95594645, 38.312894812332679 ], [ 25.95412552, 38.311828362332143 ], [ 25.95675731, 38.30993091233119 ], [ 25.95773184, 38.310341942331426 ] ], [ [ 25.94253361, 38.319547052336041 ], [ 25.94089127, 38.316475022334458 ], [ 25.94700456, 38.316499942334524 ], [ 25.94768286, 38.318330042335411 ], [ 25.94253361, 38.319547052336041 ] ], [ [ 24.20457995, 38.392850032372806 ], [ 24.20237076, 38.391848792372286 ], [ 24.20193362, 38.390081512371417 ], [ 24.20264626, 38.390211812371454 ], [ 24.20457995, 38.392850032372806 ] ], [ [ 24.23018014, 38.518482792435641 ], [ 24.22862375, 38.516530622434651 ], [ 24.23105454, 38.515708442434232 ], [ 24.23282218, 38.516973252434866 ], [ 24.23018014, 38.518482792435641 ] ], [ [ 25.52100885, 38.522868742437808 ], [ 25.52168965, 38.526583072439664 ], [ 25.51486647, 38.520220512436502 ], [ 25.51728284, 38.519349802436032 ], [ 25.52100885, 38.522868742437808 ] ], [ [ 25.5226351, 38.530240412441515 ], [ 25.52890301, 38.55058395245166 ], [ 25.51093805, 38.553115002452969 ], [ 25.49572682, 38.533647652443207 ], [ 25.5226351, 38.530240412441515 ] ], [ [ 25.53444874, 38.601411812477004 ], [ 25.53596687, 38.602305762477471 ], [ 25.53637016, 38.603546252478068 ], [ 25.53323627, 38.603363272478006 ], [ 25.53444874, 38.601411812477004 ] ], [ [ 26.015625, 38.123883832237624 ], [ 26.01635742, 38.125761142238616 ], [ 26.01332974, 38.126396772238913 ], [ 26.013892770000012, 38.124903432238142 ], [ 26.015625, 38.123883832237624 ] ], [ [ 26.85371161, 38.04482411219783 ], [ 26.85495472, 38.044122452197414 ], [ 26.85710967, 38.045819512198328 ], [ 26.85401785, 38.045771352198301 ], [ 26.85371161, 38.04482411219783 ] ], [ [ 26.88153493, 38.024140712187339 ], [ 26.88073385, 38.021177042185862 ], [ 26.8828088, 38.020505542185496 ], [ 26.88473463, 38.022519942186499 ], [ 26.88153493, 38.024140712187339 ] ], [ [ 24.78781486, 37.998919242174601 ], [ 24.74883115, 37.993271222171771 ], [ 24.73008382, 37.984737622167444 ], [ 24.73048472, 37.978560442164344 ], [ 24.69291162, 37.966215242158107 ], [ 24.68461061, 37.943550342146651 ], [ 24.69242823, 37.942810532146247 ], [ 24.69499195, 37.932387342140963 ], [ 24.69138455, 37.923837292136675 ], [ 24.67939675, 37.925074812137304 ], [ 24.69367754, 37.922136892135839 ], [ 24.69602203, 37.903008932126141 ], [ 24.71190167, 37.8958108321225 ], [ 24.70391035, 37.88431262211666 ], [ 24.71179187, 37.882043952115552 ], [ 24.70972157, 37.870913262109923 ], [ 24.72763813, 37.873795622111366 ], [ 24.73285425, 37.887771952118435 ], [ 24.73401666, 37.87697684211291 ], [ 24.7666676, 37.874933352111874 ], [ 24.79891396, 37.834372032091387 ], [ 24.795617459999985, 37.815879452082001 ], [ 24.81718075, 37.820282932084268 ], [ 24.82733226, 37.811874142079994 ], [ 24.82542145, 37.796185362072038 ], [ 24.84574616, 37.792968742070379 ], [ 24.84817863, 37.775303832061418 ], [ 24.85958731, 37.778168552062887 ], [ 24.87187636, 37.76278185205507 ], [ 24.88737285, 37.764929402056183 ], [ 24.92437243, 37.700568552023562 ], [ 24.95197356, 37.681890362014023 ], [ 24.96230555, 37.682294362014225 ], [ 24.95214248, 37.702646252024579 ], [ 24.98133314, 37.728632922037747 ], [ 25.00154364, 37.770800942059161 ], [ 24.95222473, 37.770414822058946 ], [ 24.96285558, 37.787843692067796 ], [ 24.97385764, 37.790570252069166 ], [ 24.96478105, 37.795938722071888 ], [ 24.98091805, 37.81259965208033 ], [ 24.97141051, 37.825664752086979 ], [ 24.95906246, 37.822085132085149 ], [ 24.9609375, 37.833147162090761 ], [ 24.94806147, 37.8339281020912 ], [ 24.95266557, 37.839171522093849 ], [ 24.94379723, 37.834018942091184 ], [ 24.94413304, 37.841484892094989 ], [ 24.93522096, 37.841550102095027 ], [ 24.95759082, 37.870905872109873 ], [ 24.95803976, 37.892863142121001 ], [ 24.951156019999988, 37.893929712121547 ], [ 24.95734906, 37.898623462123908 ], [ 24.943160179999989, 37.904821862127058 ], [ 24.87691093, 37.901262872125244 ], [ 24.87416005, 37.909107442129255 ], [ 24.83987916, 37.909495942129411 ], [ 24.827285769999989, 37.935923922142798 ], [ 24.83242273, 37.958879342154411 ], [ 24.79329896, 37.969711652159837 ], [ 24.78781486, 37.998919242174601 ] ], [ [ 26.726728679999987, 37.808557142078264 ], [ 26.65799165, 37.789746042068785 ], [ 26.63518143, 37.769106142058291 ], [ 26.61095893, 37.769560572058502 ], [ 26.595348479999988, 37.761724342054585 ], [ 26.566298840000012, 37.729891772038435 ], [ 26.58504546, 37.705310332025903 ], [ 26.57784021, 37.690928452018632 ], [ 26.59083605, 37.679941052013035 ], [ 26.59139252, 37.674519652010282 ], [ 26.600555539999988, 37.681195732013684 ], [ 26.623631840000012, 37.680225722013191 ], [ 26.62098861, 37.685539832015877 ], [ 26.63401234, 37.688630212017479 ], [ 26.64212012, 37.702493542024499 ], [ 26.72049475, 37.710030432028319 ], [ 26.75117624, 37.697341552021904 ], [ 26.79422045, 37.642664421994112 ], [ 26.85946214, 37.635693661990565 ], [ 26.87951934, 37.640099401992757 ], [ 26.88303935, 37.663336622004607 ], [ 26.90849662, 37.682267422014235 ], [ 26.93291175, 37.689947602018123 ], [ 26.95347893, 37.687245842016722 ], [ 26.98023164, 37.706267352026416 ], [ 27.01131237, 37.70254110202454 ], [ 27.01844585, 37.707660552027093 ], [ 27.03639376, 37.703553672025031 ], [ 27.0703125, 37.716238852031474 ], [ 27.06269598, 37.728763452037832 ], [ 27.03652895, 37.728109352037507 ], [ 27.04385555, 37.742328512044722 ], [ 27.02490985, 37.752144212049686 ], [ 27.02981174, 37.762687322055051 ], [ 27.06623757, 37.779108402063358 ], [ 26.99924171, 37.776842232062258 ], [ 26.98761857, 37.784173002065941 ], [ 26.99035966, 37.796002262071923 ], [ 26.97766626000001, 37.792968742070393 ], [ 26.98137295, 37.778746952063194 ], [ 26.95287037, 37.78721415206747 ], [ 26.94773757, 37.784296142066005 ], [ 26.97585905, 37.75444364205088 ], [ 26.96606505, 37.747899052047522 ], [ 26.92819655, 37.771882172059691 ], [ 26.88174355, 37.778755062063176 ], [ 26.84827375, 37.805660712076801 ], [ 26.74180806, 37.813031662080569 ], [ 26.726728679999987, 37.808557142078264 ] ], [ [ 26.99665773, 37.798624862073268 ], [ 26.99801445, 37.798424232073152 ], [ 27.00065815, 37.799556132073697 ], [ 26.99934506, 37.800002332073994 ], [ 26.99665773, 37.798624862073268 ] ], [ [ 26.96847355, 37.793837892070854 ], [ 26.9718883, 37.791921252069884 ], [ 26.97379386, 37.794656742071226 ], [ 26.96959376, 37.795736062071796 ], [ 26.96847355, 37.793837892070854 ] ], [ [ 27.01769984, 37.704158532025325 ], [ 27.01707792, 37.704866162025667 ], [ 27.01543868, 37.703007452024757 ], [ 27.01613474, 37.702941652024712 ], [ 27.01769984, 37.704158532025325 ] ], [ [ 27.0162276, 37.690631742018482 ], [ 27.01811814, 37.690405842018343 ], [ 27.01805842, 37.692654602019516 ], [ 27.01574576, 37.691902272019121 ], [ 27.0162276, 37.690631742018482 ] ], [ [ 27.009688139999987, 37.653797021999765 ], [ 27.01229465, 37.65212344199891 ], [ 27.01565826, 37.653769601999727 ], [ 27.01391006, 37.655264962000487 ], [ 27.009688139999987, 37.653797021999765 ] ], [ [ 27.00602198, 37.653388731999584 ], [ 27.00138426, 37.651969541998838 ], [ 27.00014937, 37.649307121997467 ], [ 27.00472164, 37.649519431997568 ], [ 27.00602198, 37.653388731999584 ] ], [ [ 26.78966951, 37.636047711990742 ], [ 26.78434432, 37.633538831989455 ], [ 26.7884773, 37.626334541985784 ], [ 26.80383325, 37.623432751984325 ], [ 26.78966951, 37.636047711990742 ] ], [ [ 26.53900552, 37.625147691985156 ], [ 26.5294646, 37.620097631982624 ], [ 26.53448558, 37.642492641993989 ], [ 26.50949323, 37.655449742000592 ], [ 26.49744666, 37.643360251994423 ], [ 26.49632084, 37.625988351985626 ], [ 26.51546276, 37.622046941983598 ], [ 26.51070941, 37.613139501979099 ], [ 26.51814926, 37.597719901971267 ], [ 26.50210261, 37.595618711970225 ], [ 26.50335467, 37.586241241965418 ], [ 26.49396634, 37.582887521963677 ], [ 26.48028016, 37.605461711975146 ], [ 26.47375286, 37.602575411973696 ], [ 26.478809120000012, 37.576327311960355 ], [ 26.46785045, 37.569841611957045 ], [ 26.46037793, 37.580245251962367 ], [ 26.46737754, 37.560256231952188 ], [ 26.47307062, 37.570830931957595 ], [ 26.475097779999988, 37.563395971953774 ], [ 26.48208725, 37.564785111954478 ], [ 26.47829545, 37.555397861949707 ], [ 26.48912323, 37.559111941951571 ], [ 26.48551857, 37.547342411945621 ], [ 26.50230277, 37.526705971935087 ], [ 26.50411642000001, 37.533499351938566 ], [ 26.509475949999988, 37.52649294193499 ], [ 26.51312411000001, 37.531251901937431 ], [ 26.50762844, 37.54393565194389 ], [ 26.51552618, 37.551973331947984 ], [ 26.50020695, 37.559523811951827 ], [ 26.4962393, 37.575944061960143 ], [ 26.53008473, 37.594216931969484 ], [ 26.54779673, 37.619990461982553 ], [ 26.53796482, 37.618378751981751 ], [ 26.53900552, 37.625147691985156 ] ], [ [ 27.13755763, 37.611756911978354 ], [ 27.13949835, 37.606889951975923 ], [ 27.15668881, 37.587634911966134 ], [ 27.15967143, 37.586904041965752 ], [ 27.13755763, 37.611756911978354 ] ], [ [ 26.54688954, 37.590527641967618 ], [ 26.56690586, 37.596676341970749 ], [ 26.56895387, 37.609643571977323 ], [ 26.55276203, 37.608465541976734 ], [ 26.55704117, 37.601480831973184 ], [ 26.53599513, 37.592910401968801 ], [ 26.54688954, 37.590527641967618 ] ], [ [ 26.54557466, 37.527785651935694 ], [ 26.54747415, 37.529142851936349 ], [ 26.54533863, 37.531304711937423 ], [ 26.54407954, 37.529767501936682 ], [ 26.54557466, 37.527785651935694 ] ], [ [ 26.07908344, 37.526536221935061 ], [ 26.11045551, 37.553657521948821 ], [ 26.21527243, 37.567261571955754 ], [ 26.29178405, 37.608831041976899 ], [ 26.32311535, 37.631081211988224 ], [ 26.3435328, 37.669822562007887 ], [ 26.36068487, 37.674914112010484 ], [ 26.36498594, 37.689900032018095 ], [ 26.29625416, 37.679281342012722 ], [ 26.19702494, 37.626188631985734 ], [ 26.15142393, 37.638362991991912 ], [ 26.09824395, 37.630403871987873 ], [ 26.08128035, 37.636994831991203 ], [ 26.01000106, 37.576376431960377 ], [ 25.97394025, 37.52270996193311 ], [ 25.97872651, 37.510212291926671 ], [ 25.98997104, 37.507810221925475 ], [ 26.02772987, 37.517509811930424 ], [ 26.05864716, 37.514367571928808 ], [ 26.07908344, 37.526536221935061 ] ], [ [ 26.49531937, 37.521954531932664 ], [ 26.49618244, 37.523709411933595 ], [ 26.49451494, 37.524596201934024 ], [ 26.49401355, 37.523174511933306 ], [ 26.49531937, 37.521954531932664 ] ], [ [ 26.54173791, 37.518867841931105 ], [ 26.53676164, 37.516941541930116 ], [ 26.54090846, 37.508844841925992 ], [ 26.54876494, 37.516226041929784 ], [ 26.54173791, 37.518867841931105 ] ], [ [ 26.49697912, 37.518062941930708 ], [ 26.49201357, 37.509542461926358 ], [ 26.49593234, 37.503039471923046 ], [ 26.50144672, 37.51269530192797 ], [ 26.49697912, 37.518062941930708 ] ], [ [ 24.91895544, 37.504082191923558 ], [ 24.87618077, 37.510646451926931 ], [ 24.89999163, 37.49259447191772 ], [ 24.89156663, 37.478777041910647 ], [ 24.90154517, 37.473355641907936 ], [ 24.89199543, 37.472568261907526 ], [ 24.89469504, 37.463085161902661 ], [ 24.88745415, 37.461146821901686 ], [ 24.89857996, 37.458094941900178 ], [ 24.90014887, 37.445764531893843 ], [ 24.89047015, 37.447039951894531 ], [ 24.88316703, 37.432250131886939 ], [ 24.863370660000012, 37.428931111885262 ], [ 24.87780654, 37.421272861881349 ], [ 24.85604227, 37.406622401873889 ], [ 24.85520518, 37.395151611868009 ], [ 24.88018382, 37.397419561869178 ], [ 24.88438594, 37.392475831866705 ], [ 24.87401652, 37.386640661863716 ], [ 24.88225365, 37.375967731858253 ], [ 24.87655675, 37.361924041851076 ], [ 24.94434905, 37.390314091865562 ], [ 24.94053876, 37.380691041860679 ], [ 24.94670534, 37.381191241860911 ], [ 24.95593154, 37.394199601867562 ], [ 24.97382343, 37.400882951870948 ], [ 24.95393574, 37.430769551886193 ], [ 24.93874323, 37.430859561886251 ], [ 24.94995976, 37.446552861894276 ], [ 24.95067871, 37.475851171909184 ], [ 24.94187427, 37.49185120191737 ], [ 24.91895544, 37.504082191923558 ] ], [ [ 25.34476328, 37.499911891921442 ], [ 25.3125, 37.492187491917512 ], [ 25.30774856, 37.484050501913373 ], [ 25.31035328, 37.46995651190619 ], [ 25.32850397, 37.462891331902568 ], [ 25.32948494, 37.449412931895679 ], [ 25.32326686, 37.426478501883999 ], [ 25.30754125, 37.439679141890785 ], [ 25.30007541, 37.431226721886475 ], [ 25.31280673, 37.418347351879895 ], [ 25.30645478, 37.401561611871315 ], [ 25.31693053, 37.405540931873347 ], [ 25.32301056, 37.421493521881438 ], [ 25.3344475, 37.409673441875441 ], [ 25.34352231, 37.414567341877948 ], [ 25.34866917, 37.402790661871947 ], [ 25.38709343, 37.422501431882026 ], [ 25.39928472, 37.4133188618773 ], [ 25.40546882, 37.433692331887684 ], [ 25.42000258, 37.429242601885427 ], [ 25.42306626, 37.442243331892065 ], [ 25.45944297, 37.446033351893966 ], [ 25.46144056, 37.474982851908784 ], [ 25.4288249, 37.471306791906905 ], [ 25.43033195, 37.482625241912665 ], [ 25.41142094, 37.480100741911372 ], [ 25.403496269999987, 37.495907301919409 ], [ 25.38691628, 37.496427411919704 ], [ 25.37872422, 37.490345351916574 ], [ 25.38421547, 37.469987741906223 ], [ 25.37529206, 37.461248751901735 ], [ 25.36109781, 37.474791041908652 ], [ 25.360273, 37.496447431919712 ], [ 25.34476328, 37.499911891921442 ] ], [ [ 25.36506927, 37.491413821917121 ], [ 25.36792064, 37.490756621916802 ], [ 25.36758018, 37.493469111918166 ], [ 25.36534393, 37.492641441917762 ], [ 25.36506927, 37.491413821917121 ] ], [ [ 26.97756934, 37.485725151914245 ], [ 26.97954035, 37.483766311913215 ], [ 26.98265302, 37.484128821913409 ], [ 26.98179162, 37.487148631914984 ], [ 26.97756934, 37.485725151914245 ] ], [ [ 26.95383585, 37.485089771913898 ], [ 26.94898605, 37.4846893419137 ], [ 26.95047176, 37.481971141912297 ], [ 26.95500195, 37.482839101912766 ], [ 26.95383585, 37.485089771913898 ] ], [ [ 26.99541247, 37.478207341910405 ], [ 26.98488641, 37.475049131908811 ], [ 27.00700772, 37.47823893191044 ], [ 27.00694764, 37.47856723191056 ], [ 26.99541247, 37.478207341910405 ] ], [ [ 26.972028369999986, 37.477639901910131 ], [ 26.977301119999989, 37.472093331907296 ], [ 26.92513084, 37.475094431908815 ], [ 26.940544129999985, 37.47074400190656 ], [ 26.95093596, 37.444374311893121 ], [ 26.96180165, 37.443857541892925 ], [ 26.96616781, 37.456462731899293 ], [ 26.97780097, 37.4443119718931 ], [ 26.99088788, 37.461856951902071 ], [ 27.00699556, 37.45400154189808 ], [ 26.99755263, 37.468581671905469 ], [ 26.972028369999986, 37.477639901910131 ] ], [ [ 27.00327945, 37.465962041904184 ], [ 27.00632191, 37.464918251903626 ], [ 27.01087892, 37.466629851904479 ], [ 27.00754142, 37.468256701905297 ], [ 27.00327945, 37.465962041904184 ] ], [ [ 25.49030983, 37.443501341892691 ], [ 25.487596039999989, 37.448314541895172 ], [ 25.49032164, 37.461166131901713 ], [ 25.47686422, 37.452539551897296 ], [ 25.48125005, 37.441406241891634 ], [ 25.49030983, 37.443501341892691 ] ], [ [ 26.98034775, 37.429341541885492 ], [ 26.97454214, 37.428541651885091 ], [ 26.97484195, 37.425529471883557 ], [ 26.98712695, 37.428587071885119 ], [ 26.98034775, 37.429341541885492 ] ], [ [ 25.57554626, 37.419706931880569 ], [ 25.57903278, 37.42194413188173 ], [ 25.57876861, 37.423373811882449 ], [ 25.57618833, 37.421634071881549 ], [ 25.57554626, 37.419706931880569 ] ], [ [ 25.56959915, 37.413716901877507 ], [ 25.56348515, 37.413485641877422 ], [ 25.55811834, 37.40991830187555 ], [ 25.57069242, 37.409075131875142 ], [ 25.5746057, 37.417724241879583 ], [ 25.56959915, 37.413716901877507 ] ], [ [ 26.44394708, 37.410062541875625 ], [ 26.44622231, 37.410766001876013 ], [ 26.44503117, 37.41284834187708 ], [ 26.44316375, 37.411764731876517 ], [ 26.44394708, 37.410062541875625 ] ], [ [ 26.71717036, 37.412694441876972 ], [ 26.71006441, 37.401885741871489 ], [ 26.71662521, 37.388223041864535 ], [ 26.73646772, 37.380194061860436 ], [ 26.73270583, 37.37219559185634 ], [ 26.74184418, 37.375427831857948 ], [ 26.74476457, 37.361341231850794 ], [ 26.75962865, 37.374387851857414 ], [ 26.71947026, 37.404209011872666 ], [ 26.71717036, 37.412694441876972 ] ], [ [ 26.72348237, 37.403879041872514 ], [ 26.72601175, 37.404373041872738 ], [ 26.72607493, 37.406189551873666 ], [ 26.72311938, 37.405616751873346 ], [ 26.72348237, 37.403879041872514 ] ], [ [ 26.74945974, 37.363623131851945 ], [ 26.75466037, 37.35756766184889 ], [ 26.75830865, 37.358081451849131 ], [ 26.75309157, 37.363646021851942 ], [ 26.74945974, 37.363623131851945 ] ], [ [ 26.76841736, 37.357365961848757 ], [ 26.76343572, 37.357167001848666 ], [ 26.76294303, 37.352572431846326 ], [ 26.77012002, 37.354154931847134 ], [ 26.76841736, 37.357365961848757 ] ], [ [ 26.75668836, 37.352046841846075 ], [ 26.75454175, 37.350690241845356 ], [ 26.75675917, 37.348943221844458 ], [ 26.758407949999988, 37.350496161845264 ], [ 26.75668836, 37.352046841846075 ] ], [ [ 26.5998342, 37.352023351846036 ], [ 26.59691882, 37.365780701853033 ], [ 26.57524288, 37.366937751853655 ], [ 26.57743084, 37.376662961858621 ], [ 26.56688273, 37.380224341860448 ], [ 26.561883449999989, 37.369440901854944 ], [ 26.54671013, 37.36642300185337 ], [ 26.53319573, 37.378531451859573 ], [ 26.53246534, 37.361364831850814 ], [ 26.54032433, 37.355815401847963 ], [ 26.53336537, 37.350303401845125 ], [ 26.544723510000011, 37.334689131837159 ], [ 26.53040552, 37.327702751833606 ], [ 26.53749061, 37.320549841829937 ], [ 26.52970481, 37.315179931827238 ], [ 26.52719903, 37.287832131813225 ], [ 26.55524552, 37.291242711814988 ], [ 26.54161942, 37.27660381180749 ], [ 26.55957925, 37.265926951802051 ], [ 26.57269812, 37.269536961803873 ], [ 26.57258093, 37.282487141810506 ], [ 26.56005406, 37.292399641815578 ], [ 26.56158757, 37.302781691820854 ], [ 26.57283855, 37.306532851822801 ], [ 26.54382324, 37.328729741834124 ], [ 26.56070244, 37.326126451832785 ], [ 26.55613136, 37.341781841840792 ], [ 26.56849766, 37.343486661841638 ], [ 26.56750965, 37.351463901845769 ], [ 26.60074937, 37.341218701840482 ], [ 26.60218465, 37.334623571837142 ], [ 26.61182594, 37.336181031837924 ], [ 26.5998342, 37.352023351846036 ] ], [ [ 26.72268772, 37.341770041840796 ], [ 26.72382677, 37.34177874184077 ], [ 26.72343338, 37.344272371842074 ], [ 26.72270274, 37.343937151841914 ], [ 26.72268772, 37.341770041840796 ] ], [ [ 26.567199949999985, 37.337455861838563 ], [ 26.56612873, 37.338896261839302 ], [ 26.56393933, 37.339597451839659 ], [ 26.56424844, 37.336931931838343 ], [ 26.567199949999985, 37.337455861838563 ] ], [ [ 26.59262335, 37.337718241838736 ], [ 26.593937159999985, 37.338179341838959 ], [ 26.59293115, 37.339715831839726 ], [ 26.59237576, 37.338294261839017 ], [ 26.59262335, 37.337718241838736 ] ], [ [ 26.58721065, 37.343176711841544 ], [ 26.58564484, 37.342545741841207 ], [ 26.58675277, 37.339863651839799 ], [ 26.58867013, 37.34109031184046 ], [ 26.58721065, 37.343176711841544 ] ], [ [ 26.70863235, 37.331073041835353 ], [ 26.70973241, 37.32878481183414 ], [ 26.71675932, 37.33329712183648 ], [ 26.71272492, 37.334262361836934 ], [ 26.70863235, 37.331073041835353 ] ], [ [ 27.32649565, 37.331143251835364 ], [ 27.32565475, 37.325384851832396 ], [ 27.33173513, 37.321897141830611 ], [ 27.3338623, 37.329904431834713 ], [ 27.32649565, 37.331143251835364 ] ], [ [ 26.73754275, 37.324555741831993 ], [ 26.72112787, 37.328138221833839 ], [ 26.72351408, 37.317590471828439 ], [ 26.71142328, 37.319737541829525 ], [ 26.7162714, 37.301843511820415 ], [ 26.73613465, 37.299816001819373 ], [ 26.74513626, 37.290890561814777 ], [ 26.76297772, 37.297100411817979 ], [ 26.76376104, 37.278649561808564 ], [ 26.77810526, 37.283113351810826 ], [ 26.78298342, 37.274811021806606 ], [ 26.79231501, 37.288668621813684 ], [ 26.78727996, 37.308003061823555 ], [ 26.757927420000019, 37.305630551822333 ], [ 26.74004388, 37.313385001826305 ], [ 26.73754275, 37.324555741831993 ] ], [ [ 26.805384639999989, 37.315451021827364 ], [ 26.80701125, 37.316363921827829 ], [ 26.80488026, 37.318979611829143 ], [ 26.80396402, 37.316650141827964 ], [ 26.805384639999989, 37.315451021827364 ] ], [ [ 26.80259335, 37.306504841822786 ], [ 26.80385923, 37.306582201822806 ], [ 26.80457687, 37.307454221823271 ], [ 26.801690219999987, 37.308061231823551 ], [ 26.80259335, 37.306504841822786 ] ], [ [ 27.09016192, 37.307536351823316 ], [ 27.07849896, 37.289303411813975 ], [ 27.085652949999989, 37.274554841806463 ], [ 27.10441995, 37.279808631809161 ], [ 27.08867264, 37.291019431814867 ], [ 27.09995735, 37.301226841820061 ], [ 27.09016192, 37.307536351823316 ] ], [ [ 27.36499405, 37.283110731810829 ], [ 27.36481023, 37.279994361809244 ], [ 27.3702358, 37.284955611811775 ], [ 27.36666954, 37.284877051811733 ], [ 27.36499405, 37.283110731810829 ] ], [ [ 26.79973352, 37.28565275181213 ], [ 26.79764712, 37.282908551810721 ], [ 26.80027604, 37.281500571810007 ], [ 26.80088496, 37.282407041810472 ], [ 26.79973352, 37.28565275181213 ] ], [ [ 26.80702937, 37.306732761822886 ], [ 26.80494404, 37.30649661182278 ], [ 26.8084079, 37.304790251821913 ], [ 26.808429959999987, 37.30587839182251 ], [ 26.80702937, 37.306732761822886 ] ], [ [ 26.74604535, 37.274179211806256 ], [ 26.74473453, 37.273984301806159 ], [ 26.7442615, 37.272061821805181 ], [ 26.74684441, 37.27246975180536 ], [ 26.74604535, 37.274179211806256 ] ], [ [ 26.735826369999987, 37.272034401805151 ], [ 26.74245214, 37.272218811805288 ], [ 26.74294305, 37.273373001805844 ], [ 26.73047817, 37.274033541806169 ], [ 26.735826369999987, 37.272034401805151 ] ], [ [ 26.74872053, 37.270365701804302 ], [ 26.74478042, 37.270212521804211 ], [ 26.74435306, 37.269055241803656 ], [ 26.74662554, 37.26805459180315 ], [ 26.74872053, 37.270365701804302 ] ], [ [ 26.75759053, 37.269292231803774 ], [ 26.75583005, 37.267773861802958 ], [ 26.75797904, 37.265380851801773 ], [ 26.75968051, 37.267074691802627 ], [ 26.75759053, 37.269292231803774 ] ], [ [ 26.75261855, 37.267642251802904 ], [ 26.75061572, 37.266571871802384 ], [ 26.75051975, 37.264046061801054 ], [ 26.75338137, 37.2656249918019 ], [ 26.75261855, 37.267642251802904 ] ], [ [ 23.28824925, 37.264969341801532 ], [ 23.28811312, 37.273311251805815 ], [ 23.27661586, 37.274560201806473 ], [ 23.27432716, 37.258934611798445 ], [ 23.28824925, 37.264969341801532 ] ], [ [ 23.31767225, 37.261383051799726 ], [ 23.31734133, 37.26035844179917 ], [ 23.31994236, 37.261925091799974 ], [ 23.31949973, 37.262365931800218 ], [ 23.31767225, 37.261383051799726 ] ], [ [ 24.59747624, 37.260450951799228 ], [ 24.58616114, 37.25664495179732 ], [ 24.5830971, 37.250619161794212 ], [ 24.61255372, 37.251292101794562 ], [ 24.59747624, 37.260450951799228 ] ], [ [ 26.71413255, 37.253739941795807 ], [ 26.72158575, 37.253067361795459 ], [ 26.719355939999989, 37.259585131798801 ], [ 26.71685803, 37.25917553179859 ], [ 26.71413255, 37.253739941795807 ] ], [ [ 26.81040096, 37.255440821796661 ], [ 26.8121562, 37.254100311796023 ], [ 26.81442964, 37.25548564179666 ], [ 26.81057596, 37.255859251796906 ], [ 26.81040096, 37.255440821796661 ] ], [ [ 23.16366303, 37.250109071793929 ], [ 23.16907167, 37.262642491800385 ], [ 23.14370811, 37.275176401806768 ], [ 23.11490405, 37.282578341810542 ], [ 23.10837126, 37.276078091807214 ], [ 23.09227025, 37.276734101807548 ], [ 23.12843156, 37.23605346178676 ], [ 23.15642607, 37.235963691786722 ], [ 23.16366303, 37.250109071793929 ] ], [ [ 25.92605364, 37.239433991788481 ], [ 25.92539501, 37.237632861787581 ], [ 25.93042946, 37.23728119178741 ], [ 25.93020713, 37.238518111788053 ], [ 25.92605364, 37.239433991788481 ] ], [ [ 23.36618745, 37.281684031810116 ], [ 23.37127733, 37.282482851810514 ], [ 23.3754518, 37.286434521812531 ], [ 23.3677541, 37.286534541812586 ], [ 23.36618745, 37.281684031810116 ] ], [ [ 23.33963573, 37.276187651807291 ], [ 23.34141445, 37.275959241807165 ], [ 23.34273744, 37.277484171807934 ], [ 23.34091854, 37.278301111808375 ], [ 23.33963573, 37.276187651807291 ] ], [ [ 23.44232166, 37.254073971796018 ], [ 23.44912505, 37.250349631794066 ], [ 23.45213556, 37.255524631796732 ], [ 23.44711852, 37.256170261797045 ], [ 23.44232166, 37.254073971796018 ] ], [ [ 23.31497824, 37.26016461179907 ], [ 23.31123304, 37.261202441799632 ], [ 23.31076872, 37.260933031799496 ], [ 23.31287444, 37.259349931798667 ], [ 23.31497824, 37.26016461179907 ] ], [ [ 23.36376047, 37.274420251806404 ], [ 23.36227047, 37.273226131805757 ], [ 23.3620311, 37.272396431805326 ], [ 23.36647427, 37.274011011806174 ], [ 23.36376047, 37.274420251806404 ] ], [ [ 23.35258567, 37.26606213180213 ], [ 23.35366595, 37.266256441802199 ], [ 23.35516715, 37.268641941803438 ], [ 23.35353255, 37.267997851803088 ], [ 23.35258567, 37.26606213180213 ] ], [ [ 26.76929295, 37.275250661806822 ], [ 26.77158034, 37.276201241807279 ], [ 26.77163148, 37.279533141809004 ], [ 26.77069044, 37.279431211808955 ], [ 26.76929295, 37.275250661806822 ] ], [ [ 26.57193637, 37.290406691814553 ], [ 26.57114804, 37.295892111817338 ], [ 26.56855595, 37.297433011818143 ], [ 26.56566215, 37.29140066181504 ], [ 26.57193637, 37.290406691814553 ] ], [ [ 26.60678005, 37.306189171822588 ], [ 26.60672295, 37.309873811824524 ], [ 26.60142124, 37.309315191824233 ], [ 26.60460091, 37.302876341820927 ], [ 26.60678005, 37.306189171822588 ] ], [ [ 23.39881647, 37.293041931815878 ], [ 23.4331938, 37.303380841821209 ], [ 23.44750404, 37.316422211827849 ], [ 23.50256014, 37.317568651828417 ], [ 23.50285947, 37.341913211840875 ], [ 23.56628966, 37.354957331847501 ], [ 23.57903576, 37.365992541853146 ], [ 23.54718685, 37.37105273185572 ], [ 23.53596282, 37.361651411850964 ], [ 23.51905215, 37.370548831855473 ], [ 23.48496783, 37.353244531846649 ], [ 23.46342444, 37.352177851846122 ], [ 23.38346148, 37.315765491827499 ], [ 23.37591815, 37.302906151820942 ], [ 23.36344087, 37.299245231819086 ], [ 23.3776803, 37.295199501816988 ], [ 23.39474046, 37.300951231819944 ], [ 23.39881647, 37.293041931815878 ] ], [ [ 23.38831103, 37.295712941817278 ], [ 23.38646913, 37.295025101816911 ], [ 23.38647461, 37.293686861816212 ], [ 23.38911426, 37.294555061816659 ], [ 23.38831103, 37.295712941817278 ] ], [ [ 23.20586896, 37.306116211822591 ], [ 23.20470297, 37.306998961823012 ], [ 23.20247781, 37.30777775182343 ], [ 23.203125, 37.305616251822322 ], [ 23.20586896, 37.306116211822591 ] ], [ [ 23.35620606, 37.306388371822713 ], [ 23.36035144, 37.307814111823475 ], [ 23.36049092, 37.308324451823729 ], [ 23.35708332, 37.308011401823528 ], [ 23.35620606, 37.306388371822713 ] ], [ [ 23.37049866, 37.310441961824793 ], [ 23.37464833, 37.311704151825438 ], [ 23.37814844, 37.315811271827549 ], [ 23.36508071, 37.310362331824756 ], [ 23.37049866, 37.310441961824793 ] ], [ [ 23.30879617, 37.320168011829743 ], [ 23.35660255, 37.330537551835071 ], [ 23.36235952, 37.341197241840518 ], [ 23.35096991, 37.350473041845262 ], [ 23.3375802, 37.335304011837472 ], [ 23.32485116, 37.347328061843612 ], [ 23.28342283, 37.340207571839983 ], [ 23.28744841, 37.328460801833977 ], [ 23.30879617, 37.320168011829743 ] ], [ [ 24.39652824, 37.366655821853477 ], [ 24.38280845, 37.356141201848125 ], [ 24.38631415, 37.351279131845665 ], [ 24.37898934, 37.35170614184586 ], [ 24.37872124, 37.334472051837075 ], [ 24.36896896, 37.332963221836302 ], [ 24.37340581, 37.31131207182522 ], [ 24.36129677, 37.311738001825461 ], [ 24.36255264, 37.299734461819291 ], [ 24.39367914, 37.304318421821669 ], [ 24.40126681, 37.316909541828103 ], [ 24.41184688, 37.316425791827861 ], [ 24.41612911, 37.332777251836184 ], [ 24.42777657, 37.331523771835514 ], [ 24.43170214, 37.346300231843131 ], [ 24.44564974, 37.348181951844055 ], [ 24.44284654, 37.35539590184775 ], [ 24.45961893, 37.377853741859198 ], [ 24.45375144, 37.387766951864272 ], [ 24.45821047, 37.395955551868447 ], [ 24.46034574, 37.390539401865674 ], [ 24.47196162, 37.395215861868088 ], [ 24.47262466, 37.386154051863443 ], [ 24.48686767, 37.399243941870111 ], [ 24.46934772, 37.427426211884516 ], [ 24.44164932, 37.428291311884919 ], [ 24.44459605, 37.439531201890695 ], [ 24.42664385, 37.441534871891726 ], [ 24.43881905, 37.482660641912659 ], [ 24.4090203, 37.470300661906357 ], [ 24.36297596, 37.420595641881022 ], [ 24.39727581, 37.412178631876742 ], [ 24.38866866, 37.409486521875337 ], [ 24.39834726, 37.399619331870298 ], [ 24.38822007, 37.398094761869565 ], [ 24.39617872, 37.392837751866857 ], [ 24.38816643, 37.390713201865758 ], [ 24.38682222, 37.377491821859017 ], [ 24.39652824, 37.366655821853477 ] ], [ [ 24.36520624, 37.409987201875602 ], [ 24.37995148, 37.410150641875695 ], [ 24.38185441, 37.411717171876511 ], [ 24.37272155, 37.414935941878149 ], [ 24.36520624, 37.409987201875602 ] ], [ [ 23.53231561, 37.436141241888961 ], [ 23.52979887, 37.438400021890118 ], [ 23.524055600000011, 37.433921211887807 ], [ 23.53173125, 37.432954541887298 ], [ 23.53231561, 37.436141241888961 ] ], [ [ 23.53823257, 37.436429491889108 ], [ 23.54403424, 37.438591231890186 ], [ 23.54680085, 37.44358264189276 ], [ 23.53514326, 37.440891611891402 ], [ 23.53823257, 37.436429491889108 ] ], [ [ 23.93868911, 37.460112441901195 ], [ 23.93038285, 37.481190191911928 ], [ 23.89758444, 37.490499251916631 ], [ 23.92365873, 37.465710031903988 ], [ 23.93868911, 37.460112441901195 ] ], [ [ 23.47614324, 37.490547051916671 ], [ 23.47461486, 37.491183391917026 ], [ 23.47397375, 37.489502061916127 ], [ 23.47524357, 37.489390601916114 ], [ 23.47614324, 37.490547051916671 ] ], [ [ 24.87328208, 37.380081521860369 ], [ 24.87698102, 37.380162941860391 ], [ 24.87740183, 37.381522051861118 ], [ 24.87340415, 37.38136469186103 ], [ 24.87328208, 37.380081521860369 ] ], [ [ 24.87269866, 37.375921001858252 ], [ 24.87131917, 37.374418011857436 ], [ 24.87160552, 37.373649941857067 ], [ 24.874570250000012, 37.374949331857685 ], [ 24.87269866, 37.375921001858252 ] ], [ [ 24.52226996, 37.304903141821988 ], [ 24.52489757, 37.298840631818869 ], [ 24.53107142, 37.300456751819695 ], [ 24.528137799999989, 37.305431361822244 ], [ 24.52226996, 37.304903141821988 ] ], [ [ 25.22042882, 37.367776621854084 ], [ 25.23501003, 37.37434553185745 ], [ 25.24047852, 37.386601921863672 ], [ 25.2519567, 37.375920051858238 ], [ 25.25702906, 37.39191340186639 ], [ 25.25386262, 37.400901901871002 ], [ 25.24091864, 37.39093791186589 ], [ 25.23263323, 37.399857631870439 ], [ 25.24002635, 37.420678011881051 ], [ 25.22083664, 37.440039151890907 ], [ 25.21862865, 37.425149311883345 ], [ 25.19792604, 37.432313311886993 ], [ 25.21521628, 37.399401541870198 ], [ 25.22723925, 37.405601491873391 ], [ 25.23335445, 37.397593131869264 ], [ 25.235048169999988, 37.391049021865939 ], [ 25.21435821, 37.37484943185769 ], [ 25.22042882, 37.367776621854084 ] ], [ [ 24.99485767, 37.391098371865965 ], [ 24.99607956, 37.393289201867077 ], [ 24.99582732, 37.394277441867565 ], [ 24.99143446, 37.391318311866094 ], [ 24.99485767, 37.391098371865965 ] ], [ [ 24.97563136, 37.422552221882007 ], [ 24.98078454, 37.427935951884763 ], [ 24.97203946, 37.431403271886559 ], [ 24.967474339999988, 37.426325431883953 ], [ 24.97563136, 37.422552221882007 ] ], [ [ 24.9836719, 37.424995291883278 ], [ 24.98609674, 37.423606031882549 ], [ 24.98754966, 37.427039491884329 ], [ 24.98421025, 37.426172131883888 ], [ 24.9836719, 37.424995291883278 ] ], [ [ 25.24313211, 37.423042651882241 ], [ 25.24186683, 37.420064321880751 ], [ 25.24318194, 37.418549051879964 ], [ 25.24587095, 37.422211641881844 ], [ 25.24313211, 37.423042651882241 ] ], [ [ 25.27756906, 37.413020841877142 ], [ 25.26483715, 37.403607841872379 ], [ 25.26785171, 37.387121551863927 ], [ 25.26387107, 37.368307941854368 ], [ 25.27739155, 37.380288831860462 ], [ 25.27756906, 37.413020841877142 ] ], [ [ 25.29515147, 37.388712631864792 ], [ 25.29790032, 37.389313931865082 ], [ 25.30005574, 37.394556511867769 ], [ 25.29565334, 37.390430201865598 ], [ 25.29515147, 37.388712631864792 ] ], [ [ 25.26168966, 37.397833691869394 ], [ 25.25971615, 37.396243441868613 ], [ 25.25905585, 37.392191161866528 ], [ 25.2626847, 37.393681161867313 ], [ 25.26168966, 37.397833691869394 ] ], [ [ 25.26171505, 37.399299731870173 ], [ 25.26497853, 37.399859541870455 ], [ 25.26220655, 37.402648561871843 ], [ 25.26031494, 37.398816931869938 ], [ 25.26171505, 37.399299731870173 ] ], [ [ 26.71366322, 37.372650851856577 ], [ 26.71837676, 37.370580661855485 ], [ 26.71795034, 37.376553051858565 ], [ 26.717351909999987, 37.376648651858581 ], [ 26.71366322, 37.372650851856577 ] ], [ [ 26.72371185, 37.37012385185529 ], [ 26.72411597, 37.364003651852144 ], [ 26.72703326, 37.362902041851584 ], [ 26.721918699999989, 37.374042741857231 ], [ 26.72371185, 37.37012385185529 ] ], [ [ 26.73084831, 37.362721791851492 ], [ 26.73333931, 37.362790931851492 ], [ 26.73184013, 37.365200631852737 ], [ 26.73034537, 37.36464440185248 ], [ 26.73084831, 37.362721791851492 ] ], [ [ 26.71100795, 37.362661591851477 ], [ 26.71279657, 37.367519251853949 ], [ 26.69811738, 37.370805021855581 ], [ 26.70375395, 37.356215821848174 ], [ 26.71100795, 37.362661591851477 ] ], [ [ 26.74788153, 37.35969840184994 ], [ 26.748584749999985, 37.358132351849129 ], [ 26.75033426, 37.357484931848802 ], [ 26.75084913, 37.358857741849498 ], [ 26.74788153, 37.35969840184994 ] ], [ [ 26.7419126, 37.359346021849781 ], [ 26.74145746, 37.357376211848745 ], [ 26.74350345, 37.356395831848268 ], [ 26.74370992, 37.356864321848491 ], [ 26.7419126, 37.359346021849781 ] ], [ [ 26.49015164, 37.407650461874425 ], [ 26.49675524, 37.407822001874493 ], [ 26.49748266, 37.410852301876041 ], [ 26.49027395, 37.412415731876855 ], [ 26.49015164, 37.407650461874425 ] ], [ [ 25.307226539999988, 37.441406241891634 ], [ 25.30678666, 37.444217201893089 ], [ 25.30383766, 37.444045651892999 ], [ 25.30372596, 37.441835871891854 ], [ 25.307226539999988, 37.441406241891634 ] ], [ [ 23.46446514, 37.494224421918553 ], [ 23.46004355, 37.506392351924767 ], [ 23.49780095, 37.501549351922264 ], [ 23.52421308, 37.521053541932233 ], [ 23.51226044, 37.527930961935724 ], [ 23.50282502, 37.5223646119329 ], [ 23.49200487, 37.537365551940503 ], [ 23.48358023, 37.531316031937436 ], [ 23.48636091, 37.546383011945117 ], [ 23.47634184, 37.54508971194447 ], [ 23.48496163, 37.560131541952131 ], [ 23.47228897, 37.552712671948314 ], [ 23.47539675, 37.533561221938591 ], [ 23.44621634, 37.524916041934191 ], [ 23.42464948, 37.527186151935339 ], [ 23.42229235, 37.517673841930502 ], [ 23.43372035, 37.51934575193134 ], [ 23.45642245, 37.506886951925047 ], [ 23.45049024, 37.499042741921009 ], [ 23.46446514, 37.494224421918553 ] ], [ [ 24.27552462, 37.553410401948689 ], [ 24.27478695, 37.522366161932894 ], [ 24.29362452, 37.522371521932918 ], [ 24.329917429999984, 37.558786021951462 ], [ 24.36007535, 37.576033341960247 ], [ 24.39719272, 37.619566551982395 ], [ 24.40097475, 37.645753611995652 ], [ 24.41100633, 37.646232591995904 ], [ 24.39536321, 37.675626272010824 ], [ 24.36196375, 37.685034742015638 ], [ 24.348755, 37.6750714720106 ], [ 24.34746444, 37.688058012017152 ], [ 24.34076965, 37.680973522013559 ], [ 24.32541192, 37.681904662014048 ], [ 24.32558727, 37.673259612009645 ], [ 24.31300127, 37.667401662006675 ], [ 24.31946611, 37.66987943200791 ], [ 24.32838655, 37.66592251200592 ], [ 24.31654322, 37.658793442002306 ], [ 24.30571985, 37.663745632004805 ], [ 24.29467034, 37.659614792002721 ], [ 24.26760066, 37.60864173197681 ], [ 24.27633285, 37.599488011972142 ], [ 24.26352334, 37.591369861967998 ], [ 24.26290906, 37.580572601962494 ], [ 24.28061187, 37.576250541960334 ], [ 24.27552462, 37.553410401948689 ] ], [ [ 23.50853455, 37.577172751960767 ], [ 23.50640595, 37.576579561960479 ], [ 23.50589585, 37.575668331960017 ], [ 23.50816131, 37.575476161959905 ], [ 23.50853455, 37.577172751960767 ] ], [ [ 23.96286356, 37.643913141994702 ], [ 23.95550322, 37.657562962001663 ], [ 23.94114125, 37.656863922001314 ], [ 23.93594778, 37.649315711997481 ], [ 23.96286356, 37.643913141994702 ] ], [ [ 24.10472965, 37.644039141994789 ], [ 24.12964225, 37.681442372013812 ], [ 24.12501812, 37.687240712016752 ], [ 24.13667035, 37.711440432029022 ], [ 24.15298581, 37.722660412034756 ], [ 24.15531027, 37.740876552043972 ], [ 24.14348793, 37.757478472052419 ], [ 24.12582946, 37.739673842043352 ], [ 24.10463703, 37.68005644201309 ], [ 24.10472965, 37.644039141994789 ] ], [ [ 24.98193765, 37.677976842012043 ], [ 24.9728533, 37.671440232008727 ], [ 24.97297406, 37.657081592001425 ], [ 24.98345411, 37.655565012000665 ], [ 25.01392305, 37.625217311985189 ], [ 25.02932227, 37.622134441983675 ], [ 25.02966034, 37.613316171979143 ], [ 25.04297698, 37.6144753619798 ], [ 25.06164706, 37.59222304196846 ], [ 25.06842721, 37.595562451970125 ], [ 25.07498241, 37.58630334196544 ], [ 25.08530772, 37.58707713196582 ], [ 25.08586073, 37.579845901962187 ], [ 25.10232186, 37.579153531961815 ], [ 25.10299194, 37.571047301957712 ], [ 25.11251223, 37.569758521956999 ], [ 25.10649776, 37.555111641949559 ], [ 25.11383092, 37.549505341946741 ], [ 25.13930654, 37.552622311948276 ], [ 25.16397345, 37.529360051936472 ], [ 25.1890372, 37.524340141933919 ], [ 25.23313701, 37.536716451940215 ], [ 25.22941995, 37.554939621949465 ], [ 25.25516176, 37.591996901968336 ], [ 25.25371432, 37.610657441977821 ], [ 25.23715258, 37.60995554197747 ], [ 25.23628736, 37.621274461983241 ], [ 25.220084549999985, 37.620278111982707 ], [ 25.18406951, 37.640799631993126 ], [ 25.1704576, 37.635397901990409 ], [ 25.14922225, 37.641984331993775 ], [ 25.15158045, 37.631908761988662 ], [ 25.14076292, 37.629957431987634 ], [ 25.14183271, 37.637752641991611 ], [ 25.11787593, 37.653163541999398 ], [ 25.09199715, 37.649261351997438 ], [ 25.09285402, 37.643732661994619 ], [ 25.08598912, 37.647564161996591 ], [ 25.07976603, 37.64000403199276 ], [ 25.07509482, 37.649153821997416 ], [ 25.05873215, 37.647013541996316 ], [ 25.04909813, 37.653308621999528 ], [ 25.06354845, 37.662434812004165 ], [ 25.05297887, 37.666396252006173 ], [ 25.05239713, 37.675524462010799 ], [ 25.04024994, 37.67629193201121 ], [ 25.03503251, 37.669343342007672 ], [ 25.02695096, 37.678503152012333 ], [ 25.01705372, 37.67105817200855 ], [ 25.00647128, 37.677431102011759 ], [ 24.99818814, 37.664608352005253 ], [ 24.99462974, 37.675011742010547 ], [ 24.983464959999985, 37.669133302007538 ], [ 24.98193765, 37.677976842012043 ] ], [ [ 25.06440282, 37.660133232002948 ], [ 25.06670153, 37.656868812001321 ], [ 25.06999457, 37.661147942003481 ], [ 25.06592154, 37.661312332003583 ], [ 25.06440282, 37.660133232002948 ] ], [ [ 25.13886845, 37.644733421995149 ], [ 25.13984263, 37.645002711995303 ], [ 25.14003813, 37.647030461996295 ], [ 25.13866842, 37.645867461995735 ], [ 25.13886845, 37.644733421995149 ] ], [ [ 24.75343168, 37.586234801965411 ], [ 24.75046194, 37.588695641966645 ], [ 24.74643958, 37.58989250196727 ], [ 24.7551825, 37.581569901963029 ], [ 24.75343168, 37.586234801965411 ] ], [ [ 24.7466191, 37.591033811967861 ], [ 24.73556376, 37.602319711973571 ], [ 24.74333453, 37.633881201989624 ], [ 24.70709836, 37.630933391988144 ], [ 24.68523705, 37.606711741975822 ], [ 24.65641296, 37.610651241977855 ], [ 24.64984286, 37.605191701975031 ], [ 24.7466191, 37.591033811967861 ] ], [ [ 23.48674667, 37.55153274194771 ], [ 23.48615336, 37.553278791948635 ], [ 23.48376465, 37.552055951948006 ], [ 23.48497033, 37.551101561947505 ], [ 23.48674667, 37.55153274194771 ] ], [ [ 23.52766526, 37.507034291925066 ], [ 23.53373933, 37.509524931926343 ], [ 23.53530037, 37.512855761928058 ], [ 23.52860844, 37.509527551926354 ], [ 23.52766526, 37.507034291925066 ] ], [ [ 26.48788285, 37.517979021930678 ], [ 26.48662007, 37.515942441929617 ], [ 26.48962331, 37.514300341928781 ], [ 26.48963916, 37.517420521930362 ], [ 26.48788285, 37.517979021930678 ] ], [ [ 26.58637416, 37.676921122011493 ], [ 26.58778596, 37.677391522011767 ], [ 26.58829856, 37.67950283201283 ], [ 26.5871402, 37.67858373201237 ], [ 26.58637416, 37.676921122011493 ] ], [ [ 26.42527926, 37.601240271973026 ], [ 26.42989445, 37.598033661971442 ], [ 26.43067324, 37.604218231974549 ], [ 26.42380452, 37.604612941974757 ], [ 26.42527926, 37.601240271973026 ] ], [ [ 26.43656564, 37.598809471971776 ], [ 26.42597187, 37.586734761965687 ], [ 26.41277134, 37.588742961966688 ], [ 26.39621127, 37.574999441959726 ], [ 26.43832207, 37.577452531960937 ], [ 26.43474233, 37.566007251955121 ], [ 26.45050454, 37.563794601953987 ], [ 26.45920086, 37.577858561961129 ], [ 26.45433152, 37.594835031969787 ], [ 26.44298887, 37.602066151973446 ], [ 26.43656564, 37.598809471971776 ] ], [ [ 26.41630006, 37.529740921936664 ], [ 26.41872406, 37.530221811936897 ], [ 26.42077994, 37.53386234193875 ], [ 26.41293573, 37.533883561938751 ], [ 26.41630006, 37.529740921936664 ] ], [ [ 24.75086403, 37.852433312100501 ], [ 24.74705577, 37.84561323209708 ], [ 24.75047553, 37.843292352095879 ], [ 24.75229645, 37.847792502098201 ], [ 24.75086403, 37.852433312100501 ] ], [ [ 24.73572493, 37.850509392099582 ], [ 24.73674655, 37.852501742100586 ], [ 24.73635983, 37.853437532101033 ], [ 24.73368144, 37.851804602100238 ], [ 24.73572493, 37.850509392099582 ] ], [ [ 24.74499273, 37.851011272099818 ], [ 24.74652636, 37.852336992100454 ], [ 24.74517381, 37.85393571210129 ], [ 24.7443037, 37.852266542100438 ], [ 24.74499273, 37.851011272099818 ] ], [ [ 24.74726558, 37.857338542102994 ], [ 24.74584663, 37.856719362102702 ], [ 24.74605656, 37.854941952101811 ], [ 24.74799001, 37.855321042102013 ], [ 24.74726558, 37.857338542102994 ] ], [ [ 24.05193198, 37.870054832109425 ], [ 24.05018473, 37.871420142110189 ], [ 24.04816711, 37.867775192108311 ], [ 24.05147994, 37.86845504210865 ], [ 24.05193198, 37.870054832109425 ] ], [ [ 24.02469242, 37.881033412115002 ], [ 24.022785309999989, 37.881932732115487 ], [ 24.02074266, 37.881751052115384 ], [ 24.02330971, 37.880059112114516 ], [ 24.02469242, 37.881033412115002 ] ], [ [ 24.04404211, 37.881622542115302 ], [ 24.04698431, 37.882564422115806 ], [ 24.04456031, 37.884847872116929 ], [ 24.04176772, 37.883502002116259 ], [ 24.04404211, 37.881622542115302 ] ], [ [ 24.04329443, 37.918227902133843 ], [ 24.04059744, 37.91883611213418 ], [ 24.04029167, 37.918610562134056 ], [ 24.04459643, 37.91670655213305 ], [ 24.04329443, 37.918227902133843 ] ], [ [ 24.526763559999988, 37.932509532141083 ], [ 24.522035119999988, 37.94140791214555 ], [ 24.51742506, 37.94224333214602 ], [ 24.51770031, 37.93596851214275 ], [ 24.526763559999988, 37.932509532141083 ] ], [ [ 24.2484411, 37.974544162162303 ], [ 24.25216556, 37.983214962166691 ], [ 24.27752876, 37.977783192163955 ], [ 24.28484654, 37.993854512172049 ], [ 24.27963507, 38.01070093218059 ], [ 24.25697792, 38.024772632187656 ], [ 24.24328852, 38.019412152184991 ], [ 24.22885323, 37.985335822167769 ], [ 24.2484411, 37.974544162162303 ] ], [ [ 24.27000535, 38.024347532187456 ], [ 24.27373767, 38.024723642187631 ], [ 24.27395701, 38.029471862190078 ], [ 24.26598036, 38.028028602189345 ], [ 24.27000535, 38.024347532187456 ] ], [ [ 24.25120056, 38.029420722190039 ], [ 24.251638169999989, 38.033047072191842 ], [ 24.24857926, 38.033159132191926 ], [ 24.24814665, 38.027705062189177 ], [ 24.25120056, 38.029420722190039 ] ], [ [ 24.28190815, 38.030091162190374 ], [ 24.27945185, 38.014633052182525 ], [ 24.293857569999989, 38.009249562179818 ], [ 24.29670072, 38.034125792192413 ], [ 24.28527057, 38.03736614219406 ], [ 24.28190815, 38.030091162190374 ] ], [ [ 24.25769746, 38.033953662192324 ], [ 24.25915062, 38.033990252192318 ], [ 24.25733626, 38.036921492193777 ], [ 24.25573754, 38.034065122192381 ], [ 24.25769746, 38.033953662192324 ] ], [ [ 24.28525162, 38.002679932176491 ], [ 24.28737211, 38.003006212176722 ], [ 24.28759563, 38.004732122177543 ], [ 24.28436136, 38.004064432177231 ], [ 24.28525162, 38.002679932176491 ] ], [ [ 24.27882135, 38.047374242199091 ], [ 24.27235913, 38.049867022200345 ], [ 24.27008724, 38.04534041219803 ], [ 24.27888811, 38.041927452196312 ], [ 24.27882135, 38.047374242199091 ] ], [ [ 24.26088643, 38.047865742199313 ], [ 24.25981534, 38.04635095219853 ], [ 24.26507223, 38.04499554219791 ], [ 24.26425636, 38.04676496219875 ], [ 24.26088643, 38.047865742199313 ] ], [ [ 24.21287596, 38.084221002217681 ], [ 24.20809031, 38.08028232221568 ], [ 24.20841587, 38.078823442214961 ], [ 24.21413922, 38.078968992214989 ], [ 24.21287596, 38.084221002217681 ] ], [ [ 24.15817845, 38.083824152217453 ], [ 24.16039133, 38.088018532219579 ], [ 24.15825903, 38.090948452221063 ], [ 24.153854009999989, 38.083115452217122 ], [ 24.15817845, 38.083824152217453 ] ], [ [ 24.16371405, 38.150797832251207 ], [ 24.16082025, 38.160008062255876 ], [ 24.15838754, 38.160477872256081 ], [ 24.15851653, 38.152433742252043 ], [ 24.16371405, 38.150797832251207 ] ], [ [ 24.16560674, 38.155614962253658 ], [ 24.16602325, 38.170570242261192 ], [ 24.17482257, 38.171263332261539 ], [ 24.17729115, 38.182715412267285 ], [ 24.14955175, 38.181548822266642 ], [ 24.14967835, 38.171063412261432 ], [ 24.16560674, 38.155614962253658 ] ], [ [ 24.10592306, 38.182601442267242 ], [ 24.10452616, 38.184534062268177 ], [ 24.10109973, 38.185297122268558 ], [ 24.10102403, 38.182360762267081 ], [ 24.10592306, 38.182601442267242 ] ], [ [ 24.10002935, 38.18512343226849 ], [ 24.09887445, 38.187029592269468 ], [ 24.09502065, 38.187640542269762 ], [ 24.0955528, 38.182829612267305 ], [ 24.10002935, 38.18512343226849 ] ], [ [ 24.14379156, 38.187624212269775 ], [ 24.14689505, 38.18870853227029 ], [ 24.14563882, 38.19095086227145 ], [ 24.14322233, 38.190986622271424 ], [ 24.14379156, 38.187624212269775 ] ], [ [ 24.168109769999987, 38.187957042269922 ], [ 24.16766095, 38.186414232269158 ], [ 24.17036295, 38.185882322268888 ], [ 24.17107475, 38.18805324226998 ], [ 24.168109769999987, 38.187957042269922 ] ], [ [ 24.14728105, 38.211048952281516 ], [ 24.14436555, 38.211261862281667 ], [ 24.14941037, 38.208720202280382 ], [ 24.14981937, 38.209712502280851 ], [ 24.14728105, 38.211048952281516 ] ], [ [ 24.10710442, 38.23571264229394 ], [ 24.09852767, 38.234254952293192 ], [ 24.09581542, 38.212481972282234 ], [ 24.1112051, 38.218205562285149 ], [ 24.10710442, 38.23571264229394 ] ], [ [ 24.13165665, 38.236087432294134 ], [ 24.13355076, 38.237578142294886 ], [ 24.13045371, 38.239423262295801 ], [ 24.12999094, 38.237206452294672 ], [ 24.13165665, 38.236087432294134 ] ], [ [ 24.14190102, 38.273703572313018 ], [ 24.14135277, 38.272045012312205 ], [ 24.14284754, 38.271108022311722 ], [ 24.14351881, 38.271830312312048 ], [ 24.14190102, 38.273703572313018 ] ], [ [ 24.10610235, 38.297944662325186 ], [ 24.10479105, 38.296165812324283 ], [ 24.10505426, 38.294667112323545 ], [ 24.10649467, 38.295227992323831 ], [ 24.10610235, 38.297944662325186 ] ], [ [ 24.05794215, 38.317571032335032 ], [ 24.05843985, 38.320312492336406 ], [ 24.05675066, 38.32075404233661 ], [ 24.05565465, 38.318480842335525 ], [ 24.05794215, 38.317571032335032 ] ], [ [ 23.79933715, 38.380596872366624 ], [ 23.80034816, 38.383667822368196 ], [ 23.80183542, 38.385551442369135 ], [ 23.79901552, 38.383919112368318 ], [ 23.79933715, 38.380596872366624 ] ], [ [ 23.81432748, 38.381348362366978 ], [ 23.81585336, 38.38550114236908 ], [ 23.81319451, 38.386194702369451 ], [ 23.81272531, 38.386016242369365 ], [ 23.81432748, 38.381348362366978 ] ], [ [ 23.60409713, 38.446960322399875 ], [ 23.60219765, 38.445706602399241 ], [ 23.60291707, 38.443058362397892 ], [ 23.60581231, 38.445443862399095 ], [ 23.60409713, 38.446960322399875 ] ], [ [ 23.38985872, 38.521376602437059 ], [ 23.38637471, 38.520795932436819 ], [ 23.38555646, 38.519603842436233 ], [ 23.38776696, 38.519140002435954 ], [ 23.38985872, 38.521376602437059 ] ], [ [ 23.09642065, 38.682875272517592 ], [ 23.08991754, 38.67924451251578 ], [ 23.08740926, 38.665490742508943 ], [ 23.10308695, 38.67187499251213 ], [ 23.09642065, 38.682875272517592 ] ], [ [ 22.82137454, 38.809379212580481 ], [ 22.81984067, 38.807918542579728 ], [ 22.82192373, 38.806933042579253 ], [ 22.82271671, 38.808257812579939 ], [ 22.82137454, 38.809379212580481 ] ], [ [ 22.81875253, 38.825492132588479 ], [ 22.81168997, 38.826760642589058 ], [ 22.82034731, 38.816506142583997 ], [ 22.82331061, 38.821454522586485 ], [ 22.81875253, 38.825492132588479 ] ], [ [ 23.07139695, 39.007851832678675 ], [ 23.07703423, 39.009693852679575 ], [ 23.05928326, 39.009449002679503 ], [ 23.06658673, 39.005827422677683 ], [ 23.07139695, 39.007851832678675 ] ], [ [ 24.05960774, 39.033218142691211 ], [ 24.06121123, 39.03180396269051 ], [ 24.06442225, 39.037093752693103 ], [ 24.061957719999988, 39.037996762693581 ], [ 24.05960774, 39.033218142691211 ] ], [ [ 24.46649623, 39.01734590268341 ], [ 24.469654439999989, 39.01603972268272 ], [ 24.46793044, 39.021626222685462 ], [ 24.46601033, 39.021648992685499 ], [ 24.46649623, 39.01734590268341 ] ], [ [ 24.48451495, 39.005159732677356 ], [ 24.481863140000012, 39.00372445267665 ], [ 24.4840312, 39.000941742675273 ], [ 24.48920834, 39.004126422676862 ], [ 24.48451495, 39.005159732677356 ] ], [ [ 23.44137645, 38.954014652652091 ], [ 23.44382656, 38.954410302652278 ], [ 23.44433033, 38.955471032652817 ], [ 23.44143724, 38.955329652652722 ], [ 23.44137645, 38.954014652652091 ] ], [ [ 24.45143735, 38.930379142640383 ], [ 24.45580065, 38.928059332639265 ], [ 24.45771956, 38.929537642639978 ], [ 24.4558202, 38.931090942640751 ], [ 24.45143735, 38.930379142640383 ] ], [ [ 24.46247447, 38.914046162632339 ], [ 24.46437061, 38.9141642926324 ], [ 24.46421886, 38.915964002633274 ], [ 24.46333861, 38.916015612633316 ], [ 24.46247447, 38.914046162632339 ] ], [ [ 24.43429542, 38.868188012609622 ], [ 24.44191051, 38.869476072610276 ], [ 24.44073391, 38.873370642612194 ], [ 24.43327093, 38.872487532611743 ], [ 24.43429542, 38.868188012609622 ] ], [ [ 24.34963322, 38.847656242599484 ], [ 24.34432161, 38.8294215125904 ], [ 24.35710812, 38.825728532588563 ], [ 24.37319374, 38.834163062592744 ], [ 24.37020731, 38.843632332597451 ], [ 24.34963322, 38.847656242599484 ] ], [ [ 24.49925303, 38.837200392594276 ], [ 24.477934, 38.808711162580138 ], [ 24.4908061, 38.797256342574443 ], [ 24.50888586, 38.83481573259305 ], [ 24.49925303, 38.837200392594276 ] ], [ [ 24.52343714, 38.797403922574567 ], [ 24.52557015, 38.795107242573401 ], [ 24.52784395, 38.797626962574661 ], [ 24.52572572, 38.798103442574863 ], [ 24.52343714, 38.797403922574567 ] ], [ [ 24.43370211, 38.836699362593997 ], [ 24.42732835, 38.828560822590021 ], [ 24.43384445, 38.820288532585877 ], [ 24.43547976000001, 38.83635985259383 ], [ 24.43370211, 38.836699362593997 ] ], [ [ 24.51072752, 38.789607522570677 ], [ 24.5115478, 38.787742842569713 ], [ 24.5150851, 38.787133562569423 ], [ 24.51370466, 38.789644232570694 ], [ 24.51072752, 38.789607522570677 ] ], [ [ 24.59042096, 38.75950777255575 ], [ 24.59224606, 38.767247552559553 ], [ 24.57850981, 38.767248022559556 ], [ 24.58940947, 38.762698642557318 ], [ 24.59042096, 38.75950777255575 ] ], [ [ 23.33218682, 39.04375194269641 ], [ 23.34044027, 39.046347852697686 ], [ 23.34126401, 39.049287432699117 ], [ 23.33335686, 39.049909342699451 ], [ 23.33218682, 39.04375194269641 ] ], [ [ 24.07910156, 39.044680822696868 ], [ 24.08452845, 39.049218052699089 ], [ 24.08354127, 39.05507981270199 ], [ 24.07696521, 39.046180122697621 ], [ 24.07910156, 39.044680822696868 ] ], [ [ 24.099806549999986, 39.053757422701345 ], [ 24.12762046, 39.065666552707235 ], [ 24.12769926, 39.073128212710884 ], [ 24.11542773, 39.075901622712259 ], [ 24.11593544, 39.105252732726683 ], [ 24.099790809999988, 39.092794172720588 ], [ 24.10252953, 39.075168002711891 ], [ 24.11373568, 39.067155832707932 ], [ 24.099806549999986, 39.053757422701345 ] ], [ [ 24.09689355, 39.06990372270927 ], [ 24.10102606, 39.073967212711253 ], [ 24.09092236, 39.067482942708104 ], [ 24.09568656, 39.068270322708479 ], [ 24.09689355, 39.06990372270927 ] ], [ [ 23.72217226, 39.069663512709191 ], [ 23.76674867, 39.087568512718001 ], [ 23.79317236, 39.122991792735441 ], [ 23.78282106, 39.129718412738768 ], [ 23.74515521, 39.130506862739168 ], [ 23.73259723, 39.119173522733554 ], [ 23.72152221, 39.147799962747641 ], [ 23.66272128, 39.165356632756264 ], [ 23.63991451, 39.179438102763157 ], [ 23.63533998, 39.192383162769566 ], [ 23.614469050000011, 39.198212142772405 ], [ 23.61107481, 39.211055752778698 ], [ 23.59338021, 39.209211822777839 ], [ 23.58985555, 39.196326252771499 ], [ 23.61989856, 39.161835662754548 ], [ 23.62508941, 39.144693962746125 ], [ 23.64338613, 39.138532392743102 ], [ 23.65464747, 39.121805542734876 ], [ 23.65074551, 39.111838452729941 ], [ 23.66255856, 39.111476532729739 ], [ 23.65210867, 39.085246912716855 ], [ 23.69782305, 39.088937152718692 ], [ 23.70934868, 39.083204142715829 ], [ 23.70606232, 39.073418852711036 ], [ 23.72217226, 39.069663512709191 ] ], [ [ 23.62783575, 39.11289190273046 ], [ 23.62619877, 39.114746802731389 ], [ 23.62432206, 39.114525552731287 ], [ 23.62502515, 39.112749802730399 ], [ 23.62783575, 39.11289190273046 ] ], [ [ 23.50200605, 39.11501073273152 ], [ 23.50799942, 39.116224762732116 ], [ 23.49891901, 39.130611532739216 ], [ 23.49453235, 39.118381132733141 ], [ 23.50200605, 39.11501073273152 ] ], [ [ 23.48188865, 39.126831642737301 ], [ 23.47828412, 39.126489392737149 ], [ 23.47823715, 39.124511112736187 ], [ 23.48349094, 39.123507132735661 ], [ 23.48188865, 39.126831642737301 ] ], [ [ 23.46085894, 39.126999962737401 ], [ 23.465522650000011, 39.136923542742267 ], [ 23.45821655, 39.1400376527438 ], [ 23.47535336, 39.159676662753512 ], [ 23.48828912, 39.158495652752897 ], [ 23.50191581, 39.169036502758082 ], [ 23.50028121, 39.157167902752263 ], [ 23.50627232, 39.157188642752246 ], [ 23.51584375, 39.179011932763004 ], [ 23.5050503, 39.194328302770536 ], [ 23.46272683, 39.208188642777301 ], [ 23.46236956, 39.214265342780294 ], [ 23.44100022, 39.197773572772213 ], [ 23.44360626, 39.181723232764327 ], [ 23.40632165, 39.167168132757155 ], [ 23.39871323, 39.169986122758573 ], [ 23.38623273, 39.156551952751961 ], [ 23.39029086, 39.140496122744068 ], [ 23.40426874, 39.148677342748094 ], [ 23.426245449999989, 39.135782952741771 ], [ 23.44497621, 39.141098732744361 ], [ 23.44748843, 39.129505272738641 ], [ 23.46085894, 39.126999962737401 ] ], [ [ 23.88017797, 39.212065572779203 ], [ 23.86620295, 39.202175732774357 ], [ 23.87538648, 39.196609842771608 ], [ 23.86892462, 39.188626992767702 ], [ 23.87909508, 39.176627512761804 ], [ 23.85801041, 39.170732132758879 ], [ 23.82758915, 39.148464432747993 ], [ 23.82916892, 39.13911604274336 ], [ 23.84414816, 39.140062202743856 ], [ 23.85080802, 39.130905502739317 ], [ 23.870789410000011, 39.137558332742579 ], [ 23.86430085000001, 39.142889852745242 ], [ 23.88250363, 39.148698322748082 ], [ 23.8871057, 39.160448422753873 ], [ 23.90574515, 39.160808552754034 ], [ 23.89971006, 39.169001452758053 ], [ 23.92128897, 39.176570642761753 ], [ 23.93108726, 39.205162042775832 ], [ 23.97850001, 39.255007502800289 ], [ 23.98464513, 39.265242922805314 ], [ 23.97711444, 39.272027842808626 ], [ 23.94456697, 39.271564122808428 ], [ 23.95906305, 39.281341662813226 ], [ 23.95480502, 39.293871872819352 ], [ 23.91842055, 39.256157752800874 ], [ 23.90926087, 39.229411832787733 ], [ 23.88292813, 39.22163474278392 ], [ 23.88017797, 39.212065572779203 ] ], [ [ 24.06934786, 39.292764532818794 ], [ 24.09753418, 39.312859642828613 ], [ 24.09937763, 39.349782932846693 ], [ 24.09215987, 39.345289822844514 ], [ 24.090831039999987, 39.355539312849494 ], [ 24.07494462, 39.351492042847539 ], [ 24.07700336, 39.369637002856415 ], [ 24.05158854, 39.353405942848454 ], [ 24.03953922, 39.323379862833818 ], [ 24.04195464, 39.317808622831066 ], [ 24.05672097, 39.323622692833943 ], [ 24.06474805, 39.316648122830486 ], [ 24.04766571, 39.303593742824148 ], [ 24.06934786, 39.292764532818794 ] ], [ [ 24.04133165, 39.313781732829092 ], [ 24.03744376, 39.315113422829739 ], [ 24.03387535, 39.311097852827793 ], [ 24.0382663, 39.310587992827507 ], [ 24.04133165, 39.313781732829092 ] ], [ [ 24.31856263, 39.35761236285051 ], [ 24.31156433, 39.337337362840643 ], [ 24.32391667, 39.330515852837316 ], [ 24.33153927, 39.369851942856471 ], [ 24.32272565, 39.369064802856137 ], [ 24.31856263, 39.35761236285051 ] ], [ [ 26.14099085, 39.332999702838485 ], [ 26.14759386, 39.330381502837227 ], [ 26.14888215, 39.332180132838054 ], [ 26.14496422, 39.336310732840147 ], [ 26.14099085, 39.332999702838485 ] ], [ [ 24.14282143, 39.3368425328404 ], [ 24.14410806, 39.343399752843588 ], [ 24.13121307, 39.34846877284609 ], [ 24.13384747, 39.338983762841394 ], [ 24.14282143, 39.3368425328404 ] ], [ [ 24.12050331, 39.355869522849659 ], [ 24.11935031, 39.352283232847959 ], [ 24.12186456, 39.351696242847645 ], [ 24.12333906, 39.353642452848597 ], [ 24.12050331, 39.355869522849659 ] ], [ [ 23.97240865, 39.199864022773241 ], [ 23.97302556, 39.191322912769046 ], [ 23.93773437, 39.181223742764054 ], [ 23.95416701, 39.163968202755576 ], [ 23.96668303, 39.170732132758886 ], [ 23.96907151, 39.163884032755533 ], [ 23.98540163, 39.165286412756252 ], [ 23.98802984, 39.185518852766229 ], [ 23.97986591, 39.191012022768909 ], [ 23.99304616, 39.213222972779789 ], [ 23.98222995, 39.208966602777679 ], [ 23.98231316, 39.230874412788474 ], [ 23.97242343, 39.240447752793187 ], [ 23.96139753, 39.21960234278292 ], [ 23.97240865, 39.199864022773241 ] ], [ [ 23.99810648, 39.232285012789141 ], [ 23.99496865, 39.22665094278635 ], [ 23.99832726, 39.223167652784682 ], [ 24.00743461, 39.227389562786762 ], [ 24.00013351, 39.236707322791339 ], [ 23.99810648, 39.232285012789141 ] ], [ [ 25.83759987, 39.223544832784867 ], [ 25.83116424, 39.211826792779092 ], [ 25.83786047, 39.203386422774948 ], [ 25.84298825, 39.22692405278648 ], [ 25.83759987, 39.223544832784867 ] ], [ [ 25.82143974, 39.198247062772403 ], [ 25.82219362, 39.199218742772942 ], [ 25.82173264, 39.201181642773925 ], [ 25.82046425, 39.19991659277327 ], [ 25.82143974, 39.198247062772403 ] ], [ [ 23.99153697, 39.131696332739708 ], [ 23.98434711, 39.127054442737453 ], [ 23.98638964, 39.120360012734146 ], [ 23.99264073, 39.123746862735807 ], [ 23.99153697, 39.131696332739708 ] ], [ [ 23.98023415, 39.123571742735741 ], [ 23.97261143, 39.111957302729998 ], [ 23.98010051, 39.103026142725597 ], [ 23.98514581, 39.117977732732967 ], [ 23.98023415, 39.123571742735741 ] ], [ [ 24.0950042, 39.103087652725627 ], [ 24.09663022, 39.102947822725561 ], [ 24.09855485, 39.105294102726731 ], [ 24.09538245, 39.106333012727241 ], [ 24.0950042, 39.103087652725627 ] ], [ [ 24.09808242, 39.102524272725361 ], [ 24.09905541, 39.099666942723964 ], [ 24.10410452, 39.102215042725234 ], [ 24.100349070000011, 39.103942032726046 ], [ 24.09808242, 39.102524272725361 ] ], [ [ 23.80472505, 39.138552062743116 ], [ 23.80037952, 39.138836732743265 ], [ 23.79540396, 39.131927362739845 ], [ 23.80399537, 39.131180632739486 ], [ 23.80472505, 39.138552062743116 ] ], [ [ 23.80800128, 39.138880842743248 ], [ 23.80974853, 39.139191262743395 ], [ 23.81354547, 39.143238532745393 ], [ 23.80800796, 39.14191936274473 ], [ 23.80800128, 39.138880842743248 ] ], [ [ 23.86302495, 39.199218742772935 ], [ 23.86548054, 39.202030532774295 ], [ 23.86090255, 39.2032207127749 ], [ 23.85978591, 39.201275342773954 ], [ 23.86302495, 39.199218742772935 ] ], [ [ 23.518271919999989, 39.167207232757157 ], [ 23.52425814, 39.17115675275911 ], [ 23.52306354, 39.173915022760497 ], [ 23.51839411, 39.17331647276022 ], [ 23.518271919999989, 39.167207232757157 ] ], [ [ 23.51413882, 39.15478765275104 ], [ 23.51340425, 39.151508922749471 ], [ 23.52014434, 39.144996512746232 ], [ 23.522282, 39.151321162749397 ], [ 23.51413882, 39.15478765275104 ] ], [ [ 23.5254333, 39.145983572746736 ], [ 23.52964985, 39.146045202746798 ], [ 23.53153515, 39.147913212747696 ], [ 23.52659655, 39.148446552747984 ], [ 23.5254333, 39.145983572746736 ] ], [ [ 23.50189972, 39.153689732750564 ], [ 23.49881196, 39.15196453274968 ], [ 23.49770427, 39.14967405274853 ], [ 23.50221002, 39.149679772748577 ], [ 23.50189972, 39.153689732750564 ] ], [ [ 23.63277602, 39.115297072731643 ], [ 23.64040697, 39.113048902730569 ], [ 23.64330506, 39.114827032731419 ], [ 23.63530624, 39.120256532734068 ], [ 23.63277602, 39.115297072731643 ] ], [ [ 26.07654715, 39.07562803271211 ], [ 26.07736754, 39.074892152711769 ], [ 26.07972205, 39.073979962711313 ], [ 26.07710683, 39.077277052712923 ], [ 26.07654715, 39.07562803271211 ] ], [ [ 26.10475171, 39.103871692726031 ], [ 26.10295236000001, 39.105172622726691 ], [ 26.10149467, 39.104467142726321 ], [ 26.10379386, 39.102688422725429 ], [ 26.10475171, 39.103871692726031 ] ], [ [ 26.56864846, 39.383082142863017 ], [ 26.57001138, 39.378139132860547 ], [ 26.57541633, 39.381048432861981 ], [ 26.57175636, 39.385122052863956 ], [ 26.56864846, 39.383082142863017 ] ], [ [ 26.59504485, 39.350414152847044 ], [ 26.58631110000001, 39.348966952846304 ], [ 26.58589494, 39.343129032843471 ], [ 26.60156524, 39.344213242843978 ], [ 26.59504485, 39.350414152847044 ] ], [ [ 26.57874966, 39.34416830284394 ], [ 26.57457757, 39.341198912842486 ], [ 26.5732187, 39.333197702838596 ], [ 26.57998872000001, 39.339655752841757 ], [ 26.57874966, 39.34416830284394 ] ], [ [ 26.60068214, 39.333232032838588 ], [ 26.61290145, 39.33329474283866 ], [ 26.60654533, 39.342912902843338 ], [ 26.59543645, 39.336737152840321 ], [ 26.60068214, 39.333232032838588 ] ], [ [ 23.0662539, 39.150054802748741 ], [ 23.09084892, 39.1584963727529 ], [ 23.09491646, 39.16829037275771 ], [ 23.06837845, 39.16651594275686 ], [ 23.0662539, 39.150054802748741 ] ], [ [ 23.20622206, 39.16861175275784 ], [ 23.203125, 39.158761132753 ], [ 23.19578755, 39.151815642749625 ], [ 23.20898247, 39.159733642753523 ], [ 23.20622206, 39.16861175275784 ] ], [ [ 22.90168607, 39.175630562761349 ], [ 22.90098071, 39.177518722762244 ], [ 22.90118217, 39.172827112759919 ], [ 22.90213704, 39.173557032760293 ], [ 22.90168607, 39.175630562761349 ] ], [ [ 23.05232537, 39.175926792761459 ], [ 23.05582964, 39.176883212761908 ], [ 23.05370343, 39.183939332765426 ], [ 23.04803312, 39.179187172763093 ], [ 23.05232537, 39.175926792761459 ] ], [ [ 23.1024332, 38.641825902497196 ], [ 23.10721111, 38.633108842492796 ], [ 23.12323153, 38.644606102498535 ], [ 23.10132873, 38.647600402500039 ], [ 23.1024332, 38.641825902497196 ] ], [ [ 23.12413275, 38.634587522493575 ], [ 23.12556005, 38.635730142494161 ], [ 23.12424171, 38.637325402494923 ], [ 23.12274218, 38.635454652494012 ], [ 23.12413275, 38.634587522493575 ] ], [ [ 23.50404501, 38.48691820241983 ], [ 23.50594997, 38.490077252421422 ], [ 23.50239336, 38.495837442424317 ], [ 23.50036585, 38.493317832423067 ], [ 23.50404501, 38.48691820241983 ] ], [ [ 23.34200823, 37.673039662009515 ], [ 23.35145485, 37.685947052016104 ], [ 23.37436354, 37.693858492020105 ], [ 23.36567688, 37.711159932028899 ], [ 23.34633565, 37.714070552030371 ], [ 23.32645404, 37.695040222020708 ], [ 23.32472181, 37.675090902010581 ], [ 23.34200823, 37.673039662009515 ] ], [ [ 23.31748903, 37.684841742015536 ], [ 23.31525767, 37.684353822015268 ], [ 23.30954111, 37.678755872012481 ], [ 23.3192625, 37.677128902011624 ], [ 23.31748903, 37.684841742015536 ] ], [ [ 23.25972652, 37.698056932022247 ], [ 23.26862228, 37.701133122023826 ], [ 23.27040565, 37.709414592027983 ], [ 23.25195253, 37.705267542025929 ], [ 23.25972652, 37.698056932022247 ] ], [ [ 23.23840976, 37.70364784202507 ], [ 23.23536205, 37.703019372024769 ], [ 23.23461843, 37.702335352024377 ], [ 23.23750091, 37.701058742023775 ], [ 23.23840976, 37.70364784202507 ] ], [ [ 23.46275175, 37.711669322029152 ], [ 23.46812487, 37.697983022022214 ], [ 23.44976211, 37.693616502019964 ], [ 23.44989026, 37.687793722017034 ], [ 23.46999395, 37.676084752011114 ], [ 23.48235786, 37.673343652009656 ], [ 23.51806605, 37.687298052016807 ], [ 23.525951859999989, 37.693219892019812 ], [ 23.52372515, 37.713484042030089 ], [ 23.54240096, 37.728756422037819 ], [ 23.53646994, 37.74222349204468 ], [ 23.55493164, 37.744702212045929 ], [ 23.56407714, 37.769735212058642 ], [ 23.46965134, 37.77489804206126 ], [ 23.440042139999989, 37.764873492056189 ], [ 23.42585003, 37.767521852057492 ], [ 23.41824865, 37.759988302053642 ], [ 23.43469846, 37.728406662037685 ], [ 23.45731485, 37.720649832033715 ], [ 23.46275175, 37.711669322029152 ] ], [ [ 23.38851345, 37.724172342035452 ], [ 23.38449764, 37.726871002036873 ], [ 23.37638807, 37.721085302033927 ], [ 23.37854207, 37.719363802033051 ], [ 23.38851345, 37.724172342035452 ] ], [ [ 23.17395377, 37.763890262055696 ], [ 23.17183244, 37.761641492054515 ], [ 23.17335737, 37.759263272053325 ], [ 23.17628694, 37.761444202054378 ], [ 23.17395377, 37.763890262055696 ] ], [ [ 23.75673163, 37.775161732061356 ], [ 23.75706637, 37.762906422055146 ], [ 23.76808882, 37.765898342056673 ], [ 23.76728022, 37.776972402062313 ], [ 23.75673163, 37.775161732061356 ] ], [ [ 23.92245984, 37.715181462030955 ], [ 23.92328954, 37.713485832030074 ], [ 23.92631781, 37.714848512030756 ], [ 23.92421305, 37.71711682203189 ], [ 23.92245984, 37.715181462030955 ] ], [ [ 23.90684855, 37.714119662030413 ], [ 23.89749467, 37.713814012030248 ], [ 23.89462674, 37.707836862027222 ], [ 23.90283704, 37.706515662026533 ], [ 23.90684855, 37.714119662030413 ] ], [ [ 23.43196118, 37.685490122015857 ], [ 23.44043565, 37.689744702018054 ], [ 23.44334054, 37.693747032020063 ], [ 23.43219018, 37.69684385202163 ], [ 23.42299736, 37.685973522016113 ], [ 23.43196118, 37.685490122015857 ] ], [ [ 23.76754618, 37.780638452064153 ], [ 23.76647055, 37.779625052063615 ], [ 23.76768374, 37.778204432062942 ], [ 23.76881635, 37.779595362063638 ], [ 23.76754618, 37.780638452064153 ] ], [ [ 23.33724785, 37.797178022072529 ], [ 23.33705926, 37.802243942075094 ], [ 23.32321143, 37.801121342074538 ], [ 23.32480347, 37.799155112073528 ], [ 23.33724785, 37.797178022072529 ] ], [ [ 23.26122868, 37.799558032073726 ], [ 23.26289654, 37.801122542074538 ], [ 23.26311421, 37.802569742075299 ], [ 23.25762355, 37.801328652074616 ], [ 23.26122868, 37.799558032073726 ] ], [ [ 23.25201654, 37.801989542074999 ], [ 23.25669444, 37.813753242080928 ], [ 23.23753667, 37.815829742081966 ], [ 23.24341202, 37.802341332075144 ], [ 23.25201654, 37.801989542074999 ] ], [ [ 23.25712001, 37.815758102081958 ], [ 23.27044833, 37.820061552084113 ], [ 23.27038443, 37.824133032086216 ], [ 23.253364799999989, 37.823927632086082 ], [ 23.25712001, 37.815758102081958 ] ], [ [ 23.4531939, 37.816724532082453 ], [ 23.45612156, 37.816179152082171 ], [ 23.45741355, 37.817682142082965 ], [ 23.45648885, 37.81812023208316 ], [ 23.4531939, 37.816724532082453 ] ], [ [ 23.46566272, 37.816195242082145 ], [ 23.46151662, 37.81291961208052 ], [ 23.47505665, 37.813094252080603 ], [ 23.46752822, 37.814914932081557 ], [ 23.46566272, 37.816195242082145 ] ], [ [ 23.38091064, 37.81278883208045 ], [ 23.38077498, 37.809568992078852 ], [ 23.38678324, 37.810866112079502 ], [ 23.38540506, 37.81193375208003 ], [ 23.38091064, 37.81278883208045 ] ], [ [ 23.26370931, 37.81048774207926 ], [ 23.26227045, 37.809915652078985 ], [ 23.26260471, 37.808462852078272 ], [ 23.26416552, 37.809099902078586 ], [ 23.26370931, 37.81048774207926 ] ], [ [ 23.3612411, 37.815810552081977 ], [ 23.36008906, 37.816305032082248 ], [ 23.35590577, 37.816466922082306 ], [ 23.35909808, 37.813727732080913 ], [ 23.3612411, 37.815810552081977 ] ], [ [ 23.32247686, 37.804363242076171 ], [ 23.32428813, 37.80469333207634 ], [ 23.32552791, 37.806737532077349 ], [ 23.32352686, 37.806500312077276 ], [ 23.32247686, 37.804363242076171 ] ], [ [ 23.32163811, 37.803128112075541 ], [ 23.31976724, 37.801405902074663 ], [ 23.318972949999988, 37.799797052073885 ], [ 23.32023442, 37.799900522073898 ], [ 23.32163811, 37.803128112075541 ] ], [ [ 23.74744952, 37.835129612091748 ], [ 23.74791527, 37.83669960209258 ], [ 23.74320245, 37.835445042091919 ], [ 23.74543762, 37.834246632091322 ], [ 23.74744952, 37.835129612091748 ] ], [ [ 23.14276505, 37.857240312102931 ], [ 23.14410877, 37.860720152104712 ], [ 23.13619781, 37.858652822103657 ], [ 23.13658202, 37.858116022103374 ], [ 23.14276505, 37.857240312102931 ] ], [ [ 23.08683324, 37.865427012107133 ], [ 23.08836603, 37.866471162107629 ], [ 23.08348155, 37.868559112108692 ], [ 23.08354104, 37.865950452107391 ], [ 23.08683324, 37.865427012107133 ] ], [ [ 23.45422494, 37.877358672113168 ], [ 23.47934365, 37.889701602119374 ], [ 23.48614585, 37.886642212117891 ], [ 23.48996115, 37.900378462124813 ], [ 23.515703439999989, 37.89582943212249 ], [ 23.51184905, 37.913088432131246 ], [ 23.53271115, 37.910956852130155 ], [ 23.53282273, 37.920599932135033 ], [ 23.54633892, 37.925098772137339 ], [ 23.53718054, 37.931121102140366 ], [ 23.53963244, 37.940380212145044 ], [ 23.57834601, 37.946060052147942 ], [ 23.53822863, 37.948470942149122 ], [ 23.5507971, 37.952977052151411 ], [ 23.527444, 37.958295932154094 ], [ 23.53973424, 37.981364962165742 ], [ 23.52120852, 37.996538872173417 ], [ 23.48637927, 38.003277292176826 ], [ 23.46748996, 37.995958802173156 ], [ 23.47753465, 37.986445662168322 ], [ 23.47311294, 37.980808012165497 ], [ 23.41678715, 37.981876962165998 ], [ 23.45161915, 37.972473132161269 ], [ 23.41562665, 37.957396622153624 ], [ 23.42380822, 37.95109795215042 ], [ 23.43361557, 37.956998462153436 ], [ 23.46272743, 37.951518172150685 ], [ 23.47639835, 37.961327072155633 ], [ 23.49712968, 37.961147662155525 ], [ 23.46944594, 37.924572102137049 ], [ 23.40549767, 37.929527872139573 ], [ 23.41233444, 37.919807422134653 ], [ 23.40204537, 37.894320242121744 ], [ 23.4281075, 37.888641822118878 ], [ 23.44327438, 37.873744242111279 ], [ 23.45422494, 37.877358672113168 ] ], [ [ 23.39636004, 37.904793132127054 ], [ 23.39160144, 37.902899142126081 ], [ 23.40246284, 37.902850142126077 ], [ 23.40145111, 37.903818952126507 ], [ 23.39636004, 37.904793132127054 ] ], [ [ 23.40312505, 37.962428802156168 ], [ 23.39708686, 37.962901342156449 ], [ 23.39624727, 37.961221922155531 ], [ 23.40687692, 37.95958065215477 ], [ 23.40312505, 37.962428802156168 ] ], [ [ 23.36909175, 37.964411732157146 ], [ 23.36527193, 37.966196772158085 ], [ 23.36276674, 37.965268242157592 ], [ 23.36446393, 37.963513842156736 ], [ 23.36909175, 37.964411732157146 ] ], [ [ 23.41656554, 37.965230932157581 ], [ 23.42445517, 37.964596502157264 ], [ 23.42631364, 37.965800042157873 ], [ 23.41036916, 37.96754884215877 ], [ 23.41656554, 37.965230932157581 ] ], [ [ 23.55929625, 37.998526442174388 ], [ 23.56251025, 37.999215712174802 ], [ 23.56670141, 37.998062242174214 ], [ 23.5606513, 38.0007305021755 ], [ 23.55929625, 37.998526442174388 ] ], [ [ 23.54094994, 37.996694552173516 ], [ 23.53405023, 37.992253062171251 ], [ 23.53424525, 37.989777562169991 ], [ 23.53784776, 37.986688602168421 ], [ 23.54094994, 37.996694552173516 ] ], [ [ 23.53992903, 37.960555542155205 ], [ 23.54267263, 37.963630552156765 ], [ 23.53860176, 37.965159052157581 ], [ 23.53472412, 37.962253442156076 ], [ 23.53992903, 37.960555542155205 ] ], [ [ 23.58865356, 37.942552792146174 ], [ 23.58328307, 37.940676202145177 ], [ 23.58077955, 37.936406252143009 ], [ 23.59676504, 37.943720572146724 ], [ 23.58865356, 37.942552792146174 ] ], [ [ 23.49855375, 37.896983142123062 ], [ 23.49717414, 37.895620932122384 ], [ 23.500158909999989, 37.895446772122298 ], [ 23.49989092, 37.896385902122773 ], [ 23.49855375, 37.896983142123062 ] ], [ [ 23.36348176, 37.969559062159789 ], [ 23.36184633, 37.971006742160512 ], [ 23.36048436, 37.970678922160324 ], [ 23.36102724, 37.968749992159374 ], [ 23.36348176, 37.969559062159789 ] ], [ [ 23.14212322, 37.302608601820786 ], [ 23.13776755, 37.302807441820896 ], [ 23.13583994, 37.301386351820206 ], [ 23.14066064, 37.30065273181976 ], [ 23.14212322, 37.302608601820786 ] ], [ [ 23.0680716, 37.3605945018504 ], [ 23.06307733, 37.361487861850854 ], [ 23.06300473, 37.358707061849465 ], [ 23.06555045, 37.35810064184912 ], [ 23.0680716, 37.3605945018504 ] ], [ [ 23.11634314, 37.428230631884922 ], [ 23.11727083, 37.423426261882469 ], [ 23.12495697, 37.425361741883464 ], [ 23.12470508, 37.426589241884116 ], [ 23.11634314, 37.428230631884922 ] ], [ [ 22.97441626, 37.431169141886414 ], [ 22.99326777, 37.433542361887632 ], [ 22.99805915, 37.435316551888526 ], [ 22.97329354, 37.442494261892207 ], [ 22.96736181, 37.432549351887111 ], [ 22.97441626, 37.431169141886414 ] ], [ [ 22.93547285, 37.493715631918271 ], [ 22.91768575, 37.50219714192265 ], [ 22.91101635, 37.500390641921719 ], [ 22.91756308, 37.488654131915702 ], [ 22.93220055, 37.487809771915273 ], [ 22.93547285, 37.493715631918271 ] ], [ [ 22.86699355, 37.501525031922284 ], [ 22.86647892, 37.503071541923042 ], [ 22.86355674, 37.502930511923012 ], [ 22.86453831, 37.501705521922361 ], [ 22.86699355, 37.501525031922284 ] ], [ [ 22.87003398, 37.502401341922742 ], [ 22.87598157, 37.506046051924571 ], [ 22.86612213, 37.51393019192858 ], [ 22.85426796, 37.508257261925699 ], [ 22.87003398, 37.502401341922742 ] ], [ [ 23.16318297, 37.232074011784725 ], [ 23.15835822, 37.223957291780557 ], [ 23.17987025, 37.215137231776019 ], [ 23.17948294, 37.220509401778791 ], [ 23.16318297, 37.232074011784725 ] ], [ [ 23.19041336, 37.22504853178112 ], [ 23.19220793, 37.225584621781451 ], [ 23.18946373, 37.22661911178195 ], [ 23.18898034, 37.225579851781418 ], [ 23.19041336, 37.22504853178112 ] ], [ [ 26.8136605, 37.215002051776011 ], [ 26.81381488, 37.212218631774583 ], [ 26.81558311, 37.211316931774114 ], [ 26.814784049999989, 37.218129151777596 ], [ 26.8136605, 37.215002051776011 ] ], [ [ 26.78228736, 37.213937631775451 ], [ 26.77022386, 37.212373841774635 ], [ 26.77703345, 37.206936951771837 ], [ 26.76542223, 37.20264577176966 ], [ 26.76748157, 37.193699951765126 ], [ 26.78717351, 37.206048841771434 ], [ 26.78228736, 37.213937631775451 ] ], [ [ 26.81959164, 37.206102241771461 ], [ 26.81846786, 37.202340241769484 ], [ 26.82260776, 37.200212471768403 ], [ 26.82472396, 37.202774631769721 ], [ 26.81959164, 37.206102241771461 ] ], [ [ 27.54955685, 37.202427501769542 ], [ 27.55067313, 37.198344941767452 ], [ 27.55217874, 37.197910661767239 ], [ 27.55160141, 37.201411361769061 ], [ 27.54955685, 37.202427501769542 ] ], [ [ 26.81135035, 37.19820784176742 ], [ 26.79446292, 37.20081400176872 ], [ 26.808483720000012, 37.191728341764104 ], [ 26.80211341, 37.186514841761429 ], [ 26.77784824, 37.194244141765338 ], [ 26.76500905, 37.172289961754139 ], [ 26.79601514, 37.162552701749156 ], [ 26.79825056, 37.150687571743063 ], [ 26.82961166, 37.151839841743701 ], [ 26.83107877, 37.145099751740219 ], [ 26.80706024, 37.13449990173477 ], [ 26.82399583, 37.111572851723039 ], [ 26.83758211, 37.124626031729754 ], [ 26.86000252, 37.129977341732435 ], [ 26.860816, 37.118327851726498 ], [ 26.83086073, 37.110592001722551 ], [ 26.84507644, 37.097301001715749 ], [ 26.87644041, 37.097203601715712 ], [ 26.87172806, 37.109125721721803 ], [ 26.887686009999985, 37.097283711715697 ], [ 26.89081716, 37.118481741726583 ], [ 26.86015403, 37.145346631740303 ], [ 26.87450612, 37.157308331746464 ], [ 26.86022735, 37.161613341748676 ], [ 26.84400821, 37.156659831746126 ], [ 26.83571732, 37.162409061749067 ], [ 26.8530395, 37.169530141752723 ], [ 26.85697675, 37.188268531762319 ], [ 26.8235743, 37.196339841766488 ], [ 26.81749022, 37.18788337176214 ], [ 26.81135035, 37.19820784176742 ] ], [ [ 27.519037369999989, 37.196887131766736 ], [ 27.522408720000012, 37.195603721766084 ], [ 27.52288294, 37.195852631766208 ], [ 27.52156246, 37.197060341766822 ], [ 27.519037369999989, 37.196887131766736 ] ], [ [ 27.35501134, 37.1769269617565 ], [ 27.35405004, 37.17252206175425 ], [ 27.359871150000011, 37.173667061754855 ], [ 27.35941887, 37.176063651756103 ], [ 27.35501134, 37.1769269617565 ] ], [ [ 27.36160111, 37.173687571754833 ], [ 27.3674947, 37.162426941749096 ], [ 27.37920272, 37.163309451749541 ], [ 27.37917042, 37.166873441751328 ], [ 27.36160111, 37.173687571754833 ] ], [ [ 27.53188765, 37.165212741750494 ], [ 27.50657642, 37.15291463174421 ], [ 27.49518836, 37.156978121746263 ], [ 27.48971736, 37.14126336173824 ], [ 27.51707602, 37.150362001742913 ], [ 27.5279808, 37.140890831738069 ], [ 27.53554344, 37.151649821743568 ], [ 27.53188765, 37.165212741750494 ] ], [ [ 26.88492775, 37.141076441738157 ], [ 26.89079773, 37.143318521739324 ], [ 26.89104867, 37.144342531739817 ], [ 26.88498545, 37.1456767217405 ], [ 26.88492775, 37.141076441738157 ] ], [ [ 27.25657988, 37.133407701734214 ], [ 27.25557947, 37.131920451733492 ], [ 27.25707281, 37.131196011733117 ], [ 27.25770235, 37.132265801733638 ], [ 27.25657988, 37.133407701734214 ] ], [ [ 26.907650350000011, 37.120008941727363 ], [ 26.90024543, 37.116949191725837 ], [ 26.90569067, 37.111984001723272 ], [ 26.91041565, 37.114467491724533 ], [ 26.907650350000011, 37.120008941727363 ] ], [ [ 26.89019406, 37.097177851715706 ], [ 26.89077282, 37.094288931714154 ], [ 26.893932100000011, 37.094368571714213 ], [ 26.89359307, 37.095721001714907 ], [ 26.89019406, 37.097177851715706 ] ], [ [ 25.83556676, 37.095160241714616 ], [ 25.84177041, 37.109955061722189 ], [ 25.81943357, 37.124490251729647 ], [ 25.83185053, 37.128484721731724 ], [ 25.83044136, 37.136185761735639 ], [ 25.81876683, 37.130126941732556 ], [ 25.81141067, 37.134397741734738 ], [ 25.79719055, 37.113366951723975 ], [ 25.77734077, 37.123839011729352 ], [ 25.79846585, 37.090559001712265 ], [ 25.80393314, 37.097452511715815 ], [ 25.82668746, 37.086851941710414 ], [ 25.83556676, 37.095160241714616 ] ], [ [ 26.88323295, 37.090289701712138 ], [ 26.88699746, 37.086673371710312 ], [ 26.888778330000012, 37.081598391707658 ], [ 26.89096344, 37.086802591710359 ], [ 26.88323295, 37.090289701712138 ] ], [ [ 27.23439825, 37.089843741711903 ], [ 27.23640335, 37.086047161709949 ], [ 27.24126041, 37.087812061710856 ], [ 27.23603296, 37.090605611712292 ], [ 27.23439825, 37.089843741711903 ] ], [ [ 27.21393442, 37.084883801709374 ], [ 27.208563449999989, 37.089843741711903 ], [ 27.20473194, 37.081780071707811 ], [ 27.20983112, 37.081565371707676 ], [ 27.21393442, 37.084883801709374 ] ], [ [ 25.70752895, 37.081140751707487 ], [ 25.70435631, 37.084035741708924 ], [ 25.701802129999987, 37.081193201707464 ], [ 25.70721543, 37.076660501705184 ], [ 25.70752895, 37.081140751707487 ] ], [ [ 26.88299215000001, 37.076785441705205 ], [ 26.88427603, 37.068004241700727 ], [ 26.91936636, 37.052399741692717 ], [ 26.91241741, 37.037627331685165 ], [ 26.92337561, 37.037075871684863 ], [ 26.92768872, 37.045347201689097 ], [ 26.94040132, 37.043041701687947 ], [ 26.96719146, 37.015924921673978 ], [ 26.9376018, 37.018065441675127 ], [ 26.93920016, 37.00291096166734 ], [ 26.92471194, 36.981914511656541 ], [ 26.93413878, 36.969767441650319 ], [ 26.90942454, 36.952062841641251 ], [ 26.92964196, 36.946796051638529 ], [ 26.927818179999989, 36.940696711635418 ], [ 26.93964207, 36.93310987163153 ], [ 26.94054616, 36.925485721627581 ], [ 26.96285558, 36.925101031627456 ], [ 26.96531022, 36.93139242163064 ], [ 26.98589194, 36.924943801627329 ], [ 26.98677552, 36.951022141640699 ], [ 27.05379891, 36.9452172416377 ], [ 27.04605806, 36.957827561644223 ], [ 27.03172326, 36.958358751644482 ], [ 27.04685175, 36.969598641650244 ], [ 27.03046131, 36.973976841652451 ], [ 27.04099345, 36.975530141653294 ], [ 27.04586518, 36.993993871662745 ], [ 27.05421615, 36.995037431663292 ], [ 27.036204219999984, 37.014472241673253 ], [ 27.01566565, 37.012792941672387 ], [ 27.00618994, 37.003761641667779 ], [ 27.00755405, 37.016715761674398 ], [ 26.97193074, 37.041192161686965 ], [ 26.99381816, 37.041198961687002 ], [ 26.97543263, 37.052644961692842 ], [ 26.95071852, 37.06531965169934 ], [ 26.95203996, 37.058077921695663 ], [ 26.88964081, 37.08032500170706 ], [ 26.88299215000001, 37.076785441705205 ] ], [ [ 27.08065331, 37.066477171699908 ], [ 27.0703125, 37.062220921697758 ], [ 27.09213114, 37.054794061693933 ], [ 27.10757208, 37.05817520169569 ], [ 27.08065331, 37.066477171699908 ] ], [ [ 27.20273066, 37.045789951689322 ], [ 27.20450556, 37.050127141691569 ], [ 27.20070684, 37.050780051691881 ], [ 27.19826031, 37.048993941690995 ], [ 27.20273066, 37.045789951689322 ] ], [ [ 27.21613193, 37.009889951670914 ], [ 27.21678746, 37.006218541669035 ], [ 27.20505035, 36.996223201663945 ], [ 27.2238785, 37.008050671669992 ], [ 27.21613193, 37.009889951670914 ] ], [ [ 27.18098116, 37.005992161668928 ], [ 27.18072271, 37.004336351668094 ], [ 27.1834439, 37.005009051668395 ], [ 27.18335974, 37.005300031668554 ], [ 27.18098116, 37.005992161668928 ] ], [ [ 27.19657385, 36.991693131661592 ], [ 27.19907331, 36.991513241661501 ], [ 27.19937158, 36.992441641661955 ], [ 27.19589591, 36.993262641662419 ], [ 27.19657385, 36.991693131661592 ] ], [ [ 27.22934175, 36.982738251657011 ], [ 27.23303795, 36.981623161656422 ], [ 27.23173606, 36.98678993165904 ], [ 27.22994196, 36.985955471658642 ], [ 27.22934175, 36.982738251657011 ] ], [ [ 27.1304636, 36.959290611644946 ], [ 27.10714221, 36.954963321642751 ], [ 27.12431431, 36.933348051631597 ], [ 27.13347232, 36.932445521631173 ], [ 27.13388503, 36.921108241625383 ], [ 27.17923737, 36.921177501625365 ], [ 27.15101576, 36.935271851632621 ], [ 27.17235148, 36.952649351641575 ], [ 27.15219188, 36.958984131644804 ], [ 27.14182937, 36.949213261639805 ], [ 27.14072883, 36.957562441644065 ], [ 27.1304636, 36.959290611644946 ] ], [ [ 27.30348062, 36.951554651640969 ], [ 27.30562484, 36.949910751640132 ], [ 27.30649865, 36.951714861641079 ], [ 27.30471015, 36.952415221641445 ], [ 27.30348062, 36.951554651640969 ] ], [ [ 28.15434766, 36.944091671637146 ], [ 28.15598547, 36.943859571637034 ], [ 28.15669334, 36.944728251637493 ], [ 28.15367818, 36.945415131637866 ], [ 28.15434766, 36.944091671637146 ] ], [ [ 26.03591776, 36.919272291624459 ], [ 26.00691748, 36.938030831634052 ], [ 25.99834895, 36.936530221633276 ], [ 26.00215352, 36.926720011628241 ], [ 25.97146821, 36.927144521628456 ], [ 25.95486021, 36.909178011619233 ], [ 25.97683871, 36.906403411617774 ], [ 25.96880567, 36.896513691612768 ], [ 25.90874362, 36.866488801597278 ], [ 25.84377456, 36.851736541589702 ], [ 25.83869982, 36.835355511581291 ], [ 25.86556435, 36.8294843315783 ], [ 25.84616613, 36.828237761577654 ], [ 25.85229456, 36.817829841572319 ], [ 25.84496415, 36.811412561568964 ], [ 25.80846322, 36.814321031570501 ], [ 25.78471422, 36.80649053156646 ], [ 25.78965914, 36.813446151570027 ], [ 25.78330255, 36.814503661570562 ], [ 25.75652134, 36.790370451558168 ], [ 25.74077666, 36.796488161561292 ], [ 25.74750698, 36.781370871553563 ], [ 25.77355826, 36.768345941546812 ], [ 25.80081177, 36.766749971546062 ], [ 25.82623446, 36.78513514155545 ], [ 25.86564195, 36.786578761556257 ], [ 25.90519774, 36.814579121570624 ], [ 25.90882647, 36.828379141577692 ], [ 25.93351746, 36.851021521589352 ], [ 25.949321269999984, 36.853760711590787 ], [ 25.98382127, 36.883278361605903 ], [ 26.05124021, 36.900352111614694 ], [ 26.06496513, 36.891815291610314 ], [ 26.08616555, 36.896406041612657 ], [ 26.03591776, 36.919272291624459 ] ], [ [ 26.9328202, 36.914062491621735 ], [ 26.94278562, 36.911365501620374 ], [ 26.947400330000011, 36.917701591623619 ], [ 26.94426167, 36.918297041623944 ], [ 26.9328202, 36.914062491621735 ] ], [ [ 27.27248502, 36.911469211620435 ], [ 27.22934866, 36.893002021610933 ], [ 27.16994464, 36.890303841609544 ], [ 27.10461915, 36.857486831592695 ], [ 27.076408509999986, 36.852577321590175 ], [ 26.99114025, 36.769845831547613 ], [ 26.96246636, 36.775323861550419 ], [ 26.921822309999985, 36.764334551544813 ], [ 26.91742253, 36.719205131521605 ], [ 26.92406785, 36.704159011513823 ], [ 26.95416856, 36.675786251499254 ], [ 26.97398686, 36.67223214149741 ], [ 26.96756804, 36.705417151514467 ], [ 26.9845432, 36.721390001522678 ], [ 26.97076106, 36.738281241531404 ], [ 26.98380494, 36.751962291538419 ], [ 27.038537619999989, 36.768150321546734 ], [ 27.11223423, 36.757692331541399 ], [ 27.17765975, 36.810632101568579 ], [ 27.356007339999987, 36.858207931593057 ], [ 27.33864856, 36.891308541610051 ], [ 27.30863166, 36.886324401607474 ], [ 27.28760421, 36.898606771613842 ], [ 27.28114724, 36.914534921622 ], [ 27.27248502, 36.911469211620435 ] ], [ [ 28.03435755, 36.88564693160717 ], [ 28.0345422, 36.88268672160563 ], [ 28.03502035, 36.88270079160565 ], [ 28.03617847, 36.884490961606545 ], [ 28.03435755, 36.88564693160717 ] ], [ [ 28.04230595, 36.873558631600922 ], [ 28.04567242, 36.874690051601497 ], [ 28.04521251, 36.875958191602145 ], [ 28.04218805, 36.876358621602371 ], [ 28.04230595, 36.873558631600922 ] ], [ [ 28.03659582, 36.871475451599878 ], [ 28.0320996, 36.868183721598186 ], [ 28.03735554, 36.87003695159914 ], [ 28.03659582, 36.871475451599878 ] ], [ [ 28.02676511, 36.868063441598075 ], [ 28.02616334, 36.868541351598374 ], [ 28.0181154, 36.868165011598172 ], [ 28.02771378, 36.865767231596898 ], [ 28.02676511, 36.868063441598075 ] ], [ [ 27.46030235, 36.772103421548785 ], [ 27.46282446, 36.770966761548209 ], [ 27.46479762, 36.771173351548306 ], [ 27.458989139999989, 36.774790401550163 ], [ 27.46030235, 36.772103421548785 ] ], [ [ 27.46750355, 36.769759531547557 ], [ 27.46902454000001, 36.768369071546864 ], [ 27.47021985, 36.768445121546947 ], [ 27.46807015, 36.770601261548016 ], [ 27.46750355, 36.769759531547557 ] ], [ [ 27.40638781, 36.740262741532419 ], [ 27.41249526, 36.738281241531396 ], [ 27.41404033, 36.737473841530985 ], [ 27.40592504, 36.742393721533482 ], [ 27.40424025, 36.742222541533408 ], [ 27.40638781, 36.740262741532419 ] ], [ [ 27.17696226, 36.68345415150317 ], [ 27.17724645, 36.679028501500916 ], [ 27.18024755, 36.677836531500255 ], [ 27.18222964000001, 36.682332741502613 ], [ 27.17696226, 36.68345415150317 ] ], [ [ 27.13653648, 36.681702841502279 ], [ 27.12239456, 36.666376341494406 ], [ 27.10366225, 36.665318121493826 ], [ 27.111508849999989, 36.639800061480713 ], [ 27.12409735, 36.666909571494664 ], [ 27.14474785, 36.669207321495826 ], [ 27.13653648, 36.681702841502279 ] ], [ [ 27.13684571, 36.664934271493642 ], [ 27.13429666, 36.663823361493087 ], [ 27.13650811, 36.661557551491875 ], [ 27.13784218, 36.662220231492277 ], [ 27.13684571, 36.664934271493642 ] ], [ [ 27.81001294, 36.645485391483639 ], [ 27.81201494, 36.645805231483799 ], [ 27.81151533, 36.647698631484765 ], [ 27.80905545, 36.646493661484143 ], [ 27.81001294, 36.645485391483639 ] ], [ [ 27.83461571, 36.645568961483647 ], [ 27.86445463, 36.651088111486501 ], [ 27.86015165, 36.667827121495122 ], [ 27.8324846, 36.658262241490249 ], [ 27.83461571, 36.645568961483647 ] ], [ [ 27.81991196, 36.655689351488881 ], [ 27.81638682, 36.652510041487218 ], [ 27.81794226, 36.650137531486017 ], [ 27.82177055, 36.650876871486375 ], [ 27.81991196, 36.655689351488881 ] ], [ [ 27.50974143, 36.655015701488509 ], [ 27.5120964, 36.661288731491737 ], [ 27.50990832, 36.662998551492628 ], [ 27.50796151, 36.658836121490481 ], [ 27.50974143, 36.655015701488509 ] ], [ [ 28.011829139999989, 36.668226471495338 ], [ 28.01456082, 36.666988841494678 ], [ 28.0143435, 36.670098531496286 ], [ 28.01211691, 36.670173401496342 ], [ 28.011829139999989, 36.668226471495338 ] ], [ [ 28.03428483, 36.666790831494602 ], [ 28.02776706, 36.66001569149109 ], [ 28.04187691, 36.649763101485831 ], [ 28.046535850000012, 36.655957091489029 ], [ 28.03428483, 36.666790831494602 ] ], [ [ 28.03957117, 36.670844661496652 ], [ 28.04176915, 36.66899489149575 ], [ 28.04229307, 36.67298376149779 ], [ 28.03982317, 36.671651111497106 ], [ 28.03957117, 36.670844661496652 ] ], [ [ 28.050091030000011, 36.649717921485781 ], [ 28.056714649999986, 36.646238561484019 ], [ 28.06028235, 36.647711741484784 ], [ 28.05462003, 36.650049911485993 ], [ 28.050091030000011, 36.649717921485781 ] ], [ [ 27.81803143, 36.639852041480751 ], [ 27.81293285, 36.630864011476099 ], [ 27.79433346, 36.627346741474263 ], [ 27.79768765, 36.612710941466773 ], [ 27.78416681, 36.609477151465093 ], [ 27.78414297, 36.602289671461399 ], [ 27.76900995, 36.609758011465203 ], [ 27.76652443, 36.583407031451671 ], [ 27.777961139999988, 36.589625111454851 ], [ 27.79764247, 36.583517061451722 ], [ 27.80140257, 36.590154521455098 ], [ 27.81341362, 36.589553821454821 ], [ 27.81488252, 36.580468641450153 ], [ 27.79549885, 36.565985431442677 ], [ 27.81600022, 36.564696421442036 ], [ 27.82369816, 36.572253931445879 ], [ 27.84367645, 36.563759201441492 ], [ 27.84653533, 36.548644531433737 ], [ 27.83220673, 36.550067651434475 ], [ 27.82812858, 36.540588131429558 ], [ 27.853456969999986, 36.537041891427769 ], [ 27.87647307, 36.548558701433663 ], [ 27.87091732, 36.552827351435901 ], [ 27.87790382, 36.555720441437401 ], [ 27.86282551, 36.566634641442995 ], [ 27.87325394, 36.567035551443219 ], [ 27.87815976, 36.577523221448651 ], [ 27.85962665, 36.582461821451155 ], [ 27.87826765, 36.588011251454027 ], [ 27.87140715, 36.5984263314594 ], [ 27.88080311, 36.599902021460125 ], [ 27.87935972, 36.61743366146915 ], [ 27.85615897, 36.613816851467313 ], [ 27.87183547, 36.620355001470678 ], [ 27.87220788, 36.631630291476505 ], [ 27.83912921, 36.616080391468479 ], [ 27.83529532, 36.624354231472779 ], [ 27.81641674, 36.622246021471696 ], [ 27.83753633000001, 36.643844121482772 ], [ 27.81803143, 36.639852041480751 ] ], [ [ 28.05127525, 36.623700131472432 ], [ 28.05371976, 36.62335323147223 ], [ 28.05276656, 36.627253641474233 ], [ 28.05232716, 36.627277721474243 ], [ 28.05127525, 36.623700131472432 ] ], [ [ 28.05544615, 36.618404741469732 ], [ 28.05328333, 36.614403121467639 ], [ 28.053570869999987, 36.613124241466956 ], [ 28.05784905, 36.617614501469284 ], [ 28.05544615, 36.618404741469732 ] ], [ [ 26.47376072, 36.536633841427545 ], [ 26.46055174, 36.54395055143133 ], [ 26.4673351, 36.531030411424673 ], [ 26.46118522, 36.5270680114226 ], [ 26.47767687, 36.531639211424938 ], [ 26.46967888, 36.531106341424675 ], [ 26.47376072, 36.536633841427545 ] ], [ [ 27.86020458, 36.530441151424377 ], [ 27.85443115, 36.517318831417555 ], [ 27.87567306, 36.521442161419742 ], [ 27.86835277, 36.529016011423622 ], [ 27.86020458, 36.530441151424377 ] ], [ [ 27.865809559999985, 36.516613241417204 ], [ 27.8692348, 36.513600341415696 ], [ 27.87195456, 36.515617841416692 ], [ 27.87121487, 36.516653651417251 ], [ 27.865809559999985, 36.516613241417204 ] ], [ [ 26.365471599999985, 36.516147841416959 ], [ 26.34093642, 36.539262641428877 ], [ 26.35902846, 36.543014641430844 ], [ 26.35346854, 36.564596051441953 ], [ 26.37028694, 36.561308731440242 ], [ 26.36510575, 36.577490321448607 ], [ 26.37490475, 36.571377151445468 ], [ 26.39767623, 36.576288811447974 ], [ 26.40584767, 36.56871962144406 ], [ 26.40827012, 36.576189871447923 ], [ 26.4197638, 36.572033401445807 ], [ 26.42315471, 36.585808621452919 ], [ 26.42706752, 36.574727051447184 ], [ 26.43029475, 36.584509001452226 ], [ 26.44846535, 36.589894051454969 ], [ 26.45270157, 36.576752061448232 ], [ 26.47529078, 36.579921241449846 ], [ 26.45553064, 36.605416651462996 ], [ 26.390917300000019, 36.644803991483272 ], [ 26.37101138, 36.636814701479146 ], [ 26.37866735, 36.628819101475045 ], [ 26.37449515, 36.622874131471988 ], [ 26.38682616, 36.61742305146916 ], [ 26.38237965, 36.612480751466649 ], [ 26.41363275, 36.621359101471199 ], [ 26.38950551, 36.610227221465486 ], [ 26.40191722, 36.58429252145212 ], [ 26.38167906, 36.595133411457681 ], [ 26.37194026, 36.585665341452781 ], [ 26.36347926, 36.588046541454041 ], [ 26.35723376, 36.570075861444778 ], [ 26.34289885, 36.570089931444784 ], [ 26.33911312, 36.580907811450331 ], [ 26.30680108, 36.595715161457981 ], [ 26.29211915, 36.599238511459809 ], [ 26.29048514, 36.592044341456102 ], [ 26.28642488, 36.598967901459687 ], [ 26.27911186, 36.58620941145309 ], [ 26.27861202, 36.597661251459016 ], [ 26.26535106, 36.601494061460983 ], [ 26.26679575, 36.594411601457281 ], [ 26.258832450000011, 36.592486971456324 ], [ 26.27322936, 36.562499991440866 ], [ 26.26169086, 36.555531851437323 ], [ 26.2791208, 36.54788231143332 ], [ 26.28928852, 36.515687341416751 ], [ 26.30115604, 36.513243551415471 ], [ 26.30450261, 36.519394861418675 ], [ 26.32834685, 36.506473051411987 ], [ 26.33967221, 36.513317461415518 ], [ 26.3671875, 36.507812491412679 ], [ 26.365471599999985, 36.516147841416959 ] ], [ [ 26.97414815, 36.507887351412762 ], [ 26.96668506, 36.506510131412028 ], [ 26.95986664, 36.497126091407175 ], [ 26.97163928, 36.497352951407272 ], [ 26.98285663, 36.508764141413188 ], [ 26.97414815, 36.507887351412762 ] ], [ [ 26.14502454, 36.527915231423037 ], [ 26.14761925, 36.548683991433769 ], [ 26.14696705, 36.561676021440455 ], [ 26.131820919999988, 36.553427811436187 ], [ 26.14438951, 36.548405161433621 ], [ 26.14502454, 36.527915231423037 ] ], [ [ 24.14587975, 36.548593151433714 ], [ 24.14918828, 36.55035554143462 ], [ 24.14677131, 36.553914301436457 ], [ 24.14485884, 36.549846401434344 ], [ 24.14587975, 36.548593151433714 ] ], [ [ 26.22603345, 36.548365231433579 ], [ 26.233666419999988, 36.556136001437572 ], [ 26.22477531, 36.563276041441256 ], [ 26.22236288, 36.554366341436697 ], [ 26.22603345, 36.548365231433579 ] ], [ [ 26.26012504, 36.577957741448834 ], [ 26.25748146, 36.579756851449751 ], [ 26.25353825, 36.579188811449491 ], [ 26.25523305, 36.574792731447189 ], [ 26.26012504, 36.577957741448834 ] ], [ [ 24.94896424, 36.593104951456645 ], [ 24.96016872, 36.604242911462372 ], [ 24.947698469999988, 36.613687741467217 ], [ 24.952847, 36.620640151470816 ], [ 24.92789376, 36.636219971478845 ], [ 24.908096309999987, 36.633095491477242 ], [ 24.86190295, 36.666189301494278 ], [ 24.83670127, 36.658999791490579 ], [ 24.8593837, 36.631555431476428 ], [ 24.89408755, 36.63042425147588 ], [ 24.89501524, 36.6153395114681 ], [ 24.91095245, 36.598750701459565 ], [ 24.94896424, 36.593104951456645 ] ], [ [ 24.31787062, 36.630057321475682 ], [ 24.31941044, 36.632682791477002 ], [ 24.31943107, 36.633058661477236 ], [ 24.31523657, 36.631991731476688 ], [ 24.31787062, 36.630057321475682 ] ], [ [ 24.33713734, 36.651260601486605 ], [ 24.41227496, 36.655477631488765 ], [ 24.42779923, 36.662920111492625 ], [ 24.43451536, 36.65852844149034 ], [ 24.44518602, 36.669858561496177 ], [ 24.46490264, 36.666489231494431 ], [ 24.47247481, 36.65740322148978 ], [ 24.48054981, 36.665829771494082 ], [ 24.49496985, 36.66394710149315 ], [ 24.51500177, 36.674755561498706 ], [ 24.52688241, 36.670311441496395 ], [ 24.54858816, 36.702478041512961 ], [ 24.53184414, 36.74497067153483 ], [ 24.54845893, 36.755855671540452 ], [ 24.52792251, 36.761544341543335 ], [ 24.5287981, 36.768443811546874 ], [ 24.51140487, 36.767368661546364 ], [ 24.50519145, 36.754883041539934 ], [ 24.46964908, 36.741635671533118 ], [ 24.45327187, 36.74723755153601 ], [ 24.45300043, 36.755007261539966 ], [ 24.4444828, 36.74897264153693 ], [ 24.42720532, 36.759220111542177 ], [ 24.42856085, 36.77370011154958 ], [ 24.41137135, 36.770279641547823 ], [ 24.4123646, 36.754239911539649 ], [ 24.40504015, 36.750936741537906 ], [ 24.42807424, 36.723806851523946 ], [ 24.45213485, 36.725724211524934 ], [ 24.46983981, 36.707709061515644 ], [ 24.44629753, 36.689239251506152 ], [ 24.43173444, 36.689940441506515 ], [ 24.421282409999986, 36.702856651513216 ], [ 24.39552677, 36.704975001514264 ], [ 24.39544952, 36.73607861153026 ], [ 24.37205565, 36.731495851527932 ], [ 24.35414362, 36.750375021537643 ], [ 24.33975744, 36.743645421534154 ], [ 24.33890712, 36.722489111523245 ], [ 24.32456541, 36.714655751519238 ], [ 24.33606386, 36.707081551515358 ], [ 24.32564485, 36.69459986150887 ], [ 24.331303, 36.677896851500293 ], [ 24.31695962, 36.662190551492245 ], [ 24.323264, 36.644851201483256 ], [ 24.33713734, 36.651260601486605 ] ], [ [ 23.09050918, 36.750164021537508 ], [ 23.09034145, 36.752300251538593 ], [ 23.08913314, 36.752811661538871 ], [ 23.08900166, 36.749942771537391 ], [ 23.09050918, 36.750164021537508 ] ], [ [ 24.24800944, 36.770274631547842 ], [ 24.25376701, 36.801729671564026 ], [ 24.22060931, 36.801455851563865 ], [ 24.22204256, 36.780820721553297 ], [ 24.24800944, 36.770274631547842 ] ], [ [ 23.60408342, 36.770197621547815 ], [ 23.60343337, 36.77219044154883 ], [ 23.59999704, 36.769472351547392 ], [ 23.60118484, 36.768980491547183 ], [ 23.60408342, 36.770197621547815 ] ], [ [ 24.52079236, 36.803765411565095 ], [ 24.53958023, 36.771461721548491 ], [ 24.55878413, 36.779184211552447 ], [ 24.57272911, 36.7762242515509 ], [ 24.58952296, 36.790886031558472 ], [ 24.59582102, 36.821911921574383 ], [ 24.60687268, 36.826035131576504 ], [ 24.59286726, 36.837304341582303 ], [ 24.58936155, 36.830352891578748 ], [ 24.57457125, 36.829965101578523 ], [ 24.55861914, 36.848557701588085 ], [ 24.54616737, 36.83312820158018 ], [ 24.51992643, 36.822106231574473 ], [ 24.52079236, 36.803765411565095 ] ], [ [ 23.89653337, 36.837209221582256 ], [ 23.88951266, 36.847542161587569 ], [ 23.87392175, 36.844948041586221 ], [ 23.88621652, 36.835850471581558 ], [ 23.89653337, 36.837209221582256 ] ], [ [ 25.43126893, 36.84314333158531 ], [ 25.43200147, 36.83619534158175 ], [ 25.41453445, 36.831943501579573 ], [ 25.42270517, 36.821877231574383 ], [ 25.45251441, 36.818123331572401 ], [ 25.46238565, 36.826406111576695 ], [ 25.47591555, 36.825965751576504 ], [ 25.48228121, 36.844143621585786 ], [ 25.48163295, 36.852781641590262 ], [ 25.47300494, 36.852078071589901 ], [ 25.47742915, 36.864132751596117 ], [ 25.46977353, 36.863059031595533 ], [ 25.47537375, 36.871321911599793 ], [ 25.43126893, 36.84314333158531 ] ], [ [ 25.50190473, 36.86754476159787 ], [ 25.50951135, 36.870467651599327 ], [ 25.51571512, 36.860245931594079 ], [ 25.52372468, 36.861726871594847 ], [ 25.52219021, 36.852142801589913 ], [ 25.52634478, 36.857699741592803 ], [ 25.53793645, 36.852069251589882 ], [ 25.54639852, 36.868311511598229 ], [ 25.53393435, 36.865640751596857 ], [ 25.52362597, 36.894589531611736 ], [ 25.49916375, 36.876796121602595 ], [ 25.50190473, 36.86754476159787 ] ], [ [ 25.60586095, 36.888631331608664 ], [ 25.60932434, 36.878104321603267 ], [ 25.63313007, 36.883427131605991 ], [ 25.65079427, 36.873402711600832 ], [ 25.68415451, 36.876561631602513 ], [ 25.67259693, 36.901278131615193 ], [ 25.649341939999989, 36.909316651619285 ], [ 25.60586095, 36.888631331608664 ] ], [ [ 25.57508016, 36.897481431613251 ], [ 25.58001637, 36.9112422416203 ], [ 25.59782946, 36.917117941623324 ], [ 25.59713936, 36.925441141627608 ], [ 25.55221081, 36.903629531616389 ], [ 25.55676162, 36.89723574161313 ], [ 25.57508016, 36.897481431613251 ] ], [ [ 24.72312021, 36.897226561613081 ], [ 24.73494005, 36.902565351615841 ], [ 24.735255, 36.907023421618149 ], [ 24.72054136, 36.905216801617172 ], [ 24.72312021, 36.897226561613081 ] ], [ [ 24.71016276000001, 36.905340541617221 ], [ 24.7292608, 36.919960371624768 ], [ 24.72725678, 36.930217141630045 ], [ 24.73970127, 36.925620071627677 ], [ 24.74969614, 36.944472661637342 ], [ 24.75495446, 36.938211431634151 ], [ 24.76384222, 36.955491531643027 ], [ 24.70866561, 37.019987341676121 ], [ 24.63677466, 37.041115511686925 ], [ 24.63665986, 37.035458441684042 ], [ 24.64879811, 37.035074221683836 ], [ 24.63739324, 37.023926131678117 ], [ 24.65506673, 37.023097511677683 ], [ 24.65227044, 37.009934421670991 ], [ 24.66100657, 37.006094451668964 ], [ 24.65459454, 36.997597571664606 ], [ 24.67990875, 36.990847701661139 ], [ 24.66570044, 36.990830531661153 ], [ 24.65486646, 36.979520911655335 ], [ 24.68029058, 36.955494041643007 ], [ 24.68030536, 36.930979361630435 ], [ 24.693119759999988, 36.930682771630295 ], [ 24.6832689, 36.925616971627683 ], [ 24.69672275, 36.906412001617824 ], [ 24.705796, 36.907027591618125 ], [ 24.69883204, 36.903041231616065 ], [ 24.71016276000001, 36.905340541617221 ] ], [ [ 23.46820557, 36.906097641617663 ], [ 23.46779895, 36.917336331623424 ], [ 23.45016158, 36.931897511630886 ], [ 23.45814824, 36.908043021618646 ], [ 23.46820557, 36.906097641617663 ] ], [ [ 25.06314552, 37.041226141687005 ], [ 25.04596806, 37.021085731676678 ], [ 25.02137124, 37.011019941671492 ], [ 25.02511883, 36.985369311658339 ], [ 25.01400244, 36.984485141657927 ], [ 25.0404253, 36.972005241651473 ], [ 25.07191086, 36.93829822163422 ], [ 25.07644236, 36.947146411638755 ], [ 25.06011856, 36.972212541651594 ], [ 25.0746752, 36.983692041657498 ], [ 25.08048093, 37.03266322168259 ], [ 25.09183955, 37.047404401690159 ], [ 25.07820034, 37.051275241692146 ], [ 25.07544994, 37.041440241687098 ], [ 25.06314552, 37.041226141687005 ] ], [ [ 25.08077586, 37.050937401691975 ], [ 25.08931816, 37.050568331691807 ], [ 25.08322763, 37.058427561695844 ], [ 25.09224105, 37.060961591697094 ], [ 25.09103155, 37.064324131698818 ], [ 25.07674527, 37.057874311695528 ], [ 25.08077586, 37.050937401691975 ] ], [ [ 25.10665298, 37.059151401696184 ], [ 25.09785414, 37.017356741674767 ], [ 25.1171602, 36.99205743166177 ], [ 25.13138735, 36.998146641664881 ], [ 25.14239716, 36.984395611657796 ], [ 25.18024087, 36.975033751653008 ], [ 25.21017981, 36.992969621662255 ], [ 25.22015142, 36.988894211660153 ], [ 25.22153425, 36.997902741664781 ], [ 25.246448869999984, 37.008429161670207 ], [ 25.2522366, 37.027938361680192 ], [ 25.2790693, 37.049519531691267 ], [ 25.26681435, 37.051753751692402 ], [ 25.27926135, 37.060990201697123 ], [ 25.25581992, 37.079694741706682 ], [ 25.26962507, 37.09221493171313 ], [ 25.2726351, 37.11328124172389 ], [ 25.29284501, 37.124223341729532 ], [ 25.27683318, 37.13151823173326 ], [ 25.29509556, 37.143210161739241 ], [ 25.28179193, 37.152613751744042 ], [ 25.26642084, 37.145489441740402 ], [ 25.26380837, 37.152384511743946 ], [ 25.25693476, 37.139758341737483 ], [ 25.26926994, 37.138714071736935 ], [ 25.267649049999989, 37.129317871732134 ], [ 25.26055503, 37.130646811732809 ], [ 25.26432371, 37.123716341729235 ], [ 25.2476083, 37.129065031732004 ], [ 25.22564995, 37.119171131726937 ], [ 25.21213162, 37.126859301730882 ], [ 25.22261775, 37.132160421733552 ], [ 25.226000069999987, 37.146507851740942 ], [ 25.23392701, 37.139914861737573 ], [ 25.237864729999984, 37.144979821740151 ], [ 25.22502232, 37.155716771745638 ], [ 25.22176373, 37.144431701739876 ], [ 25.20525086, 37.14381074173955 ], [ 25.15801775, 37.121311541728026 ], [ 25.13003707, 37.094506731714311 ], [ 25.15609467, 37.08984374171191 ], [ 25.10665298, 37.059151401696184 ] ], [ [ 25.09573746, 37.076700201705172 ], [ 25.09451795, 37.076211201704901 ], [ 25.093100549999985, 37.078022951705847 ], [ 25.094016429999989, 37.075206631704418 ], [ 25.09573746, 37.076700201705172 ] ], [ [ 24.49739087, 37.109524361722016 ], [ 24.51841915, 37.122047411728445 ], [ 24.51646423, 37.145848741740608 ], [ 24.52621913, 37.13231062173368 ], [ 24.53259015, 37.137984741736574 ], [ 24.53169847, 37.128784531731895 ], [ 24.53966868, 37.144376271739844 ], [ 24.53174281, 37.14943360174243 ], [ 24.53461647, 37.158713331747201 ], [ 24.52336061, 37.160907741748289 ], [ 24.5347867, 37.179460041757835 ], [ 24.52850413, 37.183756341759981 ], [ 24.53313732, 37.194220651765384 ], [ 24.51476562, 37.206166611771451 ], [ 24.49777317, 37.20287393176983 ], [ 24.49051905, 37.210171331773537 ], [ 24.48816025, 37.202803601769752 ], [ 24.47244465, 37.205052961770896 ], [ 24.47375214, 37.196023931766298 ], [ 24.45832491, 37.201246251768964 ], [ 24.4584316, 37.189692251763049 ], [ 24.44426823, 37.192895401764702 ], [ 24.44674051, 37.184229961760224 ], [ 24.44069731, 37.186024541761164 ], [ 24.44164705, 37.176904311756495 ], [ 24.42751992, 37.168596731752253 ], [ 24.43603444, 37.161648021748711 ], [ 24.4210571, 37.157771701746704 ], [ 24.42954314, 37.145365351740374 ], [ 24.424469469999988, 37.140799391738007 ], [ 24.43158007, 37.139742961737475 ], [ 24.41081011, 37.12389206172935 ], [ 24.43404365, 37.125277031730072 ], [ 24.44090891, 37.135143031735133 ], [ 24.449055550000011, 37.126052131730439 ], [ 24.46075082, 37.137510651736356 ], [ 24.45955193, 37.122199051728501 ], [ 24.48583031, 37.125495541730174 ], [ 24.49458933, 37.119004361726844 ], [ 24.48257434, 37.109138961721811 ], [ 24.49739087, 37.109524361722016 ] ], [ [ 25.53582466, 37.203337661770043 ], [ 25.49375367, 37.188447351762392 ], [ 25.46201146, 37.149020301742212 ], [ 25.43721223, 37.135661001735372 ], [ 25.41300821, 37.135357131735255 ], [ 25.39389706, 37.116727701725715 ], [ 25.37327385, 37.109307761721887 ], [ 25.37218797, 37.091068021712545 ], [ 25.36183035, 37.086724391710305 ], [ 25.34432614, 37.093899241714006 ], [ 25.33410132, 37.076246851704937 ], [ 25.34948444, 37.077063671705396 ], [ 25.37814236, 37.04088425168684 ], [ 25.36365712, 37.024963961678623 ], [ 25.37695277, 37.021700971677006 ], [ 25.39310932, 36.993434301662468 ], [ 25.38412094, 36.975054971653087 ], [ 25.39544225, 36.978461491654791 ], [ 25.42423773, 36.967350121649091 ], [ 25.42313945, 36.9314991116307 ], [ 25.4485172, 36.915823451622636 ], [ 25.47039056, 36.936491241633249 ], [ 25.48555398, 36.931071631630481 ], [ 25.49948704, 36.950567711640502 ], [ 25.55088913, 36.957989331644256 ], [ 25.56846583, 37.014764541673372 ], [ 25.57868433, 37.023334611677825 ], [ 25.58504546, 37.074357621703996 ], [ 25.60674405, 37.085583801709731 ], [ 25.59184015, 37.088445301711204 ], [ 25.59997451, 37.115684021725158 ], [ 25.58630025, 37.148627871742036 ], [ 25.53582466, 37.203337661770043 ] ], [ [ 26.76061463, 37.18871581176257 ], [ 26.7658174, 37.192642561764565 ], [ 26.76056623, 37.195660461766103 ], [ 26.75928783, 37.194474211765467 ], [ 26.76061463, 37.18871581176257 ] ], [ [ 26.75604844, 37.185099711760728 ], [ 26.75755036, 37.185161341760718 ], [ 26.75859523, 37.186691151761515 ], [ 26.75688994, 37.186464661761406 ], [ 26.75604844, 37.185099711760728 ] ], [ [ 25.69007635, 37.09191655171297 ], [ 25.69373417, 37.087338801710594 ], [ 25.68128502, 37.084146371709004 ], [ 25.70113182, 37.080637441707168 ], [ 25.69007635, 37.09191655171297 ] ], [ [ 25.70182848, 37.072671761703113 ], [ 25.70202065, 37.067916501700687 ], [ 25.70931935, 37.065117351699229 ], [ 25.70800304, 37.06957613170151 ], [ 25.70182848, 37.072671761703113 ] ], [ [ 26.92643392, 37.029673451681042 ], [ 26.93333316, 37.031667341682095 ], [ 26.934165, 37.035925861684284 ], [ 26.92502904, 37.032026641682329 ], [ 26.92643392, 37.029673451681042 ] ], [ [ 26.454601649999987, 37.016295901674205 ], [ 26.45616353, 37.01144885167173 ], [ 26.441262959999985, 37.011886941671932 ], [ 26.44328165, 37.006183851668993 ], [ 26.42815864, 37.012444721672232 ], [ 26.42379534, 37.002649541667189 ], [ 26.44150245, 36.99831950166498 ], [ 26.41897082, 36.991726511661618 ], [ 26.45370173, 36.989948141660705 ], [ 26.44580245, 36.998898501665302 ], [ 26.462711330000012, 37.004476061668143 ], [ 26.46866322, 36.996923441664272 ], [ 26.49766445, 36.997713911664654 ], [ 26.49259508, 37.008560531670227 ], [ 26.46465802, 37.010344611671137 ], [ 26.45886385, 37.024361361678338 ], [ 26.454601649999987, 37.016295901674205 ] ], [ [ 26.909211160000012, 37.017929311675026 ], [ 26.8840276, 37.011793131671894 ], [ 26.91645372, 36.999129401665407 ], [ 26.91753733, 36.98971461166056 ], [ 26.925115229999989, 37.007394661669629 ], [ 26.909211160000012, 37.017929311675026 ] ], [ [ 26.30890715, 36.98897373166016 ], [ 26.28274214, 36.983036271657127 ], [ 26.27049196, 36.987818831659617 ], [ 26.27600324, 36.982802741656997 ], [ 26.26911378, 36.974797831652936 ], [ 26.28860641, 36.969906321650427 ], [ 26.31171048, 36.982577311656883 ], [ 26.30890715, 36.98897373166016 ] ], [ [ 26.32105875, 36.983287321657265 ], [ 26.32617176, 36.983304851657266 ], [ 26.33048582, 36.985806451658604 ], [ 26.32476962, 36.988002051659699 ], [ 26.32105875, 36.983287321657265 ] ], [ [ 26.90789127, 36.975659841653375 ], [ 26.91250432, 36.973631851652293 ], [ 26.91538274, 36.975851051653464 ], [ 26.91249216, 36.978729831654917 ], [ 26.90789127, 36.975659841653375 ] ], [ [ 25.64041388, 36.987799631659591 ], [ 25.63524735, 36.987976541659677 ], [ 25.63369298, 36.985951531658671 ], [ 25.6390115, 36.98425256165779 ], [ 25.64041388, 36.987799631659591 ] ], [ [ 26.88267755, 37.003448831667605 ], [ 26.88820457, 37.003482931667676 ], [ 26.88944113, 37.006462801669166 ], [ 26.88188505, 37.005878441668848 ], [ 26.88267755, 37.003448831667605 ] ], [ [ 26.36322296, 36.991340751661426 ], [ 26.36546898, 36.993309371662413 ], [ 26.37524474, 36.995458951663529 ], [ 26.363530039999986, 36.993650311662584 ], [ 26.36322296, 36.991340751661426 ] ], [ [ 26.38442147, 36.993267051662365 ], [ 26.38192534, 36.99660670166412 ], [ 26.37598026, 36.996015061663826 ], [ 26.38088894, 36.994911901663222 ], [ 26.38442147, 36.993267051662365 ] ], [ [ 25.60977447, 36.953403941641959 ], [ 25.58772182, 36.940878141635494 ], [ 25.59670246, 36.928706641629255 ], [ 25.62520325, 36.93602001163304 ], [ 25.62703407, 36.946977721638646 ], [ 25.60977447, 36.953403941641959 ] ], [ [ 25.12130046, 36.96762036164926 ], [ 25.12344992, 36.972839701651921 ], [ 25.11282396, 36.974838841652975 ], [ 25.11604035, 36.967740531649284 ], [ 25.12130046, 36.96762036164926 ] ], [ [ 25.115526679999984, 36.97487246165295 ], [ 25.11855054, 36.976389521653729 ], [ 25.11831152, 36.978883731654989 ], [ 25.11421037, 36.97829710165469 ], [ 25.115526679999984, 36.97487246165295 ] ], [ [ 25.10913372, 36.976912251654028 ], [ 25.11344397, 36.978957641655036 ], [ 25.10841417, 36.981893291656583 ], [ 25.10688853, 36.977241151654212 ], [ 25.10913372, 36.976912251654028 ] ], [ [ 25.24273968, 36.989455331660437 ], [ 25.24508905, 36.989995951660717 ], [ 25.24364555, 36.996979461664282 ], [ 25.23581195, 36.991672031661572 ], [ 25.24273968, 36.989455331660437 ] ], [ [ 25.25815773, 37.007102241669521 ], [ 25.25649035, 37.003806701667791 ], [ 25.25768137, 37.001391041666572 ], [ 25.258992079999985, 37.003578651667702 ], [ 25.25815773, 37.007102241669521 ] ], [ [ 25.29953456, 37.154157751744833 ], [ 25.29380524, 37.152839531744164 ], [ 25.29555654, 37.149874321742658 ], [ 25.29908991000001, 37.151368011743415 ], [ 25.29953456, 37.154157751744833 ] ], [ [ 25.29094052, 37.153599251744538 ], [ 25.28930652, 37.152717221744119 ], [ 25.28943992, 37.150167101742817 ], [ 25.290838720000011, 37.150734411743137 ], [ 25.29094052, 37.153599251744538 ] ], [ [ 25.26745284, 37.154563541745048 ], [ 25.26961458, 37.15527355174541 ], [ 25.27215302, 37.160051931747901 ], [ 25.26656675, 37.15892016174729 ], [ 25.26745284, 37.154563541745048 ] ], [ [ 24.56214786, 37.145131461740228 ], [ 24.5595113, 37.144057741739665 ], [ 24.559420469999989, 37.139251941737193 ], [ 24.56545568, 37.141517751738363 ], [ 24.56214786, 37.145131461740228 ] ], [ [ 25.09830356, 36.996576661664072 ], [ 25.09574318, 36.99560200166357 ], [ 25.09963226, 36.993094431662328 ], [ 25.09960938, 36.996237151663905 ], [ 25.09830356, 36.996576661664072 ] ], [ [ 25.09581113, 37.044890751688861 ], [ 25.094473, 37.043189041688052 ], [ 25.09630466, 37.041843401687316 ], [ 25.09705257, 37.044060821688433 ], [ 25.09581113, 37.044890751688861 ] ], [ [ 24.96786404, 36.948740231639555 ], [ 24.96930075, 36.957682121644126 ], [ 24.962440250000011, 36.958546751644555 ], [ 24.95285034, 36.944369541637279 ], [ 24.96219242, 36.941998231636084 ], [ 24.96786404, 36.948740231639555 ] ], [ [ 24.98056603, 36.957373371644003 ], [ 24.99418366, 36.949411141639906 ], [ 24.99919796, 36.957325091643952 ], [ 25.01800597, 36.954387651642463 ], [ 25.03440428, 36.96403920164741 ], [ 25.01585555, 36.974432341652737 ], [ 25.00051916, 36.968543041649738 ], [ 24.98402476, 36.976787561653929 ], [ 24.98056603, 36.957373371644003 ] ], [ [ 25.01732504, 36.974785911652937 ], [ 25.02122617, 36.974626411652828 ], [ 25.02194417, 36.976085531653595 ], [ 25.01705945, 36.977723351654419 ], [ 25.01732504, 36.974785911652937 ] ], [ [ 25.603278639999985, 36.91475986162208 ], [ 25.60478878, 36.911026471620175 ], [ 25.60762751, 36.919481621624534 ], [ 25.60441732, 36.920096271624836 ], [ 25.603278639999985, 36.91475986162208 ] ], [ [ 25.90055764, 36.889651651609199 ], [ 25.88550067, 36.886624921607662 ], [ 25.91342485, 36.878976101603705 ], [ 25.92266917, 36.88529633160698 ], [ 25.93509281, 36.881558411605063 ], [ 25.92701244, 36.887520061608122 ], [ 25.90055764, 36.889651651609199 ] ], [ [ 25.89315927, 36.880991451604736 ], [ 25.89104486, 36.881014341604747 ], [ 25.88971627, 36.876845711602613 ], [ 25.89466417, 36.877571931602979 ], [ 25.89315927, 36.880991451604736 ] ], [ [ 25.69000685, 36.880515451604566 ], [ 25.68448305, 36.879326931603899 ], [ 25.68453431, 36.876808991602623 ], [ 25.69108307, 36.878128041603304 ], [ 25.69000685, 36.880515451604566 ] ], [ [ 25.63961554, 36.873735301601016 ], [ 25.63386858, 36.870946751599632 ], [ 25.63367927, 36.86919664159867 ], [ 25.63877893, 36.869719021598961 ], [ 25.63961554, 36.873735301601016 ] ], [ [ 25.62813425, 36.877716531603056 ], [ 25.62709486, 36.878946291603683 ], [ 25.62513185, 36.878005141603239 ], [ 25.62665224, 36.875893821602133 ], [ 25.62813425, 36.877716531603056 ] ], [ [ 25.63314474, 36.877890461603116 ], [ 25.63467622, 36.878550041603503 ], [ 25.63454533, 36.880783551604651 ], [ 25.63235283, 36.87985503160418 ], [ 25.63314474, 36.877890461603116 ] ], [ [ 25.622511740000011, 36.860061161593997 ], [ 25.62380183, 36.861804831594888 ], [ 25.62106407, 36.863592731595816 ], [ 25.62034023, 36.8606344415943 ], [ 25.622511740000011, 36.860061161593997 ] ], [ [ 25.54580057, 36.853817211590808 ], [ 25.54883683, 36.855891461591838 ], [ 25.54728115, 36.857142801592509 ], [ 25.54434526, 36.855096571591417 ], [ 25.54580057, 36.853817211590808 ] ], [ [ 25.48646355, 36.85389589159081 ], [ 25.48734164, 36.856964341592423 ], [ 25.48116517, 36.856444231592157 ], [ 25.48557091, 36.852846141590291 ], [ 25.48646355, 36.85389589159081 ] ], [ [ 25.51796067, 36.84346425158548 ], [ 25.51800728, 36.836802351582051 ], [ 25.52866757, 36.842738741585073 ], [ 25.52197588000001, 36.851660601589685 ], [ 25.51796067, 36.84346425158548 ] ], [ [ 25.67231286, 36.847797261587679 ], [ 25.67260885, 36.842353331584874 ], [ 25.69394815, 36.844782941586175 ], [ 25.68370748, 36.850373731589045 ], [ 25.67231286, 36.847797261587679 ] ], [ [ 25.6708281, 36.842124091584786 ], [ 25.66667211, 36.847625011587603 ], [ 25.65769684, 36.844163531585828 ], [ 25.66801465, 36.832215421579726 ], [ 25.67654896, 36.840541711583981 ], [ 25.6708281, 36.842124091584786 ] ], [ [ 25.52756274, 36.837017051582173 ], [ 25.52490354, 36.837171541582244 ], [ 25.52258706, 36.83209883157965 ], [ 25.52478504, 36.831634391579378 ], [ 25.52756274, 36.837017051582173 ] ], [ [ 25.79231465, 36.81815432157245 ], [ 25.79548192, 36.817191711571958 ], [ 25.79751635, 36.819439641573148 ], [ 25.78867352, 36.81929170157305 ], [ 25.79231465, 36.81815432157245 ] ], [ [ 25.7457664, 36.817482341572074 ], [ 25.7396878, 36.808698641567631 ], [ 25.74637365, 36.799426071562856 ], [ 25.75244558, 36.806130401566293 ], [ 25.7457664, 36.817482341572074 ] ], [ [ 25.41018295, 36.83021306157864 ], [ 25.40675867, 36.829441301578278 ], [ 25.40669894, 36.827903861577482 ], [ 25.41043246, 36.828004951577526 ], [ 25.41018295, 36.83021306157864 ] ], [ [ 25.30291867, 36.791664831558833 ], [ 25.27339673, 36.787899131556919 ], [ 25.25935972, 36.768253911546786 ], [ 25.25575042, 36.72696125152558 ], [ 25.24617815, 36.722201341523089 ], [ 25.25799167, 36.724596251524368 ], [ 25.25881827, 36.713747971518742 ], [ 25.27064252, 36.727118841525616 ], [ 25.26499224, 36.711681361517726 ], [ 25.29355001, 36.714291561519026 ], [ 25.28975117, 36.706019151514809 ], [ 25.30063307, 36.69293570150807 ], [ 25.31414652, 36.688131201505577 ], [ 25.31965292, 36.675871961499269 ], [ 25.32719696, 36.678054561500367 ], [ 25.32573652, 36.671213261496867 ], [ 25.33490312, 36.670460211496469 ], [ 25.3380419, 36.656172621489134 ], [ 25.35535073, 36.641754021481724 ], [ 25.36916637, 36.660116421491132 ], [ 25.386763809999987, 36.64662861148426 ], [ 25.39204252, 36.66225873149228 ], [ 25.38288963, 36.669505351496007 ], [ 25.39483035, 36.671084751496778 ], [ 25.38102877, 36.683882231503411 ], [ 25.38931036, 36.687616461505328 ], [ 25.38063252000001, 36.695395941509283 ], [ 25.40311766, 36.715794551519814 ], [ 25.38615727, 36.731683011527977 ], [ 25.36315918, 36.737881531531194 ], [ 25.36667681, 36.750331391537557 ], [ 25.35860086, 36.744500871534541 ], [ 25.33819282, 36.755268561540156 ], [ 25.33103514, 36.75240075153863 ], [ 25.329704399999986, 36.775011051550301 ], [ 25.30291867, 36.791664831558833 ] ], [ [ 25.11602914, 36.651541101486757 ], [ 25.17977786, 36.699762101511581 ], [ 25.18174446, 36.715341921519595 ], [ 25.13970017, 36.715952861519931 ], [ 25.09583473, 36.693556421508369 ], [ 25.05970705, 36.636549821479051 ], [ 25.07526493, 36.633613931477505 ], [ 25.11602914, 36.651541101486757 ] ], [ [ 25.05294144, 36.63441490147796 ], [ 25.05385375, 36.630403631475872 ], [ 25.05747104, 36.631790151476558 ], [ 25.05805135, 36.633638851477521 ], [ 25.05294144, 36.63441490147796 ] ], [ [ 25.67345393, 36.630519141475901 ], [ 25.68377757, 36.618760341469866 ], [ 25.69567084, 36.621491901471281 ], [ 25.6884768, 36.629279251475268 ], [ 25.67345393, 36.630519141475901 ] ], [ [ 25.01005542, 36.62231909147166 ], [ 25.021928549999988, 36.627130621474194 ], [ 25.031070949999989, 36.633945101477671 ], [ 25.01927638, 36.637323131479405 ], [ 25.00683033, 36.629292001475328 ], [ 25.01005542, 36.62231909147166 ] ], [ [ 24.647807960000012, 36.744022001534361 ], [ 24.66673195, 36.753315321539127 ], [ 24.66049111, 36.778881061552291 ], [ 24.61530721, 36.790342801558204 ], [ 24.60476136, 36.775050151550282 ], [ 24.61143553, 36.771982901548739 ], [ 24.61495745, 36.754505031539722 ], [ 24.647807960000012, 36.744022001534361 ] ], [ [ 24.57987714, 36.76085102154299 ], [ 24.57651675, 36.7567994515409 ], [ 24.57710588, 36.754751311539863 ], [ 24.58095634, 36.75858103154183 ], [ 24.57987714, 36.76085102154299 ] ], [ [ 24.60954487, 36.768403521546894 ], [ 24.6080209, 36.767016161546145 ], [ 24.61024857, 36.766412251545837 ], [ 24.61062086, 36.767757761546548 ], [ 24.60954487, 36.768403521546894 ] ], [ [ 24.58446264, 36.773520701549494 ], [ 24.58508515, 36.776207201550918 ], [ 24.58057261, 36.775790441550718 ], [ 24.58100104, 36.772321811548878 ], [ 24.58446264, 36.773520701549494 ] ], [ [ 24.39229167, 36.778865921552246 ], [ 24.39424705, 36.781463141553573 ], [ 24.388553019999989, 36.780027141552871 ], [ 24.38981056, 36.778288831551961 ], [ 24.39229167, 36.778865921552246 ] ], [ [ 24.39990187, 36.779201501552457 ], [ 24.40342593, 36.781095611553425 ], [ 24.40159667, 36.785681951555731 ], [ 24.397482159999985, 36.780876031553333 ], [ 24.39990187, 36.779201501552457 ] ], [ [ 24.98599374, 36.610636341465685 ], [ 24.99286485, 36.614302031467552 ], [ 24.991031049999989, 36.616223441468541 ], [ 24.98606324, 36.61274981146677 ], [ 24.98599374, 36.610636341465685 ] ], [ [ 26.34213364, 36.615295161468055 ], [ 26.33778596, 36.612743841466759 ], [ 26.36330211, 36.591955061456026 ], [ 26.35415363, 36.610883111465824 ], [ 26.34213364, 36.615295161468055 ] ], [ [ 24.95823503, 36.609606141465186 ], [ 24.95700574, 36.609331361465038 ], [ 24.95591855, 36.608075611464379 ], [ 24.95943618, 36.608062621464363 ], [ 24.95823503, 36.609606141465186 ] ], [ [ 27.79192984, 36.629590861475457 ], [ 27.79380655, 36.630036221475706 ], [ 27.79282165, 36.632179851476764 ], [ 27.7916857, 36.631346331476337 ], [ 27.79192984, 36.629590861475457 ] ], [ [ 27.16750395, 36.61893784146995 ], [ 27.12773085, 36.60827314146443 ], [ 27.122883319999989, 36.571329461445394 ], [ 27.13420975, 36.57209074144577 ], [ 27.1344105, 36.562790031441047 ], [ 27.19335103, 36.556628101437859 ], [ 27.21449876, 36.584870211452412 ], [ 27.19065034, 36.618279331469601 ], [ 27.16750395, 36.61893784146995 ] ], [ [ 27.75957167, 36.579078431449453 ], [ 27.76452684, 36.580388891450113 ], [ 27.76472604, 36.582425351451135 ], [ 27.76103938, 36.581944221450854 ], [ 27.75957167, 36.579078431449453 ] ], [ [ 27.75085735, 36.570768701445139 ], [ 27.7536118, 36.57162177144555 ], [ 27.7551738, 36.575021021447313 ], [ 27.75246334, 36.574475401447046 ], [ 27.75085735, 36.570768701445139 ] ], [ [ 27.74613202, 36.567818391443595 ], [ 27.747818349999989, 36.568027611443753 ], [ 27.74840403, 36.569466941444482 ], [ 27.74682975, 36.568951721444193 ], [ 27.74613202, 36.567818391443595 ] ], [ [ 27.74662065, 36.559584971439385 ], [ 27.74852693, 36.560497041439859 ], [ 27.74559355, 36.561715951440476 ], [ 27.7451508, 36.560518141439815 ], [ 27.74662065, 36.559584971439385 ] ], [ [ 26.45534146, 36.556516041437803 ], [ 26.44914508, 36.555036541437033 ], [ 26.4378618, 36.546764601432749 ], [ 26.44926512, 36.545335641432047 ], [ 26.45534146, 36.556516041437803 ] ], [ [ 26.40935802, 36.545730941432232 ], [ 26.40588117, 36.550880661434888 ], [ 26.40059614, 36.550933231434911 ], [ 26.40099633, 36.545480121432099 ], [ 26.40935802, 36.545730941432232 ] ], [ [ 26.39862061, 36.558815831438977 ], [ 26.39276445, 36.569158311444305 ], [ 26.390565039999988, 36.569687001444578 ], [ 26.39150023, 36.560764301439974 ], [ 26.39862061, 36.558815831438977 ] ], [ [ 27.06305313, 36.568438161443908 ], [ 27.07703185, 36.56615709144274 ], [ 27.08327985, 36.572445141446003 ], [ 27.06976652, 36.57390820144677 ], [ 27.06305313, 36.568438161443908 ] ], [ [ 26.39984596, 36.568161001443798 ], [ 26.39934957, 36.560868131440024 ], [ 26.40407765, 36.560777531439989 ], [ 26.40700555, 36.565142141442287 ], [ 26.39984596, 36.568161001443798 ] ], [ [ 27.032133579999989, 36.594954961457574 ], [ 27.029495, 36.589879621455012 ], [ 27.04332554, 36.580101841449952 ], [ 27.04358137, 36.593447561456827 ], [ 27.032133579999989, 36.594954961457574 ] ], [ [ 26.44925642, 36.540177341429377 ], [ 26.45242143, 36.540823331429721 ], [ 26.45188797, 36.542886371430761 ], [ 26.4505589, 36.542224991430459 ], [ 26.44925642, 36.540177341429377 ] ], [ [ 26.45172644, 36.53522383142684 ], [ 26.45403516, 36.536340231427424 ], [ 26.45383155, 36.53732346142791 ], [ 26.45171797, 36.536743751427622 ], [ 26.45172644, 36.53522383142684 ] ], [ [ 27.84879124, 36.521064751419502 ], [ 27.85107946, 36.521511431419725 ], [ 27.848907349999987, 36.523927441420987 ], [ 27.84804213, 36.52289545142046 ], [ 27.84879124, 36.521064751419502 ] ], [ [ 25.91024756, 36.81859194157267 ], [ 25.90849876, 36.817391741572074 ], [ 25.91085362, 36.815966831571345 ], [ 25.91190398, 36.817945711572342 ], [ 25.91024756, 36.81859194157267 ] ], [ [ 26.92114401, 36.889435761609072 ], [ 26.91787601, 36.88821935160847 ], [ 26.92247355, 36.884002321606289 ], [ 26.92385733, 36.88869404160873 ], [ 26.92114401, 36.889435761609072 ] ], [ [ 26.16789627, 36.902465811615798 ], [ 26.16780055, 36.900011651614506 ], [ 26.17135942, 36.898698441613838 ], [ 26.1721549, 36.901412951615242 ], [ 26.16789627, 36.902465811615798 ] ], [ [ 26.16957498, 36.909153571619228 ], [ 26.16678596, 36.912641161620996 ], [ 26.16086161, 36.906924831618078 ], [ 26.16660726, 36.904811731616974 ], [ 26.16957498, 36.909153571619228 ] ], [ [ 26.93513632, 36.930849901630346 ], [ 26.93829465, 36.931700931630786 ], [ 26.93855405, 36.932695021631304 ], [ 26.93500352, 36.932878131631405 ], [ 26.93513632, 36.930849901630346 ] ], [ [ 27.09672618, 36.950987211640687 ], [ 27.08953691, 36.945424551637835 ], [ 27.09458947, 36.933101641631545 ], [ 27.09895146, 36.936167111633111 ], [ 27.09672618, 36.950987211640687 ] ], [ [ 27.05840647, 36.956007231643262 ], [ 27.05738115, 36.956236351643398 ], [ 27.05565107, 36.954487431642498 ], [ 27.05798495, 36.953846561642166 ], [ 27.05840647, 36.956007231643262 ] ], [ [ 27.06561995, 37.084414231709111 ], [ 27.06592596, 37.082110041707928 ], [ 27.06884205, 37.081720221707748 ], [ 27.06684184, 37.082803841708284 ], [ 27.06561995, 37.084414231709111 ] ], [ [ 25.830392119999988, 37.125098931730001 ], [ 25.83409071, 37.122528901728636 ], [ 25.83753514, 37.123736851729298 ], [ 25.83531284, 37.128985631731958 ], [ 25.830392119999988, 37.125098931730001 ] ], [ [ 27.28293395, 36.484233731400529 ], [ 27.29092407, 36.477753751397202 ], [ 27.30040252, 36.482724301399777 ], [ 27.28876042, 36.485461461401187 ], [ 27.28293395, 36.484233731400529 ] ], [ [ 27.34679556, 36.479800931398238 ], [ 27.32921433, 36.457219351386591 ], [ 27.30531633, 36.464831941390536 ], [ 27.30766761, 36.473182551394835 ], [ 27.29785538, 36.468917001392626 ], [ 27.29263544, 36.424258341369594 ], [ 27.31032395, 36.42308270136899 ], [ 27.31937647, 36.406326171360327 ], [ 27.32433224, 36.422427761368638 ], [ 27.35387635, 36.432306401373765 ], [ 27.36225545, 36.391597021352752 ], [ 27.37277305, 36.402011621358106 ], [ 27.37921524, 36.377178301345317 ], [ 27.38915217, 36.385723821349728 ], [ 27.39459395, 36.374573341343918 ], [ 27.40334475, 36.38542043134958 ], [ 27.40519655, 36.379230131346333 ], [ 27.44038582000001, 36.393156641353528 ], [ 27.45162797, 36.405465351359901 ], [ 27.44250536, 36.415626401365152 ], [ 27.43238366, 36.415365211365 ], [ 27.42719984, 36.401630871357909 ], [ 27.40815854, 36.419602261367217 ], [ 27.398235679999988, 36.409479371361975 ], [ 27.38689554, 36.414589511364611 ], [ 27.40056562, 36.441532601378498 ], [ 27.39407754, 36.434182991374676 ], [ 27.38765037, 36.437495221376437 ], [ 27.360135320000012, 36.481417171399094 ], [ 27.34679556, 36.479800931398238 ] ], [ [ 27.46565735, 36.374634611343971 ], [ 27.45369482, 36.36340236133821 ], [ 27.45240951, 36.35788404133536 ], [ 27.47076416, 36.377740971345574 ], [ 27.46565735, 36.374634611343971 ] ], [ [ 26.68051326, 36.360594621336745 ], [ 26.65405905, 36.355709071334246 ], [ 26.66717374, 36.339881651326074 ], [ 26.66185617, 36.342573041327405 ], [ 26.66096091, 36.335516921323801 ], [ 26.67358005, 36.328692551320302 ], [ 26.67804527, 36.336130251324143 ], [ 26.68259084, 36.324065441317892 ], [ 26.69829762, 36.339870441326028 ], [ 26.68051326, 36.360594621336745 ] ], [ [ 26.72948194, 36.32448315131812 ], [ 26.73109424, 36.325184101318449 ], [ 26.72980583, 36.326889861319344 ], [ 26.72882485, 36.325698251318741 ], [ 26.72948194, 36.32448315131812 ] ], [ [ 25.445912239999988, 36.333082311322578 ], [ 25.48531246, 36.360109441336526 ], [ 25.48733306, 36.407757031361079 ], [ 25.42254496000001, 36.474551671395517 ], [ 25.38323331, 36.482100001399445 ], [ 25.36760735, 36.470510231393447 ], [ 25.36922097, 36.460132231388087 ], [ 25.41291153, 36.458640801387332 ], [ 25.42302692, 36.445956701380773 ], [ 25.41274774, 36.429304951372224 ], [ 25.42358172, 36.426745641370886 ], [ 25.43376577, 36.391767851352824 ], [ 25.41300046, 36.361973631337463 ], [ 25.37887073, 36.367397661340256 ], [ 25.35419285, 36.357743131335262 ], [ 25.3845427, 36.346731061329557 ], [ 25.422809, 36.345394601328898 ], [ 25.445912239999988, 36.333082311322578 ] ], [ [ 25.35067797, 36.38504814134938 ], [ 25.348777770000012, 36.385487671349594 ], [ 25.34431791, 36.38203250134778 ], [ 25.35001135, 36.382223831347908 ], [ 25.35067797, 36.38504814134938 ] ], [ [ 25.38665581, 36.393555631353777 ], [ 25.380272869999988, 36.40200530135813 ], [ 25.371567249999988, 36.398873441356521 ], [ 25.38121557, 36.392123091353021 ], [ 25.38665581, 36.393555631353777 ] ], [ [ 25.39602196, 36.393749941353853 ], [ 25.40609825, 36.396254651355122 ], [ 25.41117346, 36.409903641362163 ], [ 25.39100671, 36.416169391365401 ], [ 25.38616204, 36.398124331356144 ], [ 25.39602196, 36.393749941353853 ] ], [ [ 25.35057175, 36.415893551365286 ], [ 25.3468734, 36.432582611373924 ], [ 25.35892975, 36.441860431378693 ], [ 25.34296107, 36.460134141388117 ], [ 25.32333636, 36.431493751373317 ], [ 25.32374477, 36.419175851366951 ], [ 25.35241747, 36.408130521361279 ], [ 25.35057175, 36.415893551365286 ] ], [ [ 26.61474538, 36.421346061368112 ], [ 26.61708724, 36.419973241367394 ], [ 26.62475836, 36.419903031367362 ], [ 26.62080336, 36.423855411369381 ], [ 26.61474538, 36.421346061368112 ] ], [ [ 26.60218215, 36.419910541367358 ], [ 26.59890056, 36.421095841367965 ], [ 26.59435725, 36.418305151366518 ], [ 26.59932196, 36.417009341365812 ], [ 26.60218215, 36.419910541367358 ] ], [ [ 25.75755274, 36.393944131353926 ], [ 25.72601032, 36.366188041339619 ], [ 25.73566341, 36.353163951332924 ], [ 25.76952851, 36.341501941326875 ], [ 25.82199967, 36.354279031333476 ], [ 25.84336722, 36.344148741328233 ], [ 25.85865891, 36.354380121333534 ], [ 25.83062875, 36.360581031336714 ], [ 25.82688725, 36.372389431342818 ], [ 25.77983296, 36.392795311353403 ], [ 25.76684666, 36.406040061360173 ], [ 25.75755274, 36.393944131353926 ] ], [ [ 25.79947734, 36.312584391311958 ], [ 25.79764414, 36.311465251311375 ], [ 25.79370928, 36.311680661311485 ], [ 25.80296147, 36.30983757131056 ], [ 25.79947734, 36.312584391311958 ] ], [ [ 26.74039066, 36.303622831307315 ], [ 26.7360723, 36.29856144130472 ], [ 26.74300003, 36.29272472130171 ], [ 26.74389756, 36.301270241306113 ], [ 26.74039066, 36.303622831307315 ] ], [ [ 26.76104605, 36.298284041304569 ], [ 26.76233673, 36.300864811305949 ], [ 26.75522304, 36.303374521307219 ], [ 26.75552106, 36.300613151305782 ], [ 26.76104605, 36.298284041304569 ] ], [ [ 26.74478173, 36.290558451300591 ], [ 26.73791122, 36.284163351297309 ], [ 26.75355017, 36.282093511296218 ], [ 26.74948704, 36.287695521299113 ], [ 26.74478173, 36.290558451300591 ] ], [ [ 27.70664644, 36.283419361296893 ], [ 27.69380486, 36.280464761295399 ], [ 27.68404734, 36.2628961712863 ], [ 27.70866001, 36.269110671289504 ], [ 27.70511126, 36.254942531282168 ], [ 27.69441664, 36.257459511283493 ], [ 27.70292318, 36.243653761276363 ], [ 27.72497725, 36.281055441295685 ], [ 27.70664644, 36.283419361296893 ] ], [ [ 27.77092826, 36.26504313128742 ], [ 27.76254821, 36.256925811283217 ], [ 27.76078701, 36.252401941280873 ], [ 27.77383065, 36.26122044128546 ], [ 27.77092826, 36.26504313128742 ] ], [ [ 27.76622617, 36.243973131276526 ], [ 27.77174485, 36.240447151274687 ], [ 27.774928449999987, 36.242304791275686 ], [ 27.77188826, 36.245077121277127 ], [ 27.76622617, 36.243973131276526 ] ], [ [ 27.61867094, 36.243504991276275 ], [ 27.59761918, 36.248286831278769 ], [ 27.55590391, 36.23766004127328 ], [ 27.55380881, 36.243129121276091 ], [ 27.51988888, 36.238367671273629 ], [ 27.51872206, 36.206879961257378 ], [ 27.55565643, 36.218519441263368 ], [ 27.58103645, 36.216197241262144 ], [ 27.581104039999989, 36.205525871256668 ], [ 27.58568156, 36.215774411261968 ], [ 27.60484493, 36.222164501265247 ], [ 27.61554682, 36.214191311261118 ], [ 27.61347461, 36.223075141265731 ], [ 27.62540615, 36.225535741267002 ], [ 27.61867094, 36.243504991276275 ] ], [ [ 27.70476401, 36.22454463126649 ], [ 27.70081365, 36.222735041265537 ], [ 27.70268726, 36.219574801263931 ], [ 27.70963407, 36.222864741265617 ], [ 27.70476401, 36.22454463126649 ] ], [ [ 27.62791216, 36.222638241265507 ], [ 27.62427843, 36.219448201263837 ], [ 27.6267246, 36.215679521261933 ], [ 27.63303387, 36.217858541263048 ], [ 27.62791216, 36.222638241265507 ] ], [ [ 27.67524362, 36.216431131262283 ], [ 27.67293096, 36.213687531260881 ], [ 27.67321324, 36.212959991260519 ], [ 27.6765213, 36.213825691260972 ], [ 27.67524362, 36.216431131262283 ] ], [ [ 27.62003708, 36.214915741261521 ], [ 27.61945558, 36.215217101261636 ], [ 27.61764646, 36.214177841261098 ], [ 27.619536279999988, 36.213821641260949 ], [ 27.62003708, 36.214915741261521 ] ], [ [ 23.11186945, 36.2261290512673 ], [ 23.10410166, 36.222777001265584 ], [ 23.11352766, 36.21852886126338 ], [ 23.11670065, 36.220201241264228 ], [ 23.11186945, 36.2261290512673 ] ], [ [ 25.2153126, 36.237609141273253 ], [ 25.20854187, 36.236454831272646 ], [ 25.21002972, 36.233254901270982 ], [ 25.21653116, 36.232182611270403 ], [ 25.2153126, 36.237609141273253 ] ], [ [ 23.11958492, 36.236816161272813 ], [ 23.11155045, 36.237796531273325 ], [ 23.10991001, 36.234284031271542 ], [ 23.11888075, 36.233384241271047 ], [ 23.11958492, 36.236816161272813 ] ], [ [ 25.19984984, 36.243170851276105 ], [ 25.212141039999988, 36.248760331278994 ], [ 25.20446634, 36.259377231284496 ], [ 25.19585586, 36.247367971278273 ], [ 25.19984984, 36.243170851276105 ] ], [ [ 27.65221572, 36.25119137128025 ], [ 27.65844762, 36.253393041281413 ], [ 27.65689385, 36.261232841285434 ], [ 27.64880097, 36.259310361284435 ], [ 27.65221572, 36.25119137128025 ] ], [ [ 27.63833642, 36.248976221279115 ], [ 27.64047134, 36.249733201279497 ], [ 27.64064407, 36.25109254128018 ], [ 27.63871884, 36.250447741279849 ], [ 27.63833642, 36.248976221279115 ] ], [ [ 27.65606415, 36.249045961279144 ], [ 27.65525627, 36.246610631277889 ], [ 27.65832281, 36.245855441277499 ], [ 27.65738177, 36.24878620127901 ], [ 27.65606415, 36.249045961279144 ] ], [ [ 23.08089185, 36.262519111286124 ], [ 23.08621895, 36.266955131288398 ], [ 23.0797075, 36.275219551292665 ], [ 23.07702792, 36.270214551290067 ], [ 23.08089185, 36.262519111286124 ] ], [ [ 25.822996619999987, 36.271564831290746 ], [ 25.8307023, 36.264758931287261 ], [ 25.84032273, 36.273269641291655 ], [ 25.82394207, 36.278180831294186 ], [ 25.822996619999987, 36.271564831290746 ] ], [ [ 25.88818765, 36.27365385129184 ], [ 25.87738848, 36.272405261291198 ], [ 25.88192415, 36.265124311287451 ], [ 25.89777911, 36.275044431292578 ], [ 25.88818765, 36.27365385129184 ] ], [ [ 27.6769911, 36.265485511287615 ], [ 27.67480886, 36.263777371286736 ], [ 27.67734146, 36.262569541286098 ], [ 27.67866194, 36.264997351287413 ], [ 27.6769911, 36.265485511287615 ] ], [ [ 23.09642124, 36.26429986128705 ], [ 23.09372342, 36.266208041287989 ], [ 23.09225845, 36.264334191287062 ], [ 23.09517503, 36.262857431286292 ], [ 23.09642124, 36.26429986128705 ] ], [ [ 27.67182851, 36.197981821252753 ], [ 27.67374635, 36.197881091252682 ], [ 27.67436051, 36.198650951253093 ], [ 27.67010784, 36.199497811253543 ], [ 27.67182851, 36.197981821252753 ] ], [ [ 27.69156682, 36.140269631222928 ], [ 27.69342184, 36.141162741223418 ], [ 27.69107056, 36.142952911224327 ], [ 27.69055414, 36.142324801223971 ], [ 27.69156682, 36.140269631222928 ] ], [ [ 27.70096886, 36.110334741207467 ], [ 27.70336056, 36.110773911207673 ], [ 27.70330262, 36.112357841208521 ], [ 27.70062804, 36.113034721208862 ], [ 27.70096886, 36.110334741207467 ] ], [ [ 26.39138675, 36.07926344119138 ], [ 26.40124035, 36.065421451184235 ], [ 26.40862167, 36.064716211183914 ], [ 26.40603554, 36.077515951190492 ], [ 26.39138675, 36.07926344119138 ] ], [ [ 26.40427494, 36.056537501179655 ], [ 26.40612066, 36.056501141179652 ], [ 26.4059509, 36.058301201180591 ], [ 26.40337968, 36.057580341180184 ], [ 26.40427494, 36.056537501179655 ] ], [ [ 26.41089046, 36.044133061173227 ], [ 26.41196024, 36.045442811173928 ], [ 26.40927017, 36.051538341177057 ], [ 26.40812516, 36.04565393117403 ], [ 26.41089046, 36.044133061173227 ] ], [ [ 26.43482375, 35.999867551150324 ], [ 26.43629396, 36.000408641150599 ], [ 26.43604326, 36.001595851151215 ], [ 26.43500114, 36.001478421151162 ], [ 26.43482375, 35.999867551150324 ] ], [ [ 27.70260513, 35.988351101144367 ], [ 27.705807449999988, 35.988765471144617 ], [ 27.70835876, 35.990652911145602 ], [ 27.70502281, 35.990364541145432 ], [ 27.70260513, 35.988351101144367 ] ], [ [ 23.24866414, 35.976856221138434 ], [ 23.2420063, 35.976389401138199 ], [ 23.24287307, 35.971614951135713 ], [ 23.25169134, 35.973087541136493 ], [ 23.24866414, 35.976856221138434 ] ], [ [ 27.70106184, 35.934220301116383 ], [ 27.70327663, 35.934912911116761 ], [ 27.70368826, 35.935891621117264 ], [ 27.70007181, 35.936663501117657 ], [ 27.70106184, 35.934220301116383 ] ], [ [ 26.83497763, 35.90848600110305 ], [ 26.83731174, 35.90939294110354 ], [ 26.83620203, 35.910889141104292 ], [ 26.834738850000011, 35.91061460110415 ], [ 26.83497763, 35.90848600110305 ] ], [ [ 27.22692251, 35.906174411101887 ], [ 27.21644378, 35.901527161099459 ], [ 27.21523654, 35.878273831087427 ], [ 27.18514466, 35.858809941077368 ], [ 27.21074522, 35.836037741065546 ], [ 27.231978179999988, 35.839758861067494 ], [ 27.23388815, 35.828895201061854 ], [ 27.23999131, 35.829761501062308 ], [ 27.24140215, 35.851891631073798 ], [ 27.23154986, 35.874553911085478 ], [ 27.24169886, 35.898580901097958 ], [ 27.22692251, 35.906174411101887 ] ], [ [ 26.22433591, 35.8554741010756 ], [ 26.22755504, 35.860585321078275 ], [ 26.23858035, 35.864600651080359 ], [ 26.228669639999985, 35.865818011080997 ], [ 26.22433591, 35.8554741010756 ] ], [ [ 26.82521617, 35.873355261084917 ], [ 26.82857704, 35.874613991085553 ], [ 26.82449675, 35.877578371087033 ], [ 26.82210088, 35.873871441085186 ], [ 26.82521617, 35.873355261084917 ] ], [ [ 26.82349133, 35.879085051087884 ], [ 26.82686996, 35.892159451094614 ], [ 26.81806064, 35.88860105109277 ], [ 26.81746125, 35.895991431096583 ], [ 26.81319606, 35.887974851092466 ], [ 26.82349133, 35.879085051087884 ] ], [ [ 26.46030104, 35.827216851060996 ], [ 26.46668291, 35.820905561057735 ], [ 26.47124875, 35.825071321059902 ], [ 26.46381903, 35.828934541061891 ], [ 26.46030104, 35.827216851060996 ] ], [ [ 26.45784557, 35.825235001059973 ], [ 26.453588960000012, 35.826296201060522 ], [ 26.45309103, 35.820735331057676 ], [ 26.45754886, 35.823732961059214 ], [ 26.45784557, 35.825235001059973 ] ], [ [ 23.93167722, 35.543080440913918 ], [ 23.92624545, 35.539581770912079 ], [ 23.92457175, 35.529613600906913 ], [ 23.94060147, 35.5386277309116 ], [ 23.93167722, 35.543080440913918 ] ], [ [ 25.57646096, 35.598934400942845 ], [ 25.57768786, 35.599690070943183 ], [ 25.57440221, 35.600695360943753 ], [ 25.5746932, 35.59936785094304 ], [ 25.57646096, 35.598934400942845 ] ], [ [ 27.05434787, 35.599080430942905 ], [ 27.05471206, 35.594313730940449 ], [ 27.05975938, 35.595772730941157 ], [ 27.05933905, 35.597569810942119 ], [ 27.05434787, 35.599080430942905 ] ], [ [ 24.17780113, 35.499883760891542 ], [ 24.17832065, 35.49844514089078 ], [ 24.18244851, 35.498352400890731 ], [ 24.18073022, 35.500728240892009 ], [ 24.17780113, 35.499883760891542 ] ], [ [ 24.14971006, 35.491023770886919 ], [ 24.15015018, 35.489016640885914 ], [ 24.15290356, 35.485562550884111 ], [ 24.15384984, 35.490216840886539 ], [ 24.14971006, 35.491023770886919 ] ], [ [ 25.21024716, 35.456861010869261 ], [ 25.184492830000011, 35.447744240864544 ], [ 25.18477201, 35.441153040861117 ], [ 25.19386375, 35.443537940862356 ], [ 25.20030963, 35.435543050858186 ], [ 25.20605946, 35.441223850861157 ], [ 25.21222913, 35.432536950856637 ], [ 25.22174156, 35.438835730859928 ], [ 25.24070716, 35.423543560852004 ], [ 25.24073947, 35.445985430863644 ], [ 25.24965835, 35.451038950866241 ], [ 25.21654797, 35.466848720874431 ], [ 25.21024716, 35.456861010869261 ] ], [ [ 26.910483, 35.45742284086954 ], [ 26.91363454, 35.458561290870144 ], [ 26.91145945, 35.460334770871079 ], [ 26.9094516, 35.458663930870173 ], [ 26.910483, 35.45742284086954 ] ], [ [ 26.90199757, 35.45682775086923 ], [ 26.89169693, 35.451936240866672 ], [ 26.89149904, 35.449084870865214 ], [ 26.90012765, 35.452870240867171 ], [ 26.90199757, 35.45682775086923 ] ], [ [ 26.88245547, 35.445924750863597 ], [ 26.88513136, 35.444822900863016 ], [ 26.88643861, 35.445411200863333 ], [ 26.88462961, 35.446917400864088 ], [ 26.88245547, 35.445924750863597 ] ], [ [ 26.852407459999988, 35.441944950861547 ], [ 26.84066343, 35.43606995085851 ], [ 26.87552857, 35.431435220856059 ], [ 26.871840949999985, 35.443496340862303 ], [ 26.852407459999988, 35.441944950861547 ] ], [ [ 27.01239455, 35.43727123085911 ], [ 27.01411366, 35.438130730859562 ], [ 27.01671755, 35.438696020859865 ], [ 27.013660069999986, 35.439501630860278 ], [ 27.01239455, 35.43727123085911 ] ], [ [ 26.99911022, 35.433951610857392 ], [ 26.933300379999988, 35.417095290848678 ], [ 26.90318024, 35.42197095085119 ], [ 26.84847486, 35.371574750825083 ], [ 26.84724176, 35.347189060812482 ], [ 26.8827883, 35.33891093080814 ], [ 26.90833771, 35.362791050820526 ], [ 26.93160844, 35.36283289082057 ], [ 26.95663714, 35.391397820835337 ], [ 26.97443473, 35.391347160835302 ], [ 27.00042331, 35.408611530844261 ], [ 27.00295162, 35.425880660853181 ], [ 27.01564145, 35.431965940856351 ], [ 26.99911022, 35.433951610857392 ] ], [ [ 26.1811403, 35.339339720808383 ], [ 26.191962, 35.348770730813264 ], [ 26.17855656, 35.355747810816879 ], [ 26.15929377, 35.333902110805589 ], [ 26.1811403, 35.339339720808383 ] ], [ [ 26.18005347, 35.357586140817851 ], [ 26.17893291, 35.359806650818989 ], [ 26.17675996, 35.356980190817531 ], [ 26.17803085, 35.356362330817184 ], [ 26.18005347, 35.357586140817851 ] ], [ [ 26.82296395, 35.359248510818681 ], [ 26.828130839999989, 35.358877530818511 ], [ 26.83396423, 35.363156550820733 ], [ 26.82359397, 35.363070840820662 ], [ 26.82296395, 35.359248510818681 ] ], [ [ 26.83673775, 35.35894095081855 ], [ 26.83891535, 35.357764950817938 ], [ 26.84113097, 35.35947775081879 ], [ 26.83793235, 35.359653940818909 ], [ 26.83673775, 35.35894095081855 ] ], [ [ 26.17113233, 35.373538250826094 ], [ 26.17692995, 35.374499310826565 ], [ 26.17467475, 35.382810110830881 ], [ 26.16967845, 35.374285570826466 ], [ 26.17113233, 35.373538250826094 ] ], [ [ 26.8333292, 35.428707950854673 ], [ 26.83932698, 35.430284970855503 ], [ 26.83967638, 35.431210870855978 ], [ 26.83427024, 35.430966730855864 ], [ 26.8333292, 35.428707950854673 ] ], [ [ 26.8414855, 35.430886620855787 ], [ 26.84367812, 35.43175613085625 ], [ 26.84202254, 35.433953040857389 ], [ 26.84067106, 35.43255161085667 ], [ 26.8414855, 35.430886620855787 ] ], [ [ 25.27662265, 35.435782540858327 ], [ 25.27542996, 35.435890430858407 ], [ 25.27461648, 35.434535610857694 ], [ 25.27673841, 35.434434760857648 ], [ 25.27662265, 35.435782540858327 ] ], [ [ 26.17866421, 35.332297790804724 ], [ 26.15534651, 35.328354350802705 ], [ 26.15513361, 35.324663870800784 ], [ 26.18701935, 35.325367440801145 ], [ 26.18783212, 35.333070630805118 ], [ 26.17866421, 35.332297790804724 ] ], [ [ 25.73826015, 35.295672410785755 ], [ 25.74011886, 35.29646336078617 ], [ 25.73874807, 35.2996071507878 ], [ 25.73715174, 35.297498220786728 ], [ 25.73826015, 35.295672410785755 ] ], [ [ 25.73670971, 35.280904400778091 ], [ 25.74246347, 35.279921640777602 ], [ 25.73538876, 35.257442110766014 ], [ 25.75886536, 35.25008475076217 ], [ 25.75206041, 35.261955250768324 ], [ 25.75755525, 35.276570430775891 ], [ 25.74947584, 35.274822940774975 ], [ 25.75960267, 35.286096210780819 ], [ 25.7404232, 35.294610610785242 ], [ 25.73670971, 35.280904400778091 ] ], [ [ 25.76048052, 35.260729660767701 ], [ 25.76331985, 35.266323440770549 ], [ 25.762203339999989, 35.267942300771423 ], [ 25.75999451, 35.265319340770048 ], [ 25.76048052, 35.260729660767701 ] ], [ [ 25.73114705, 35.201759920737175 ], [ 25.72704482, 35.19492685073363 ], [ 25.73172557, 35.193385230732801 ], [ 25.73559213, 35.198533640735498 ], [ 25.73114705, 35.201759920737175 ] ], [ [ 25.86487567, 35.19379114073304 ], [ 25.85741508, 35.191711530731965 ], [ 25.85317385, 35.182346100727102 ], [ 25.86288786, 35.182608240727234 ], [ 25.87172556, 35.197465290734954 ], [ 25.86487567, 35.19379114073304 ] ], [ [ 25.90551424, 35.188234800730122 ], [ 25.90533686, 35.185639010728828 ], [ 25.90833855, 35.186647050729334 ], [ 25.90826654, 35.188237900730151 ], [ 25.90551424, 35.188234800730122 ] ], [ [ 25.76290274, 35.129267330699619 ], [ 25.76372802, 35.129334560699689 ], [ 25.76306403, 35.130396360700189 ], [ 25.76279414, 35.129951820700015 ], [ 25.76290274, 35.129267330699619 ] ], [ [ 26.33175588, 35.274687640774886 ], [ 26.34013033, 35.266618000770734 ], [ 26.35346675, 35.271586650773287 ], [ 26.33330631, 35.282154190778783 ], [ 26.33175588, 35.274687640774886 ] ], [ [ 26.29352582, 35.203531140738058 ], [ 26.29658306, 35.202653520737634 ], [ 26.30390012, 35.209350340741068 ], [ 26.29865515, 35.208600390740663 ], [ 26.29352582, 35.203531140738058 ] ], [ [ 28.03655803, 36.557893031438532 ], [ 28.03548145, 36.558935631439041 ], [ 28.03542531, 36.554538841436781 ], [ 28.03656125, 36.555394521437229 ], [ 28.03655803, 36.557893031438532 ] ], [ [ 28.04127812, 36.562499991440866 ], [ 28.03665066, 36.562641611440974 ], [ 28.03596103, 36.561131351440174 ], [ 28.03712821, 36.560852641440036 ], [ 28.04127812, 36.562499991440866 ] ], [ [ 28.12984371, 36.599242801459823 ], [ 28.126411909999987, 36.600679031460544 ], [ 28.12168527, 36.597830411459107 ], [ 28.12812197, 36.595492351457864 ], [ 28.12984371, 36.599242801459823 ] ], [ [ 28.24741375, 36.712083331517903 ], [ 28.24862266, 36.714564791519159 ], [ 28.24314904, 36.714310991519064 ], [ 28.2432121, 36.712846631518296 ], [ 28.24741375, 36.712083331517903 ] ], [ [ 28.04541695, 36.683047051502939 ], [ 28.04256678, 36.682467571502684 ], [ 28.04274952, 36.681947341502422 ], [ 28.04395938, 36.681790341502321 ], [ 28.04541695, 36.683047051502939 ] ], [ [ 27.99027026, 36.702504741513017 ], [ 27.98795104, 36.704772821514119 ], [ 27.98749948, 36.701762901512595 ], [ 27.99027026, 36.702504741513017 ] ], [ [ 27.99667025, 36.707125421515371 ], [ 27.997886539999989, 36.709331741516507 ], [ 27.99663162, 36.710131631516909 ], [ 27.9947865, 36.708790291516202 ], [ 27.99667025, 36.707125421515371 ] ], [ [ 28.03162742, 36.720026241522021 ], [ 28.03342652, 36.726454251525318 ], [ 28.01216185, 36.716873041520373 ], [ 28.01479113, 36.711867441517782 ], [ 28.03162742, 36.720026241522021 ] ], [ [ 28.00255728, 36.719230641521612 ], [ 28.00015366, 36.717782131520821 ], [ 28.00470436, 36.713261831518558 ], [ 28.00430202, 36.717402331520674 ], [ 28.00255728, 36.719230641521612 ] ], [ [ 28.04556775, 36.725366941524697 ], [ 28.06072533, 36.726843351525517 ], [ 28.06640303, 36.733449451528891 ], [ 28.04718816, 36.734313841529357 ], [ 28.05300868, 36.730327241527306 ], [ 28.04556775, 36.725366941524697 ] ], [ [ 27.966306809999985, 36.751770251538346 ], [ 27.96255755, 36.752581941538743 ], [ 27.96168697, 36.752569431538753 ], [ 27.96553671, 36.749590271537237 ], [ 27.966306809999985, 36.751770251538346 ] ], [ [ 28.06015718, 36.760866631543038 ], [ 28.05683017, 36.761362541543292 ], [ 28.05621636, 36.759520161542305 ], [ 28.05814683, 36.759181851542152 ], [ 28.06015718, 36.760866631543038 ] ], [ [ 28.125, 36.760602701542894 ], [ 28.1270653, 36.761237251543193 ], [ 28.12366605, 36.76266884154392 ], [ 28.12450325, 36.760786051542965 ], [ 28.125, 36.760602701542894 ] ], [ [ 28.03417933, 36.762243501543679 ], [ 28.0336982, 36.760063041542558 ], [ 28.03755212, 36.760097851542589 ], [ 28.037426109999984, 36.760820141542965 ], [ 28.03417933, 36.762243501543679 ] ], [ [ 27.75998342, 36.751003021537947 ], [ 27.76470482, 36.753080831539037 ], [ 27.75967753, 36.75233840153863 ], [ 27.75998342, 36.751003021537947 ] ], [ [ 27.7734375, 36.752232061538599 ], [ 27.77515852, 36.752442951538669 ], [ 27.77556491, 36.75635122154069 ], [ 27.77322865, 36.754510631539738 ], [ 27.7734375, 36.752232061538599 ] ], [ [ 27.79102027, 36.753095021539011 ], [ 27.79051542, 36.751098031538 ], [ 27.79228485, 36.752404441538637 ], [ 27.79102027, 36.753095021539011 ] ], [ [ 27.80750632, 36.760424841542779 ], [ 27.80569994, 36.760303731542692 ], [ 27.8049587, 36.757643091541382 ], [ 27.80801713, 36.759252901542183 ], [ 27.80750632, 36.760424841542779 ] ], [ [ 28.15517795, 36.937524071633803 ], [ 28.15327597, 36.934595341632281 ], [ 28.15668595, 36.933481801631736 ], [ 28.15756774, 36.935483451632741 ], [ 28.15517795, 36.937524071633803 ] ], [ [ 28.19806075, 36.963711851647204 ], [ 28.19077265, 36.959731331645202 ], [ 28.1896615, 36.957926741644272 ], [ 28.2002145, 36.958739151644686 ], [ 28.19806075, 36.963711851647204 ] ], [ [ 27.47722113, 36.957923641644257 ], [ 27.4929322, 36.968325841649573 ], [ 27.485601660000011, 36.976803651653938 ], [ 27.4244616, 36.996474141664066 ], [ 27.44564664, 36.970020401650501 ], [ 27.47722113, 36.957923641644257 ] ], [ [ 27.38685656, 36.997297161664498 ], [ 27.38466346, 37.001701821666728 ], [ 27.37967944, 36.99435531166295 ], [ 27.38447726, 36.99020194166085 ], [ 27.38685656, 36.997297161664498 ] ], [ [ 27.59203756, 36.971299401651152 ], [ 27.60187256, 36.966547241648684 ], [ 27.588871, 36.980212441655681 ], [ 27.58857048, 36.973925341652453 ], [ 27.59203756, 36.971299401651152 ] ], [ [ 27.58138776, 36.978525511654816 ], [ 27.57867837, 36.978620161654867 ], [ 27.57812965, 36.97716843165415 ], [ 27.57913005, 36.97689926165399 ], [ 27.58138776, 36.978525511654816 ] ], [ [ 27.65753114, 36.97798871165454 ], [ 27.65517986, 36.980005611655606 ], [ 27.6561501, 36.978135931654627 ], [ 27.65753114, 36.97798871165454 ] ], [ [ 28.21030748, 36.991426821661427 ], [ 28.20564926, 36.995643251663644 ], [ 28.200488450000012, 36.991200441661327 ], [ 28.2064085, 36.990587701660985 ], [ 28.21030748, 36.991426821661427 ] ], [ [ 28.20964098, 36.998426901665042 ], [ 28.208575129999989, 36.999327291665487 ], [ 28.20478725, 36.998856301665263 ], [ 28.20861113, 36.996958131664279 ], [ 28.20964098, 36.998426901665042 ] ], [ [ 28.24211097, 37.001792061666784 ], [ 28.24093473, 37.002954231667395 ], [ 28.23808086, 37.002513991667129 ], [ 28.24180651, 37.001420731666556 ], [ 28.24211097, 37.001792061666784 ] ], [ [ 27.36021137, 37.010174261671068 ], [ 27.35710013, 37.009804841670885 ], [ 27.35920024, 37.006046641668931 ], [ 27.36248815, 37.007906071669886 ], [ 27.36021137, 37.010174261671068 ] ], [ [ 27.3855077, 37.137150991736128 ], [ 27.38860357, 37.136298651735707 ], [ 27.39493942, 37.139648431737434 ], [ 27.38858163, 37.140386811737798 ], [ 27.3855077, 37.137150991736128 ] ], [ [ 27.47785807, 37.128621811731755 ], [ 27.47668827, 37.125736351730282 ], [ 27.47989333, 37.124820941729823 ], [ 27.480915549999988, 37.130799041732885 ], [ 27.47785807, 37.128621811731755 ] ], [ [ 27.46940291, 37.118681421726691 ], [ 27.47276902, 37.118286121726513 ], [ 27.47500527, 37.123706571729279 ], [ 27.47249913, 37.1230056217289 ], [ 27.46940291, 37.118681421726691 ] ], [ [ 27.56360555, 37.244494671791088 ], [ 27.56360817, 37.246829861792271 ], [ 27.54772675, 37.253262751795596 ], [ 27.55775976, 37.245437971791581 ], [ 27.56360555, 37.244494671791088 ] ], [ [ 27.55854487, 37.254767651796314 ], [ 27.560606959999987, 37.253247251795543 ], [ 27.56143987, 37.25344955179569 ], [ 27.55891275, 37.255131241796533 ], [ 27.55854487, 37.254767651796314 ] ], [ [ 27.41159976, 37.410797711876043 ], [ 27.41142964, 37.413476461877373 ], [ 27.40801966, 37.409050691875144 ], [ 27.409828419999986, 37.408858531875048 ], [ 27.41159976, 37.410797711876043 ] ], [ [ 27.18056822, 37.560920941952517 ], [ 27.18266475, 37.560569041952334 ], [ 27.18158674, 37.563362111953765 ], [ 27.18041551, 37.561412201952791 ], [ 27.18056822, 37.560920941952517 ] ], [ [ 27.01394892, 38.045211072197993 ], [ 27.01208627, 38.044799322197775 ], [ 27.012784, 38.043117392196947 ], [ 27.014937519999989, 38.044142832197458 ], [ 27.01394892, 38.045211072197993 ] ], [ [ 26.80408907, 38.152714962252162 ], [ 26.80272114000001, 38.152511472252115 ], [ 26.80232966, 38.149309032250478 ], [ 26.80276895, 38.14955603225058 ], [ 26.80408907, 38.152714962252162 ] ], [ [ 26.80582976, 38.162283652256974 ], [ 26.80199754, 38.161728492256742 ], [ 26.80119157, 38.157191862254443 ], [ 26.80280507, 38.157824152254754 ], [ 26.80582976, 38.162283652256974 ] ], [ [ 26.77219415, 38.199208252275575 ], [ 26.76894975, 38.200921052276406 ], [ 26.76840603, 38.200482842276216 ], [ 26.77001226, 38.197971212274915 ], [ 26.77219415, 38.199208252275575 ] ], [ [ 26.447170729999989, 38.362644662357646 ], [ 26.45287752, 38.358960742355784 ], [ 26.45782256, 38.36031841235647 ], [ 26.45374513, 38.3683035323605 ], [ 26.447170729999989, 38.362644662357646 ] ], [ [ 26.49030685, 38.403784152378265 ], [ 26.49186218, 38.403733122378227 ], [ 26.49287546, 38.404698722378726 ], [ 26.49102545, 38.405445452379112 ], [ 26.49030685, 38.403784152378265 ] ], [ [ 26.71147835, 38.675210822513819 ], [ 26.71325827, 38.672882072512657 ], [ 26.71875, 38.677176352514763 ], [ 26.71616995, 38.677600972514995 ], [ 26.71147835, 38.675210822513819 ] ], [ [ 26.72348976, 38.67499064251367 ], [ 26.72482371, 38.671874992512144 ], [ 26.72778821, 38.669942012511186 ], [ 26.72950733, 38.673949712513156 ], [ 26.72348976, 38.67499064251367 ] ], [ [ 26.51106727, 38.656831732504642 ], [ 26.51949704, 38.657653322505077 ], [ 26.51869595, 38.663104762507771 ], [ 26.51543272, 38.662571422507511 ], [ 26.51106727, 38.656831732504642 ] ], [ [ 26.522532339999987, 38.652100432502316 ], [ 26.52495158, 38.650498022501516 ], [ 26.52670264, 38.649853822501164 ], [ 26.52123034, 38.65391027250319 ], [ 26.522532339999987, 38.652100432502316 ] ], [ [ 26.82061493, 38.548594702450657 ], [ 26.81423986, 38.543951622448354 ], [ 26.82538295, 38.531507242442139 ], [ 26.81880355, 38.544945952448842 ], [ 26.82061493, 38.548594702450657 ] ], [ [ 26.85802245, 38.534757602443783 ], [ 26.85850251, 38.533258432443006 ], [ 26.863390449999986, 38.533153052442984 ], [ 26.86011267, 38.536257732444533 ], [ 26.85802245, 38.534757602443783 ] ], [ [ 26.85425544, 38.5334280624431 ], [ 26.85054946, 38.534247272443515 ], [ 26.84926975, 38.534124242443426 ], [ 26.85388505, 38.532690632442744 ], [ 26.85425544, 38.5334280624431 ] ], [ [ 26.72718465, 38.5322823424425 ], [ 26.69731903, 38.546756142449766 ], [ 26.70620012, 38.535671102444233 ], [ 26.69488013, 38.519412512436141 ], [ 26.694499730000011, 38.479245892416067 ], [ 26.72724128, 38.471979732412372 ], [ 26.72155225, 38.460421912406645 ], [ 26.74227452, 38.458693142405743 ], [ 26.749487519999988, 38.481055852416929 ], [ 26.74490428, 38.492485392422637 ], [ 26.73160076, 38.49564563242425 ], [ 26.73510301, 38.514664762433753 ], [ 26.72718465, 38.5322823424425 ] ], [ [ 26.75903356, 38.438727372395746 ], [ 26.77553904, 38.440089332396461 ], [ 26.773043869999988, 38.45321464240299 ], [ 26.75974155, 38.453220952402987 ], [ 26.75903356, 38.438727372395746 ] ], [ [ 26.9244107, 38.445664162399211 ], [ 26.92770863, 38.445151802398982 ], [ 26.9229809, 38.448128932400465 ], [ 26.9244107, 38.445664162399211 ] ], [ [ 26.67454338, 38.330154652341335 ], [ 26.67892134, 38.329665532341131 ], [ 26.67881405, 38.333217612342892 ], [ 26.67422605, 38.331930032342264 ], [ 26.67454338, 38.330154652341335 ] ], [ [ 26.78175592, 38.414832222383787 ], [ 26.78565037, 38.415533532384131 ], [ 26.782006259999989, 38.418044202385396 ], [ 26.78049231, 38.41679655238476 ], [ 26.78175592, 38.414832222383787 ] ], [ [ 26.79535997, 38.415202132384003 ], [ 26.79204535, 38.410168762381446 ], [ 26.79375517, 38.406538242379646 ], [ 26.79938161, 38.40795492238037 ], [ 26.79535997, 38.415202132384003 ] ], [ [ 26.7699511, 38.410280342381498 ], [ 26.76806462, 38.409929272381348 ], [ 26.76998472, 38.40458404237868 ], [ 26.77368724, 38.407645932380206 ], [ 26.7699511, 38.410280342381498 ] ], [ [ 26.78589642, 38.397635572375165 ], [ 26.78537762, 38.39303504237288 ], [ 26.79243708, 38.396021832374359 ], [ 26.78967285, 38.399858942376305 ], [ 26.78589642, 38.397635572375165 ] ], [ [ 26.78361607, 38.367021432359849 ], [ 26.79181027, 38.374801152363737 ], [ 26.78931117, 38.377790202365212 ], [ 26.78520775, 38.376081932364379 ], [ 26.78361607, 38.367021432359849 ] ], [ [ 26.97368371, 38.442118042397425 ], [ 26.96867573, 38.436030142394415 ], [ 26.97167253, 38.434171072393461 ], [ 26.97445846, 38.437961812395358 ], [ 26.97368371, 38.442118042397425 ] ], [ [ 26.73998892, 40.618093723454884 ], [ 26.73322058, 40.616997233454384 ], [ 26.73132944, 40.614270323453077 ], [ 26.73746192, 40.611046903451587 ], [ 26.73998892, 40.618093723454884 ] ], [ [ 26.75507677, 40.618496653455054 ], [ 26.75828338, 40.619597663455586 ], [ 26.75809145, 40.621336573456382 ], [ 26.75499666, 40.621624343456524 ], [ 26.75507677, 40.618496653455054 ] ] ], [ [ [ 12.43104327, 37.793298952070572 ], [ 12.44414794, 37.787527912067674 ], [ 12.47229517, 37.743425362045286 ], [ 12.47105455, 37.704938642025738 ], [ 12.4988234, 37.675875532010998 ], [ 12.51978171, 37.660139312002983 ], [ 12.55879366, 37.663195842004555 ], [ 12.58446515, 37.642722951994131 ], [ 12.57995164, 37.648619641997115 ], [ 12.58563805, 37.651682011998673 ], [ 12.58316934, 37.647081251996347 ], [ 12.59084988, 37.649779551997739 ], [ 12.61099041, 37.638306131991897 ], [ 12.62794673, 37.603017201973962 ], [ 12.67329717, 37.559402341951753 ], [ 12.78100145, 37.580885641962716 ], [ 12.85945046, 37.582838641963711 ], [ 12.90788054, 37.572074051958211 ], [ 12.91627443, 37.577482331960987 ], [ 12.96445394, 37.561257951952719 ], [ 12.99027467, 37.539414631941561 ], [ 13.01974475, 37.495107641918999 ], [ 13.07725668, 37.505543341924351 ], [ 13.08000612, 37.499943601921487 ], [ 13.09348154, 37.503654111923346 ], [ 13.13120103, 37.491837131917379 ], [ 13.16493404, 37.493390671918135 ], [ 13.19690335, 37.464594831903455 ], [ 13.21456051, 37.461640231901967 ], [ 13.23711705, 37.432902561887303 ], [ 13.25447977, 37.423351991882399 ], [ 13.27269101, 37.388909451864869 ], [ 13.29438496, 37.389192931865011 ], [ 13.32224286, 37.363438001851868 ], [ 13.35186565, 37.359089961849612 ], [ 13.40391397, 37.331819171835697 ], [ 13.42708182, 37.304278361821673 ], [ 13.44803441, 37.292780631815745 ], [ 13.46477997, 37.294732921816752 ], [ 13.48118901, 37.285068621811845 ], [ 13.51128316, 37.292102211815397 ], [ 13.52341413, 37.286411751812508 ], [ 13.52345121, 37.281667941810035 ], [ 13.52719045, 37.274579401806442 ], [ 13.52496147, 37.286234131812407 ], [ 13.52880061, 37.279742471809129 ], [ 13.53382277, 37.288249841813474 ], [ 13.53837287, 37.281915541810235 ], [ 13.55750453, 37.284495341811549 ], [ 13.57771611, 37.258774751798384 ], [ 13.59336686, 37.258421771798211 ], [ 13.62043583, 37.234641541786061 ], [ 13.63915074, 37.229746331783517 ], [ 13.66131794, 37.19347094176495 ], [ 13.72506964, 37.169870251752876 ], [ 13.75068426, 37.149158711742317 ], [ 13.82337773, 37.144521701739912 ], [ 13.87621236, 37.101130241717712 ], [ 13.92893183, 37.09791862171604 ], [ 13.93306887, 37.089843741711903 ], [ 13.93972635, 37.084283101709076 ], [ 13.93334377, 37.091093531712559 ], [ 13.93278944, 37.095553751714831 ], [ 13.94165278, 37.092942941713495 ], [ 13.94449794, 37.099230641716716 ], [ 13.94698787, 37.09360765171386 ], [ 13.94862866, 37.099975341717105 ], [ 13.97760165, 37.108702531721555 ], [ 14.07058537, 37.110183831722296 ], [ 14.15665448, 37.095744361714935 ], [ 14.23187983, 37.067000861700251 ], [ 14.22925961, 37.06224953169778 ], [ 14.25148988, 37.062222231697774 ], [ 14.26723731, 37.051910391692459 ], [ 14.25208414, 37.031811351682151 ], [ 14.26865077, 37.049851651691419 ], [ 14.27731848, 37.047168251690017 ], [ 14.37935102, 36.960888491645811 ], [ 14.43699896, 36.883406031605993 ], [ 14.45853746, 36.834297411580756 ], [ 14.45886946, 36.815406191571057 ], [ 14.49286401, 36.786471711556196 ], [ 14.55624402, 36.782373421554063 ], [ 14.63108456, 36.764878501545098 ], [ 14.67181814, 36.741599911533122 ], [ 14.68867576, 36.721317161522641 ], [ 14.74630666, 36.72035145152217 ], [ 14.75716102, 36.710017431516853 ], [ 14.78058016, 36.710343951517032 ], [ 14.78232014, 36.703165521513291 ], [ 14.81801665, 36.717603791520759 ], [ 14.83085263, 36.708528031516074 ], [ 14.83985174, 36.707397331515502 ], [ 14.82782423, 36.714358321519093 ], [ 14.83342755, 36.712397331518076 ], [ 14.83574653, 36.722898121523478 ], [ 14.86619544, 36.731026641527684 ], [ 14.90787327, 36.725394841524754 ], [ 14.95631933, 36.693329441508261 ], [ 14.97285175, 36.69114815150715 ], [ 15.01210034, 36.703651061513568 ], [ 15.04685605, 36.685079921504013 ], [ 15.05413544, 36.657958851490044 ], [ 15.07042313, 36.658990021490617 ], [ 15.07740712, 36.64372610148272 ], [ 15.11328936, 36.665406101493865 ], [ 15.10822785, 36.66809284149528 ], [ 15.11660171, 36.674862731498763 ], [ 15.13211298, 36.667300331494864 ], [ 15.13630417, 36.680091161501494 ], [ 16.11984677, 36.643720761482697 ], [ 16.61161807, 36.625535561473349 ], [ 16.83515048, 36.617269561469115 ], [ 16.96926993, 36.612309961466501 ], [ 17.05868289, 36.609003561464824 ], [ 18.04222549, 36.572633171446078 ], [ 18.5339968, 36.55444797143673 ], [ 18.75752921, 36.546181971432496 ], [ 18.80223569, 36.544528771431629 ], [ 18.84694217, 36.54287557143077 ], [ 18.89164865, 36.541222371429917 ], [ 18.98106161, 36.537915971428198 ], [ 19.87519125, 36.504851981411186 ], [ 20.32225607, 36.488319981402604 ], [ 20.54578848, 36.480053981398363 ], [ 20.63520145, 36.476747581396658 ], [ 20.72461441, 36.473441181394989 ], [ 22.46816721, 36.408966391361716 ], [ 22.48258603, 36.385087841349396 ], [ 22.48701227, 36.400801651357476 ], [ 22.50129461, 36.401523941357873 ], [ 22.49208522, 36.40909385136176 ], [ 22.49607527, 36.425650111370352 ], [ 22.48205948, 36.432870501374055 ], [ 22.50133252, 36.441355341378426 ], [ 22.49613094, 36.459057441387557 ], [ 22.50375795, 36.460801591388446 ], [ 22.50437534, 36.48651444140171 ], [ 22.47321641, 36.527200811422674 ], [ 22.48257375, 36.554348461436675 ], [ 22.47250354, 36.59115659145565 ], [ 22.47676468, 36.613698231467261 ], [ 22.49668872, 36.619218341470088 ], [ 22.51018882, 36.602182141461348 ], [ 22.52960444, 36.61709296146897 ], [ 22.5, 36.655133831488612 ], [ 22.50680315, 36.666860931494647 ], [ 22.53287685, 36.662568201492441 ], [ 22.53975856, 36.64732396148456 ], [ 22.55430818, 36.651573411486751 ], [ 22.54756761, 36.672733301497679 ], [ 22.53908634, 36.679191941500946 ], [ 22.52504158, 36.676771391499734 ], [ 22.52006114, 36.690133201506647 ], [ 22.53069592, 36.695622791509408 ], [ 22.5219506, 36.706049551514795 ], [ 22.53509212, 36.721230851522584 ], [ 22.5767976, 36.733656041528995 ], [ 22.56512797, 36.775145521550357 ], [ 22.62346995, 36.80532335156586 ], [ 22.76815867, 36.802704921564533 ], [ 22.78572452, 36.79620801156117 ], [ 22.79878736, 36.748256201536535 ], [ 22.81776345, 36.724792951524428 ], [ 22.82022774, 36.704160201513837 ], [ 22.80902565, 36.697317711510323 ], [ 22.80401075, 36.677340741499997 ], [ 22.81887925, 36.663867111493083 ], [ 22.81789553, 36.655167451488595 ], [ 22.82921815, 36.687605491505309 ], [ 22.84603012, 36.685018291504015 ], [ 22.85125232, 36.672348251497453 ], [ 22.88067901, 36.652324671487172 ], [ 22.8811928, 36.630118001475736 ], [ 22.8689692, 36.628882041475052 ], [ 22.88514233, 36.609120361464889 ], [ 22.89805543, 36.608672131464644 ], [ 22.93708205, 36.583567131451744 ], [ 22.94527805, 36.571820731445669 ], [ 22.93661737, 36.560815921439989 ], [ 22.95162046, 36.553369041436184 ], [ 22.96801972, 36.524413931421243 ], [ 22.94524145, 36.491248121404148 ], [ 22.92640984, 36.479680411398206 ], [ 22.93237817, 36.461478221388795 ], [ 22.95064723, 36.474050631395279 ], [ 22.92877865, 36.377958761345717 ], [ 22.92085898, 36.375661721344514 ], [ 22.922011019999989, 36.365068431339068 ], [ 22.90770543, 36.353570931333124 ], [ 22.8910501, 36.31958853131556 ], [ 22.91654456, 36.302166691306553 ], [ 22.92164493, 36.289844031300213 ], [ 22.91318476, 36.267079941288493 ], [ 22.92311943, 36.244838111276962 ], [ 22.91433108, 36.246314631277734 ], [ 22.90051496, 36.231185551269938 ], [ 22.91584647, 36.212189311260069 ], [ 22.90829611, 36.199032891253317 ], [ 22.93004358, 36.173644291240159 ], [ 22.93534374, 36.175630801241233 ], [ 22.94139051, 36.157571311231862 ], [ 22.95195985, 36.1614937712339 ], [ 22.961463569999989, 36.148872841227373 ], [ 22.98070157, 36.147235141226531 ], [ 22.98902381, 36.132926101219155 ], [ 23.26878285, 35.905877941101721 ], [ 23.29305553, 35.848243941071871 ], [ 23.31853485, 35.834377041064705 ], [ 23.32624245, 35.821604601058112 ], [ 23.59426224000001, 35.633663410960807 ], [ 23.59919834, 35.609235040948192 ], [ 23.59244144, 35.58329307093468 ], [ 23.57589316, 35.59054123093847 ], [ 23.58598375, 35.581222520933643 ], [ 23.57990324, 35.577195400931551 ], [ 23.58606076, 35.563740000924597 ], [ 23.57369983, 35.548830260916901 ], [ 23.56680882, 35.52724897090571 ], [ 23.57203686, 35.515544520899617 ], [ 23.56395805, 35.510056010896797 ], [ 23.5768702, 35.50347792089341 ], [ 23.58010244, 35.489094610885921 ], [ 23.553013559999986, 35.464493030873207 ], [ 23.55818975, 35.44711863086421 ], [ 23.56913233, 35.444842920863024 ], [ 23.56700253, 35.423494450851983 ], [ 23.54499793, 35.410957560845503 ], [ 23.55043602, 35.3959580608377 ], [ 23.53010178, 35.381254660830059 ], [ 23.5372591, 35.37682210082783 ], [ 23.52871644, 35.361277450819742 ], [ 23.5371896, 35.348976840813393 ], [ 23.5281533, 35.338305460807867 ], [ 23.54864085, 35.323379740800142 ], [ 23.52988601, 35.319313040798015 ], [ 23.52090538, 35.303109160789631 ], [ 23.51445091, 35.306802500791513 ], [ 23.52273786, 35.294009320784951 ], [ 23.51659763, 35.288058630781876 ], [ 23.53240013, 35.28577744078067 ], [ 23.54442704, 35.268681160771777 ], [ 23.57866025, 35.26113700076791 ], [ 23.57371092, 35.241818060757886 ], [ 23.5885365, 35.230892290752202 ], [ 23.59694636, 35.235979310754885 ], [ 23.61681855, 35.228985660751277 ], [ 23.6372056, 35.233168110753432 ], [ 23.63738632, 35.228493320750985 ], [ 23.64084673, 35.234895930754284 ], [ 23.66356325, 35.237973440755894 ], [ 23.67855835, 35.232221240752928 ], [ 23.67518353, 35.22242366074785 ], [ 23.69739151, 35.238068330755915 ], [ 23.73077536, 35.240214700757008 ], [ 23.75799167, 35.237539760755674 ], [ 23.76430202, 35.22804092075075 ], [ 23.82690895, 35.248819700761516 ], [ 23.86879742, 35.234871740754272 ], [ 23.88183856, 35.238775720756315 ], [ 23.92244494, 35.221079340747124 ], [ 23.95655763, 35.229513640751492 ], [ 23.99049723, 35.228694430751091 ], [ 24.01558745, 35.202123160737315 ], [ 24.04144847, 35.193181500732699 ], [ 24.06806982, 35.199689140736062 ], [ 24.07407272, 35.191747890731982 ], [ 24.08732557, 35.202709310737681 ], [ 24.13296497, 35.20186471073719 ], [ 24.15421665, 35.19116413073165 ], [ 24.20103455, 35.200247990736379 ], [ 24.23036516, 35.179839600725799 ], [ 24.24939966, 35.18302845072747 ], [ 24.28643703, 35.174153440722868 ], [ 24.32247925, 35.189091430730628 ], [ 24.35399151, 35.181679830726729 ], [ 24.3652631, 35.191274510731716 ], [ 24.38444221, 35.193838820733028 ], [ 24.40148425, 35.183769330727813 ], [ 24.39345682, 35.172187320721825 ], [ 24.416442869999987, 35.173776500722681 ], [ 24.42050874, 35.164080130717657 ], [ 24.45735764, 35.14857840070961 ], [ 24.47838497, 35.152564750711662 ], [ 24.52005577, 35.143000000706742 ], [ 24.56625211, 35.100759500684852 ], [ 24.72715461, 35.091209160679917 ], [ 24.74707735, 35.073527450670795 ], [ 24.75985003, 35.022939200644572 ], [ 24.75948942, 35.00766443063668 ], [ 24.74757695, 35.003617040634623 ], [ 24.74300027, 34.990094890627603 ], [ 24.74933553, 34.986194840625572 ], [ 24.74773145, 34.949365250606498 ], [ 24.75399733, 34.950381150607036 ], [ 24.73236716, 34.932783360597945 ], [ 24.73370385, 34.921387900592038 ], [ 24.77011311, 34.928218000595578 ], [ 24.77448654, 34.922063940592373 ], [ 24.79353285, 34.922951810592849 ], [ 24.81060672, 34.936515440599862 ], [ 24.83881485, 34.940198050601772 ], [ 24.91887486, 34.925290220594079 ], [ 24.95141566, 34.933008060598084 ], [ 24.96473146, 34.923910130593377 ], [ 24.96616125, 34.931483020597256 ], [ 24.98308384, 34.934105620598636 ], [ 25.01716757, 34.928413140595644 ], [ 25.045184140000011, 34.94234895060287 ], [ 25.08976805, 34.938548320600908 ], [ 25.09587681, 34.931355350597194 ], [ 25.13775885, 34.953465090608638 ], [ 25.18741691, 34.95358466060874 ], [ 25.18716753, 34.946919910605246 ], [ 25.19539988, 34.945802920604685 ], [ 25.25661254, 34.96079730061242 ], [ 25.27173054, 34.967636460615964 ], [ 25.28165221, 34.983758440624321 ], [ 25.33027113, 34.981614940623231 ], [ 25.375067949999988, 34.998252740631834 ], [ 25.41725338, 34.98618649062557 ], [ 25.45732725, 34.990985140628077 ], [ 25.5054177, 34.981342660623064 ], [ 25.52475095, 34.990589250627821 ], [ 25.54812098, 34.988311040626655 ], [ 25.59406614, 35.006666530636146 ], [ 25.66201174, 35.004534830635045 ], [ 25.68651545, 35.014200440640067 ], [ 25.73715746, 35.002975330634264 ], [ 25.74759698, 35.0100159506379 ], [ 25.79533851, 34.997836340631579 ], [ 25.899098750000011, 35.028146500647267 ], [ 25.96178746, 35.031457890649008 ], [ 25.97679603, 35.039062130652908 ], [ 26.02599037, 35.013591640639767 ], [ 26.03524888, 35.019157040642632 ], [ 26.0862807, 35.018404000642242 ], [ 26.09598184, 35.008707510637258 ], [ 26.09402323, 34.997061240631211 ], [ 26.11558974, 34.992876520628982 ], [ 26.15829945, 35.015191550640559 ], [ 26.20908475, 35.021443710643801 ], [ 26.21648622, 35.035606020651116 ], [ 26.23086667, 35.032806150649705 ], [ 26.24358392, 35.059072960663315 ], [ 26.27167726, 35.087559210678066 ], [ 26.26420557, 35.099282610684114 ], [ 26.28062296, 35.110630620689967 ], [ 26.2809633, 35.167176830719256 ], [ 26.31416225, 35.174740900723165 ], [ 26.31833693, 35.195621010733994 ], [ 27.14277196, 35.397790060838652 ], [ 27.17323434, 35.424660790852592 ], [ 27.15174234, 35.425013770852757 ], [ 27.17414904, 35.461470000871628 ], [ 27.19374406, 35.461876260871833 ], [ 27.2024852, 35.48044681088146 ], [ 27.22058427, 35.480834590881656 ], [ 27.23094201, 35.473137250877684 ], [ 27.24249554, 35.493224850888062 ], [ 27.23657095, 35.505756730894547 ], [ 27.20409155, 35.511838430897676 ], [ 27.20147872, 35.531841150908043 ], [ 27.21031773, 35.533516400908937 ], [ 27.7487128, 35.87650387108652 ], [ 27.76467323, 35.877422561087009 ], [ 27.77105534, 35.883097641089947 ], [ 27.75859921, 35.887770911092332 ], [ 27.76335022, 35.89363496109543 ], [ 27.789580459999986, 35.886816491091871 ], [ 27.81760752, 35.901156651099264 ], [ 27.82903862, 35.916099541107009 ], [ 27.84570265, 35.911734211104729 ], [ 27.84511971, 35.921731341109933 ], [ 27.86266875, 35.926448691112348 ], [ 27.87815702, 35.95136045112524 ], [ 27.89310575, 35.959126701129286 ], [ 27.92000711, 36.007177101154106 ], [ 27.95332897, 36.045065151173745 ], [ 27.96910536, 36.046623461174519 ], [ 28.02155471, 36.076782341190111 ], [ 28.046161059999989, 36.075960751189697 ], [ 28.05088842, 36.063752761183387 ], [ 28.08695126, 36.053751701178228 ], [ 28.07485092, 36.072881211188111 ], [ 28.09079576, 36.080637331192115 ], [ 28.09296846, 36.094125261199096 ], [ 28.08580732, 36.095769161199939 ], [ 28.10048366, 36.104273671204311 ], [ 28.06821251, 36.106479521205465 ], [ 28.07672715, 36.14453720122517 ], [ 28.09160554, 36.164597741235511 ], [ 28.10060108, 36.165190931235834 ], [ 28.10420573, 36.18036496124369 ], [ 28.13634098, 36.184102411245604 ], [ 28.14832211, 36.227718341268137 ], [ 28.17596924, 36.251442301280377 ], [ 28.16691792, 36.261939041285771 ], [ 28.178272129999989, 36.286713231298577 ], [ 28.21407604, 36.321653951316648 ], [ 28.20500648, 36.347035401329734 ], [ 28.24743605, 36.386337031349989 ], [ 28.22839618, 36.403471221358842 ], [ 28.23995137, 36.431031931373091 ], [ 28.23885941, 36.447527041381584 ], [ 28.23576856, 36.440864431378152 ], [ 28.23252738, 36.447406401381542 ], [ 28.22934651, 36.443423141379512 ], [ 28.22081767, 36.45827589138716 ], [ 28.26668795, 36.730152221527213 ], [ 28.279507039999984, 36.734190101529265 ], [ 28.28970981, 36.719895951521941 ], [ 28.30349314, 36.730331651527301 ], [ 28.29324162, 36.733369341528849 ], [ 28.3004297, 36.736735691530605 ], [ 28.29202425, 36.748712651536771 ], [ 28.26937103, 36.747300141536002 ], [ 28.26788795, 36.765799511545566 ], [ 28.24927628, 36.77273225154913 ], [ 28.25640821, 36.791306721558662 ], [ 28.23308766, 36.80461096156548 ], [ 28.248051759999985, 36.835759631581553 ], [ 28.26832783, 36.852300401590028 ], [ 28.31543124, 36.827151651577083 ], [ 28.31222415, 36.81812536157247 ], [ 28.26605642, 36.813648691570144 ], [ 28.27062726, 36.797291861561746 ], [ 28.28628087, 36.790578711558275 ], [ 28.312521459999985, 36.794000741560041 ], [ 28.30189395, 36.802510971564416 ], [ 28.31075275, 36.816899051571824 ], [ 28.3536638, 36.806620831566548 ], [ 28.364293459999985, 36.795753111560934 ], [ 28.37774205, 36.797693361561926 ], [ 28.38210177, 36.787998431556957 ], [ 28.39826953, 36.784810531555337 ], [ 28.41296828, 36.796728121561443 ], [ 28.42640245, 36.836339941581798 ], [ 28.40821266, 36.840330831583884 ], [ 28.38847184, 36.835153211581222 ], [ 28.37868154, 36.845165001586359 ], [ 28.403391959999986, 36.866276611597165 ], [ 28.40806484, 36.854094141590949 ], [ 28.432918549999986, 36.857501141592692 ], [ 28.444128869999989, 36.864802111596461 ], [ 28.44627297, 36.880631911604574 ], [ 28.45703685, 36.878436561603444 ], [ 28.45584822, 36.867161141597677 ], [ 28.46954322, 36.861896861594992 ], [ 28.45089901, 36.845340241586428 ], [ 28.45172262, 36.824231501575596 ], [ 28.46157694, 36.811870561569236 ], [ 28.49820042, 36.817788831572273 ], [ 28.50217915, 36.811990371569301 ], [ 28.48964906, 36.799208871562683 ], [ 28.50260496, 36.790501821558216 ], [ 28.5176959, 36.799319021562766 ], [ 28.52105534, 36.788847441557401 ], [ 28.535905, 36.785777801555781 ], [ 28.54190111, 36.795042741560614 ], [ 28.52935827, 36.807145351566803 ], [ 28.54880834, 36.814260231570493 ], [ 28.54949451, 36.830286141578689 ], [ 28.55866373, 36.831861251579532 ], [ 28.56353891, 36.819530601573199 ], [ 28.58725143, 36.815293661570998 ], [ 28.59421337, 36.798500171562381 ], [ 28.61007786, 36.801588641563939 ], [ 28.62979245, 36.782352911554092 ], [ 28.61322916, 36.759411801542257 ], [ 28.632976169999985, 36.754823201539899 ], [ 28.60726273, 36.733398311528902 ], [ 28.61819816, 36.73489284152965 ], [ 28.62454617, 36.727473011525788 ], [ 28.61807156, 36.703573221513537 ], [ 28.63283575, 36.700018041511683 ], [ 28.6480633, 36.721735111522861 ], [ 28.65475655, 36.713477721518643 ], [ 28.6661036, 36.716146821519992 ], [ 28.67391884, 36.70551502151455 ], [ 28.671008109999988, 36.69154726150736 ], [ 28.7271769, 36.704908841514232 ], [ 28.72582066, 36.709135641516404 ], [ 28.72788024, 36.711774821517771 ], [ 28.73260605, 36.703405851513459 ], [ 28.79004276, 36.685635441504282 ], [ 28.80617106, 36.668865911495686 ], [ 28.79602492, 36.664050331493172 ], [ 28.79365396, 36.65070270148636 ], [ 28.81814182, 36.659289111490722 ], [ 28.83045936, 36.639292231480461 ], [ 28.850908039999986, 36.637711161479622 ], [ 28.82425785, 36.625420561473277 ], [ 28.82963002, 36.605125661462864 ], [ 28.84616077, 36.588369721454235 ], [ 28.875852699999985, 36.602014411461241 ], [ 28.86853397, 36.621743911471405 ], [ 28.89193821, 36.629713051475484 ], [ 28.88622606, 36.633044951477224 ], [ 28.89335001, 36.639930241480748 ], [ 28.90682817, 36.63959633148059 ], [ 28.90433502, 36.650596971486259 ], [ 28.894079449999989, 36.644561401483159 ], [ 28.878065349999986, 36.647740231484789 ], [ 28.87793171, 36.63403474147772 ], [ 28.86951196, 36.634342901477879 ], [ 28.86557746, 36.644476401483097 ], [ 28.855124119999985, 36.640101071480842 ], [ 28.850354669999987, 36.643363941482534 ], [ 28.86635303, 36.654389251488219 ], [ 28.8510375, 36.662081951492148 ], [ 28.86852038, 36.670681941496589 ], [ 28.85828745, 36.675830591499249 ], [ 28.86836946, 36.686643951504827 ], [ 28.86446905, 36.696567411509903 ], [ 28.901583909999989, 36.697327251510288 ], [ 28.89829207, 36.702433931512957 ], [ 28.90934014, 36.705195301514344 ], [ 28.89450765, 36.711728921517739 ], [ 28.90926874, 36.712464321518119 ], [ 28.91493642, 36.723075141523559 ], [ 28.90920305, 36.723598231523816 ], [ 28.929747700000011, 36.734327311529377 ], [ 28.92480254, 36.742635361533644 ], [ 28.93111372, 36.750995271537917 ], [ 28.9218266, 36.751127231537993 ], [ 28.936587329999988, 36.756114231540586 ], [ 28.96514368, 36.722462171523247 ], [ 28.97189665, 36.73042773152735 ], [ 28.99635494, 36.70824276151594 ], [ 28.99914765, 36.714503761519175 ], [ 29.00932884, 36.710129011516926 ], [ 29.02014923, 36.715300551519562 ], [ 29.01679814, 36.701930511512685 ], [ 29.03259635, 36.708078141515834 ], [ 29.03349805, 36.695231431509228 ], [ 29.05451572, 36.681395641502114 ], [ 29.09185481, 36.678590051500663 ], [ 29.12184644, 36.647260541484549 ], [ 29.12109315, 36.6349694614782 ], [ 29.10645795, 36.621306411471167 ], [ 29.08993077, 36.61966382147034 ], [ 29.10176313, 36.640925401481297 ], [ 29.07817638, 36.646025291483916 ], [ 29.07500815, 36.613988031467407 ], [ 29.04017472, 36.61929690147015 ], [ 29.02238655, 36.58621155145314 ], [ 29.04684126, 36.558290231438662 ], [ 29.00842941, 36.544044131431377 ], [ 29.05378461, 36.538980241428781 ], [ 29.04925144, 36.557961931438555 ], [ 29.08167076, 36.55830454143873 ], [ 29.08675051, 36.565119261442227 ], [ 29.09698391, 36.54556202143214 ], [ 29.11122191, 36.543772571431234 ], [ 29.10655856, 36.555195201437144 ], [ 29.12591195, 36.542270651430456 ], [ 29.11903906, 36.504026521410708 ], [ 29.12597728, 36.496551861406878 ], [ 29.11382234, 36.496568191406908 ], [ 29.10052645, 36.475247971395873 ], [ 29.124810339999986, 36.461461891388808 ], [ 29.12119532, 36.441616761378576 ], [ 29.12892687, 36.444667331380131 ], [ 29.13352394, 36.428141351371607 ], [ 29.11815238, 36.425052391370016 ], [ 29.13121724, 36.415337791365005 ], [ 29.10302877, 36.404341211359323 ], [ 29.10135865, 36.387161721350459 ], [ 29.12026441, 36.390531531352202 ], [ 29.11893857, 36.375342241344335 ], [ 29.14488792, 36.37821924134586 ], [ 29.13785875, 36.360625611336729 ], [ 29.16393936, 36.352901451332762 ], [ 29.16490626, 36.341135011326713 ], [ 29.17503023, 36.344811191328589 ], [ 29.2078675, 36.323269831317468 ], [ 29.226189969999989, 36.328622091320241 ], [ 29.24938703, 36.317264311314361 ], [ 29.26498926, 36.297405951304121 ], [ 29.25626481, 36.30162727130628 ], [ 29.25923085, 36.295143711302956 ], [ 29.31385756, 36.246752131277965 ], [ 29.33086622, 36.247420061278319 ], [ 29.35162985, 36.23022615126942 ], [ 29.369641539999986, 36.238011711273451 ], [ 29.37530255, 36.251482951280387 ], [ 29.36837423, 36.262420051286043 ], [ 29.39236057, 36.263816111286793 ], [ 29.40105832, 36.257684701283615 ], [ 29.417319059999986, 36.260050531284847 ], [ 29.40444624, 36.242836231275945 ], [ 29.41246748, 36.224168291266302 ], [ 29.42955923, 36.231817711270239 ], [ 29.45523334000001, 36.225592251267024 ], [ 29.44186234, 36.210429301259175 ], [ 29.45709825, 36.221273051264809 ], [ 29.47732306, 36.210937491259457 ], [ 29.56799901, 36.208898061258367 ], [ 29.57993734, 36.201044431254353 ], [ 29.611642359999987, 36.208075391257964 ], [ 29.63154411, 36.20474743125628 ], [ 29.6114763, 36.204012151255888 ], [ 29.58374941, 36.185857761246481 ], [ 29.60950947, 36.187379231247299 ], [ 29.62505341, 36.199287641253463 ], [ 29.64451838, 36.196327801251904 ], [ 29.65072095, 36.173640361240203 ], [ 29.64197898, 36.183380831245216 ], [ 29.63086081, 36.16949975123805 ], [ 29.65437055, 36.1555168512308 ], [ 29.65459871, 36.147266141226567 ], [ 29.67823207, 36.152730341229379 ], [ 29.68346536, 36.130260931217755 ], [ 29.694514749999986, 36.14773857122681 ], [ 29.70994771, 36.148300521227085 ], [ 29.72325468, 36.163431631234914 ], [ 29.73604596, 36.156039941231114 ], [ 29.783117649999987, 36.157631151231932 ], [ 29.76023841, 36.140083541222843 ], [ 29.77712893, 36.13649463122097 ], [ 29.79324985, 36.14314114122439 ], [ 29.829343439999988, 36.168964141237815 ], [ 29.80099654, 36.165363301235878 ], [ 29.85041595, 36.192961441250183 ], [ 29.82928574, 36.188821661248035 ], [ 29.84617758, 36.196132051251787 ], [ 29.86330104, 36.196368451251935 ], [ 29.852273819999986, 36.191823591249566 ], [ 29.8588593, 36.188371531247782 ], [ 29.886619329999984, 36.193738571250591 ], [ 29.89794302, 36.202632661255144 ], [ 29.891209719999988, 36.211516731259785 ], [ 29.906938079999986, 36.21559106126189 ], [ 29.90613186, 36.226418601267468 ], [ 29.92267311, 36.233924021271342 ], [ 29.9421581, 36.230079041269349 ], [ 29.94582283, 36.219002361263605 ], [ 29.97593844, 36.222073551265204 ], [ 29.98098433, 36.214410891261267 ], [ 30.061966539999986, 36.259338371284436 ], [ 30.11567295, 36.246996631278037 ], [ 30.13905525, 36.27831160129427 ], [ 30.14066792, 36.266491051288128 ], [ 30.15173113, 36.272390711291202 ], [ 30.149714349999989, 36.300583591305767 ], [ 30.188627119999989, 36.313910241312627 ], [ 30.27530324, 36.315598721313542 ], [ 30.32793236, 36.296953551303893 ], [ 30.37040234, 36.268762221289343 ], [ 30.39148843, 36.278946751294576 ], [ 30.39655542, 36.272648801291325 ], [ 30.408435459999989, 36.275037641292592 ], [ 30.41341805, 36.264155261286966 ], [ 30.398666499999987, 36.247334471278272 ], [ 30.40677524, 36.2402087412746 ], [ 30.40237021, 36.209906931258921 ], [ 30.4141556, 36.214769831261457 ], [ 30.45149541, 36.257344711283423 ], [ 30.46043324, 36.255785691282611 ], [ 30.4629364, 36.264616241287158 ], [ 30.48763227, 36.279129261294713 ], [ 30.48834586, 36.299391741305158 ], [ 30.46927035, 36.298299901304567 ], [ 30.46751237, 36.314318771312855 ], [ 30.48769236, 36.315712441313593 ], [ 30.49210513, 36.324727051318213 ], [ 30.50637305, 36.323155041317413 ], [ 30.50879157, 36.33168744132184 ], [ 30.52944815, 36.334848871323487 ], [ 30.52596343, 36.344219201328293 ], [ 30.510746359999988, 36.344721071328536 ], [ 30.50567853, 36.369597311341373 ], [ 30.49713266, 36.367604961340398 ], [ 30.47676396, 36.39857971135639 ], [ 30.48339927, 36.421156041368008 ], [ 30.49185932, 36.421680921368299 ], [ 30.48152804, 36.433795801374515 ], [ 30.50952625, 36.439864151377648 ], [ 30.51729345, 36.455570331385758 ], [ 30.50674415, 36.467174041391729 ], [ 30.52169454, 36.473666421395109 ], [ 30.517277479999986, 36.479095571397856 ], [ 30.544564959999981, 36.509374251413476 ], [ 30.54190767, 36.522201651420119 ], [ 30.55262256, 36.520080791419019 ], [ 30.55148184, 36.527019011422595 ], [ 30.56536233, 36.53293394142564 ], [ 30.55779016, 36.543350451430989 ], [ 30.591488, 36.589466921454751 ], [ 30.59068477, 36.598372571459386 ], [ 30.56982851, 36.601112831460789 ], [ 30.55684602, 36.619236221470111 ], [ 30.55508494, 36.649353731485597 ], [ 30.57114208, 36.674600231498623 ], [ 30.57473063, 36.703563801513546 ], [ 30.56379414, 36.723599541523832 ], [ 30.57494128, 36.794511551560312 ], [ 30.60043788, 36.826982131576983 ], [ 30.610479949999988, 36.828256361577616 ], [ 30.617015, 36.83328604158023 ], [ 30.60626435, 36.830011831578567 ], [ 30.60650826, 36.838235371582762 ], [ 30.61418128, 36.835437651581351 ], [ 30.62301612, 36.850977651589325 ], [ 30.67527485, 36.882213341605407 ], [ 30.70074773, 36.884103171606363 ], [ 30.73006821, 36.85733842159258 ], [ 30.75845647, 36.844906321586208 ], [ 30.78799903, 36.8520909415899 ], [ 30.80601072, 36.846024741586774 ], [ 31.00616086, 36.857908121592899 ], [ 31.22003126, 36.820727341573821 ], [ 31.30458116, 36.814843531570759 ], [ 31.36230731, 36.797372571561766 ], [ 31.38974655, 36.777342551551506 ], [ 31.38835835, 36.763267151544234 ], [ 31.49486685, 36.737134801530814 ], [ 31.58035612, 36.702946411513182 ], [ 31.67210937, 36.64410900148291 ], [ 31.68644524, 36.648921241485411 ], [ 31.74704564, 36.637525551479527 ], [ 31.77405024, 36.614305371467552 ], [ 31.77296984, 36.604977841462748 ], [ 31.78668094, 36.606986511463809 ], [ 31.81684875, 36.593217841456692 ], [ 31.85464907, 36.58950304145479 ], [ 31.91850388, 36.563248271441275 ], [ 31.96946382, 36.555330151437161 ], [ 31.98777747, 36.542082541430368 ], [ 31.98609412, 36.527357091422779 ], [ 32.000497099999983, 36.530776851424555 ], [ 32.00554132, 36.542760961430709 ], [ 32.03801954, 36.532835241425559 ], [ 32.11590993, 36.469138731392718 ], [ 32.133754009999983, 36.438131201376763 ], [ 32.16524148, 36.417866821366324 ], [ 32.21621621, 36.335850471323994 ], [ 32.27525294, 36.288424721299485 ], [ 32.27749872, 36.260851131285229 ], [ 32.295227169999983, 36.234985941271908 ], [ 32.35065544, 36.207825651257835 ], [ 32.38948011, 36.163000811234689 ], [ 32.41254723, 36.162033911234175 ], [ 32.44121218, 36.137516131221489 ], [ 32.46153617, 36.133344521219335 ], [ 32.48822355, 36.109083171206798 ], [ 32.509978409999988, 36.105876791205155 ], [ 32.51719904, 36.096930141200524 ], [ 32.55010986, 36.0929932511985 ], [ 32.56536591, 36.100130911202193 ], [ 32.593629, 36.078719841191088 ], [ 32.62015474, 36.0719571011876 ], [ 32.679648039999982, 36.038594591170359 ], [ 32.68616176, 36.042619701172427 ], [ 32.70871675, 36.034423821168239 ], [ 32.7708292, 36.029265751165532 ], [ 32.80316293, 36.015444751158427 ], [ 32.81673205, 36.036039821169048 ], [ 32.83822727, 36.042691821172504 ], [ 32.86916173, 36.070565331186891 ], [ 32.930543659999984, 36.088267321196071 ], [ 32.95044541, 36.103794571204098 ], [ 33.02343404, 36.090177051197017 ], [ 33.03152072, 36.096202011200155 ], [ 33.05250311, 36.094489331199256 ], [ 33.08139026, 36.080723401192159 ], [ 33.08185232000001, 36.069845671186521 ], [ 33.12189496, 36.126302711215736 ], [ 33.146873359999987, 36.137804501221645 ], [ 33.19541943, 36.127202261216198 ], [ 33.28894556, 36.128973241217103 ], [ 33.35119164, 36.154326911230193 ], [ 33.36452055, 36.137799611221659 ], [ 33.38681424, 36.138340821221952 ], [ 33.39400423, 36.124672641214843 ], [ 33.42649531, 36.148251051227049 ], [ 33.47288334, 36.159354441232821 ], [ 33.51929116, 36.142745371224201 ], [ 33.53049445, 36.14468323122523 ], [ 33.52791846, 36.140500541223055 ], [ 33.54306304, 36.142488711224104 ], [ 33.547417159999988, 36.136819951221128 ], [ 33.53586566, 36.134090531219762 ], [ 33.53688025, 36.127857911216545 ], [ 33.56070995, 36.12535881121525 ], [ 33.59257305, 36.175754901241298 ], [ 33.64762914, 36.193561421250479 ], [ 33.66106665, 36.186643111246894 ], [ 33.65935850000001, 36.160392751233353 ], [ 33.68375373, 36.157073611231638 ], [ 33.67199457, 36.146620741226222 ], [ 33.67812765, 36.13514744122029 ], [ 33.68951845, 36.134726631220076 ], [ 33.69924962, 36.140254611222964 ], [ 33.69609404, 36.157085051231654 ], [ 33.687564849999987, 36.159734841233004 ], [ 33.69854832, 36.173692451240207 ], [ 33.74059248, 36.205047241256423 ], [ 33.80936801, 36.240341301274647 ], [ 33.80852401, 36.252993931281175 ], [ 33.82287621, 36.2636686512867 ], [ 33.81481981, 36.273283951291674 ], [ 33.83936441, 36.274029131292039 ], [ 33.834360239999988, 36.28689741129871 ], [ 33.866677049999986, 36.314959041313209 ], [ 33.88100922, 36.317761651314633 ], [ 33.90182471, 36.313995471312722 ], [ 33.937706949999985, 36.289491761300006 ], [ 33.94976985, 36.263436311286604 ], [ 33.950069069999984, 36.238156551273526 ], [ 33.96306026, 36.232167591270453 ], [ 33.97714818, 36.26473915128723 ], [ 33.99910116, 36.284939761297665 ], [ 33.97687483, 36.275779241292923 ], [ 33.99739635, 36.30382561130741 ], [ 34.008167149999984, 36.308275211309748 ], [ 34.01747847, 36.30241512130673 ], [ 34.01426244, 36.309658161310416 ], [ 34.01995134, 36.300809131305854 ], [ 34.04285288, 36.294970031302867 ], [ 34.045670869999988, 36.304103011307589 ], [ 34.04990600999998, 36.297876941304366 ], [ 34.07284605, 36.318186631314852 ], [ 34.08152843, 36.414130561364374 ], [ 34.11075354, 36.425647611370337 ], [ 34.12012887, 36.440459841377923 ], [ 34.11431527, 36.443374151379444 ], [ 34.12178504, 36.450596801383199 ], [ 34.126880769999985, 36.44616662138089 ], [ 34.13227165, 36.45870553138738 ], [ 34.1683284, 36.466863031391561 ], [ 34.18405211, 36.495847811406513 ], [ 34.233695749999988, 36.534140341426223 ], [ 34.26053286, 36.571371551445424 ], [ 34.31941414, 36.603143801461833 ], [ 34.36684012, 36.639977561480755 ], [ 34.42921126, 36.66354274149289 ], [ 34.47281384, 36.708363641515966 ], [ 34.545323849999988, 36.742923731533772 ], [ 34.56071806, 36.768161051546755 ], [ 34.62956274, 36.788163061557015 ], [ 34.65407026, 36.80732654156688 ], [ 34.66044927, 36.801368111563818 ], [ 34.74195182, 36.811275231568949 ], [ 34.815603969999984, 36.796820511561506 ], [ 34.88749135, 36.75538384154018 ], [ 34.90213501, 36.725495091524849 ], [ 34.9573518, 36.723905551523991 ], [ 34.99773693, 36.71328186151851 ], [ 35.32451475, 36.558685651438942 ], [ 35.32047701, 36.573331701446484 ], [ 35.284932849999983, 36.593010891456572 ], [ 35.27356255, 36.608487241464573 ], [ 35.21775806, 36.645988451483895 ], [ 35.19916618, 36.649768221485814 ], [ 35.17610073, 36.661754241492005 ], [ 35.17243814, 36.674199331498372 ], [ 35.16498303, 36.670099011496283 ], [ 35.169498439999977, 36.675919641499291 ], [ 35.16363633, 36.675876731499258 ], [ 35.1810919, 36.692836631508008 ], [ 35.20943892, 36.68737375150522 ], [ 35.21002448, 36.681968201502407 ], [ 35.21825683, 36.685390341504188 ], [ 35.21982455, 36.677661411500189 ], [ 35.22695374, 36.681809301502327 ], [ 35.23241258, 36.674668301498642 ], [ 35.250877139999986, 36.677891361500315 ], [ 35.258862379999989, 36.665025341493696 ], [ 35.271228669999978, 36.662111631492188 ], [ 35.264055249999984, 36.652867901487454 ], [ 35.24908912, 36.65407323148802 ], [ 35.26417124, 36.639240731480392 ], [ 35.27152956, 36.65135514148664 ], [ 35.282870649999985, 36.639050241480298 ], [ 35.28780365, 36.643188941482464 ], [ 35.28526354, 36.626858461474029 ], [ 35.31066382, 36.625059711473128 ], [ 35.34615004, 36.603173131461816 ], [ 35.33606625, 36.598361011459332 ], [ 35.337208749999988, 36.590156071455141 ], [ 35.32731736, 36.589442841454726 ], [ 35.33712435, 36.588073361454022 ], [ 35.32820976, 36.585518951452734 ], [ 35.33517277, 36.577754731448756 ], [ 35.32209885, 36.572088111445815 ], [ 35.33936441, 36.538525691428504 ], [ 35.38298905, 36.557797541438475 ], [ 35.42089474, 36.590615021455392 ], [ 35.50183821, 36.585311401452614 ], [ 35.55855513, 36.56449293144189 ], [ 35.55886042, 36.57785474144876 ], [ 35.56225145, 36.584720601452311 ], [ 35.59212172, 36.612934221466851 ], [ 35.58804536, 36.615177141468003 ], [ 35.58418441, 36.619557851470304 ], [ 35.582895759999985, 36.631370891476337 ], [ 35.56011045, 36.648464911485178 ], [ 35.56337464, 36.65773832148993 ], [ 35.54098892, 36.660493131491364 ], [ 35.53612304, 36.663037291492714 ], [ 35.53141975, 36.6708513414967 ], [ 35.52747083, 36.671592351497047 ], [ 35.52389801, 36.651918641486915 ], [ 35.52738631, 36.672646151497645 ], [ 35.53281856, 36.670850861496689 ], [ 35.54270971, 36.660773861491499 ], [ 35.55840015, 36.660363541491265 ], [ 35.56613302, 36.657183161489655 ], [ 35.56066775, 36.648600811485245 ], [ 35.58347654, 36.632229321476828 ], [ 35.59287465, 36.612865321466863 ], [ 35.56205833, 36.582627531451209 ], [ 35.559959049999989, 36.569383021444409 ], [ 35.56753612, 36.565472831442385 ], [ 35.58197665, 36.590604531455355 ], [ 35.63064218, 36.613245361466994 ], [ 35.64656997, 36.669892661496185 ], [ 35.72250247, 36.710758441517228 ], [ 35.71196997, 36.713431711518602 ], [ 35.7237823, 36.711926331517866 ], [ 35.704578759999983, 36.723147861523593 ], [ 35.69540894, 36.719216341521594 ], [ 35.70559061, 36.717546811520734 ], [ 35.70633841, 36.713162411518461 ], [ 35.690623639999984, 36.716443531520142 ], [ 35.68094945, 36.711421361517594 ], [ 35.65424097, 36.708107701515864 ], [ 35.65717876, 36.72886740152655 ], [ 35.64584255, 36.707723371515698 ], [ 35.65420103, 36.73950707153201 ], [ 35.64491975, 36.732607951528465 ], [ 35.624925379999986, 36.733433591528922 ], [ 35.62871504, 36.720789661522367 ], [ 35.60738575, 36.712869041518296 ], [ 35.60955512, 36.703841321513671 ], [ 35.601935149999989, 36.691665041507413 ], [ 35.58501732, 36.67948305150113 ], [ 35.58395541, 36.686116451504553 ], [ 35.57754815, 36.682374231502607 ], [ 35.56736314, 36.691824551507494 ], [ 35.57057071, 36.70640432151496 ], [ 35.55502594, 36.698800551511049 ], [ 35.56385922, 36.713010421518362 ], [ 35.59109306, 36.711005801517345 ], [ 35.59922791, 36.699775451511563 ], [ 35.60403681, 36.705075611514332 ], [ 35.59566665, 36.715291491519551 ], [ 35.60357082, 36.727491251525855 ], [ 35.61264515, 36.731973401528116 ], [ 35.60792625, 36.714062321518924 ], [ 35.62724912, 36.745289321535012 ], [ 35.66610277, 36.766699541546018 ], [ 35.695553539999985, 36.767523641546454 ], [ 35.7097311, 36.758856521541986 ], [ 35.7590487, 36.77029954154785 ], [ 35.79460216, 36.765642991545455 ], [ 35.80243146, 36.778347721551988 ], [ 35.84361827, 36.796239131561173 ], [ 35.85057604, 36.81053053156856 ], [ 35.89779174, 36.839124551583254 ], [ 35.92312527, 36.876459951602435 ], [ 35.9358716, 36.880247341604345 ], [ 35.94616032, 36.86440133159622 ], [ 35.93772948, 36.88625442160744 ], [ 35.953817369999989, 36.890656101609736 ], [ 35.9801594, 36.914062491621735 ], [ 35.98443997, 36.906186331617683 ], [ 35.98672605, 36.919412361624474 ], [ 35.99290574, 36.907680141618421 ], [ 35.98919916, 36.919356931624471 ], [ 36.00506544000001, 36.929721351629794 ], [ 36.02785933, 36.926973091628369 ], [ 36.08580101, 36.905119651617156 ], [ 36.083493109999985, 36.900671831614858 ], [ 36.12379944, 36.879347911603908 ], [ 36.14080667, 36.861633291594792 ], [ 36.12978423, 36.85351061159065 ], [ 36.14675355, 36.856742251592316 ], [ 36.17379475, 36.823246831575105 ], [ 36.17003715, 36.818959351572857 ], [ 36.1765697, 36.820437541573639 ], [ 36.19898105, 36.793543921559831 ], [ 36.206376669999983, 36.766319861545789 ], [ 36.191783909999977, 36.752937431538925 ], [ 36.19582927, 36.732987631528687 ], [ 36.187391519999984, 36.729181641526743 ], [ 36.20201635, 36.727234711525718 ], [ 36.20254803, 36.721274961522631 ], [ 36.19326055, 36.722043621523014 ], [ 36.19292915, 36.705242151514376 ], [ 36.212237, 36.672302591497413 ], [ 36.20444572000001, 36.663460721492861 ], [ 36.21572948, 36.659634821490933 ], [ 36.2109375, 36.640345921480979 ], [ 36.197973849999983, 36.629941331475642 ], [ 36.195418239999988, 36.600378621460365 ], [ 36.18769431, 36.59949135145996 ], [ 36.19455898, 36.596196641458235 ], [ 36.19298315, 36.593493331456834 ], [ 36.14894748, 36.59060060145535 ], [ 36.09612155, 36.557892671438509 ], [ 36.03712404, 36.53373360142605 ], [ 35.98263311, 36.474300611395435 ], [ 35.93159366, 36.460030551388044 ], [ 35.90794861, 36.443611251379586 ], [ 35.89539433, 36.415104141364878 ], [ 35.88070714, 36.416388741365552 ], [ 35.86113203, 36.396507971355298 ], [ 35.85546446, 36.370924341342089 ], [ 35.815903539999987, 36.360063541336501 ], [ 35.812875749999989, 36.345534911328947 ], [ 35.781112549999989, 36.322190631316907 ], [ 35.78058565, 36.298614971304737 ], [ 35.79021466, 36.280794131295522 ], [ 35.89611447, 36.159161441232712 ], [ 35.98109365, 36.010821931155995 ], [ 35.9231925, 35.956308591127829 ], [ 35.9181025, 35.929888831114155 ], [ 35.89466393, 35.914863701106377 ], [ 35.87677944, 35.868685121082478 ], [ 35.84572065, 35.85023879107289 ], [ 35.81372285, 35.857353921076623 ], [ 35.80029726, 35.85375403107475 ], [ 35.81194997, 35.848074661071784 ], [ 35.80680203, 35.83540665106522 ], [ 35.82020998, 35.827152241060965 ], [ 35.83978248, 35.780276651036708 ], [ 35.84467316, 35.742549651017178 ], [ 35.833993429999978, 35.737314691014475 ], [ 35.83001447, 35.715192551002986 ], [ 35.80551624, 35.700537430995425 ], [ 35.79839945, 35.685003510987407 ], [ 35.770342469999989, 35.673977840981671 ], [ 35.76802003000001, 35.656957500972858 ], [ 35.784524439999984, 35.63309680096053 ], [ 35.77222753, 35.616675960952001 ], [ 35.775120259999987, 35.60808622094757 ], [ 35.76370382, 35.608938330948021 ], [ 35.749479769999986, 35.588655940937514 ], [ 35.74154866, 35.592920530939729 ], [ 35.71672237, 35.585402240935785 ], [ 35.72094774, 35.578646530932346 ], [ 35.74162352, 35.581992850934071 ], [ 35.74563706, 35.573464030929621 ], [ 35.73296702, 35.561125270923256 ], [ 35.77177346, 35.536135540910301 ], [ 35.76095903, 35.508883230896195 ], [ 35.7631911, 35.517915360900894 ], [ 35.75526237, 35.532222860908263 ], [ 35.76217842, 35.518525230901176 ], [ 35.759045119999989, 35.509848940896667 ], [ 35.762509699999988, 35.505633340894505 ], [ 35.77838302, 35.495751130889403 ], [ 35.786009669999977, 35.506257400894846 ], [ 35.811385039999983, 35.499797330891489 ], [ 35.879194259999984, 35.4554414708685 ], [ 35.91505468, 35.416578040848385 ], [ 35.92106402, 35.274750700774938 ], [ 35.947999, 35.227057330750277 ], [ 35.95320272, 35.194360010733313 ], [ 35.92373943, 35.172595850722097 ], [ 35.92729807, 35.156668530713802 ], [ 35.90521264, 35.120113840694877 ], [ 35.88716996, 35.10606622068763 ], [ 35.89199138, 35.080803740674554 ], [ 35.885642049999987, 35.052595840659919 ], [ 35.89817262, 35.007984270636832 ], [ 35.87766004, 34.988751640626866 ], [ 35.87096965, 34.968146430616216 ], [ 35.879773019999988, 34.920408840591556 ], [ 35.85907781, 34.909697760586013 ], [ 35.87124574, 34.913333640587901 ], [ 35.86285746, 34.909980530586189 ], [ 35.87088084, 34.899274940580597 ], [ 35.85401738, 34.909752120586006 ], [ 35.85852575, 34.900111550581052 ], [ 35.87330675, 34.896491400579158 ], [ 35.926126239999988, 34.784782040521414 ], [ 35.93252015, 34.735290640495847 ], [ 35.98554981, 34.606673710429376 ], [ 35.99164033, 34.56804954040944 ], [ 35.98626924, 34.529715410389677 ], [ 35.97603083, 34.517495150383347 ], [ 35.94472086, 34.507628550378243 ], [ 35.90332937, 34.467090600357352 ], [ 35.83131278, 34.452166310349654 ], [ 35.8260293, 34.458266250352786 ], [ 35.82546294, 34.452413670349763 ], [ 35.80667937, 34.454969630351073 ], [ 35.82044852, 34.416954750331499 ], [ 35.811045649999983, 34.403897750324766 ], [ 35.77329135, 34.383219350314128 ], [ 35.73666537, 34.376436100310634 ], [ 35.732610459999982, 34.361505140302896 ], [ 35.72402632, 34.361535540302945 ], [ 35.72925878, 34.340599650292127 ], [ 35.71714091, 34.312623610277733 ], [ 35.71019435, 34.315484160279212 ], [ 35.71446037, 34.310045470276414 ], [ 35.70379841, 34.305567140274128 ], [ 35.6903162, 34.314144600278546 ], [ 35.67975533, 34.311777940277288 ], [ 35.66481185, 34.286441200264235 ], [ 35.65138745, 34.281289210261612 ], [ 35.66041505, 34.244533770242654 ], [ 35.63292933, 34.193111650216238 ], [ 35.62649667, 34.14997195019405 ], [ 35.64829195, 34.1147160401759 ], [ 35.64948225, 34.085782760161031 ], [ 35.62256706, 34.026645770130656 ], [ 35.62427223, 34.016126500125246 ], [ 35.64167535, 34.012682900123451 ], [ 35.64411366, 34.00296973011848 ], [ 35.63487947, 33.986722340110177 ], [ 35.615000249999987, 33.987972130110812 ], [ 35.60062146, 33.96996736010157 ], [ 35.58152235, 33.933100810082628 ], [ 35.582137939999988, 33.915390000073565 ], [ 35.57118714, 33.904214130067857 ], [ 35.55401075, 33.898410670064855 ], [ 35.53417754, 33.90995251007076 ], [ 35.51590753, 33.900120960065721 ], [ 35.507812499999986, 33.900669560065992 ], [ 35.50887465, 33.908742540070115 ], [ 35.46936321, 33.90052699006592 ], [ 35.46810365, 33.887891160059482 ], [ 35.47715378, 33.882843840056879 ], [ 35.48362374, 33.859226690044778 ], [ 35.48385775, 33.84104704003547 ], [ 35.47497106, 33.844926820037436 ], [ 35.47815275, 33.793055170010867 ], [ 35.44985116, 33.751025549989372 ], [ 35.43694305, 33.699277389962901 ], [ 35.41548157, 33.688452109957382 ], [ 35.41565943, 33.654261219939904 ], [ 35.397548079999986, 33.647153369936284 ], [ 35.398556349999986, 33.617389549921086 ], [ 35.38772142, 33.606768839915659 ], [ 35.3751229, 33.56710420989544 ], [ 35.36645484, 33.565531839894618 ], [ 35.35475576, 33.515485509869116 ], [ 35.31414664, 33.472240909847066 ], [ 35.28793466, 33.46178351984171 ], [ 35.25698233, 33.398437489809538 ], [ 35.24249947, 33.32772861977358 ], [ 35.22229445, 33.308810939763958 ], [ 35.21034491, 33.276584729747576 ], [ 35.19005442, 33.273248659745896 ], [ 35.19103694, 33.26686154974265 ], [ 35.208260059999986, 33.261061059739703 ], [ 35.21235013, 33.245466939731799 ], [ 35.191743849999988, 33.179847349698527 ], [ 35.17967367, 33.16576634969141 ], [ 35.16773045, 33.165039409691033 ], [ 35.14517033, 33.127366409671978 ], [ 35.10787654, 33.106729139661567 ], [ 35.10096657, 33.050443639633102 ], [ 35.06624794, 32.920103659567374 ], [ 35.0753597, 32.920839299567689 ], [ 35.08211422, 32.912251099563385 ], [ 35.07096922, 32.862796539538515 ], [ 35.04226601, 32.822844499518439 ], [ 35.02665496, 32.815691459514824 ], [ 35.03399897, 32.810353749512132 ], [ 35.01545358, 32.812450759513204 ], [ 35.00884736, 32.823361029518658 ], [ 35.00435412, 32.818349229516166 ], [ 34.99119592, 32.828836429521424 ], [ 34.99301064, 32.829556929521793 ], [ 35.0, 32.826137889520055 ], [ 35.00952566, 32.824847089519437 ], [ 35.01660645, 32.827299699520665 ], [ 35.00180066, 32.826349129520196 ], [ 34.981681939999987, 32.836720099525373 ], [ 34.95448542, 32.824937809519476 ], [ 34.947267409999988, 32.737091649475367 ], [ 34.94158268, 32.713887319463709 ], [ 34.92617845, 32.694893949454197 ], [ 34.91034985, 32.577168809395353 ], [ 34.88420165, 32.471440539342616 ], [ 34.86703324, 32.470046629341887 ], [ 34.88150465, 32.464775189339264 ], [ 34.8389858, 32.298359859256621 ], [ 34.78373396, 32.128785239172792 ], [ 34.76063681, 32.068539849143107 ], [ 34.74650276, 32.052899229135427 ], [ 34.71482408, 31.961385839090504 ], [ 34.65175891, 31.843905199032935 ], [ 34.65317774, 31.834568009028374 ], [ 34.639937639999985, 31.831189149026759 ], [ 34.64114451, 31.819050059020803 ], [ 34.63725376, 31.834726919028505 ], [ 34.63919675, 31.817896589020272 ], [ 34.626055959999988, 31.791768059007548 ], [ 34.55826986, 31.684171668955162 ], [ 34.45957661, 31.553721418891961 ], [ 34.33430028, 31.422786698828837 ], [ 34.19356573, 31.306267008772906 ], [ 34.06100643, 31.230397688736684 ], [ 33.90678, 31.170743688708203 ], [ 33.8350327, 31.151756038699176 ], [ 33.83108306, 31.156779518701569 ], [ 33.723767759999987, 31.124473558686198 ], [ 33.60745263, 31.113560308681016 ], [ 33.5117892, 31.119756328684005 ], [ 33.476840849999988, 31.137312638692336 ], [ 33.48712432, 31.126059518686983 ], [ 33.47277582, 31.12997208868881 ], [ 33.46442032, 31.139591918693426 ], [ 33.46950495, 31.129969828688825 ], [ 33.45791721, 31.134996638691256 ], [ 33.441051129999984, 31.151321038698971 ], [ 33.43354583, 31.150732148698701 ], [ 33.42541885, 31.153123368699834 ], [ 33.43637121, 31.154445038700509 ], [ 33.42309844, 31.163068638704587 ], [ 33.454043029999987, 31.150760758698709 ], [ 33.444597720000012, 31.15281783869969 ], [ 33.44929397, 31.146470058696686 ], [ 33.44737196, 31.151396858698984 ], [ 33.46289754, 31.147145498697004 ], [ 33.3984375, 31.180245508712741 ], [ 33.29105115, 31.204513898724301 ], [ 33.27366042, 31.215002648729321 ], [ 33.26944625, 31.208009948726005 ], [ 33.27321506, 31.2014193387228 ], [ 33.32557011, 31.195927608720204 ], [ 33.36586177, 31.179936038712626 ], [ 33.38121974, 31.164528358705248 ], [ 33.38386238, 31.171766148708716 ], [ 33.412693499999989, 31.159418928702841 ], [ 33.38414764, 31.165658348705801 ], [ 33.37042272, 31.115435228681953 ], [ 33.31214488, 31.110029328679392 ], [ 33.260077359999983, 31.083815448666932 ], [ 33.24943125, 31.08904848866943 ], [ 33.23551154, 31.073056088661833 ], [ 33.19906998, 31.069125638659948 ], [ 33.18507135, 31.052661648652151 ], [ 33.15169704, 31.042061318647125 ], [ 33.13426554, 31.043871028647985 ], [ 33.14864635, 31.058150998654728 ], [ 33.14291096, 31.075728408663071 ], [ 33.160537239999989, 31.081851948666007 ], [ 33.14642072, 31.080021488665103 ], [ 33.11749494, 31.092541328671043 ], [ 33.117205739999989, 31.103526218676294 ], [ 33.13556075, 31.104705918676824 ], [ 33.12315023, 31.104451648676687 ], [ 33.10978508, 31.115467418681913 ], [ 33.10408354, 31.134691698691093 ], [ 33.11615717, 31.141900408694493 ], [ 33.1176542, 31.132623538690076 ], [ 33.14221656, 31.128865348688308 ], [ 33.15647388, 31.112583748680564 ], [ 33.16029823, 31.110351428679522 ], [ 33.14565814, 31.130772218689206 ], [ 33.12714863, 31.139719948693472 ], [ 33.10996556, 31.172031148708843 ], [ 33.09372067, 31.17896150871216 ], [ 33.10889792, 31.189006198716935 ], [ 33.112245919999985, 31.185860508715432 ], [ 33.11710274, 31.185432658715243 ], [ 33.11154366, 31.189944498717374 ], [ 33.109815, 31.190221298717496 ], [ 33.08855033, 31.180001608712651 ], [ 33.05519772, 31.162264928704218 ], [ 33.025571349999986, 31.151467428699053 ], [ 32.98671401, 31.104653348676852 ], [ 32.95442092, 31.100851528674966 ], [ 32.97350943, 31.088818058669297 ], [ 33.00955927, 31.093968258671737 ], [ 33.02453995, 31.087086908668464 ], [ 33.02749836, 31.11176882868018 ], [ 33.063007829999989, 31.120573148684365 ], [ 33.04612303, 31.098783718673996 ], [ 33.05487096, 31.090203628669961 ], [ 33.02658725, 31.088224038669036 ], [ 33.01204431, 31.079941258665055 ], [ 33.01018465, 31.066887128658916 ], [ 33.0174216, 31.070373638660559 ], [ 33.02655542, 31.063909638657506 ], [ 33.00763154, 31.048815238650349 ], [ 32.96685946, 31.057332858654377 ], [ 32.97884953, 31.06124041865619 ], [ 32.97086275, 31.079321728664816 ], [ 32.99064791, 31.070050938660401 ], [ 32.98279774, 31.086462008668185 ], [ 32.97082174, 31.083662738666824 ], [ 32.92834497, 31.103206738676114 ], [ 32.91985607, 31.097772828673534 ], [ 32.91894305, 31.09268115867112 ], [ 32.93571496, 31.098601448673918 ], [ 32.93888712, 31.08974431866978 ], [ 32.92148042, 31.078777298664498 ], [ 32.92573965, 31.074571598662533 ], [ 32.912911769999987, 31.070923788660828 ], [ 32.907249569999983, 31.076760158663561 ], [ 32.93029726, 31.087413658668638 ], [ 32.89566743000001, 31.090604528670148 ], [ 32.86712468, 31.084804048667387 ], [ 32.87066925, 31.090275038670011 ], [ 32.8188076, 31.067945348659432 ], [ 32.78887117, 31.043303838647741 ], [ 32.74839771, 31.04567454864884 ], [ 32.73278618, 31.03275941864274 ], [ 32.70974851, 31.029099328641006 ], [ 32.69905031, 31.032300098642519 ], [ 32.71477914, 31.035901058644253 ], [ 32.7151736, 31.049272998650512 ], [ 32.668843629999984, 31.047620638649789 ], [ 32.793635729999984, 31.078643668664434 ], [ 32.90881574, 31.13374112869063 ], [ 32.92779684, 31.135130628691257 ], [ 32.92251396, 31.147553788697184 ], [ 32.81108296, 31.090288748670009 ], [ 32.757322429999988, 31.073164098661863 ], [ 32.67801595, 31.058344228654871 ], [ 32.602420569999985, 31.058401338654892 ], [ 32.54922116, 31.080794918665472 ], [ 32.510634779999982, 31.109827268679279 ], [ 32.46612465, 31.165335168705671 ], [ 32.3788439, 31.222181908732761 ], [ 32.35740972, 31.228378048735667 ], [ 32.35873616, 31.225440018734282 ], [ 32.35152304, 31.199708088722016 ], [ 32.35877085, 31.249575838745802 ], [ 32.31001103, 31.093660338671583 ], [ 32.31972814, 30.816824658541076 ], [ 32.34625471, 30.708754648490604 ], [ 32.32746995, 30.621414288449909 ], [ 32.30531144, 30.567850458425074 ], [ 32.33947182, 30.512603628399532 ], [ 32.36561692, 30.414172638354259 ], [ 32.41391742, 30.357240548328122 ], [ 32.41524482, 30.369141328333598 ], [ 32.440789579999986, 30.351385698325455 ], [ 32.450341109999989, 30.286252848295668 ], [ 32.52337205, 30.261070838284201 ], [ 32.53553426, 30.264681808285861 ], [ 32.56268632, 30.235077488272406 ], [ 32.57569528, 30.199014528255987 ], [ 32.5731932, 30.068086768196761 ], [ 32.563454509999985, 30.190809838252257 ], [ 32.55741775, 30.199967018256405 ], [ 32.53689015, 30.197895158255502 ], [ 32.53508186, 30.210883128261386 ], [ 32.53995013, 30.206826798259556 ], [ 32.54234517, 30.213830938262749 ], [ 32.53544104, 30.222786058266795 ], [ 32.53370702, 30.214906918263203 ], [ 32.51808107, 30.224190818267409 ], [ 32.52419806, 30.244717348276783 ], [ 32.500961419999989, 30.254434928281189 ], [ 32.50254083, 30.260453328283941 ], [ 32.46144056, 30.263008938285111 ], [ 32.47592282, 30.254251108281149 ], [ 32.47257602, 30.240983708275078 ], [ 32.456406349999988, 30.231606238270832 ], [ 32.43499434, 30.235119208272412 ], [ 32.42697632, 30.25827060828297 ], [ 32.40684736, 30.277761448291848 ], [ 32.34959614, 30.284358608294859 ], [ 32.3030287, 30.341160168320762 ], [ 32.309859159999988, 30.398894058347278 ], [ 32.35729551, 30.412310828353409 ], [ 32.33538866, 30.514677628400534 ], [ 32.299431799999986, 30.558155758420632 ], [ 32.3034718, 30.55083249841724 ], [ 32.29118395, 30.550540788417109 ], [ 32.29047334, 30.564632048423622 ], [ 32.27043402, 30.582502828431902 ], [ 32.30771864, 30.589135158434924 ], [ 32.32427454, 30.621834148450084 ], [ 32.342693809999986, 30.706126918489339 ], [ 32.32253671, 30.746924028508364 ], [ 32.31391966, 30.789381258528227 ], [ 32.30212605, 31.229133358736039 ], [ 32.30241251, 31.254765018748301 ], [ 32.30941343, 31.256566628749134 ], [ 32.34294915, 31.298476448769204 ], [ 32.31401706, 31.272926318756966 ], [ 32.18863368, 31.29605399876802 ], [ 32.14028776, 31.328488338783576 ], [ 32.06847537, 31.36278043879998 ], [ 32.00668764, 31.408304318821873 ], [ 31.97969937, 31.443808308838932 ], [ 31.978468659999987, 31.459752428846624 ], [ 31.97569168, 31.450070128841954 ], [ 31.96691906, 31.464291438848786 ], [ 31.95533204, 31.497374048864781 ], [ 31.97117102, 31.487975708860212 ], [ 31.97663915, 31.474626768853803 ], [ 31.975137109999988, 31.485314238858948 ], [ 31.97893417, 31.460972418847231 ], [ 31.97809041, 31.483634338858142 ], [ 31.98737574, 31.474529728853732 ], [ 31.98915768, 31.452175608842968 ], [ 31.99609625, 31.458875998846221 ], [ 31.992187499999986, 31.474330298853612 ], [ 31.92871213, 31.523231728877196 ], [ 31.843671439999987, 31.527114018879114 ], [ 31.80567944, 31.502610318867262 ], [ 31.76224852, 31.488421548860405 ], [ 31.7576071, 31.476268038854556 ], [ 31.77088678, 31.451778038842789 ], [ 31.74964404, 31.464428298848848 ], [ 31.756377339999986, 31.492538438862418 ], [ 31.75203967, 31.483068928857804 ], [ 31.71922636, 31.472685568852853 ], [ 31.55851996, 31.442637308838371 ], [ 31.49068975, 31.462091548847745 ], [ 31.27886117, 31.559385168894707 ], [ 31.12620854, 31.599801528914266 ], [ 31.05079627, 31.601869928915242 ], [ 30.97718954, 31.587589248908323 ], [ 30.65151405, 31.489202128860811 ], [ 30.51913714, 31.457618818845589 ], [ 30.46725714, 31.45957480884654 ], [ 30.40165997, 31.47626279885456 ], [ 30.41551304, 31.462758528848052 ], [ 30.39636946, 31.473611698853279 ], [ 30.40310705, 31.462481848847911 ], [ 30.38899374, 31.468838558850976 ], [ 30.37738585, 31.461515058847482 ], [ 30.37551355, 31.477794038855311 ], [ 30.39294207, 31.482284418857486 ], [ 30.37566864, 31.479718318856236 ], [ 30.36868155, 31.47515545885404 ], [ 30.36462498, 31.470307938851711 ], [ 30.38597035, 31.444302308839148 ], [ 30.42103457, 31.439144958836696 ], [ 30.428775309999988, 31.43157111883303 ], [ 30.43280828, 31.41373716882449 ], [ 30.42279947, 31.380258668808402 ], [ 30.4488039, 31.377930038807261 ], [ 30.46103752, 31.337145798787695 ], [ 30.47569954, 31.348128548792999 ], [ 30.48489583, 31.348924628793323 ], [ 30.52224648, 31.326333388782515 ], [ 30.51975906, 31.270563228755861 ], [ 30.49733055, 31.238770238740635 ], [ 30.50855362, 31.228266938735604 ], [ 30.52582407, 31.228747118735857 ], [ 30.52229774, 31.200898398722604 ], [ 30.54055583, 31.192698948718668 ], [ 30.55586123, 31.208732828726305 ], [ 30.581275219999988, 31.193171128718895 ], [ 30.60846686, 31.174558748710041 ], [ 30.62145221, 31.146623838696769 ], [ 30.65622687, 31.11235485868044 ], [ 30.664847139999988, 31.105841268677356 ], [ 30.68076241000001, 31.10177324867546 ], [ 30.68966568, 31.096622098673009 ], [ 30.72357166, 31.067947728659391 ], [ 30.728288409999987, 31.049749598650781 ], [ 30.72094095, 31.02193306863763 ], [ 30.75493741, 31.003522738628899 ], [ 30.76246011, 30.990942938623 ], [ 30.763170959999989, 30.982069838618763 ], [ 30.74983251, 30.973602998614783 ], [ 30.75001752, 30.963538638610007 ], [ 30.78137744, 30.940074308598977 ], [ 30.78586674, 30.931754698595025 ], [ 30.78132415, 30.914786208587071 ], [ 30.75674403, 30.885199298573145 ], [ 30.78897715, 30.871349558566646 ], [ 30.79533255, 30.860583528561566 ], [ 30.79536176, 30.852636448557831 ], [ 30.78567576, 30.839066258551494 ], [ 30.76404226, 30.821441638543202 ], [ 30.79465806, 30.829443558546966 ], [ 30.80456746, 30.827893248546271 ], [ 30.81273365, 30.822515948543757 ], [ 30.81089616, 30.813836328539679 ], [ 30.7551589, 30.772762048520462 ], [ 30.760836359999985, 30.759044638514023 ], [ 30.779124140000011, 30.765375598516965 ], [ 30.78764224, 30.762985458515899 ], [ 30.79119456, 30.756718148512903 ], [ 30.77858186, 30.76331828851605 ], [ 30.76143765, 30.757302388513185 ], [ 30.75353396, 30.766405928517461 ], [ 30.75640535, 30.779455528523574 ], [ 30.81056642, 30.822976698543961 ], [ 30.791659359999986, 30.827537408546096 ], [ 30.76983714, 30.816192858540781 ], [ 30.7620542, 30.821679698543342 ], [ 30.79265773, 30.855541928559223 ], [ 30.78604245, 30.871323338566647 ], [ 30.75451326, 30.882000318571649 ], [ 30.7822988, 30.931063638594715 ], [ 30.74631596, 30.96566341861103 ], [ 30.74595737, 30.974154458615025 ], [ 30.75891995, 30.986777528620998 ], [ 30.75304151, 31.002398718628381 ], [ 30.72371125, 31.012328258633087 ], [ 30.71558082, 31.019050348636242 ], [ 30.72282004, 31.065882908658413 ], [ 30.67482507, 31.098751648674018 ], [ 30.63930333, 31.113084308680833 ], [ 30.61585712, 31.146510708696717 ], [ 30.60822725, 31.169010028707426 ], [ 30.56850314, 31.197796448721103 ], [ 30.55516016, 31.200026738722151 ], [ 30.53915405, 31.186411608715702 ], [ 30.52183115, 31.188928238716887 ], [ 30.52312672, 31.226110208734625 ], [ 30.50443411, 31.227525338735308 ], [ 30.49487722, 31.239020928740747 ], [ 30.51845765, 31.274462328757703 ], [ 30.51830125, 31.326318728782518 ], [ 30.4830662, 31.347297538792574 ], [ 30.46158433, 31.333308328785851 ], [ 30.44560492, 31.372165908804508 ], [ 30.41957974, 31.377741568807192 ], [ 30.42859936, 31.416992058826075 ], [ 30.421685459999985, 31.436777818835534 ], [ 30.38465273, 31.442846648838483 ], [ 30.362576369999989, 31.466494668849847 ], [ 30.313467979999988, 31.354745138796176 ], [ 30.24458814, 31.294101938767088 ], [ 30.17912805, 31.267907128754587 ], [ 30.12437451, 31.27150236875632 ], [ 30.08603501, 31.283034788761793 ], [ 30.07156634, 31.308985338774232 ], [ 30.07330525, 31.326387038782549 ], [ 30.082141279999984, 31.328179228783384 ], [ 30.06958091, 31.329643238784136 ], [ 30.04341054, 31.313912738776573 ], [ 30.04893887, 31.307952038773745 ], [ 30.03640902, 31.293768628766966 ], [ 30.01159322, 31.290320028765262 ], [ 30.00858331, 31.279515848760148 ], [ 29.986920949999988, 31.270538798755837 ], [ 29.93350208, 31.223021618733132 ], [ 29.91546345, 31.211825238727805 ], [ 29.90388834, 31.213402738728547 ], [ 29.89978445, 31.201469528722861 ], [ 29.88478887, 31.206042638725052 ], [ 29.89129376, 31.214733108729195 ], [ 29.87602508, 31.211356748727557 ], [ 29.85101783, 31.187519418716214 ], [ 29.84648454, 31.165214048705597 ], [ 29.85111177, 31.186650268715788 ], [ 29.86849237, 31.198913448721651 ], [ 29.88119066, 31.198816768721567 ], [ 29.879723429999984, 31.184815628714926 ], [ 29.87158072, 31.191058148717914 ], [ 29.86892676, 31.183371408714251 ], [ 29.87701428, 31.183415638714251 ], [ 29.86994874, 31.174872748710204 ], [ 29.85630858, 31.170911058708295 ], [ 29.82670975, 31.139412388693337 ], [ 29.81122518, 31.133488998690535 ], [ 29.80149913, 31.144319048695635 ], [ 29.794311639999986, 31.135486118691436 ], [ 29.79879653, 31.146475298696675 ], [ 29.78696334, 31.145182238696083 ], [ 29.7945683, 31.150298348698502 ], [ 29.78246594, 31.146072138696489 ], [ 29.76219892, 31.116816748682577 ], [ 29.66813922, 31.052262058651984 ], [ 29.54804504, 30.971954098614031 ], [ 29.46419144, 30.928898918593699 ], [ 29.34609795, 30.877992618569749 ], [ 29.213021639999987, 30.836841338550439 ], [ 29.13506782, 30.820938928542994 ], [ 28.99898517, 30.825483428545105 ], [ 28.97687554, 30.832750548548528 ], [ 28.97544003, 30.843378058553483 ], [ 28.99026108, 30.834186308549182 ], [ 29.02145302, 30.828366748546458 ], [ 28.99011004, 30.835897908549992 ], [ 28.97863054, 30.844343528553967 ], [ 28.98294735, 30.849010928556133 ], [ 28.91129851, 30.87270139856729 ], [ 28.8914932, 30.893057338576813 ], [ 28.84480834, 30.915858498587589 ], [ 28.83330643, 30.927121748592867 ], [ 28.83067358, 30.952930438605001 ], [ 28.783064249999988, 30.959803928608228 ], [ 28.763977769999986, 30.969292508612767 ], [ 28.7637372, 30.983755218619592 ], [ 28.72586751, 30.986114968620694 ], [ 28.71029615, 31.002537358628441 ], [ 28.65608907, 31.003993858629144 ], [ 28.60908794, 31.015375368634519 ], [ 28.59429455, 31.036374438644472 ], [ 28.56791234, 31.041601648646939 ], [ 28.55779862, 31.052506788652106 ], [ 28.51602375, 31.050732128651251 ], [ 28.48208284, 31.060045228655639 ], [ 28.47046018, 31.067678318659276 ], [ 28.47168148, 31.074512588662518 ], [ 28.43194902, 31.088111388668953 ], [ 28.31648552, 31.067241898659049 ], [ 28.277678609999988, 31.074135528662318 ], [ 28.20946085000001, 31.07147191866105 ], [ 28.15887117, 31.092324838670958 ], [ 28.04462814, 31.085628858667786 ], [ 27.92665184, 31.097411858673379 ], [ 27.89587104, 31.118088238683175 ], [ 27.89166832, 31.170017828707859 ], [ 27.87090254, 31.190142738717444 ], [ 27.869224909999989, 31.237648718740139 ], [ 27.85902536, 31.245892038744053 ], [ 27.84506476, 31.228368868735675 ], [ 27.81856835, 31.215011938729337 ], [ 27.67537773, 31.177294838711354 ], [ 27.64216232, 31.179458608712341 ], [ 27.63737905, 31.196086628720302 ], [ 27.56736064, 31.193028558718833 ], [ 27.5564723, 31.20688234872544 ], [ 27.44974184, 31.21431504872896 ], [ 27.4057939, 31.240269768741356 ], [ 27.38539255, 31.26209603875181 ], [ 27.367978809999986, 31.315165748777222 ], [ 27.34765971, 31.339743248788938 ], [ 27.35362208, 31.363439548800322 ], [ 27.34207594, 31.373072728804917 ], [ 27.24086285, 31.367208948802112 ], [ 27.25388634, 31.36143682879937 ], [ 27.23812056, 31.357169138797303 ], [ 27.21992636, 31.36497031880107 ], [ 27.17856705, 31.359857188798582 ], [ 27.18259776, 31.371268618804052 ], [ 27.22766733, 31.369271148803115 ], [ 27.07699585, 31.382466548809468 ], [ 27.06700504, 31.389103398812615 ], [ 27.06364095, 31.406564698820993 ], [ 27.01532054, 31.409934748822643 ], [ 26.98294365, 31.442774998838427 ], [ 26.84521604, 31.44064150883742 ], [ 26.78769076, 31.459577668846542 ], [ 26.7781198, 31.472254148852645 ], [ 26.74858546, 31.483170498857906 ], [ 26.59172666, 31.488312948860379 ], [ 26.56268084, 31.496534808864343 ], [ 26.55743206, 31.506804218869281 ], [ 26.49619103, 31.494962558863605 ], [ 26.44496691, 31.511983618871824 ], [ 26.32687187, 31.526891338878979 ], [ 26.06976736, 31.598262058913495 ], [ 25.893592, 31.629419558928628 ], [ 25.81196225, 31.612781398920539 ], [ 25.6443336, 31.558641538894317 ], [ 25.48727453, 31.517050138874232 ], [ 25.39530993, 31.502869828867375 ], [ 25.29381537, 31.504815568868317 ], [ 25.2121464, 31.519439568875399 ], [ 25.17552841, 31.533512218882159 ], [ 25.16208982, 31.549569238889983 ], [ 25.16033077, 31.559636338894844 ], [ 25.18013144, 31.570542918900092 ], [ 25.15239465, 31.615841858922046 ], [ 25.14715433, 31.675687298951022 ], [ 25.13896811, 31.67700003895165 ], [ 25.13114631, 31.70771573896662 ], [ 25.12124503, 31.707645638966564 ], [ 25.13147402, 31.71216546896877 ], [ 25.13045514, 31.720347628972775 ], [ 25.10751104, 31.754986628989617 ], [ 25.08823466, 31.75096569898766 ], [ 25.0972048, 31.759244428991654 ], [ 25.09537911, 31.770176998997034 ], [ 25.084306479999988, 31.770193448997031 ], [ 25.02703357, 31.854248749038046 ], [ 25.03947723, 31.927319519073759 ], [ 24.98007894, 31.970798239095085 ], [ 24.94191873, 31.969873419094633 ], [ 24.93280721, 31.977935419098571 ], [ 24.914558169999989, 31.973522649096413 ], [ 24.80560756, 31.997407429108126 ], [ 24.78168213, 31.986606709102826 ], [ 24.79223168, 31.99844132910868 ], [ 24.76371205, 32.018542159118518 ], [ 24.70895064, 32.023082249120748 ], [ 24.66350973, 32.021435129119936 ], [ 24.54759777, 31.97950886909938 ], [ 24.4944278, 31.994025339106461 ], [ 24.46264005, 31.987756839103398 ], [ 24.44872737, 31.995976799107474 ], [ 24.42649138, 31.996482839107692 ], [ 24.42324972, 31.988598339103838 ], [ 24.42077744, 31.995124929107039 ], [ 24.413486, 31.989423859104239 ], [ 24.41276073, 31.99621389910758 ], [ 24.39955342, 31.997003549107941 ], [ 24.38742852, 31.99576853910736 ], [ 24.38836873, 31.989245519104138 ], [ 24.37805653, 31.999295109109049 ], [ 24.36699736, 31.992187489105596 ], [ 24.34634161, 32.00217078911048 ], [ 24.33942473, 31.9961219891075 ], [ 24.28631306, 31.997205369108013 ], [ 24.27049816, 32.006806719112774 ], [ 24.26598453, 32.000609749109735 ], [ 24.24017644, 32.007231349112942 ], [ 24.23229885, 31.997775539108339 ], [ 24.19946253, 31.997797239108337 ], [ 24.08821166, 32.012020939115331 ], [ 24.05802381, 32.024347889121373 ], [ 24.03503215, 32.044332609131146 ], [ 24.02723706, 32.041874039129972 ], [ 24.02086937, 32.051386469134648 ], [ 24.01129127, 32.048149099133063 ], [ 24.01494992, 32.053803429135861 ], [ 24.00112247, 32.060615769139197 ], [ 23.97272766, 32.066447839142107 ], [ 23.96876276, 32.079376209148414 ], [ 23.98046613, 32.072149739144891 ], [ 24.0091784, 32.071456659144587 ], [ 24.00376236, 32.080513829148991 ], [ 24.01140893, 32.085452309151421 ], [ 23.98041546, 32.103073829160138 ], [ 23.93845355, 32.112964019164977 ], [ 23.9308269, 32.105188959161183 ], [ 23.92325652, 32.115548359166247 ], [ 23.91166115, 32.11218272916463 ], [ 23.90485752, 32.119902599168419 ], [ 23.88040185, 32.114168399165607 ], [ 23.87643576, 32.121924029169406 ], [ 23.86943078, 32.117641199167316 ], [ 23.86501133, 32.130389559173544 ], [ 23.85970294, 32.124575129170672 ], [ 23.85544276, 32.133399359175073 ], [ 23.83213484, 32.135198939175964 ], [ 23.81162941, 32.150923719183695 ], [ 23.71864474, 32.177672729196914 ], [ 23.67518055, 32.182174199199139 ], [ 23.60903466, 32.170788989193518 ], [ 23.59911895, 32.176273339196214 ], [ 23.52000845, 32.172421559194333 ], [ 23.51095653, 32.163504229189904 ], [ 23.49949837, 32.174944029195572 ], [ 23.42108595, 32.174117319195155 ], [ 23.36714196, 32.204343309210103 ], [ 23.35344493, 32.201606259208752 ], [ 23.31670165, 32.213583699214638 ], [ 23.30632985, 32.201546059208717 ], [ 23.32611346, 32.157149899186784 ], [ 23.31673086000001, 32.15407513918526 ], [ 23.30247307, 32.164097539190209 ], [ 23.29280555, 32.199189059207555 ], [ 23.25375736, 32.203438389209644 ], [ 23.20930016, 32.280232539247621 ], [ 23.16725504, 32.295743929255352 ], [ 23.15976763, 32.307971939261378 ], [ 23.09989965, 32.318351139266547 ], [ 23.0961771, 32.311733119263224 ], [ 23.0819782, 32.356728419285545 ], [ 23.10171747, 32.397509569305811 ], [ 23.08945882, 32.414496769314262 ], [ 23.09476554, 32.431707249322855 ], [ 23.10567224, 32.431610929322765 ], [ 23.13265157, 32.406554809310329 ], [ 23.12941575, 32.401129239307608 ], [ 23.11206245, 32.40315710930863 ], [ 23.132668609999989, 32.388142929301175 ], [ 23.13481045, 32.423824059318932 ], [ 23.14627206, 32.428025949320968 ], [ 23.1590662, 32.456300129335062 ], [ 23.14457667, 32.478024229345877 ], [ 23.13521576, 32.481753459347729 ], [ 23.13549185, 32.470454799342122 ], [ 23.12078476, 32.479393589346572 ], [ 23.12940061, 32.489601839351629 ], [ 23.10289097, 32.504330149358985 ], [ 23.104446049999989, 32.533040039373304 ], [ 23.09864545, 32.526744829370145 ], [ 23.09083605, 32.533853519373686 ], [ 23.10336125, 32.534297689373943 ], [ 23.10807705, 32.532526719373095 ], [ 23.09859824, 32.569735399391611 ], [ 23.11984396, 32.585786809399664 ], [ 23.12739468, 32.602494829408002 ], [ 23.12815332, 32.614287369413866 ], [ 23.10532045, 32.635881059424683 ], [ 23.09999526, 32.630579339422042 ], [ 23.09982443, 32.636785859425139 ], [ 23.06161177, 32.642104259427789 ], [ 23.02903748, 32.65566693943456 ], [ 22.99728584, 32.648466459430963 ], [ 23.00543714, 32.652685039433116 ], [ 22.93487108, 32.670165769441823 ], [ 22.92588162, 32.664420239438947 ], [ 22.92654717, 32.671062339442258 ], [ 22.89708054, 32.677937739445703 ], [ 22.81784272, 32.715210069464383 ], [ 22.65736187, 32.756931529485335 ], [ 22.64435327, 32.775613299494694 ], [ 22.60656548, 32.77351795949361 ], [ 22.56690538, 32.788926229501399 ], [ 22.55664575, 32.803442829508704 ], [ 22.535097, 32.799627889506787 ], [ 22.49290526, 32.811596149512781 ], [ 22.43933034, 32.841783039527932 ], [ 22.43518245, 32.850968349532579 ], [ 22.39006102, 32.868889439541547 ], [ 22.3461802, 32.867809399541038 ], [ 22.31865788, 32.877490629545889 ], [ 22.25353253, 32.871693239542992 ], [ 22.19345796, 32.880547989547424 ], [ 22.16784596, 32.904563419559523 ], [ 22.17499602, 32.926896919570773 ], [ 22.14593124, 32.938302629576519 ], [ 22.11432564, 32.934641229574673 ], [ 22.05568421, 32.906866419560671 ], [ 21.96341348, 32.902945029558722 ], [ 21.92296684, 32.893831239554153 ], [ 21.80182672, 32.912795289563661 ], [ 21.71526742, 32.940777409577791 ], [ 21.62829781, 32.926202529570418 ], [ 21.50819194, 32.832957849523503 ], [ 21.50622571, 32.837297429525663 ], [ 21.43851006, 32.796906939505384 ], [ 21.33694792, 32.771858209492812 ], [ 21.08163226, 32.766469349490116 ], [ 20.94319725, 32.715689049464622 ], [ 20.88076317, 32.673218119443348 ], [ 20.75685871, 32.619727839416598 ], [ 20.66051745, 32.587009659400252 ], [ 20.55269182, 32.533173429373385 ], [ 20.40254617, 32.437142959325541 ], [ 20.20583701, 32.281532039248233 ], [ 20.11274636, 32.185938469201012 ], [ 20.09981525, 32.177405699196804 ], [ 20.08853102, 32.185036649200555 ], [ 20.09914148, 32.175883399196003 ], [ 20.08146822, 32.143983119180312 ], [ 20.06046295, 32.123585689170213 ], [ 20.04837191, 32.124558559170715 ], [ 20.02942145, 32.116020189166484 ], [ 20.04982674, 32.122995719169957 ], [ 20.05711162, 32.105187049161152 ], [ 20.06391644, 32.110398759163708 ], [ 20.07027543, 32.10495279916104 ], [ 20.06082582, 32.099895109158545 ], [ 20.04476094, 32.116850009166932 ], [ 20.04009044, 32.104720939160913 ], [ 20.03528965, 32.114932649165944 ], [ 20.0407412, 32.097279299157243 ], [ 20.0527966, 32.098923319158089 ], [ 20.04271555, 32.093264329155289 ], [ 20.04430723, 32.078078499147821 ], [ 20.03508115, 32.063197359140482 ], [ 19.94699383, 31.974663249096995 ], [ 19.94226325, 31.951600899085687 ], [ 19.95302463, 31.934403409077241 ], [ 19.94181967, 31.870773069046106 ], [ 19.9255228, 31.829553589025942 ], [ 19.93024993, 31.798239939010678 ], [ 19.92114496, 31.758912318991506 ], [ 19.93414736, 31.708750238967141 ], [ 19.95379651, 31.67444919895048 ], [ 19.96420598, 31.590931048909944 ], [ 19.98899162, 31.51824913887484 ], [ 19.99219465, 31.472225538852605 ], [ 20.00389504, 31.476646888854759 ], [ 20.01270938, 31.468408338850754 ], [ 20.01539123, 31.423419228829136 ], [ 20.02817166, 31.393283118814626 ], [ 20.05146825, 31.359549868798453 ], [ 20.06662214, 31.357999788797716 ], [ 20.08735025, 31.339924438789058 ], [ 20.13512075, 31.249245988745649 ], [ 20.14740336, 31.241094338741775 ], [ 20.17517126, 31.151574238699094 ], [ 20.16044736, 31.055698858653603 ], [ 20.08822894, 30.913724288586543 ], [ 20.0756886, 30.899464838579881 ], [ 20.06799996, 30.901721348580903 ], [ 20.06384981, 30.897593128578979 ], [ 20.07545984, 30.897463548578909 ], [ 20.06959975, 30.874073138567926 ], [ 20.02912986, 30.814494838539947 ], [ 19.97587466, 30.760958538514913 ], [ 19.92098224, 30.680141198477234 ], [ 19.82075095, 30.585937488433512 ], [ 19.78999782, 30.545373428414699 ], [ 19.61456776, 30.415178528354687 ], [ 19.5955559, 30.417998298356029 ], [ 19.5998528, 30.411886918353186 ], [ 19.59178066, 30.4098770483523 ], [ 19.58344686, 30.416024558355101 ], [ 19.59076846, 30.418918238356454 ], [ 19.56857872, 30.418517818356253 ], [ 19.38100946, 30.317560538309959 ], [ 19.27233875, 30.282674538294039 ], [ 19.18517637, 30.267049538286965 ], [ 19.11431253, 30.27311335828972 ], [ 19.05558991, 30.267912018287337 ], [ 18.94212914, 30.287583938296311 ], [ 18.88138986, 30.33060656831595 ], [ 18.80080998, 30.358877288328884 ], [ 18.79251051, 30.369401328333726 ], [ 18.79443896, 30.383259168340061 ], [ 18.74850082, 30.386917458341735 ], [ 18.67291713, 30.410156238352407 ], [ 18.64848745, 30.427284468360266 ], [ 18.65110135, 30.439105258365693 ], [ 18.58644414, 30.485148298386925 ], [ 18.59565628, 30.494068138390993 ], [ 18.59072661, 30.505702248396371 ], [ 18.59391522, 30.496058448391924 ], [ 18.5879631, 30.499493228393519 ], [ 18.58632445, 30.489001858388644 ], [ 18.56889915, 30.505687938396381 ], [ 18.57588661, 30.504083858395646 ], [ 18.56915724, 30.507798298397368 ], [ 18.57665861, 30.512429348399483 ], [ 18.59544075, 30.508864388397832 ], [ 18.53171825, 30.521959058403866 ], [ 18.51368022, 30.539078818411788 ], [ 18.41004646, 30.595732198438004 ], [ 18.37067997, 30.625696648451942 ], [ 18.36959255, 30.638020858457665 ], [ 18.34234321, 30.646455398461569 ], [ 18.30064285, 30.679085718476745 ], [ 18.29077184, 30.691706168482604 ], [ 18.29454494, 30.6972315184852 ], [ 18.2245239, 30.755253538512275 ], [ 18.22355962, 30.765210018516921 ], [ 18.17463517, 30.789796218528405 ], [ 18.09737813, 30.802462448534342 ], [ 17.9119842, 30.855700358559307 ], [ 17.88657784, 30.871915208566911 ], [ 17.88206315, 30.896353118578375 ], [ 17.85168552, 30.924858438591787 ], [ 17.68756127, 30.951603048604401 ], [ 17.60287023, 30.987133248621184 ], [ 17.51163614, 31.0094181186317 ], [ 17.46703577, 31.024858938638996 ], [ 17.43921173, 31.047547088649747 ], [ 17.39748371, 31.065938338658462 ], [ 17.39299405, 31.076634158663495 ], [ 17.30579185, 31.083141788666612 ], [ 17.29173422, 31.093935838671729 ], [ 17.13936758, 31.122935758685514 ], [ 17.12438965, 31.133083208690302 ], [ 17.00574458, 31.163482658704769 ], [ 16.88743281, 31.180144058712713 ], [ 16.76380587, 31.211985458727849 ], [ 16.69898248, 31.219234928731314 ], [ 16.60296142, 31.210738048727272 ], [ 16.51359224, 31.212414138728075 ], [ 16.37976003, 31.218500368730993 ], [ 16.20328045, 31.237505538740077 ], [ 16.01374745, 31.279326308760044 ], [ 15.80732048, 31.362671248799945 ], [ 15.66051376, 31.449037298841457 ], [ 15.62583137, 31.481363758857029 ], [ 15.56746995, 31.564269528897071 ], [ 15.52043176, 31.614557608921388 ], [ 15.48324501, 31.678131448952197 ], [ 15.39427054, 31.861959329041792 ], [ 15.35038483, 31.999688619109257 ], [ 15.35689914, 32.011345139115008 ], [ 15.34839165, 32.080195299148883 ], [ 15.36108923, 32.136229269176454 ], [ 15.35755634, 32.166133039191223 ], [ 15.31595635, 32.216323369216006 ], [ 15.27206898, 32.318549029266649 ], [ 15.23580265, 32.343052499278762 ], [ 15.25680113, 32.347430929280939 ], [ 15.23338473, 32.343749989279118 ], [ 15.22257996, 32.355497109284961 ], [ 15.22623515, 32.370435939292356 ], [ 15.21536195, 32.361145609287718 ], [ 15.21366131, 32.371179089292752 ], [ 15.22580612, 32.374127739294195 ], [ 15.09789765, 32.411456339312736 ], [ 14.9671241, 32.418422089316209 ], [ 14.95327115, 32.427820549320863 ], [ 14.90205002, 32.43952535932673 ], [ 14.75557613, 32.438783639326331 ], [ 14.69879675, 32.455601439334714 ], [ 14.64789605, 32.484621399349152 ], [ 14.60602307, 32.497774589355764 ], [ 14.58098877, 32.494988549354311 ], [ 14.57361066, 32.501889339357767 ], [ 14.56723523, 32.496672499355221 ], [ 14.48286498, 32.508985749361322 ], [ 14.44656456, 32.526624309370085 ], [ 14.43423498, 32.552830329383191 ], [ 14.37016344, 32.582203019397838 ], [ 14.32936847, 32.626308909419883 ], [ 14.28243673, 32.642237529427895 ], [ 14.27298975, 32.6582957394359 ], [ 14.24756682, 32.667331569440442 ], [ 14.25763035, 32.682760349448159 ], [ 14.24873984, 32.673843609443686 ], [ 14.24887454, 32.680332409446905 ], [ 14.24109685, 32.678362839445931 ], [ 14.24404216, 32.691875329452721 ], [ 14.26322472, 32.681454529447485 ], [ 14.24433255, 32.693258159453421 ], [ 14.2091248, 32.697689639455611 ], [ 14.17089307, 32.713314639463462 ], [ 14.02041161, 32.72767053947063 ], [ 13.93825924, 32.774791709494266 ], [ 13.84353626, 32.785262929499531 ], [ 13.80309594, 32.802441349508179 ], [ 13.73975587, 32.791603439502715 ], [ 13.59800315, 32.790983549502414 ], [ 13.4173243, 32.868417129541292 ], [ 13.38570702, 32.897628539556017 ], [ 13.32570624, 32.897350899555896 ], [ 13.28996837, 32.910536039562537 ], [ 13.23517871, 32.912797439563654 ], [ 13.22367883, 32.90683864956069 ], [ 13.21649778, 32.916390769565467 ], [ 13.21749485, 32.90265785955858 ], [ 13.19776452, 32.904696339559585 ], [ 13.20031047, 32.89822421955629 ], [ 13.19301045, 32.896006099555194 ], [ 13.17783046, 32.900640839557568 ], [ 13.21235681, 32.921261539567929 ], [ 13.17086983, 32.901744709558102 ], [ 13.15021706, 32.881241549547809 ], [ 13.11464834, 32.877750029546057 ], [ 13.08988285, 32.862315049538282 ], [ 12.95650792, 32.822721589518366 ], [ 12.86193073, 32.804437869509165 ], [ 12.75573027, 32.793835389503847 ], [ 12.55866694, 32.796281449505081 ], [ 12.46802294, 32.814244139514088 ], [ 12.3405019, 32.823171129518606 ], [ 12.20765877, 32.871093739542658 ], [ 12.19230485, 32.8882160095513 ], [ 12.1481626, 32.901408899557943 ], [ 12.12453258, 32.91361759956412 ], [ 12.11890531, 32.924654829569668 ], [ 12.12491381, 32.923809159569181 ], [ 12.05203044, 32.955565439585214 ], [ 12.02578247, 32.97812055959659 ], [ 11.91027641, 33.044880139630294 ], [ 11.82545423, 33.075340139645697 ], [ 11.82867014, 33.084728229650423 ], [ 11.81703234, 33.0753753096457 ], [ 11.78150225, 33.09549508965587 ], [ 11.68991888, 33.125435459671031 ], [ 11.716241, 33.104528539660436 ], [ 11.76809132, 33.099300489657772 ], [ 11.77344883, 33.090065709653118 ], [ 11.78157258, 33.094583739655398 ], [ 11.81011391, 33.071298109643628 ], [ 11.64789736, 33.096055739656116 ], [ 11.63634694, 33.112320529664402 ], [ 11.61137176, 33.115320789665908 ], [ 11.60972857, 33.125454649671013 ], [ 11.5704391, 33.163509839690263 ], [ 11.52554262, 33.169114219693114 ], [ 11.49229991, 33.180299869698764 ], [ 11.49070656, 33.186754459702058 ], [ 11.48981166, 33.180567019698891 ], [ 11.4754523, 33.185774199701548 ], [ 11.35485005, 33.254972919736652 ], [ 11.32047355, 33.266773089742607 ], [ 11.32407796, 33.275672069747102 ], [ 11.31982601, 33.266257749742365 ], [ 11.35149443, 33.253609999735943 ], [ 11.44286787, 33.194730029706108 ], [ 11.44335318, 33.184726939701029 ], [ 11.44487536, 33.192458019704979 ], [ 11.45070386, 33.190676439704042 ], [ 11.45126188, 33.176694259696966 ], [ 11.45763814, 33.172466509694829 ], [ 11.45818114, 33.179212439698269 ], [ 11.46790647, 33.179474339698373 ], [ 11.48566854, 33.166928159692048 ], [ 11.48126125, 33.162745349689885 ], [ 11.49213874, 33.163852439690466 ], [ 11.48601913, 33.161465159689229 ], [ 11.48148167, 33.161955229689497 ], [ 11.47583783, 33.164607749690838 ], [ 11.46764207, 33.162052739689535 ], [ 11.46835136, 33.1718571096945 ], [ 11.46251333, 33.173538439695335 ], [ 11.46459317, 33.167497739692259 ], [ 11.45385528, 33.163026439690036 ], [ 11.43265581, 33.175647369696435 ], [ 11.43809438, 33.181630599699439 ], [ 11.41324353, 33.174518459695875 ], [ 11.39126897, 33.189147339703254 ], [ 11.37830806, 33.171482429694301 ], [ 11.37831295, 33.178003299697636 ], [ 11.26507127, 33.206122029711864 ], [ 11.17859983, 33.204644549711084 ], [ 11.16226292, 33.250907649734572 ], [ 11.13959455, 33.264369239741441 ], [ 11.12518775, 33.283892259751312 ], [ 11.11980426, 33.277467839748027 ], [ 11.11425424, 33.294159159756497 ], [ 11.12343121, 33.295377839757165 ], [ 11.12942135, 33.315011129767086 ], [ 11.15866792, 33.318849199769026 ], [ 11.30951381, 33.270970329744756 ], [ 11.31405246, 33.271433339744959 ], [ 11.32154536, 33.276742919747683 ], [ 11.30484664, 33.27420185974642 ], [ 11.17604518, 33.328955639774207 ], [ 11.16857874, 33.346981399783346 ], [ 11.13535166, 33.370769009795431 ], [ 11.10916364, 33.355606309787724 ], [ 11.09232438, 33.361539829790736 ], [ 11.09653211, 33.366798389793452 ], [ 11.11400867, 33.364426249792196 ], [ 11.13891852, 33.387722839804063 ], [ 11.11181438, 33.407645099814168 ], [ 11.10572565, 33.40292464981178 ], [ 11.09298861, 33.435402259828322 ], [ 11.10734022, 33.472709649847296 ], [ 11.12089825, 33.479885329850958 ], [ 11.11288476, 33.489542119855898 ], [ 11.11886513, 33.49602614985919 ], [ 11.12378836, 33.490645159856435 ], [ 11.10824847, 33.557264439890403 ], [ 11.04801965, 33.625670299925332 ], [ 11.01577711, 33.62937675992719 ], [ 11.00781262, 33.64032278993281 ], [ 10.98840892, 33.638604869931896 ], [ 10.99576068, 33.630683529927879 ], [ 10.98577845, 33.622944939923897 ], [ 10.94568241, 33.628344049926703 ], [ 10.91900373, 33.66930304994758 ], [ 10.94635236, 33.627092469926062 ], [ 10.92137265, 33.618861549921796 ], [ 10.91199851, 33.606997119915796 ], [ 10.92756903, 33.599033819911682 ], [ 10.94814634, 33.567892539895844 ], [ 10.92609096, 33.53140054987724 ], [ 10.93064547, 33.525504099874183 ], [ 10.85128224, 33.509452809866055 ], [ 10.84210014, 33.500566949861465 ], [ 10.80788004, 33.494541989858426 ], [ 10.78127503, 33.474801049848395 ], [ 10.74956048, 33.474083289848025 ], [ 10.72996485, 33.489323719855747 ], [ 10.69770408, 33.492589109857406 ], [ 10.70286834, 33.51991532987136 ], [ 10.68092823, 33.533070319878036 ], [ 10.68618524, 33.555414549889434 ], [ 10.72075951, 33.575357549899643 ], [ 10.73601365, 33.60652576991555 ], [ 10.73044407, 33.643516289934439 ], [ 10.74478805, 33.677821629951957 ], [ 10.7328068, 33.701150049963914 ], [ 10.71903872, 33.707795729967238 ], [ 10.69877255, 33.70580624996623 ], [ 10.64590335, 33.675431599950734 ], [ 10.57244515, 33.655210599940389 ], [ 10.56703055, 33.640454639932891 ], [ 10.58096993, 33.633156999929128 ], [ 10.59196532, 33.637625569931423 ], [ 10.58730805, 33.6307246599279 ], [ 10.56343687, 33.634559619929867 ], [ 10.56902647, 33.656183589940866 ], [ 10.4890995, 33.644751299935038 ], [ 10.49345982, 33.637807959931479 ], [ 10.48458374, 33.629704229927377 ], [ 10.47485888, 33.63480399992995 ], [ 10.48028362, 33.644317619934853 ], [ 10.464751, 33.647041669936186 ], [ 10.47341788, 33.64172612993351 ], [ 10.46852362, 33.636174429930648 ], [ 10.45741642, 33.632833349928994 ], [ 10.46410871, 33.647432439936416 ], [ 10.48012924, 33.647207959936303 ], [ 10.48013544, 33.654748909940167 ], [ 10.40618336, 33.671116699948499 ], [ 10.35907424, 33.694820629960674 ], [ 10.36321151, 33.702580319964611 ], [ 10.35561621, 33.696193799961335 ], [ 10.33432984, 33.707498419967116 ], [ 10.28523684, 33.744647249986123 ], [ 10.27099097, 33.766343459997195 ], [ 10.18910635, 33.819561230024455 ], [ 10.13764834, 33.86655985004851 ], [ 10.11855614, 33.895440090063346 ], [ 10.11185312, 33.89435112006278 ], [ 10.10343111, 33.916811930074317 ], [ 10.10942996, 33.922133440077019 ], [ 10.09559333, 33.922798030077338 ], [ 10.11299932, 33.925230730078596 ], [ 10.08478165, 33.93213259008219 ], [ 10.05745745, 33.978921760106196 ], [ 10.02516305, 34.086901420161595 ], [ 10.02668464, 34.14803182019304 ], [ 10.01584876, 34.16812145020338 ], [ 10.03719175, 34.173342340206055 ], [ 10.04309034, 34.207158910223406 ], [ 10.06547117, 34.231451140235947 ], [ 10.08808911, 34.27951931026071 ], [ 10.12938392, 34.320533500281812 ], [ 10.14081836, 34.321892850282474 ], [ 10.15425205, 34.303385610272976 ], [ 10.15831721, 34.328800310286049 ], [ 10.1698873, 34.323486320283351 ], [ 10.18978298, 34.358180630301199 ], [ 10.22106981, 34.341467850292574 ], [ 10.21452105, 34.348601090296263 ], [ 10.23810244, 34.364382850304409 ], [ 10.26640165, 34.368303530306392 ], [ 10.27813053, 34.38606476031557 ], [ 10.28446126, 34.38113617031302 ], [ 10.28161621, 34.396070830320696 ], [ 10.29004765, 34.392789830319046 ], [ 10.29248595, 34.404009330324861 ], [ 10.32196677, 34.392093050318671 ], [ 10.34976494, 34.402740710324181 ], [ 10.3523072, 34.417708630331859 ], [ 10.33973026, 34.412115440328989 ], [ 10.34546423, 34.427410120336845 ], [ 10.37298811, 34.419342630332771 ], [ 10.4578917, 34.505486000377175 ], [ 10.49961984, 34.513363110381214 ], [ 10.50456703, 34.522249330385819 ], [ 10.54835844, 34.52503990038727 ], [ 10.54446423, 34.5193062903843 ], [ 10.59224033, 34.537693730393784 ], [ 10.60643256, 34.555087440402744 ], [ 10.60031855, 34.549157730399692 ], [ 10.60543585, 34.585829960418657 ], [ 10.61803544, 34.59156000042158 ], [ 10.64474177, 34.629979840441422 ], [ 10.6924082, 34.647150630450312 ], [ 10.70233095, 34.658808340456332 ], [ 10.72292638, 34.651814330452694 ], [ 10.73952532, 34.671422950462834 ], [ 10.73620415, 34.698578940476828 ], [ 10.75075567, 34.693850510474412 ], [ 10.73788393, 34.70921647048236 ], [ 10.74809706, 34.725023260490524 ], [ 10.76249027, 34.710445390482988 ], [ 10.76263964, 34.721179830488524 ], [ 10.76911581, 34.714101300484849 ], [ 10.77570176, 34.721414560488675 ], [ 10.76491427, 34.726418840491213 ], [ 10.76966155, 34.731237760493727 ], [ 10.78090107, 34.722193350489029 ], [ 10.77345955, 34.744273410500455 ], [ 10.78047776, 34.753365740505131 ], [ 10.8151741, 34.769814000513634 ], [ 10.82800245, 34.785016410521528 ], [ 10.87212634, 34.798541540528518 ], [ 10.86605823, 34.824154960541733 ], [ 10.90873265, 34.870249620565623 ], [ 10.91970444, 34.865453230563141 ], [ 10.91006875, 34.871470920566225 ], [ 10.92239606, 34.886868710574177 ], [ 10.92613173, 34.966055740615154 ], [ 10.95873165, 34.993290890629247 ], [ 11.00662255, 35.014330140640126 ], [ 11.02450645, 35.043821320655404 ], [ 11.02440345, 35.111002790690172 ], [ 11.05004084, 35.150213710710474 ], [ 11.06112111, 35.146030420708307 ], [ 11.05193591, 35.154258600712573 ], [ 11.08876705, 35.160902730716003 ], [ 11.08246863, 35.168713920720066 ], [ 11.10859716, 35.193755260733006 ], [ 11.10879636, 35.212946170742917 ], [ 11.11924696, 35.223654140748486 ], [ 11.13647068, 35.228981250751239 ], [ 11.15098238, 35.222262130747808 ], [ 11.15662074, 35.228393900750952 ], [ 11.15958095, 35.214600430743815 ], [ 11.15886748, 35.230716700752161 ], [ 11.16690564, 35.230299820751945 ], [ 11.10006511, 35.267002100770931 ], [ 11.05371487, 35.309405910792869 ], [ 11.03482544, 35.343842730810699 ], [ 11.03323317, 35.380700700829806 ], [ 11.05005574, 35.390934820835113 ], [ 11.04046786, 35.417177310848693 ], [ 11.04317331, 35.443228590862176 ], [ 11.05991876, 35.494851940888935 ], [ 11.08248115, 35.508376950895901 ], [ 11.05781877, 35.509338610896407 ], [ 11.03351855, 35.538397060911471 ], [ 11.03176594, 35.576562630931249 ], [ 11.05025196, 35.623579490955557 ], [ 11.00206053, 35.637229430962655 ], [ 10.98271763, 35.653718700971176 ], [ 10.88758063, 35.674796090982106 ], [ 10.83209956, 35.697951900994049 ], [ 10.81791687, 35.716869941003871 ], [ 10.82601857, 35.721098531006078 ], [ 10.82155836, 35.729578371010469 ], [ 10.82586253, 35.745161401018521 ], [ 10.82784903, 35.735867611013688 ], [ 10.83074152, 35.742785321017287 ], [ 10.82647407, 35.748453611020238 ], [ 10.84395051, 35.768041841030396 ], [ 10.83429182, 35.789585101041524 ], [ 10.83029175, 35.780820001036965 ], [ 10.80614555, 35.784847251039096 ], [ 10.74019635, 35.76513945102888 ], [ 10.68655944, 35.786385411039852 ], [ 10.65180504, 35.810109251052161 ], [ 10.64204335, 35.825212951059989 ], [ 10.65211666, 35.82676183106075 ], [ 10.62706184, 35.845077741070241 ], [ 10.60408664, 35.875918741086195 ], [ 10.60207117, 35.893066751095084 ], [ 10.52969372, 35.97893464113951 ], [ 10.51728666, 36.02853106116514 ], [ 10.49781585, 36.036388741169219 ], [ 10.48368847, 36.053083411177894 ], [ 10.46696615, 36.128214951216719 ], [ 10.47120631, 36.211620801259798 ], [ 10.49126852, 36.279403801294826 ], [ 10.52325201, 36.345274801328891 ], [ 10.54290485, 36.371676321342441 ], [ 10.54812205, 36.369202721341146 ], [ 10.54801774, 36.377645121345566 ], [ 10.57580173, 36.398523441356289 ], [ 10.60136604, 36.402976151358615 ], [ 10.61656368, 36.392254821353092 ], [ 10.65565455, 36.405418151359868 ], [ 10.69732106, 36.431901451373527 ], [ 10.80984771, 36.458173861387088 ], [ 10.87912416, 36.602684251461582 ], [ 10.90975344, 36.643302671482488 ], [ 10.8805356, 36.595170961457718 ], [ 10.96164405, 36.709921471516815 ], [ 10.95365214, 36.717923631520932 ], [ 10.96387374, 36.714083421518936 ], [ 11.02064955, 36.785294641555559 ], [ 11.05461001, 36.812454091569514 ], [ 11.09831238, 36.836166131581727 ], [ 11.11418343, 36.83194159157955 ], [ 11.12821197, 36.848659621588155 ], [ 11.13604176, 36.874374021601348 ], [ 11.10911226, 36.898556341613826 ], [ 11.09789801, 36.957185741643904 ], [ 11.05871975, 37.009156341670561 ], [ 11.05893898, 37.034430731683514 ], [ 11.07818317, 37.047444091690167 ], [ 11.04204571, 37.084969681709424 ], [ 12.4242475, 37.801461452074683 ], [ 12.43104327, 37.793298952070572 ] ], [ [ 11.94903374, 36.838241451582824 ], [ 11.92753685, 36.826395741576697 ], [ 11.92666066, 36.801523561563926 ], [ 11.99189067, 36.737524141531004 ], [ 12.03326285, 36.737840051531151 ], [ 12.05501664, 36.761482111543309 ], [ 12.0516448, 36.799712051562992 ], [ 12.01359034, 36.825409401576202 ], [ 12.00137806, 36.819860571573344 ], [ 11.97464287, 36.835306401581313 ], [ 11.94903374, 36.838241451582824 ] ], [ [ 22.90105557, 36.189509261248382 ], [ 22.90187061, 36.193506951250455 ], [ 22.8987416, 36.19536613125144 ], [ 22.89805532, 36.194893111251176 ], [ 22.90105557, 36.189509261248382 ] ], [ [ 22.99862385, 36.090299721197113 ], [ 23.00028372, 36.096084351200069 ], [ 22.99523306, 36.099126451201663 ], [ 22.99444175, 36.095700251199908 ], [ 22.99862385, 36.090299721197113 ] ], [ [ 14.23096275, 36.08217322119291 ], [ 14.18396628, 36.074856511189139 ], [ 14.19109404, 36.057765241180263 ], [ 14.18670261, 36.035156241168586 ], [ 14.26153088, 36.010597701155895 ], [ 14.33731341, 36.032182451167046 ], [ 14.31139934, 36.058797711180802 ], [ 14.29046154, 36.066066611184603 ], [ 14.28282785, 36.061141961182003 ], [ 14.25182295, 36.080045091191813 ], [ 14.23096275, 36.08217322119291 ] ], [ [ 14.33747876, 36.020053261160776 ], [ 14.32284725, 36.018813961160106 ], [ 14.32892334, 36.008449071154757 ], [ 14.32384455, 36.003362411152153 ], [ 14.34962845, 36.006119601153557 ], [ 14.33747876, 36.020053261160776 ] ], [ [ 14.32336056, 36.012248151156726 ], [ 14.3208853, 36.014856211158097 ], [ 14.31709111, 36.014464611157877 ], [ 14.31874716, 36.011880861156591 ], [ 14.32336056, 36.012248151156726 ] ], [ [ 14.36713386, 35.998874541149817 ], [ 14.35125625, 35.98696982114371 ], [ 14.32802117, 35.989843361145127 ], [ 14.33293533, 35.983122221141663 ], [ 14.31896365, 35.971194021135538 ], [ 14.33585656, 35.968869801134339 ], [ 14.3409909, 35.95367192112645 ], [ 14.32841086, 35.941545001120161 ], [ 14.34429431, 35.933693041116094 ], [ 14.34328115, 35.920906531109466 ], [ 14.33207488, 35.918524851108273 ], [ 14.34033322, 35.906517731102049 ], [ 14.32763147, 35.906201951101885 ], [ 14.34185541, 35.873175851084774 ], [ 14.39638305, 35.8376406310664 ], [ 14.45180261, 35.818549151056551 ], [ 14.53175604, 35.805734031049887 ], [ 14.54978013, 35.817347641055882 ], [ 14.52828288, 35.824687711059703 ], [ 14.53101766, 35.832034701063527 ], [ 14.54531515, 35.829983821062449 ], [ 14.54459727, 35.839529741067402 ], [ 14.56052876, 35.818447461056444 ], [ 14.56013322, 35.838145251066678 ], [ 14.57280564, 35.840071311067646 ], [ 14.5636394, 35.852186431073903 ], [ 14.57654703, 35.861154311078586 ], [ 14.56179833, 35.863251441079655 ], [ 14.57568347, 35.867023821081595 ], [ 14.57094431, 35.872668731084559 ], [ 14.52342773, 35.89952253109842 ], [ 14.52666771, 35.888545271092767 ], [ 14.51884925, 35.891832941094449 ], [ 14.51650584, 35.88177179108925 ], [ 14.51236784, 35.886964191091927 ], [ 14.50070882, 35.882791871089751 ], [ 14.51986611, 35.903048501100258 ], [ 14.49846125, 35.894334541095731 ], [ 14.49665356, 35.902667631100073 ], [ 14.50697994, 35.904442541100934 ], [ 14.49830771, 35.906779641102169 ], [ 14.51552451, 35.906454311102024 ], [ 14.49273515, 35.917742841107831 ], [ 14.49259305, 35.929380531113878 ], [ 14.46116614, 35.937808501118212 ], [ 14.43698037, 35.954435101126855 ], [ 14.42184365, 35.944479931121698 ], [ 14.43018866, 35.960488311129964 ], [ 14.38382006, 35.945720901122357 ], [ 14.39779031, 35.967852701133786 ], [ 14.35039747, 35.970284451135036 ], [ 14.37666547, 35.987303251143857 ], [ 14.36713386, 35.998874541149817 ] ], [ [ 14.39879191, 35.96408616113186 ], [ 14.40803647, 35.966266861132951 ], [ 14.40815794, 35.96760880113365 ], [ 14.39943516, 35.965930331132782 ], [ 14.39879191, 35.96408616113186 ] ], [ [ 11.03657091, 35.80539941104972 ], [ 11.02285993, 35.798299541046042 ], [ 11.02463293, 35.788114541040748 ], [ 11.04594088, 35.797294251045514 ], [ 11.03657091, 35.80539941104972 ] ], [ [ 14.40935385, 35.788284651040868 ], [ 14.40790546, 35.786706201040026 ], [ 14.41077423, 35.785807121039575 ], [ 14.41159332, 35.787057631040192 ], [ 14.40935385, 35.788284651040868 ] ], [ [ 12.88419735, 35.859374991077615 ], [ 12.87679112, 35.876081931086276 ], [ 12.84878647, 35.870186801083278 ], [ 12.85857356, 35.85468172107521 ], [ 12.88152516, 35.854113811074939 ], [ 12.88419735, 35.859374991077615 ] ], [ [ 11.00091374, 35.767472611030072 ], [ 11.00979686, 35.762310611027402 ], [ 11.01252902, 35.763537041028073 ], [ 11.00939977, 35.771369211032074 ], [ 11.00091374, 35.767472611030072 ] ], [ [ 10.83133006, 35.725875611008547 ], [ 10.8261131, 35.717937941004486 ], [ 10.83445644, 35.721880901006486 ], [ 10.82884204, 35.735511651013553 ], [ 10.83133006, 35.725875611008547 ] ], [ [ 11.01943362, 35.642348760965305 ], [ 11.03581905, 35.639233700963686 ], [ 11.04606426, 35.628466830958111 ], [ 11.04266584, 35.636815900962439 ], [ 11.02959931, 35.642645110965468 ], [ 11.01943362, 35.642348760965305 ] ], [ [ 23.57913816, 35.615909920951587 ], [ 23.57326722, 35.610681400948899 ], [ 23.57720053, 35.605166070946062 ], [ 23.58687115, 35.608324520947704 ], [ 23.57913816, 35.615909920951587 ] ], [ [ 23.47450531, 35.582725510934445 ], [ 23.48153424, 35.585218540935735 ], [ 23.48098195, 35.587891330937119 ], [ 23.47625446, 35.589425550937889 ], [ 23.47450531, 35.582725510934445 ] ], [ [ 12.31992805, 35.550650470917816 ], [ 12.32212007, 35.550906770917962 ], [ 12.32184005, 35.552876340918971 ], [ 12.32048845, 35.553021060919058 ], [ 12.31992805, 35.550650470917816 ] ], [ [ 12.53605175, 35.529678930906947 ], [ 12.51819885, 35.518863190901328 ], [ 12.56844056, 35.510433660896972 ], [ 12.59946096, 35.494724140888863 ], [ 12.60556817, 35.503909460893631 ], [ 12.60504401, 35.492886650887904 ], [ 12.63366044, 35.493291610888093 ], [ 12.63461065, 35.500701890891975 ], [ 12.62429154, 35.504499540893917 ], [ 12.63391185, 35.516695250900199 ], [ 12.62763846, 35.520701760902263 ], [ 12.53605175, 35.529678930906947 ] ], [ [ 23.56329775, 35.480895510881673 ], [ 23.56729925, 35.480877030881729 ], [ 23.56801808, 35.48136794088191 ], [ 23.56292927, 35.482124200882353 ], [ 23.56329775, 35.480895510881673 ] ], [ [ 23.52789187, 35.270217650772629 ], [ 23.52178633, 35.267116540770978 ], [ 23.53859925, 35.269286860772105 ], [ 23.53578925, 35.27403151077457 ], [ 23.52789187, 35.270217650772629 ] ], [ [ 11.16664386, 35.206638330739665 ], [ 11.16669035, 35.203775400738209 ], [ 11.16751051, 35.208101260740435 ], [ 11.16378725, 35.210408440741617 ], [ 11.16664386, 35.206638330739665 ] ], [ [ 11.09475315, 35.156723970713848 ], [ 11.09806192, 35.154990070712948 ], [ 11.09874642, 35.156249990713562 ], [ 11.09559584, 35.157437310714229 ], [ 11.09475315, 35.156723970713848 ] ], [ [ 24.60379756, 35.01342021063968 ], [ 24.59532523, 35.007503500636602 ], [ 24.57179463, 35.005368460635481 ], [ 24.60556805, 35.003945340634772 ], [ 24.60379756, 35.01342021063968 ] ], [ [ 24.00668025, 34.919175730590908 ], [ 24.01343536, 34.920469150591572 ], [ 24.01104963, 34.929118270596 ], [ 23.98838127, 34.939705600601528 ], [ 24.00668025, 34.919175730590908 ] ], [ [ 24.79950321, 34.921046130591861 ], [ 24.80164063, 34.922330370592555 ], [ 24.80132854, 34.924373020593599 ], [ 24.79805076, 34.922698250592696 ], [ 24.79950321, 34.921046130591861 ] ], [ [ 26.12871575, 34.921104900591892 ], [ 26.13027823, 34.916701430589598 ], [ 26.16011977, 34.942336550602903 ], [ 26.12645674, 34.949116220606378 ], [ 26.12297106, 34.932266940597671 ], [ 26.13550961, 34.927049270594978 ], [ 26.12871575, 34.921104900591892 ] ], [ [ 32.30205595, 34.950250140606975 ], [ 32.31375885, 34.947395550605492 ], [ 32.325033070000011, 34.925688020594272 ], [ 32.316302659999984, 34.899402850580671 ], [ 32.34805965, 34.856345050558446 ], [ 32.36924708, 34.854064690557237 ], [ 32.3689121, 34.847918740554029 ], [ 32.3892827, 34.839078540549487 ], [ 32.39325154, 34.790071840524142 ], [ 32.40672302, 34.765466920511436 ], [ 32.40069485, 34.754395120505698 ], [ 32.41577864, 34.754985800505992 ], [ 32.43410134, 34.734787930495543 ], [ 32.450657959999987, 34.733415950494859 ], [ 32.49476862, 34.702966800479111 ], [ 32.51409554, 34.708116640481784 ], [ 32.530981539999985, 34.69772946047641 ], [ 32.55657494, 34.697509520476324 ], [ 32.60842717, 34.669012060461569 ], [ 32.70364416, 34.639521230446334 ], [ 32.79147041, 34.663936840458987 ], [ 32.875116819999988, 34.666107050460056 ], [ 32.92344058, 34.618713010435613 ], [ 32.9392606, 34.589809530420702 ], [ 32.93281853, 34.565508830408113 ], [ 32.97476041, 34.572601310411805 ], [ 33.02917266, 34.562025060406327 ], [ 33.035250069999989, 34.572375410411688 ], [ 33.01069045, 34.592922560422259 ], [ 33.0063591, 34.613855230433089 ], [ 33.0105865, 34.640116210446664 ], [ 33.03375947, 34.650470720452013 ], [ 33.0192312, 34.645710220449558 ], [ 33.00753224, 34.647251240450302 ], [ 33.02425873, 34.651268590452439 ], [ 33.02509296, 34.66124295045757 ], [ 33.06499958, 34.686318270470544 ], [ 33.14847577, 34.712708110484172 ], [ 33.24433183999998, 34.704856620480086 ], [ 33.27096522, 34.70792746048172 ], [ 33.28774774, 34.724051350490008 ], [ 33.30444872, 34.723955500489964 ], [ 33.31519353, 34.715954530485831 ], [ 33.346488119999989, 34.73086082049354 ], [ 33.36992645, 34.731074200493616 ], [ 33.430174349999987, 34.764576420510977 ], [ 33.49618077, 34.777440900517647 ], [ 33.501043319999987, 34.787942640523028 ], [ 33.55053675, 34.818779460538956 ], [ 33.60376406, 34.816767800537974 ], [ 33.60980391, 34.836443650548119 ], [ 33.63976026, 34.865399230563085 ], [ 33.63833594, 34.911962500587187 ], [ 33.64725566, 34.945920220604734 ], [ 33.679214, 34.972179520618312 ], [ 33.73316801, 34.982733950623796 ], [ 33.777513619999986, 34.980468740622619 ], [ 33.86567116, 34.942945950603217 ], [ 33.89225364, 34.954273090609071 ], [ 33.90637946, 34.972718820618589 ], [ 33.96948814, 34.987408150626194 ], [ 34.01417744, 34.982766500623761 ], [ 34.08504915, 34.955606570609717 ], [ 34.06439376, 35.012968050639429 ], [ 33.98982561, 35.074358220671193 ], [ 33.96179545, 35.107009640688105 ], [ 33.9548701, 35.126927720698411 ], [ 33.9482795, 35.124661790697225 ], [ 33.91201961, 35.161553730716335 ], [ 33.89992845, 35.202461110737531 ], [ 33.90624893, 35.256592140765569 ], [ 33.94286442, 35.304206600790202 ], [ 33.96626866, 35.321978920799438 ], [ 33.9979248, 35.327147950802072 ], [ 34.01274693, 35.320105420798434 ], [ 34.06682503, 35.328399530802734 ], [ 34.0810163, 35.368552200823473 ], [ 34.13656724, 35.41702353084861 ], [ 34.19201696, 35.447235340864289 ], [ 34.28839076, 35.480610840881532 ], [ 34.35706425, 35.534018150909191 ], [ 34.409371849999985, 35.556932320921064 ], [ 34.41686606, 35.58076834093341 ], [ 34.43743217, 35.601246700944017 ], [ 34.518747329999989, 35.635603300961783 ], [ 34.56313407, 35.640987620964566 ], [ 34.5755645, 35.656709540972734 ], [ 34.57802224000001, 35.682736740986222 ], [ 34.59117711, 35.696802960993494 ], [ 34.54595816, 35.688457000989146 ], [ 34.52414417, 35.670825950980024 ], [ 34.50332975, 35.675124160982271 ], [ 34.489974619999984, 35.658416740973628 ], [ 34.45810485, 35.651867140970232 ], [ 34.4393239, 35.655518040972126 ], [ 34.40888822, 35.635236250961576 ], [ 34.38454616, 35.636360040962188 ], [ 34.37002492, 35.625449770956536 ], [ 34.34629166, 35.623213040955392 ], [ 34.33921087, 35.603032100944972 ], [ 34.32648587, 35.604250540945593 ], [ 34.31936967, 35.592168440939332 ], [ 34.29032564, 35.576471440931208 ], [ 34.27927434, 35.580057610933046 ], [ 34.249678139999986, 35.571331130928542 ], [ 34.22985446, 35.556998240921125 ], [ 34.17623425, 35.561900610923658 ], [ 34.17149436, 35.547515140916197 ], [ 34.15448618, 35.540035830912345 ], [ 34.12577891, 35.505469550894453 ], [ 34.08030641, 35.495847220889438 ], [ 34.04391265, 35.472578400877417 ], [ 33.9752773, 35.445666420863461 ], [ 33.95226872, 35.444967140863064 ], [ 33.93613064, 35.434778920857816 ], [ 33.85005426, 35.412457340846252 ], [ 33.75358665, 35.409017310844447 ], [ 33.67489541, 35.365256300821791 ], [ 33.64680576, 35.357088440817556 ], [ 33.61306071, 35.355077730816511 ], [ 33.60790837, 35.360593670819391 ], [ 33.48461807, 35.332031240804589 ], [ 33.45979333, 35.337292540807312 ], [ 33.4140408, 35.33157777080438 ], [ 33.37870777, 35.338414540807925 ], [ 33.34812427, 35.335444440806356 ], [ 33.33584225, 35.337800610807577 ], [ 33.333356619999989, 35.345482460811596 ], [ 33.32459104, 35.34045254080899 ], [ 33.25665247, 35.350505340814195 ], [ 33.24296534, 35.345255250811427 ], [ 33.213934659999985, 35.357368220817754 ], [ 33.19679785000001, 35.358782640818454 ], [ 33.17953098, 35.3503507308141 ], [ 33.11374092, 35.368806830823651 ], [ 33.09680498, 35.353848450815882 ], [ 33.06408525, 35.355358950816694 ], [ 33.0323348, 35.367850530823169 ], [ 32.99162495, 35.368905060823707 ], [ 32.96499217, 35.388331760833779 ], [ 32.92101383, 35.404281840842003 ], [ 32.92198455, 35.35785603081797 ], [ 32.93598294, 35.33786463080763 ], [ 32.93727434, 35.274170870774675 ], [ 32.91042781, 35.195192450733742 ], [ 32.88238966, 35.162714830716901 ], [ 32.825232269999987, 35.141095630705756 ], [ 32.81620502, 35.150564420710666 ], [ 32.800858859999984, 35.149318450709998 ], [ 32.73824656, 35.180170650725955 ], [ 32.650748729999989, 35.196353070734354 ], [ 32.634045, 35.189174050730628 ], [ 32.62369454, 35.193557730732927 ], [ 32.61022067, 35.180036420725898 ], [ 32.57294476, 35.16993355072065 ], [ 32.55148435, 35.17542266072352 ], [ 32.540674929999987, 35.154622430712742 ], [ 32.52284992, 35.144374720707425 ], [ 32.48622966, 35.08094644067458 ], [ 32.44843924, 35.053972950660665 ], [ 32.40873826, 35.039775120653289 ], [ 32.35861695, 35.047754400657453 ], [ 32.28486395, 35.105612270687395 ], [ 32.26956964, 35.07077872066936 ], [ 32.275926229999989, 35.036968460651856 ], [ 32.31294215, 34.995698560630515 ], [ 32.313446399999982, 34.963366860613775 ], [ 32.302533629999985, 34.958997950611497 ], [ 32.30205595, 34.950250140606975 ] ], [ [ 26.12885284, 34.952905530608334 ], [ 26.13142204, 34.953002560608425 ], [ 26.13167715, 34.95584201060985 ], [ 26.12734354, 34.955293050609612 ], [ 26.12885284, 34.952905530608334 ] ], [ [ 26.13718522, 34.95924221061162 ], [ 26.13349032, 34.963511220613817 ], [ 26.13068354, 34.957097040610535 ], [ 26.13548934, 34.957478630610716 ], [ 26.13718522, 34.95924221061162 ] ], [ [ 26.19987822, 35.015733830640848 ], [ 26.19823372, 35.015791410640936 ], [ 26.198300359999987, 35.014337770640161 ], [ 26.20022333, 35.014096370640026 ], [ 26.19987822, 35.015733830640848 ] ], [ [ 26.22897935, 35.028343430647375 ], [ 26.22789145, 35.026922220646661 ], [ 26.22934627, 35.026010150646151 ], [ 26.22950017, 35.02694534064667 ], [ 26.22897935, 35.028343430647375 ] ], [ [ 26.23570263, 35.03151547064904 ], [ 26.23497558, 35.030269970648384 ], [ 26.23691475, 35.029698960648084 ], [ 26.23660111, 35.030547250648532 ], [ 26.23570263, 35.03151547064904 ] ], [ [ 32.73783815, 35.180808420726287 ], [ 32.73904121, 35.180729140726278 ], [ 32.73954117, 35.181694020726788 ], [ 32.73804653, 35.182299370727037 ], [ 32.73783815, 35.180808420726287 ] ], [ [ 33.29108965, 35.350726590814297 ], [ 33.29055953, 35.348420490813076 ], [ 33.29255295, 35.347774610812742 ], [ 33.29328954, 35.3493869208136 ], [ 33.29108965, 35.350726590814297 ] ], [ [ 27.17973888, 35.456120840868877 ], [ 27.17778611, 35.454340450867953 ], [ 27.18136954, 35.453832140867682 ], [ 27.18143523, 35.455463400868496 ], [ 27.17973888, 35.456120840868877 ] ], [ [ 35.85655212, 34.853818050557066 ], [ 35.86164868, 34.853389610556889 ], [ 35.86119795, 34.858766430559655 ], [ 35.85603476, 34.858683220559605 ], [ 35.85655212, 34.853818050557066 ] ], [ [ 11.04700601, 34.617567410435036 ], [ 11.08327162, 34.642770640448035 ], [ 11.12175345, 34.658182490455971 ], [ 11.12212384, 34.663112030458556 ], [ 11.0877434, 34.673829550464077 ], [ 11.04982054, 34.66817235046117 ], [ 10.99700058, 34.673144330463757 ], [ 10.96834874, 34.657959810455871 ], [ 11.04805183, 34.612497920432439 ], [ 11.04700601, 34.617567410435036 ] ], [ [ 11.12547135, 34.663315170458638 ], [ 11.18854535, 34.697815650476457 ], [ 11.24682677, 34.710010640482771 ], [ 11.25199127, 34.720955840488408 ], [ 11.2816534, 34.731852040494076 ], [ 11.30106783, 34.725777020490916 ], [ 11.30362773, 34.743424520500042 ], [ 11.27682173, 34.765137900511291 ], [ 11.27194953, 34.778068410517911 ], [ 11.29116786, 34.775030250516352 ], [ 11.30873716, 34.760642160508908 ], [ 11.30659807, 34.771920910514744 ], [ 11.30243886, 34.766617170512056 ], [ 11.29337156, 34.776018130516881 ], [ 11.28680491, 34.80177485053018 ], [ 11.29922652, 34.806139940532468 ], [ 11.31772244, 34.801097260529829 ], [ 11.27658856, 34.819432010539309 ], [ 11.27898002, 34.803760640531216 ], [ 11.25842404, 34.830760350545155 ], [ 11.24562561, 34.830809820545227 ], [ 11.25046551, 34.806797140532758 ], [ 11.24106693, 34.806869260532814 ], [ 11.2478075, 34.791338790524797 ], [ 11.23280883, 34.789675820523918 ], [ 11.23926127, 34.784853450521474 ], [ 11.23796475, 34.781808010519889 ], [ 11.21611893, 34.78397094052098 ], [ 11.23217142, 34.765990370511673 ], [ 11.22725928, 34.73885535049768 ], [ 11.19955277, 34.740683430498606 ], [ 11.18446982, 34.748696790502748 ], [ 11.18038225, 34.760982030509119 ], [ 11.17011917, 34.762207500509732 ], [ 11.18005466, 34.742368450499463 ], [ 11.16548026, 34.740753640498639 ], [ 11.17438555, 34.728506320492308 ], [ 11.13320518, 34.699638000477428 ], [ 11.13376725, 34.68594824047036 ], [ 11.12266803, 34.679403060466953 ], [ 11.12547135, 34.663315170458638 ] ], [ [ 11.20769656, 34.768373720512919 ], [ 11.20634472, 34.768569700513041 ], [ 11.20597255, 34.767023790512205 ], [ 11.20855606, 34.76676666051209 ], [ 11.20769656, 34.768373720512919 ] ], [ [ 11.23134756, 34.790423620524322 ], [ 11.22496152, 34.8001886505294 ], [ 11.21754396, 34.801013100529808 ], [ 11.22444665, 34.793278450525811 ], [ 11.23134756, 34.790423620524322 ] ], [ [ 24.06371665, 34.831421250545503 ], [ 24.12153316, 34.80053305052953 ], [ 24.13295305, 34.805828560532326 ], [ 24.11216641, 34.831215610545421 ], [ 24.12561667, 34.853522650556933 ], [ 24.10509753, 34.866887440563865 ], [ 24.06538725, 34.872488850566761 ], [ 24.06002045, 34.856886850558674 ], [ 24.03852904, 34.858264440559402 ], [ 24.06371665, 34.831421250545503 ] ], [ [ 25.68025315, 34.872621530566796 ], [ 25.70863962, 34.864684450562699 ], [ 25.73349488, 34.871456610566241 ], [ 25.73334885, 34.878154150569706 ], [ 25.70395064, 34.874519100567781 ], [ 25.68832684, 34.879910340570603 ], [ 25.68025315, 34.872621530566796 ] ], [ [ 25.74297977, 34.874022240567555 ], [ 25.74675643, 34.874714360567893 ], [ 25.74674273, 34.877480500569334 ], [ 25.74185622, 34.877392640569276 ], [ 25.74297977, 34.874022240567555 ] ], [ [ 11.33246064, 34.817692750538413 ], [ 11.32225156, 34.820071450539679 ], [ 11.30548728, 34.829768410544673 ], [ 11.31301224, 34.816677800537924 ], [ 11.33246064, 34.817692750538413 ] ], [ [ 11.33283186, 34.760933030509065 ], [ 11.30950081, 34.755821930506414 ], [ 11.30658126, 34.744957910500808 ], [ 11.34227765, 34.755995740506506 ], [ 11.33283186, 34.760933030509065 ] ], [ [ 11.45175254, 34.697893250476483 ], [ 11.45260334, 34.69541882047524 ], [ 11.45426846, 34.695607290475309 ], [ 11.45473444, 34.696709150475897 ], [ 11.45175254, 34.697893250476483 ] ], [ [ 32.312629339999987, 34.900854100581427 ], [ 32.31029785, 34.900306220581164 ], [ 32.31061316000001, 34.898281450580086 ], [ 32.31323814, 34.89875232058035 ], [ 32.312629339999987, 34.900854100581427 ] ], [ [ 35.77391684, 34.490583410369474 ], [ 35.775402549999988, 34.495500910372016 ], [ 35.77030504, 34.495184530371844 ], [ 35.77391684, 34.490583410369474 ] ], [ [ 35.77768147, 34.485132920366681 ], [ 35.77941, 34.483393060365792 ], [ 35.77989674, 34.487979040368131 ], [ 35.774520749999986, 34.486139760367195 ], [ 35.77768147, 34.485132920366681 ] ], [ [ 10.29537725, 34.398876540322142 ], [ 10.29277015, 34.39897584032223 ], [ 10.29293275, 34.397880900321653 ], [ 10.29715013, 34.397200930321276 ], [ 10.29537725, 34.398876540322142 ] ], [ [ 10.29102933, 34.390653360317934 ], [ 10.28927863, 34.380160800312566 ], [ 10.29232275, 34.377858750311368 ], [ 10.29555285, 34.383534900314238 ], [ 10.29102933, 34.390653360317934 ] ], [ [ 10.30640233, 34.378392920311605 ], [ 10.29923701, 34.358846060301538 ], [ 10.31702435, 34.356213200300189 ], [ 10.31923294, 34.37142216030805 ], [ 10.30640233, 34.378392920311605 ] ], [ [ 10.29364502, 34.37150096030804 ], [ 10.28991425, 34.371320710307941 ], [ 10.28963077, 34.370205510307379 ], [ 10.29419482, 34.370185010307416 ], [ 10.29364502, 34.37150096030804 ] ], [ [ 10.28897703, 34.375713220310253 ], [ 10.28820181, 34.374058830309401 ], [ 10.29052007, 34.373375050309008 ], [ 10.29023504, 34.374755130309751 ], [ 10.28897703, 34.375713220310253 ] ], [ [ 10.27484906, 34.31929909028117 ], [ 10.27679312, 34.320451130281739 ], [ 10.27693045, 34.322081440282645 ], [ 10.27608764, 34.321307650282208 ], [ 10.27484906, 34.31929909028117 ] ], [ [ 10.90675521, 33.904418700067914 ], [ 10.91371703, 33.903516520067484 ], [ 10.91422796, 33.903707610067563 ], [ 10.90280235, 33.907492150069515 ], [ 10.90675521, 33.904418700067914 ] ], [ [ 10.79337621, 33.898437130064892 ], [ 10.74571002, 33.888865340059972 ], [ 10.74180245, 33.87924682005503 ], [ 10.74270356, 33.865265240047862 ], [ 10.75080323, 33.862523550046433 ], [ 10.74253476, 33.855891930043072 ], [ 10.749053, 33.799669260014277 ], [ 10.72710693, 33.763139239995567 ], [ 10.74024475, 33.714890949970886 ], [ 10.75242007, 33.714360469970657 ], [ 10.76137853, 33.699344029962951 ], [ 10.78146517, 33.703908909965307 ], [ 10.79018092, 33.697474349962 ], [ 10.79082596, 33.722611659974831 ], [ 10.82940853, 33.73748134998241 ], [ 10.87793076, 33.68965421995798 ], [ 10.86904204, 33.654192799939857 ], [ 10.87411344, 33.637962329931575 ], [ 10.88695574, 33.631744259928425 ], [ 10.89203107, 33.667559489946719 ], [ 10.939309, 33.69282804995958 ], [ 10.95557594, 33.725356809976283 ], [ 10.96768725, 33.726127849976621 ], [ 10.96672416, 33.680737599953417 ], [ 10.97474277, 33.683681839954964 ], [ 10.98056686, 33.714522829970697 ], [ 10.98210335, 33.691440329958901 ], [ 10.98533511, 33.728392949977788 ], [ 11.00082326, 33.752642259990182 ], [ 11.01366365, 33.753329149990549 ], [ 11.03275847, 33.770815359999489 ], [ 11.06064642, 33.782221550005353 ], [ 11.04973757, 33.796802750012787 ], [ 11.0496273, 33.806389320017679 ], [ 11.05317044, 33.792991750010863 ], [ 11.06303024, 33.788321600008466 ], [ 11.05580425, 33.805315250017145 ], [ 11.05529213, 33.823880540026678 ], [ 11.03988946, 33.832843410031259 ], [ 11.02627134, 33.828722110029162 ], [ 11.00795984, 33.836607450033185 ], [ 10.93371773, 33.895276890063258 ], [ 10.92813838, 33.894205920062703 ], [ 10.93541634, 33.878408900054609 ], [ 10.91065395, 33.87341761005208 ], [ 10.78810525, 33.902931440067178 ], [ 10.79337621, 33.898437130064892 ] ], [ [ 10.91490793, 33.902148710066761 ], [ 10.92655087, 33.898466100064887 ], [ 10.92210913, 33.901375760066344 ], [ 10.91490793, 33.902148710066761 ] ], [ [ 11.05906427, 33.800024500014452 ], [ 11.06015861, 33.797993290013395 ], [ 11.06060803, 33.798079840013472 ], [ 11.06000674, 33.800386540014628 ], [ 11.05906427, 33.800024500014452 ] ], [ [ 10.97147071, 33.672497739949193 ], [ 10.97258913, 33.666581019946207 ], [ 10.97384524, 33.666195019945981 ], [ 10.97781706, 33.67221413994907 ], [ 10.97147071, 33.672497739949193 ] ], [ [ 10.77060652, 33.695515619960972 ], [ 10.76789522, 33.690932139958647 ], [ 10.77902055, 33.684149729955173 ], [ 10.77936053, 33.694445719960449 ], [ 10.77060652, 33.695515619960972 ] ], [ [ 10.72003675, 33.742463099985017 ], [ 10.70733631, 33.732223259979754 ], [ 10.72244894, 33.72196243997454 ], [ 10.72194362, 33.74065004998404 ], [ 10.72003675, 33.742463099985017 ] ], [ [ 10.74069774, 33.873965130052333 ], [ 10.73960745, 33.876848570053781 ], [ 10.73946357, 33.873713720052187 ], [ 10.74069774, 33.873965130052333 ] ], [ [ 10.46542394, 33.641471259933375 ], [ 10.46549523, 33.636769049930976 ], [ 10.46709192, 33.642722839933995 ], [ 10.46542394, 33.641471259933375 ] ], [ [ 10.48265636, 33.638406859931791 ], [ 10.48618364, 33.637359849931258 ], [ 10.48724306, 33.643909799934619 ], [ 10.48198664, 33.643104419934211 ], [ 10.48265636, 33.638406859931791 ] ], [ [ 10.48099625, 33.636074059930593 ], [ 10.48276234, 33.633435839929277 ], [ 10.48312044, 33.63577805993048 ], [ 10.48099625, 33.636074059930593 ] ], [ [ 10.86977196, 33.584112399904129 ], [ 10.87308931, 33.600765339912606 ], [ 10.86572766, 33.604345549914385 ], [ 10.85930896, 33.599196659911811 ], [ 10.86977196, 33.584112399904129 ] ], [ [ 10.91049886, 33.525568359874214 ], [ 10.91089606, 33.524778239873818 ], [ 10.91309786, 33.52523563987404 ], [ 10.91171026, 33.526292429874587 ], [ 10.91049886, 33.525568359874214 ] ], [ [ 10.98041618, 33.652946099939228 ], [ 10.98584461, 33.652807699939146 ], [ 10.9803158, 33.660793889943221 ], [ 10.97811425, 33.658463469942042 ], [ 10.98041618, 33.652946099939228 ] ], [ [ 10.98120916, 33.642232409933762 ], [ 10.98615158, 33.638746249931977 ], [ 10.99106967, 33.64257679993397 ], [ 10.98533785, 33.646027439935715 ], [ 10.98120916, 33.642232409933762 ] ], [ [ 11.00744486, 33.642538539933938 ], [ 11.01051176, 33.63986860993252 ], [ 11.01039755, 33.641643389933442 ], [ 11.00744486, 33.642538539933938 ] ], [ [ 11.01610577, 33.633760319929436 ], [ 11.01816404, 33.63236759992872 ], [ 11.01553547, 33.635257709930215 ], [ 11.01610577, 33.633760319929436 ] ], [ [ 35.36639225, 33.575851549899852 ], [ 35.36618304, 33.574218739899074 ], [ 35.3675034, 33.56979595989678 ], [ 35.36860394, 33.572069629897989 ], [ 35.36639225, 33.575851549899852 ] ], [ [ 11.11382484, 33.464139329842958 ], [ 11.11678803, 33.461791859841732 ], [ 11.11365247, 33.472237699847078 ], [ 11.11240745, 33.469857799845855 ], [ 11.11382484, 33.464139329842958 ] ], [ [ 11.31046712, 33.267801159743158 ], [ 11.31350791, 33.267907969743199 ], [ 11.31393325, 33.269264209743859 ], [ 11.31241667, 33.269918429744209 ], [ 11.31046712, 33.267801159743158 ] ], [ [ 11.42534316, 33.196005099706724 ], [ 11.42610276, 33.19694541970722 ], [ 11.41866326, 33.204282039710968 ], [ 11.42069113, 33.200333939708969 ], [ 11.42534316, 33.196005099706724 ] ], [ [ 11.44211924, 33.182005629699674 ], [ 11.44127333, 33.178398239697792 ], [ 11.44591737, 33.177785859697508 ], [ 11.44605684, 33.179534659698398 ], [ 11.44211924, 33.182005629699674 ] ], [ [ 11.45150161, 33.172671669694942 ], [ 11.45273316, 33.169950119693567 ], [ 11.45496345, 33.17114613969413 ], [ 11.45226598, 33.174746259695944 ], [ 11.45150161, 33.172671669694942 ] ], [ [ 14.0625, 32.724051349468823 ], [ 14.06808901, 32.723391049468518 ], [ 14.06502175, 32.724947559469271 ], [ 14.0625, 32.724051349468823 ] ], [ [ 14.15312207, 32.712964409463282 ], [ 14.15425801, 32.712931269463247 ], [ 14.15508032, 32.713829029463696 ], [ 14.15181625, 32.71401606946381 ], [ 14.15312207, 32.712964409463282 ] ], [ [ 19.90092325, 30.788850058527952 ], [ 19.9049257, 30.791712158529311 ], [ 19.90164495, 30.794397698530499 ], [ 19.90053356, 30.792387828529606 ], [ 19.90092325, 30.788850058527952 ] ], [ [ 19.8732059, 30.756697048512919 ], [ 19.87655306, 30.757793648513434 ], [ 19.8718152, 30.760394438514645 ], [ 19.87163007, 30.759979358514471 ], [ 19.8732059, 30.756697048512919 ] ], [ [ 23.1651777, 32.390537849302348 ], [ 23.16856635, 32.39046095930231 ], [ 23.16631806, 32.393694029303923 ], [ 23.16452765, 32.393257369303718 ], [ 23.1651777, 32.390537849302348 ] ], [ [ 23.23162293, 32.375474919294881 ], [ 23.23656964, 32.371905789293116 ], [ 23.23817372, 32.373522149293912 ], [ 23.23664606, 32.375934229295098 ], [ 23.23162293, 32.375474919294881 ] ], [ [ 23.27949357, 32.2274279492215 ], [ 23.28640962, 32.22204433921884 ], [ 23.28764927, 32.23378895922464 ], [ 23.2761147, 32.238069049226766 ], [ 23.27949357, 32.2274279492215 ] ], [ [ 24.28709292, 32.001023039109924 ], [ 24.28720248, 32.000372039109614 ], [ 24.29499602, 32.00093243910986 ], [ 24.28850615, 32.002283919110539 ], [ 24.28709292, 32.001023039109924 ] ], [ [ 25.0324527, 31.935931319077987 ], [ 25.03615165, 31.935095899077591 ], [ 25.03371084, 31.936035739078022 ], [ 25.0324527, 31.935931319077987 ] ], [ [ 30.10500526, 31.359057058798236 ], [ 30.10367584, 31.355505688796491 ], [ 30.10870063, 31.3587646387981 ], [ 30.10500526, 31.359057058798236 ] ], [ [ 30.03731418, 31.304200758771902 ], [ 30.03876412, 31.305728428772646 ], [ 30.0367974, 31.308932528774186 ], [ 30.03731418, 31.304200758771902 ] ], [ [ 30.52545905, 31.188469638716654 ], [ 30.53273702, 31.189937458717363 ], [ 30.52414262, 31.195384248719964 ], [ 30.52255297, 31.190734728717736 ], [ 30.52545905, 31.188469638716654 ] ], [ [ 30.57704127, 31.192537658718575 ], [ 30.58101344, 31.191078648717898 ], [ 30.57537734, 31.194973698719735 ], [ 30.57704127, 31.192537658718575 ] ], [ [ 30.660914299999988, 31.104372128676658 ], [ 30.63551855, 31.130305038688995 ], [ 30.63124156, 31.132571568690079 ], [ 30.63715243, 31.116724838682558 ], [ 30.660914299999988, 31.104372128676658 ] ], [ [ 30.68208206, 31.097726328673492 ], [ 30.69078135, 31.09181104867071 ], [ 30.6810714, 31.10078833867497 ], [ 30.67377484, 31.102250448675669 ], [ 30.68208206, 31.097726328673492 ] ], [ [ 30.71770954, 31.018114438635802 ], [ 30.72024107, 31.016269438634918 ], [ 30.72269726, 31.016270868634948 ], [ 30.71787775, 31.021836028637555 ], [ 30.71770954, 31.018114438635802 ] ], [ [ 30.55561185, 31.207648508725782 ], [ 30.55517113, 31.207670798725818 ], [ 30.55490315, 31.202078328723136 ], [ 30.55913794, 31.204382528724256 ], [ 30.55561185, 31.207648508725782 ] ], [ [ 30.38465774, 31.47506354885396 ], [ 30.38561225, 31.476524458854698 ], [ 30.38380134, 31.47666762885477 ], [ 30.38417721, 31.475417838854149 ], [ 30.38465774, 31.47506354885396 ] ], [ [ 30.38896835, 31.474912628853943 ], [ 30.38805437, 31.474114408853534 ], [ 30.39137161, 31.472021328852531 ], [ 30.39158022, 31.473383538853163 ], [ 30.38896835, 31.474912628853943 ] ], [ [ 30.39446294, 31.469480738851313 ], [ 30.39541924, 31.469624868851348 ], [ 30.39257097, 31.47160445885233 ], [ 30.39209592, 31.471012938852024 ], [ 30.39446294, 31.469480738851313 ] ], [ [ 30.395760419999988, 31.46938954885125 ], [ 30.39663196, 31.466971148850071 ], [ 30.39887023, 31.465986238849645 ], [ 30.395760419999988, 31.46938954885125 ] ], [ [ 31.98609698, 31.466123688849727 ], [ 31.98358035, 31.466109148849714 ], [ 31.9834553, 31.462897288848161 ], [ 31.98531973, 31.464843738849073 ], [ 31.98609698, 31.466123688849727 ] ], [ [ 31.98214746, 31.469381558851254 ], [ 31.982674, 31.473350628853151 ], [ 31.98165846, 31.474393238853708 ], [ 31.98146546, 31.468401538850785 ], [ 31.98214746, 31.469381558851254 ] ], [ [ 31.97673154, 31.470516428851809 ], [ 31.97415113, 31.473623738853288 ], [ 31.97436881, 31.462700118848034 ], [ 31.9758358, 31.464843738849073 ], [ 31.97673154, 31.470516428851809 ] ], [ [ 31.97200847, 31.471371518852202 ], [ 31.97232127, 31.474165548853545 ], [ 31.97213185, 31.475531328854224 ], [ 31.97166932, 31.470962628852035 ], [ 31.97200847, 31.471371518852202 ] ], [ [ 32.30829453, 31.19408474871933 ], [ 32.33320332, 31.193432558719053 ], [ 32.34715462, 31.236315238739444 ], [ 32.32042515, 31.263357028752424 ], [ 32.30568492, 31.238305918740437 ], [ 32.30829453, 31.19408474871933 ] ], [ [ 32.31955946, 31.192129838718404 ], [ 32.30734468, 31.191452728718083 ], [ 32.310190319999982, 31.114146218681334 ], [ 32.33259976, 31.190215818717494 ], [ 32.31955946, 31.192129838718404 ] ], [ [ 32.30902123, 31.056466208653934 ], [ 32.309450149999989, 31.059681758655508 ], [ 32.30890811, 31.059960828655633 ], [ 32.30862618, 31.059849248655595 ], [ 32.30902123, 31.056466208653934 ] ], [ [ 32.317165369999984, 30.787316428527248 ], [ 32.326657060000016, 30.744561298507261 ], [ 32.33966327000001, 30.726094948498634 ], [ 32.31868446, 30.800894728533585 ], [ 32.317165369999984, 30.787316428527248 ] ], [ [ 32.29889011, 30.562322128422569 ], [ 32.30422986, 30.559370748421205 ], [ 32.29816151, 30.56851421842541 ], [ 32.298684839999986, 30.562674148422687 ], [ 32.29889011, 30.562322128422569 ] ], [ [ 32.35866702, 30.416777958355418 ], [ 32.36043227, 30.414356938354334 ], [ 32.35459816, 30.439395298365863 ], [ 32.35866702, 30.416777958355418 ] ], [ [ 32.4348526, 30.333266008317199 ], [ 32.437314149999985, 30.331632248316399 ], [ 32.4388417, 30.337857238319231 ], [ 32.43513048, 30.334577188317784 ], [ 32.4348526, 30.333266008317199 ] ], [ [ 32.533517839999988, 30.23255644827125 ], [ 32.535231350000011, 30.228631608269488 ], [ 32.538142559999983, 30.229415048269821 ], [ 32.53799045, 30.23060570827036 ], [ 32.533517839999988, 30.23255644827125 ] ], [ [ 32.53252685, 30.229212508269722 ], [ 32.53140497, 30.229437218269815 ], [ 32.53044248, 30.228836758269544 ], [ 32.53252792, 30.228256098269277 ], [ 32.53252685, 30.229212508269722 ] ], [ [ 33.10904765, 31.229881038736412 ], [ 33.07147455, 31.218999498731225 ], [ 32.92798448, 31.141610968694348 ], [ 32.937976, 31.139796838693488 ], [ 32.95313621, 31.154562218700544 ], [ 33.05931032, 31.203596458723844 ], [ 33.10345984, 31.208910928726421 ], [ 33.08303416, 31.216827138730181 ], [ 33.09890175, 31.222959748733107 ], [ 33.18673551, 31.22621141873465 ], [ 33.26243508, 31.209400518726628 ], [ 33.27164197, 31.217976558730729 ], [ 33.17061436, 31.230717648736793 ], [ 33.10904765, 31.229881038736412 ] ], [ [ 33.1216917, 31.211349238727571 ], [ 33.11836696000001, 31.21166692872772 ], [ 33.11590958, 31.213704338728707 ], [ 33.117413519999985, 31.210678208727249 ], [ 33.1216917, 31.211349238727571 ] ], [ [ 33.31670284, 31.190393558717616 ], [ 33.31899095, 31.186737168715872 ], [ 33.326470019999988, 31.187914958716402 ], [ 33.31580305, 31.19549272872003 ], [ 33.31670284, 31.190393558717616 ] ], [ [ 32.87777305, 31.113281238680884 ], [ 32.88189614, 31.111894838680278 ], [ 32.878649949999989, 31.117174618682771 ], [ 32.87777305, 31.113281238680884 ] ], [ [ 32.884392859999977, 31.111587038680138 ], [ 32.88072515, 31.100565068674868 ], [ 32.88946283, 31.090772738670204 ], [ 32.88399041, 31.099380958674303 ], [ 32.89382672, 31.100571148674895 ], [ 32.884392859999977, 31.111587038680138 ] ], [ [ 33.34433162, 31.164003718705015 ], [ 33.35038924, 31.163741938704867 ], [ 33.34746838, 31.168494688707145 ], [ 33.34326828, 31.167531238706712 ], [ 33.34433162, 31.164003718705015 ] ], [ [ 33.14127207, 31.112318508680477 ], [ 33.13803268, 31.114958748681712 ], [ 33.13639891, 31.11422036868133 ], [ 33.14136398, 31.109963048679344 ], [ 33.14127207, 31.112318508680477 ] ], [ [ 33.12211871, 31.113141648680809 ], [ 33.12769067, 31.115481718681977 ], [ 33.12774467, 31.124012938686011 ], [ 33.11915314, 31.122437108685219 ], [ 33.12211871, 31.113141648680809 ] ], [ [ 33.47009444, 31.140794738693966 ], [ 33.473094339999989, 31.138252248692787 ], [ 33.47128046, 31.141339648694238 ], [ 33.47009444, 31.140794738693966 ] ], [ [ 33.47370493, 31.131168828689397 ], [ 33.47825766, 31.131625518689589 ], [ 33.47156513, 31.137028448692178 ], [ 33.47373486, 31.134630428691086 ], [ 33.47370493, 31.131168828689397 ] ], [ [ 34.59944355, 35.701291430995781 ], [ 34.60635567, 35.708422770999519 ], [ 34.60730994, 35.712178821001473 ], [ 34.60182714, 35.706605070998599 ], [ 34.59944355, 35.701291430995781 ] ], [ [ 33.53477085, 36.12214505121355 ], [ 33.53180456, 36.127594941216394 ], [ 33.52972567, 36.1290222312171 ], [ 33.52850354, 36.119707221212323 ], [ 33.53477085, 36.12214505121355 ] ], [ [ 33.69724464, 36.160664671233462 ], [ 33.69408202, 36.161200161233758 ], [ 33.69195211, 36.16107594123369 ], [ 33.69459188, 36.159101831232675 ], [ 33.69724464, 36.160664671233462 ] ], [ [ 33.78459895, 36.197401391252463 ], [ 33.77510071, 36.200337041254016 ], [ 33.75768018, 36.181441541244226 ], [ 33.77727604, 36.184199321245607 ], [ 33.78459895, 36.197401391252463 ] ], [ [ 36.18758917, 36.722548361523309 ], [ 36.18908405, 36.723022811523556 ], [ 36.18412971, 36.724207631524152 ], [ 36.18685246, 36.722460021523275 ], [ 36.18758917, 36.722548361523309 ] ], [ [ 35.703069209999988, 36.723722811523899 ], [ 35.69698417, 36.727330441525758 ], [ 35.696364159999987, 36.727162231525682 ], [ 35.69781292, 36.723807921523928 ], [ 35.703069209999988, 36.723722811523899 ] ], [ [ 35.60544646, 36.705392471514457 ], [ 35.601459149999982, 36.700200551511777 ], [ 35.60879874, 36.704092251513799 ], [ 35.60544646, 36.705392471514457 ] ], [ [ 35.59118235, 36.703776471513635 ], [ 35.58973455, 36.699915641511645 ], [ 35.59134734, 36.699534411511493 ], [ 35.59147596, 36.700080501511756 ], [ 35.59118235, 36.703776471513635 ] ], [ [ 35.67726171, 36.714197151519002 ], [ 35.67930114, 36.712555041518144 ], [ 35.68382394, 36.715386621519599 ], [ 35.68142593, 36.716275321520065 ], [ 35.67726171, 36.714197151519002 ] ], [ [ 35.28176892, 36.638931261480252 ], [ 35.27812922, 36.640457741481022 ], [ 35.28276074, 36.636708851479078 ], [ 35.28176892, 36.638931261480252 ] ], [ [ 35.27174914, 36.644627441483166 ], [ 35.27127886, 36.643392551482513 ], [ 35.273600459999983, 36.642082921481858 ], [ 35.27397478, 36.642325391482018 ], [ 35.27174914, 36.644627441483166 ] ], [ [ 35.20929313, 36.649691211485816 ], [ 35.20679605, 36.650698891486307 ], [ 35.205855729999989, 36.649896141485897 ], [ 35.2067095, 36.64902495148543 ], [ 35.20929313, 36.649691211485816 ] ], [ [ 35.21206164, 36.654019351488003 ], [ 35.21133053, 36.655318971488697 ], [ 35.20964444, 36.655126201488613 ], [ 35.2108345, 36.65344082148772 ], [ 35.21206164, 36.654019351488003 ] ], [ [ 35.2131834, 36.659641141490923 ], [ 35.21174932, 36.659966821491118 ], [ 35.21052814, 36.659425731490821 ], [ 35.213270309999984, 36.658890711490542 ], [ 35.2131834, 36.659641141490923 ] ], [ [ 35.212344649999984, 36.67739819150006 ], [ 35.208270549999988, 36.678406821500573 ], [ 35.21192014, 36.676749341499693 ], [ 35.212344649999984, 36.67739819150006 ] ], [ [ 33.82770038, 36.269229641289606 ], [ 33.825906159999988, 36.267375101288621 ], [ 33.82642877, 36.26476215128725 ], [ 33.82909787, 36.267259231288563 ], [ 33.82770038, 36.269229641289606 ] ], [ [ 29.633791799999987, 36.107204431205844 ], [ 29.64586186, 36.11571025121026 ], [ 29.6403619, 36.120671621212779 ], [ 29.62808442, 36.109178651206861 ], [ 29.633791799999987, 36.107204431205844 ] ], [ [ 29.56252551, 36.121009461212985 ], [ 29.60510421, 36.142141091223927 ], [ 29.59011066, 36.149865141227899 ], [ 29.59937394, 36.165864931236158 ], [ 29.587273, 36.165535801235983 ], [ 29.57165217, 36.151892891228947 ], [ 29.56252551, 36.121009461212985 ] ], [ [ 29.49843371, 36.150397651228225 ], [ 29.502004029999984, 36.154139751230097 ], [ 29.51723218, 36.15726875123174 ], [ 29.49176741, 36.160486931233407 ], [ 29.48602545, 36.151295531228655 ], [ 29.49843371, 36.150397651228225 ] ], [ [ 29.62908077, 36.163476101234941 ], [ 29.62787676, 36.161865221234123 ], [ 29.62942815, 36.16043376123335 ], [ 29.63020027, 36.161940451234109 ], [ 29.62908077, 36.163476101234941 ] ], [ [ 29.62664986, 36.162476051234435 ], [ 29.624254109999988, 36.162068241234202 ], [ 29.62452388, 36.160470361233372 ], [ 29.627329469999985, 36.161349171233816 ], [ 29.62664986, 36.162476051234435 ] ], [ [ 29.62388885, 36.153531541229775 ], [ 29.62216938, 36.15074800122833 ], [ 29.62770617, 36.151289811228608 ], [ 29.62780273, 36.151987541228991 ], [ 29.62388885, 36.153531541229775 ] ], [ [ 29.62909567, 36.152004351228996 ], [ 29.63051355, 36.15139615122866 ], [ 29.63254738, 36.153079621229573 ], [ 29.63156974, 36.153522961229761 ], [ 29.62909567, 36.152004351228996 ] ], [ [ 29.653468129999986, 36.141818631223735 ], [ 29.65507841, 36.141403551223533 ], [ 29.65622687, 36.143276921224498 ], [ 29.65464222, 36.144338961225053 ], [ 29.653468129999986, 36.141818631223735 ] ], [ [ 29.6554054, 36.134096141219786 ], [ 29.66053891, 36.130167001217693 ], [ 29.66359937, 36.135781041220596 ], [ 29.66189086, 36.136473651220989 ], [ 29.6554054, 36.134096141219786 ] ], [ [ 29.74599004, 36.1309063312181 ], [ 29.73915327, 36.122523661213741 ], [ 29.76630747, 36.132394541218879 ], [ 29.75529575, 36.141289341223498 ], [ 29.74599004, 36.1309063312181 ] ], [ [ 29.87283838, 36.169043051237807 ], [ 29.87239218, 36.169148321237856 ], [ 29.870809079999987, 36.166603201236555 ], [ 29.87311995, 36.167316671236897 ], [ 29.87283838, 36.169043051237807 ] ], [ [ 29.84708905, 36.166908611236678 ], [ 29.87918317, 36.176366201241606 ], [ 29.88114834, 36.169158451237834 ], [ 29.89318681, 36.178180921242507 ], [ 29.88880527, 36.183134551245089 ], [ 29.914672379999988, 36.197627421252562 ], [ 29.868985059999986, 36.184116951245599 ], [ 29.84128904, 36.171030031238828 ], [ 29.84708905, 36.166908611236678 ] ], [ [ 29.83811557, 36.167993651237282 ], [ 29.83681965, 36.171298021238947 ], [ 29.83439577, 36.168583741237569 ], [ 29.83811557, 36.167993651237282 ] ], [ [ 29.83278573, 36.168822521237665 ], [ 29.836185459999985, 36.171956531239324 ], [ 29.83211732, 36.170374621238501 ], [ 29.83278573, 36.168822521237665 ] ], [ [ 30.40041017, 36.196987861252261 ], [ 30.40381694, 36.197661031252608 ], [ 30.40506971000001, 36.202709671255235 ], [ 30.40125227, 36.201342931254516 ], [ 30.40041017, 36.196987861252261 ] ], [ [ 29.90265596, 36.201342451254519 ], [ 29.90317166, 36.204308621256011 ], [ 29.89868283, 36.206333751257105 ], [ 29.89863038, 36.203312741255544 ], [ 29.90265596, 36.201342451254519 ] ], [ [ 30.40317285, 36.191530931249467 ], [ 30.40278316, 36.181553591244274 ], [ 30.4071573, 36.175271261241001 ], [ 30.40775371, 36.191850411249582 ], [ 30.40317285, 36.191530931249467 ] ], [ [ 29.91261744, 36.191290371249288 ], [ 29.91021466, 36.189387671248369 ], [ 29.91091704, 36.18818091124767 ], [ 29.91263485, 36.188642851247963 ], [ 29.91261744, 36.191290371249288 ] ], [ [ 29.90234363, 36.2069487512574 ], [ 29.90673482, 36.210431451259204 ], [ 29.90706921, 36.212834941260475 ], [ 29.89501655, 36.209470141258713 ], [ 29.90234363, 36.2069487512574 ] ], [ [ 30.47251606, 36.240462061274734 ], [ 30.46974266, 36.236639971272709 ], [ 30.47946286, 36.230180131269407 ], [ 30.4810369, 36.231944431270328 ], [ 30.47251606, 36.240462061274734 ] ], [ [ 30.55031836, 36.45710575138655 ], [ 30.55465984, 36.458045111387008 ], [ 30.553277019999985, 36.460886111388518 ], [ 30.54709732, 36.45786976138691 ], [ 30.55031836, 36.45710575138655 ] ], [ [ 31.66387355, 36.647437921484638 ], [ 31.66311967, 36.647584431484688 ], [ 31.66100645, 36.647458311484641 ], [ 31.6639117, 36.64601253148389 ], [ 31.66387355, 36.647437921484638 ] ], [ [ 30.59023833, 36.803181041564777 ], [ 30.58859706, 36.804213631565275 ], [ 30.58945882, 36.800538051563407 ], [ 30.590374829999988, 36.800642361563469 ], [ 30.59023833, 36.803181041564777 ] ], [ [ 30.14443302, 36.265154831287447 ], [ 30.1412878, 36.265252821287511 ], [ 30.13996124, 36.265211101287505 ], [ 30.14269078, 36.263708821286734 ], [ 30.14443302, 36.265154831287447 ] ], [ [ 29.551934, 36.1830929412451 ], [ 29.54872286, 36.186554301246872 ], [ 29.54681301, 36.186545721246851 ], [ 29.54747713, 36.18316304124513 ], [ 29.551934, 36.1830929412451 ] ], [ [ 28.14795005, 36.199102151253328 ], [ 28.14449286, 36.200364341253966 ], [ 28.14425886, 36.200066441253838 ], [ 28.14660597, 36.198272931252923 ], [ 28.14795005, 36.199102151253328 ] ], [ [ 29.43579745, 36.199169031253383 ], [ 29.43968022, 36.202905051255293 ], [ 29.439019919999986, 36.20436262125606 ], [ 29.434865359999989, 36.202951301255354 ], [ 29.43579745, 36.199169031253383 ] ], [ [ 29.34680271, 36.208671921258286 ], [ 29.35287595, 36.210937491259457 ], [ 29.366818549999987, 36.219775911264016 ], [ 29.3473978, 36.213765731260914 ], [ 29.34680271, 36.208671921258286 ] ], [ [ 29.3684659, 36.22005974126418 ], [ 29.37349021, 36.219952811264108 ], [ 29.374418619999989, 36.224082461266221 ], [ 29.369272949999988, 36.223963731266167 ], [ 29.3684659, 36.22005974126418 ] ], [ [ 29.06024528, 36.541579361430102 ], [ 29.05875123, 36.540031661429282 ], [ 29.06015694, 36.538834321428716 ], [ 29.06179821, 36.539967651429251 ], [ 29.06024528, 36.541579361430102 ] ], [ [ 29.07581782, 36.553808801436411 ], [ 29.07208514, 36.555172431437079 ], [ 29.06424785, 36.554524771436782 ], [ 29.06982994, 36.551030271434961 ], [ 29.07581782, 36.553808801436411 ] ], [ [ 29.09758282, 36.646176211484011 ], [ 29.099479559999981, 36.645935051483825 ], [ 29.10592425, 36.652974951487494 ], [ 29.09816825, 36.652282111487132 ], [ 29.09758282, 36.646176211484011 ] ], [ [ 28.90778577, 36.651226151486618 ], [ 28.90711141, 36.665059201493683 ], [ 28.88903976, 36.67005323149629 ], [ 28.902717829999986, 36.652078021487043 ], [ 28.90778577, 36.651226151486618 ] ], [ [ 28.915148620000011, 36.654353011488183 ], [ 28.926787139999988, 36.670743931496631 ], [ 28.93968081, 36.673684351498139 ], [ 28.91295063, 36.680819741501828 ], [ 28.915148620000011, 36.654353011488183 ] ], [ [ 29.02779567, 36.670811761496665 ], [ 29.033517, 36.666767111494558 ], [ 29.036459449999985, 36.667191141494804 ], [ 29.03253627, 36.671004051496759 ], [ 29.02779567, 36.670811761496665 ] ], [ [ 29.04345655, 36.657539241489829 ], [ 29.04410064, 36.651785841486877 ], [ 29.05415451, 36.661105151491682 ], [ 29.04545486, 36.664292331493314 ], [ 29.04345655, 36.657539241489829 ] ], [ [ 29.01299834, 36.693575611508379 ], [ 29.01394713, 36.695712321509475 ], [ 29.00570774, 36.698924051511135 ], [ 29.006038549999985, 36.693814151508533 ], [ 29.01299834, 36.693575611508379 ] ], [ [ 28.92781675, 36.69369911150843 ], [ 28.93011212, 36.698661911510989 ], [ 28.92487407, 36.700055831511733 ], [ 28.92425084, 36.694914211509086 ], [ 28.92781675, 36.69369911150843 ] ], [ [ 28.93238902, 36.698926801511149 ], [ 28.93578017, 36.703846331513688 ], [ 28.93495345, 36.708753341516193 ], [ 28.932707309999987, 36.701501241512446 ], [ 28.93238902, 36.698926801511149 ] ], [ [ 28.93289232, 36.708670131516151 ], [ 28.93344677, 36.711643451517702 ], [ 28.93209326, 36.712119331517975 ], [ 28.92979324, 36.709566341516599 ], [ 28.93289232, 36.708670131516151 ] ], [ [ 28.93101215, 36.695200431509249 ], [ 28.93368745, 36.694037551508629 ], [ 28.93288565, 36.697236531510264 ], [ 28.93101215, 36.695200431509249 ] ], [ [ 28.94074333, 36.718910921521456 ], [ 28.950403929999986, 36.726241461525184 ], [ 28.93983555, 36.736860861530666 ], [ 28.93378735, 36.723672741523856 ], [ 28.94074333, 36.718910921521456 ] ], [ [ 28.76500452, 36.62672399147398 ], [ 28.76335061, 36.628689641474963 ], [ 28.76164556, 36.626293411473739 ], [ 28.76397395, 36.625991101473602 ], [ 28.76500452, 36.62672399147398 ] ], [ [ 28.693557259999984, 36.691618551507368 ], [ 28.69779694, 36.692692271507909 ], [ 28.69923365, 36.69422220150873 ], [ 28.69283736, 36.694087261508649 ], [ 28.693557259999984, 36.691618551507368 ] ], [ [ 28.44275451, 36.778843041552264 ], [ 28.43707311, 36.777536501551573 ], [ 28.43161905, 36.769999851547702 ], [ 28.442828540000011, 36.771700971548547 ], [ 28.44275451, 36.778843041552264 ] ], [ [ 28.59886217, 36.797290431561713 ], [ 28.59841144, 36.797567121561869 ], [ 28.59575915, 36.795530671560869 ], [ 28.59794545, 36.795578711560843 ], [ 28.59886217, 36.797290431561713 ] ], [ [ 28.44509852, 36.864300841596148 ], [ 28.44427776, 36.86382519159595 ], [ 28.44504654, 36.861972201594966 ], [ 28.44585276, 36.862940661595474 ], [ 28.44509852, 36.864300841596148 ] ], [ [ 28.2583909, 36.809640401568124 ], [ 28.24426305, 36.80841063156744 ], [ 28.24426246, 36.805322761565861 ], [ 28.25974512, 36.797722451561974 ], [ 28.2583909, 36.809640401568124 ] ], [ [ 28.28769457, 36.818895451572835 ], [ 28.28807175, 36.821149941573985 ], [ 28.27833104, 36.81961655157324 ], [ 28.27935958, 36.818781841572772 ], [ 28.28769457, 36.818895451572835 ] ], [ [ 24.80819476, 34.92765783059528 ], [ 24.80734861, 34.928385610595654 ], [ 24.80428815, 34.928124540595533 ], [ 24.80589712, 34.926082960594478 ], [ 24.80819476, 34.92765783059528 ] ], [ [ 22.92426562, 36.472464671394484 ], [ 22.9222939, 36.472344751394409 ], [ 22.92362785, 36.469325891392849 ], [ 22.92540824, 36.471709841394045 ], [ 22.92426562, 36.472464671394484 ] ], [ [ 22.93070698, 36.487832891402398 ], [ 22.93161237, 36.488921161402963 ], [ 22.92718482, 36.490373011403705 ], [ 22.92730665, 36.487511151402188 ], [ 22.93070698, 36.487832891402398 ] ], [ [ 22.93893695, 36.498015041407641 ], [ 22.93716824, 36.498037451407619 ], [ 22.93839741, 36.495006431406068 ], [ 22.94027281, 36.495962131406621 ], [ 22.93893695, 36.498015041407641 ] ], [ [ 22.89930654, 36.599683991460019 ], [ 22.89620244, 36.599888431460151 ], [ 22.89527416, 36.598571291459457 ], [ 22.89752913, 36.598374001459362 ], [ 22.89930654, 36.599683991460019 ] ], [ [ 22.5751971, 36.754998911540007 ], [ 22.57398045, 36.755064241540019 ], [ 22.57184303, 36.753160231539027 ], [ 22.57578576, 36.753469811539205 ], [ 22.5751971, 36.754998911540007 ] ], [ [ 13.94583201, 37.08904599171148 ], [ 13.94456244, 37.088497151711188 ], [ 13.94333482, 37.084562291709197 ], [ 13.94423807, 37.085242861709524 ], [ 13.94583201, 37.08904599171148 ] ] ], [ [ [ 4.62817967, 43.843662974867719 ], [ 4.6534667, 43.812056414854901 ], [ 4.65248835, 43.788400644845332 ], [ 4.62789381, 43.760259144833952 ], [ 4.62278295, 43.741839524826439 ], [ 4.61354208, 43.725437044819785 ], [ 4.62876713, 43.692490454806418 ], [ 4.62957764, 43.680610174801586 ], [ 4.6057924, 43.664425244794941 ], [ 4.60140502, 43.649342654788782 ], [ 4.61376417, 43.634752624782841 ], [ 4.65488148, 43.618201014776119 ], [ 4.66905725, 43.584402914762251 ], [ 4.71589196, 43.549754854748052 ], [ 4.73584092, 43.522121544736699 ], [ 4.75270784, 43.470723024715518 ], [ 4.73828435, 43.42623376469723 ], [ 4.76008415, 43.425185194696745 ], [ 4.74489534, 43.420961374695018 ], [ 4.75651681, 43.409986604690474 ], [ 4.83565974, 43.367553824672882 ], [ 4.84625196, 43.334820144659332 ], [ 4.87577474, 43.350430724665813 ], [ 4.86199665, 43.355806704668055 ], [ 4.88462651, 43.354380964667449 ], [ 4.91045392, 43.373346444675299 ], [ 4.91223466, 43.376812094676744 ], [ 4.89096916, 43.360236634669846 ], [ 4.88346827, 43.363903634671381 ], [ 4.88352907, 43.35567986466797 ], [ 4.85184503, 43.375895854676337 ], [ 4.83329105, 43.374812124675898 ], [ 4.85099947, 43.377979634677246 ], [ 4.84456503, 43.380992044678507 ], [ 4.85379171, 43.387944094681338 ], [ 4.87254047, 43.390152444682244 ], [ 4.83931613, 43.393541564683694 ], [ 4.83745778, 43.405259844688501 ], [ 4.85055447, 43.397834414685448 ], [ 4.85934222, 43.402084704687169 ], [ 4.82530475, 43.423294304695965 ], [ 4.82894134, 43.429061404698352 ], [ 4.86637235, 43.404590844688215 ], [ 4.87700605, 43.410653464690725 ], [ 4.84959972, 43.451690544707688 ], [ 4.86134124, 43.453238244708324 ], [ 4.8666501, 43.432508944699784 ], [ 4.88228834, 43.419474124694418 ], [ 4.90520775, 43.429899444698684 ], [ 4.88564694, 43.414136044692164 ], [ 4.89289451, 43.404623744688237 ], [ 4.89009714, 43.414136524692218 ], [ 4.9017328, 43.411602134691123 ], [ 4.91022456, 43.426893104697463 ], [ 4.92783046, 43.432756534699863 ], [ 4.96800864, 43.426126714697126 ], [ 4.98309314, 43.395799274684585 ], [ 4.99003375, 43.403693554687827 ], [ 5.03739965, 43.402312634687291 ], [ 5.05272067, 43.406791924689117 ], [ 5.05927396, 43.406349414688982 ], [ 5.05156612, 43.464249124712865 ], [ 5.00061917, 43.475395554717451 ], [ 4.99998665, 43.508862254731227 ], [ 5.01459575, 43.524566524737672 ], [ 5.0119462, 43.550372234748323 ], [ 5.02083361, 43.556136964750642 ], [ 5.04618216, 43.52207886473667 ], [ 5.06024587, 43.527828924739076 ], [ 5.11421645, 43.522801154736968 ], [ 5.11298215, 43.506411074730195 ], [ 5.14131463, 43.459272024710799 ], [ 5.15777636, 43.454816934709001 ], [ 5.16410744, 43.471446624715853 ], [ 5.20642591, 43.492069114724359 ], [ 5.22323012, 43.482365604720378 ], [ 5.22953582, 43.465966814713582 ], [ 5.22867644, 43.448290224706284 ], [ 5.20837963, 43.4437233147044 ], [ 5.19787324, 43.451013444707407 ], [ 5.20425677, 43.44203352470371 ], [ 5.13006878, 43.397543544685327 ], [ 5.11558294, 43.404697054688256 ], [ 5.02654076, 43.397055744685154 ], [ 4.99730515, 43.402245394687299 ], [ 4.99923563, 43.396931644685061 ], [ 4.98530495, 43.393162724683542 ], [ 5.02448797, 43.354923364667641 ], [ 5.01837695, 43.342952004662685 ], [ 5.03102481, 43.33311175465861 ], [ 5.04119992, 43.327790134656439 ], [ 5.05057073, 43.332620974658397 ], [ 5.05423081, 43.323956844654816 ], [ 5.06240284, 43.330905904657691 ], [ 5.08097351, 43.32649456465586 ], [ 5.08891571, 43.332847704658505 ], [ 5.09798825, 43.327867264656405 ], [ 5.15202117, 43.325946564655588 ], [ 5.17562795, 43.334200134659078 ], [ 5.22523701, 43.327877394656454 ], [ 5.25862718, 43.336890334660197 ], [ 5.29371464, 43.359410164669541 ], [ 5.31481886, 43.360067604669823 ], [ 5.32674408, 43.355096214667753 ], [ 5.34197462, 43.34101664466192 ], [ 5.32839036, 43.344089024663184 ], [ 5.35113025, 43.334150904659055 ], [ 5.34518743, 43.332422134658337 ], [ 5.35503447, 43.320765844653472 ], [ 5.36130404, 43.322840444654361 ], [ 5.36244166, 43.298894514644374 ], [ 5.35843635, 43.29784583464393 ], [ 5.37349367, 43.294514654642576 ], [ 5.35543716, 43.295230744642886 ], [ 5.34530544, 43.282246344637471 ], [ 5.3760004, 43.260748264628518 ], [ 5.37328541, 43.245796194622258 ], [ 5.36350965, 43.246245494622471 ], [ 5.33690906, 43.213833444608959 ], [ 5.36662161, 43.206781624605988 ], [ 5.40284693, 43.21283685460849 ], [ 5.45301557, 43.201233144603684 ], [ 5.44789481, 43.209265344607026 ], [ 5.45583427, 43.211051224607765 ], [ 5.49263525, 43.203664654604708 ], [ 5.49960625, 43.195902814601411 ], [ 5.53751385, 43.212149494608234 ], [ 5.54914868, 43.207286714606226 ], [ 5.54895151, 43.194054364600646 ], [ 5.5705111, 43.17353724459204 ], [ 5.60511065, 43.160226224586495 ], [ 5.62372482, 43.186678164597602 ], [ 5.68666685, 43.179083934594416 ], [ 5.69509625, 43.168247334589886 ], [ 5.68194616, 43.155275694584454 ], [ 5.69475615, 43.143550624579476 ], [ 5.71688366, 43.147155634581033 ], [ 5.72438908, 43.136114114576408 ], [ 5.74920654, 43.130584714574098 ], [ 5.77072942, 43.138364904577344 ], [ 5.7805711, 43.128785844573329 ], [ 5.76604092, 43.115305654567628 ], [ 5.81082034, 43.111906044566261 ], [ 5.80650413, 43.080845704553141 ], [ 5.79440653, 43.06991374454855 ], [ 5.81548512, 43.063485734545843 ], [ 5.82975125, 43.048520564539587 ], [ 5.85890377, 43.045404544538243 ], [ 5.87238824, 43.068877094548107 ], [ 5.89010084, 43.077813854551884 ], [ 5.91051567, 43.065677164546791 ], [ 5.92917228, 43.071460244549229 ], [ 5.94691396, 43.067104934547388 ], [ 5.95132422, 43.07622324455123 ], [ 5.94085586, 43.084126704554549 ], [ 5.92531276, 43.079539654552626 ], [ 5.91841614, 43.086680524555611 ], [ 5.90738106, 43.080966824553215 ], [ 5.90650952, 43.087385764555961 ], [ 5.89581275, 43.081720104553526 ], [ 5.91065645, 43.100300304561337 ], [ 5.88955593, 43.103679054562747 ], [ 5.88539922, 43.116253254568051 ], [ 5.90636206, 43.112072464566324 ], [ 5.91229105, 43.122359624570606 ], [ 5.91319227, 43.114419574567314 ], [ 5.92446256, 43.122837534570827 ], [ 5.92284691, 43.115022534567558 ], [ 5.93458343, 43.116714824568263 ], [ 5.92544973, 43.101970314562031 ], [ 5.95611715, 43.107639904564437 ], [ 6.00686002, 43.103413334562696 ], [ 6.02426577, 43.094294304558829 ], [ 6.02189577, 43.07819842455207 ], [ 6.08088875, 43.0872783645559 ], [ 6.11648047, 43.082950944554042 ], [ 6.12596166, 43.078598854552212 ], [ 6.13119352, 43.046229234538586 ], [ 6.11982381, 43.038257234535223 ], [ 6.09403074, 43.040298334536054 ], [ 6.09544075, 43.027855744530818 ], [ 6.13466334, 43.035107724533916 ], [ 6.14503157, 43.026944034530494 ], [ 6.15952694, 43.027361864530647 ], [ 6.17406416, 43.032737244532946 ], [ 6.15281141, 43.036512844534528 ], [ 6.15503561, 43.077973124551967 ], [ 6.17085946, 43.099892964561214 ], [ 6.20568025, 43.116477244568145 ], [ 6.23876441, 43.112931724566671 ], [ 6.27634394, 43.120681754569922 ], [ 6.28942955, 43.10622107456382 ], [ 6.31631041, 43.106575004563972 ], [ 6.3252846, 43.099870314561173 ], [ 6.32192874, 43.091629854557709 ], [ 6.36451185, 43.085983034555348 ], [ 6.37063313, 43.091439244557641 ], [ 6.35811603, 43.108417504564741 ], [ 6.35989106, 43.120998494570024 ], [ 6.3692559, 43.137652864577007 ], [ 6.37775826, 43.135878794576278 ], [ 6.38634086, 43.144676794580008 ], [ 6.42893815, 43.151714204582959 ], [ 6.44042528, 43.14261400457913 ], [ 6.46334505, 43.157302134585244 ], [ 6.49361014, 43.149906634582187 ], [ 6.52411854, 43.165672054588789 ], [ 6.53485465, 43.163046234587675 ], [ 6.53782964, 43.180150144594833 ], [ 6.56061506, 43.18882953459844 ], [ 6.60000944, 43.182919024596011 ], [ 6.62067592, 43.157856344585539 ], [ 6.63336015, 43.172599424591652 ], [ 6.64767885, 43.166292904589078 ], [ 6.64292491, 43.187180634597809 ], [ 6.68105674, 43.200082414603209 ], [ 6.66466105, 43.211337444607857 ], [ 6.66259003, 43.238416664619201 ], [ 6.69038475, 43.251738544624757 ], [ 6.6973356, 43.265528434630461 ], [ 6.67795861, 43.27885651463604 ], [ 6.66395533, 43.26462721463011 ], [ 6.63824022, 43.273903844633971 ], [ 6.62024343, 43.263807054629794 ], [ 6.59244847, 43.262065524629058 ], [ 6.58335376, 43.277508254635485 ], [ 6.62473655, 43.295709844643106 ], [ 6.63390398, 43.307011594647797 ], [ 6.67142761, 43.312290424649944 ], [ 6.66517842, 43.323799244654751 ], [ 6.6796875, 43.340401644661625 ], [ 6.71668255, 43.347363344664551 ], [ 6.71273971, 43.366462944672428 ], [ 6.73201656, 43.389014594681797 ], [ 6.72394323, 43.397255654685203 ], [ 6.73179591, 43.410809754690838 ], [ 6.76148367, 43.424132344696297 ], [ 6.78826332, 43.407918804689629 ], [ 6.82934165, 43.418247814693864 ], [ 6.85219801, 43.410454744690675 ], [ 6.86065054, 43.416255944693063 ], [ 6.85984373, 43.433560364700199 ], [ 6.87092423, 43.424455044696437 ], [ 6.89107704, 43.428029774697919 ], [ 6.89263904, 43.436836954701562 ], [ 6.92425334, 43.450837964707333 ], [ 6.93225861, 43.483672134720877 ], [ 6.94624364, 43.482769844720487 ], [ 6.95672011, 43.49661516472618 ], [ 6.93788362, 43.51448034473357 ], [ 6.95915544, 43.540132754744093 ], [ 7.02215886, 43.549414624747946 ], [ 7.03828371, 43.534721724741871 ], [ 7.06895661, 43.562320344753218 ], [ 7.09676206, 43.570900674756707 ], [ 7.12109125, 43.559328314751944 ], [ 7.11928952, 43.54257654474511 ], [ 7.13781726, 43.545219414746192 ], [ 7.14479744, 43.551997654748959 ], [ 7.13596511, 43.555802344750525 ], [ 7.14053202, 43.569648144756208 ], [ 7.12634432, 43.574171654758096 ], [ 7.13378727, 43.588595744763978 ], [ 7.12748551, 43.586814044763258 ], [ 7.12688673, 43.607633104771743 ], [ 7.15746665, 43.65317165479037 ], [ 7.19257855, 43.657303564792073 ], [ 7.2010051, 43.645034304787096 ], [ 7.21273458, 43.647459624788006 ], [ 7.24061644, 43.687457314804348 ], [ 7.25978494, 43.693638434806871 ], [ 7.28823018, 43.690116044805386 ], [ 7.28422105, 43.694434634807187 ], [ 7.30581641, 43.684754244803216 ], [ 7.31434286, 43.706192604811982 ], [ 7.32633185, 43.696704744808109 ], [ 7.32408464, 43.676652664799938 ], [ 7.33259356, 43.674419394799038 ], [ 7.33496416, 43.686017744803756 ], [ 7.34254515, 43.682789794802446 ], [ 7.35004306, 43.686189764803871 ], [ 7.33036995, 43.698865404808991 ], [ 7.34032714, 43.712512844814512 ], [ 7.35971951, 43.722126834818461 ], [ 7.40619898, 43.718502874816956 ], [ 7.45382798, 43.758483524833174 ], [ 7.48751295, 43.748838654829278 ], [ 7.48984861, 43.766393534836439 ], [ 7.52713883, 43.784526344843783 ], [ 7.53825366, 43.78290235484311 ], [ 7.53861344, 43.782531014842924 ], [ 7.61715786, 43.742483454826704 ], [ 7.77348091, 43.662659884794238 ], [ 8.00796548, 43.54292452474526 ], [ 8.32061157, 43.383277374679423 ], [ 8.47693462, 43.303453804646281 ], [ 8.55509614, 43.26354201462965 ], [ 9.33671137, 42.864424154461616 ], [ 9.30965996, 42.833577154448463 ], [ 9.34256291, 42.797293534432981 ], [ 9.33733726, 42.764627454419056 ], [ 9.34521413, 42.735370754406489 ], [ 9.32167113, 42.715770234398086 ], [ 9.32197785, 42.696320404389809 ], [ 9.29793215, 42.681181664383281 ], [ 9.30055356, 42.675855034381009 ], [ 9.28550148, 42.675292844380763 ], [ 9.2705878, 42.700280664391464 ], [ 9.25433481, 42.705441354393706 ], [ 9.25741184, 42.718075154399074 ], [ 9.22916913, 42.718353024399235 ], [ 9.22210562, 42.735557074406614 ], [ 9.19963217, 42.72523045440218 ], [ 9.16662955, 42.736835954407184 ], [ 9.13680017, 42.72910272440383 ], [ 9.12368417, 42.732630004405351 ], [ 9.09802234, 42.715319154397896 ], [ 9.08479035, 42.715384234397966 ], [ 9.08453846, 42.704756134393399 ], [ 9.06949532, 42.692614074388167 ], [ 9.05845058, 42.696107264389639 ], [ 9.06008124, 42.66157924437487 ], [ 9.02881384, 42.653139344371233 ], [ 9.01587474, 42.640871404365988 ], [ 9.00259304, 42.644130224367352 ], [ 8.94694281, 42.633165114362676 ], [ 8.93372595, 42.646733514368464 ], [ 8.93677115, 42.641826624366352 ], [ 8.91256535, 42.629164574360914 ], [ 8.88012421, 42.629310244360965 ], [ 8.86965835, 42.608273504351949 ], [ 8.85099125, 42.612118954353548 ], [ 8.83129418, 42.601613754349032 ], [ 8.82700586, 42.606890194351315 ], [ 8.79866195, 42.602692954349479 ], [ 8.81049252, 42.59462093434604 ], [ 8.7983886, 42.582410444340759 ], [ 8.80503905, 42.571969864336253 ], [ 8.78394806, 42.556818244329683 ], [ 8.76020336, 42.558300014330349 ], [ 8.76315117, 42.568662404334859 ], [ 8.75554144, 42.571653594336141 ], [ 8.72782242, 42.561908234331909 ], [ 8.72455466, 42.584534994341666 ], [ 8.70649946, 42.570191614335478 ], [ 8.71818638, 42.570277324335514 ], [ 8.72266996, 42.555386294329104 ], [ 8.71014833, 42.535964604320696 ], [ 8.71942484, 42.525209064316066 ], [ 8.69896197, 42.52745913431702 ], [ 8.68552983, 42.515877244312016 ], [ 8.66864944, 42.517442224312717 ], [ 8.66594815, 42.496527904303633 ], [ 8.64886737, 42.479754204296341 ], [ 8.65003884, 42.473560444293675 ], [ 8.67649031, 42.476341004294895 ], [ 8.67986608, 42.469491954291925 ], [ 8.66409302, 42.457186334286575 ], [ 8.66775882, 42.445736994281575 ], [ 8.64821112, 42.443860044280775 ], [ 8.6632632, 42.433464994276271 ], [ 8.65566635, 42.417040464269107 ], [ 8.64490163, 42.413691154267688 ], [ 8.62224305, 42.422410244271454 ], [ 8.60786903, 42.41731011426922 ], [ 8.60069251, 42.40887569426561 ], [ 8.61039662, 42.404529324263663 ], [ 8.60186326, 42.398807754261156 ], [ 8.60848391, 42.386245604255734 ], [ 8.57681501, 42.383889674254689 ], [ 8.57817757, 42.374850624250783 ], [ 8.56878126, 42.370366564248819 ], [ 8.55397654, 42.372083424249588 ], [ 8.54694796, 42.38109576425348 ], [ 8.54564822, 42.370088094248707 ], [ 8.53459835, 42.371997354249523 ], [ 8.55746257, 42.360091324244351 ], [ 8.55281043, 42.333040474232519 ], [ 8.56498075, 42.333054894232539 ], [ 8.59215581, 42.352945324241233 ], [ 8.61487615, 42.349658004239757 ], [ 8.62736273, 42.332294454232198 ], [ 8.60109365, 42.321615214227556 ], [ 8.60154891, 42.308667654221864 ], [ 8.62618828, 42.31241356422349 ], [ 8.64027822, 42.298953054217655 ], [ 8.66129327, 42.301546924218783 ], [ 8.69180834, 42.269244064204621 ], [ 8.63504493, 42.252947444197503 ], [ 8.61682045, 42.25557803419867 ], [ 8.55956745, 42.235878704190007 ], [ 8.53818595, 42.236610644190357 ], [ 8.55288935, 42.226728434185986 ], [ 8.56119812, 42.231884954188239 ], [ 8.57326245, 42.228114004186594 ], [ 8.56731546, 42.219187134182697 ], [ 8.57695925, 42.21419405418046 ], [ 8.56594515, 42.204944604176404 ], [ 8.58213484, 42.206110474176974 ], [ 8.57761622, 42.188085434169011 ], [ 8.58580124, 42.180222744165562 ], [ 8.56058705, 42.172183504162064 ], [ 8.59370434, 42.169253934160736 ], [ 8.55730915, 42.145588754150346 ], [ 8.57431495, 42.152040954153136 ], [ 8.59101427, 42.149036764151859 ], [ 8.5793426, 42.127958654142574 ], [ 8.61565125, 42.133326404144903 ], [ 8.62312555, 42.121966834139904 ], [ 8.65096915, 42.118623374138451 ], [ 8.65881956, 42.100767604130546 ], [ 8.69761145, 42.114030234136372 ], [ 8.70961976, 42.098236434129461 ], [ 8.70205498, 42.085101954123665 ], [ 8.71086407, 42.086875434124408 ], [ 8.72213304, 42.07187222411779 ], [ 8.71576536, 42.063560954114116 ], [ 8.73592746, 42.065716854115053 ], [ 8.74845886, 42.049420474107862 ], [ 8.74251378, 42.041316624104297 ], [ 8.72495365, 42.043030854105048 ], [ 8.72523856, 42.034690254101349 ], [ 8.68624771, 42.02738630409813 ], [ 8.65559721, 42.010009044090452 ], [ 8.65870976, 41.991693844082278 ], [ 8.67673707, 41.98938691408128 ], [ 8.64954913, 41.969149224072268 ], [ 8.61502504, 41.97151123407329 ], [ 8.59287453, 41.964707604070277 ], [ 8.60981274, 41.939283964059008 ], [ 8.62346733, 41.935436834057271 ], [ 8.60712504, 41.894112224038942 ], [ 8.64165783, 41.909629224045808 ], [ 8.7183634, 41.907050124044694 ], [ 8.74144506, 41.91548716404845 ], [ 8.74851203, 41.933885214056602 ], [ 8.76499486, 41.921642294051203 ], [ 8.78310573, 41.925170534052739 ], [ 8.80437326, 41.895447364039498 ], [ 8.77820337, 41.883269544034064 ], [ 8.79067564, 41.866164204026454 ], [ 8.78872824, 41.85050582401945 ], [ 8.74901748, 41.844943514016983 ], [ 8.78408813, 41.832404364011389 ], [ 8.77279854, 41.823237174007311 ], [ 8.77424502, 41.812302824002373 ], [ 8.74787605, 41.811124914001851 ], [ 8.73733187, 41.79666244399538 ], [ 8.71204817, 41.802206743997871 ], [ 8.70887387, 41.796077963995124 ], [ 8.73262262, 41.779768813987857 ], [ 8.69558072, 41.751568903975183 ], [ 8.66193664, 41.750451793974726 ], [ 8.65976763, 41.737892143969049 ], [ 8.67079496, 41.743161553971433 ], [ 8.70655012, 41.738409633969255 ], [ 8.70241952, 41.725625863963572 ], [ 8.70920885, 41.721580503961739 ], [ 8.77586937, 41.740913143970417 ], [ 8.78436506, 41.732071633966441 ], [ 8.77119267, 41.713673343958185 ], [ 8.78697705, 41.708720443955968 ], [ 8.78150547, 41.699242103951732 ], [ 8.81181705, 41.714495653958572 ], [ 8.84327745, 41.696568603950482 ], [ 8.91886413, 41.686097853945817 ], [ 8.88306403, 41.671605933939283 ], [ 8.87064815, 41.645662543927571 ], [ 8.85196865, 41.648137563928685 ], [ 8.81828046, 41.629244203920166 ], [ 8.80390668, 41.641575923925757 ], [ 8.78539097, 41.617687453915011 ], [ 8.78680456, 41.597252843905785 ], [ 8.77385247, 41.59148013390319 ], [ 8.80372965, 41.575126043895779 ], [ 8.78363347, 41.563709613890644 ], [ 8.79353094, 41.554137943886268 ], [ 8.81604636, 41.554027073886253 ], [ 8.82145047, 41.54355263388149 ], [ 8.83281934, 41.548070663883585 ], [ 8.84767854, 41.540228123879984 ], [ 8.85318136, 41.546564453882887 ], [ 8.85582936, 41.534989943877669 ], [ 8.84245181, 41.51808094386994 ], [ 8.87788546, 41.524242513872764 ], [ 8.89047277, 41.515768043868931 ], [ 8.88313365, 41.504896033863965 ], [ 8.9168365, 41.507397643865126 ], [ 8.92065346, 41.488394613856521 ], [ 8.93380594, 41.496094693860002 ], [ 8.93889356, 41.488595003856624 ], [ 8.96063948, 41.491417043857879 ], [ 8.98177814, 41.473193163849643 ], [ 8.99374294, 41.487486833856124 ], [ 9.00359011, 41.47446131385022 ], [ 9.01901841, 41.479594223852516 ], [ 9.01436377, 41.472123613849121 ], [ 9.0238378, 41.461596843844369 ], [ 9.03791034, 41.471475713848861 ], [ 9.04121935, 41.456160893841869 ], [ 9.07420945, 41.477557413851592 ], [ 9.06554461, 41.454038133840946 ], [ 9.07498503, 41.442893143835846 ], [ 9.09421551, 41.449283353838815 ], [ 9.10850501, 41.440175643834635 ], [ 9.12459493, 41.443478813836123 ], [ 9.10572112, 41.428175803829184 ], [ 9.1095674, 41.420556543825683 ], [ 9.09048581, 41.399375913816087 ], [ 9.09916136, 41.391470693812451 ], [ 9.13745601, 41.237414163742116 ], [ 9.13741052, 41.237331623742065 ], [ 9.16795456, 41.228927963738222 ], [ 9.15375996, 41.197636833723884 ], [ 9.16312277, 41.191183443720895 ], [ 9.15920413, 41.182916043717157 ], [ 9.17317116, 41.175510633713742 ], [ 9.15310216, 41.15497564370424 ], [ 9.12097752, 41.155385133704449 ], [ 9.12758553, 41.149406303701724 ], [ 9.10886562, 41.134274953694735 ], [ 9.06081164, 41.12636601369114 ], [ 9.04491377, 41.138310063696615 ], [ 9.01180553, 41.124654163690302 ], [ 8.97900641, 41.090449323674584 ], [ 8.98439765, 41.08725773367312 ], [ 8.92084205, 41.034457553648714 ], [ 8.90549862, 41.036910643649904 ], [ 8.89154315, 41.025858033644781 ], [ 8.87995315, 41.028620113646042 ], [ 8.88867772, 41.014647003639588 ], [ 8.87079823, 41.014957303639726 ], [ 8.87753141, 41.009954443637405 ], [ 8.87347984, 40.995018953630492 ], [ 8.81209457, 40.932198633601402 ], [ 8.77010906, 40.915810933593853 ], [ 8.69990122, 40.914669273593297 ], [ 8.64909565, 40.893503543583478 ], [ 8.60208786, 40.847999563562297 ], [ 8.54291272, 40.825915563552051 ], [ 8.46091485, 40.819004533548799 ], [ 8.41663682, 40.841056933559067 ], [ 8.40828228, 40.837970843557621 ], [ 8.39974582, 40.845015753560943 ], [ 8.39520454, 40.840134853558645 ], [ 8.39937258, 40.848478313562524 ], [ 8.39273334, 40.83803724355765 ], [ 8.38018084, 40.838520643557914 ], [ 8.37914884, 40.847668643562194 ], [ 8.37322426, 40.839372743558258 ], [ 8.37289095, 40.848513243562579 ], [ 8.3713572, 40.837678543557502 ], [ 8.35855722, 40.836881033557148 ], [ 8.35632932, 40.847296473561997 ], [ 8.35487115, 40.8391660335582 ], [ 8.34909546, 40.842950103559922 ], [ 8.36005914, 40.852535243564425 ], [ 8.34509504, 40.839877243558519 ], [ 8.31411362, 40.844619263560745 ], [ 8.28257024, 40.86155557356858 ], [ 8.28529656, 40.849578853563052 ], [ 8.27419853, 40.851967443564178 ], [ 8.27931654, 40.864988563570208 ], [ 8.23118865, 40.909739843590998 ], [ 8.23627257, 40.91688286359431 ], [ 8.22740006, 40.930380103600562 ], [ 8.23780096, 40.95281123361098 ], [ 8.2136265, 40.959872243614257 ], [ 8.20102167, 40.972325913620033 ], [ 8.17599595, 40.934421053602414 ], [ 8.1908493, 40.923740143597513 ], [ 8.19174206, 40.913216943592573 ], [ 8.21946228, 40.900211803586579 ], [ 8.22298574, 40.886278143580071 ], [ 8.21212626, 40.880553833577437 ], [ 8.21855152, 40.868729943571964 ], [ 8.19142985, 40.833565823555539 ], [ 8.18760705, 40.812144513545562 ], [ 8.161677, 40.795621153537915 ], [ 8.1674273, 40.772931453527349 ], [ 8.15636277, 40.749057643516181 ], [ 8.13158548, 40.732218143508312 ], [ 8.17128801, 40.706995603496509 ], [ 8.17505646, 40.694512243490657 ], [ 8.20658481, 40.685414423486407 ], [ 8.19653892, 40.678172223483031 ], [ 8.18491971, 40.637292143463895 ], [ 8.14415598, 40.623442523457342 ], [ 8.14945173, 40.582689393438265 ], [ 8.16230023, 40.560376163427783 ], [ 8.16210842, 40.578248613436166 ], [ 8.17384732, 40.587910053440744 ], [ 8.16890788, 40.593645443443414 ], [ 8.18231332, 40.597702253445313 ], [ 8.19785488, 40.618899933455239 ], [ 8.21964741, 40.601520773447085 ], [ 8.21706581, 40.593474623443363 ], [ 8.20366514, 40.59377562344347 ], [ 8.2027266, 40.567885153431305 ], [ 8.24497426, 40.568873163431761 ], [ 8.24668837, 40.582589143438177 ], [ 8.26558638, 40.581571333437729 ], [ 8.27651358, 40.593122953443142 ], [ 8.30701745, 40.586166973439894 ], [ 8.31868422, 40.570130813432357 ], [ 8.31573963, 40.560425753427772 ], [ 8.30671346, 40.560798043427951 ], [ 8.32041585, 40.549492353422636 ], [ 8.33654654, 40.499568453399128 ], [ 8.35022748, 40.50299143340073 ], [ 8.37038076, 40.494793403396876 ], [ 8.39786971, 40.429826853366229 ], [ 8.40164042, 40.409590123356644 ], [ 8.38885665, 40.366498703336283 ], [ 8.37876427, 40.357819553332156 ], [ 8.38690317, 40.348418343327701 ], [ 8.38235056, 40.338603613323045 ], [ 8.42144787, 40.337237353322429 ], [ 8.44278514, 40.318707813313587 ], [ 8.45953524, 40.318875543313716 ], [ 8.47276676, 40.286323543298238 ], [ 8.48303235, 40.2862119632982 ], [ 8.47514927, 40.242569203277455 ], [ 8.4618957, 40.229347103271181 ], [ 8.46731627, 40.199480173256916 ], [ 8.45577276, 40.176083563245783 ], [ 8.45907092, 40.150963063233831 ], [ 8.48450696, 40.117897023218013 ], [ 8.49264491, 40.086969013203301 ], [ 8.45257175, 40.049875253185526 ], [ 8.43402922, 40.051585553186342 ], [ 8.40759933, 40.041699523181606 ], [ 8.40369213, 40.054390543187672 ], [ 8.39824045, 40.043663733182527 ], [ 8.38581181, 40.044299243182884 ], [ 8.37652004, 40.0360590131789 ], [ 8.37776244, 40.028829923175444 ], [ 8.40372431, 40.031773323176822 ], [ 8.41450274, 40.016421553169522 ], [ 8.39284611, 39.974793663149562 ], [ 8.40143311, 39.962137333143474 ], [ 8.39944422, 39.901375053114258 ], [ 8.42134082, 39.895603173111468 ], [ 8.43801558, 39.880926243104447 ], [ 8.43662703, 39.857725253093257 ], [ 8.44207621, 39.880277863104148 ], [ 8.47082782, 39.901655313114432 ], [ 8.44824135, 39.890092123108843 ], [ 8.44783962, 39.89517044311129 ], [ 8.43846381, 39.892317523109902 ], [ 8.44173145, 39.904999963116019 ], [ 8.48594224, 39.914165613120417 ], [ 8.48623645, 39.90768813311729 ], [ 8.47800231, 39.911224593118995 ], [ 8.46180236, 39.903083433115086 ], [ 8.48718357, 39.903368343115204 ], [ 8.50770855, 39.926412813126291 ], [ 8.49519062, 39.932938333129421 ], [ 8.47161496, 39.924073573125163 ], [ 8.46041453, 39.942631833134079 ], [ 8.49096525, 39.978048553151083 ], [ 8.50061262, 39.975358003149807 ], [ 8.50405705, 39.990248913156989 ], [ 8.51658726, 39.991376033157472 ], [ 8.50610018, 39.985061523154442 ], [ 8.51561284, 39.98193823315296 ], [ 8.49759388, 39.944885963135171 ], [ 8.52379346, 39.937452903131621 ], [ 8.52573454, 39.926852453126521 ], [ 8.51864326, 39.919461603122983 ], [ 8.50205076, 39.919234033122869 ], [ 8.48985255, 39.902343743114741 ], [ 8.50740004, 39.907962433117447 ], [ 8.52711391, 39.902343743114727 ], [ 8.54206646, 39.888084523107857 ], [ 8.54050362, 39.868233433098304 ], [ 8.56959665, 39.864541043096509 ], [ 8.56315696, 39.859416713094099 ], [ 8.53690982, 39.865094893096824 ], [ 8.55485821, 39.856096503092473 ], [ 8.55428874, 39.827119463078532 ], [ 8.54084992, 39.785374633058403 ], [ 8.52120066, 39.759591933045932 ], [ 8.54207981, 39.771798843051833 ], [ 8.50426745, 39.728924153031066 ], [ 8.50668836, 39.719445463026531 ], [ 8.52532601, 39.718304273025986 ], [ 8.53379655, 39.697645303015996 ], [ 8.54652846, 39.71002876302196 ], [ 8.56354821, 39.694390643014358 ], [ 8.52037501, 39.693363303013918 ], [ 8.52156794, 39.702828643018464 ], [ 8.48994684, 39.71511733302443 ], [ 8.49773705, 39.722076643027812 ], [ 8.46095824, 39.767760033049875 ], [ 8.45110524, 39.7691472730505 ], [ 8.44374025, 39.758060563045198 ], [ 8.44457281, 39.71208261302295 ], [ 8.45514715, 39.710026973021954 ], [ 8.44301367, 39.68405973300937 ], [ 8.45917416, 39.668296453001766 ], [ 8.44873154, 39.634081712985157 ], [ 8.47104633, 39.600683322968948 ], [ 8.44721007, 39.540094842939538 ], [ 8.40661204, 39.487903942914116 ], [ 8.38975358, 39.47811710290933 ], [ 8.37907147, 39.456354132898717 ], [ 8.41266668, 39.439592472890546 ], [ 8.41295564, 39.433175202887448 ], [ 8.40270305, 39.404525152873482 ], [ 8.38619745, 39.394939532868747 ], [ 8.37273991, 39.37315153285811 ], [ 8.38899577, 39.364527932853896 ], [ 8.38456321, 39.352847452848216 ], [ 8.39451444, 39.3487591628462 ], [ 8.39522052, 39.338430992841154 ], [ 8.41994154, 39.332251422838112 ], [ 8.4375, 39.28794633281646 ], [ 8.42523742, 39.268639442806965 ], [ 8.36760187, 39.229491102787776 ], [ 8.36770356, 39.215563052780929 ], [ 8.37576222, 39.203143232774863 ], [ 8.40027416, 39.194084752770415 ], [ 8.40090072, 39.180365312763612 ], [ 8.40760875, 39.161315312754269 ], [ 8.41206062, 39.156158792751711 ], [ 8.41260183, 39.173519962760317 ], [ 8.4375, 39.155970922751649 ], [ 8.43879056, 39.114181272731123 ], [ 8.46325088, 39.121048922734474 ], [ 8.47369826, 39.111487142729828 ], [ 8.48801184, 39.086315502717369 ], [ 8.47636712, 39.060430522704635 ], [ 8.46614075, 39.057641022703223 ], [ 8.52589607, 39.059494132704131 ], [ 8.5233078, 39.068371522708524 ], [ 8.53966486, 39.067801352708258 ], [ 8.53483725, 39.052991142700961 ], [ 8.5483371, 39.044528832696791 ], [ 8.55626702, 39.046741832697897 ], [ 8.54226625, 39.050640692699801 ], [ 8.54529154, 39.057399742703161 ], [ 8.5712949, 39.041136262695112 ], [ 8.57651031, 39.019962542684667 ], [ 8.56481338, 39.001057142675329 ], [ 8.57260597, 38.978096952663982 ], [ 8.58859134, 38.964204662657124 ], [ 8.5872575, 38.955348362652785 ], [ 8.60356796, 38.963139402656594 ], [ 8.61654174, 38.953151812651676 ], [ 8.62178993, 38.918453332634478 ], [ 8.60696006, 38.904728402627747 ], [ 8.60711861, 38.892556422621709 ], [ 8.64754212, 38.89311861262199 ], [ 8.64098275, 38.864992852608061 ], [ 8.65946412, 38.868938442609966 ], [ 8.65727847, 38.876227282613613 ], [ 9.77024659, 38.55868283245573 ], [ 10.88321472, 38.241138382296661 ], [ 12.4242475, 37.801461452074683 ], [ 11.42599065, 37.28399517181127 ], [ 11.04204571, 37.084969681709424 ], [ 11.03471744, 37.08856367171127 ], [ 11.03872848, 37.078957671706334 ], [ 11.01716673, 37.067020171700207 ], [ 10.97235262, 37.050148601691589 ], [ 10.96137965, 37.055386531694253 ], [ 10.91541028, 37.046962731689902 ], [ 10.90714061, 37.054304711693675 ], [ 10.90230656, 37.044060221688468 ], [ 10.90887094, 37.033430921683021 ], [ 10.90097785, 37.029770241681121 ], [ 10.91452515, 37.018847691675525 ], [ 10.91113722, 37.006839861669363 ], [ 10.89568305, 37.010351651671144 ], [ 10.89278364, 36.996601811664114 ], [ 10.87068415, 36.985488171658417 ], [ 10.87075424, 36.977496731654306 ], [ 10.78861976, 36.929877751629867 ], [ 10.75886643, 36.902764551615938 ], [ 10.69975841, 36.878975261603713 ], [ 10.67150664, 36.878109561603296 ], [ 10.65917635, 36.884970301606806 ], [ 10.62420714, 36.876469361602453 ], [ 10.60795534, 36.883082741605826 ], [ 10.61176932, 36.873873701601099 ], [ 10.58675337, 36.86470424159635 ], [ 10.56944776, 36.84248256158498 ], [ 10.54872167, 36.769156451547296 ], [ 10.5251199, 36.752262231538587 ], [ 10.47879732, 36.739079111531815 ], [ 10.49484825, 36.730488411527368 ], [ 10.49796951, 36.735198961529811 ], [ 10.51105273, 36.733565441528938 ], [ 10.49574602, 36.72230374152317 ], [ 10.47264636, 36.736698141530596 ], [ 10.41186202, 36.714571821519208 ], [ 10.38960588, 36.716305721520087 ], [ 10.35171616, 36.726663341525409 ], [ 10.31271207, 36.749812831537305 ], [ 10.29321933, 36.771459211548425 ], [ 10.29198515, 36.76514744154521 ], [ 10.28222084, 36.793719041559918 ], [ 10.29034805, 36.793373811559746 ], [ 10.29348195, 36.805239911565806 ], [ 10.31086266, 36.806549661566521 ], [ 10.30668283, 36.816144701571488 ], [ 10.35375774, 36.873188251600752 ], [ 10.32227731, 36.892969241610871 ], [ 10.31842506, 36.916991821623242 ], [ 10.24844158, 36.942803491636482 ], [ 10.20111227, 36.984281771657805 ], [ 10.16991925, 37.054657451693878 ], [ 10.18206763, 37.080059641706924 ], [ 10.20577276, 37.100875011717555 ], [ 10.20230973, 37.104547731719421 ], [ 10.21840727, 37.110104431722327 ], [ 10.19347155, 37.111752021723134 ], [ 10.17728686, 37.122726551728753 ], [ 10.14580965, 37.12921463173209 ], [ 10.13623238, 37.142292731738777 ], [ 10.1535784, 37.165462721750671 ], [ 10.22178864, 37.168451901752157 ], [ 10.22241557, 37.154354441744964 ], [ 10.2254405, 37.168464531752171 ], [ 10.24884963, 37.169526331752685 ], [ 10.22537637, 37.154989231745304 ], [ 10.23168373, 37.150244351742835 ], [ 10.25503027, 37.171955461753946 ], [ 10.28149045, 37.180233951758197 ], [ 10.21864307, 37.185211771760777 ], [ 10.20918274, 37.197688571767117 ], [ 10.15397274, 37.22694575178209 ], [ 10.08779287, 37.239982241788788 ], [ 10.06992435, 37.25985705179896 ], [ 10.07038546, 37.270553821804398 ], [ 9.97750211, 37.247003551792346 ], [ 9.91151261, 37.255447851796674 ], [ 9.89488065, 37.260884511799439 ], [ 9.88868845, 37.271897071805078 ], [ 9.82101381, 37.225757111781476 ], [ 9.86096275, 37.23219191178476 ], [ 9.93110335, 37.224557871780895 ], [ 9.9378128, 37.210718741773789 ], [ 9.9268378, 37.176648961756342 ], [ 9.91374516, 37.158030621746832 ], [ 9.86535954, 37.135531531735339 ], [ 9.81552327, 37.140786641737996 ], [ 9.80670905, 37.147698631741527 ], [ 9.80694115, 37.166242231751028 ], [ 9.78207982, 37.181701651758942 ], [ 9.78622627, 37.208949911772926 ], [ 9.77418721, 37.201659671769157 ], [ 9.77724802, 37.211531031774193 ], [ 9.75964463, 37.221955411779533 ], [ 9.76385236, 37.23015200178375 ], [ 9.78656483, 37.214452021775706 ], [ 9.79926014, 37.218038551777582 ], [ 9.80978334, 37.233912931785682 ], [ 9.80021584, 37.237278451787368 ], [ 9.78337872, 37.220682971778899 ], [ 9.78305256, 37.236615411787071 ], [ 9.81097496, 37.242090451789842 ], [ 9.82437623, 37.237399451787425 ], [ 9.81966245, 37.24385761179078 ], [ 9.84190547, 37.247922411792814 ], [ 9.84263694, 37.253987301795959 ], [ 9.85963464, 37.257295601797622 ], [ 9.85155225, 37.263154741800626 ], [ 9.88190877, 37.272495621805405 ], [ 9.86575365, 37.332004061835804 ], [ 9.83628428, 37.339054691839415 ], [ 9.81160426, 37.326771131833127 ], [ 9.78645062, 37.327316511833416 ], [ 9.74420214, 37.345909701842899 ], [ 9.70676434, 37.334506021837093 ], [ 9.66699576, 37.33844613183912 ], [ 9.59147894, 37.298300021818584 ], [ 9.57262814, 37.295220961817016 ], [ 9.55971432, 37.305603141822289 ], [ 9.45734656, 37.26370131180088 ], [ 9.41630185, 37.270368331804278 ], [ 9.38909614, 37.265018211801589 ], [ 9.38088334, 37.25267683179527 ], [ 9.33810711, 37.233884441785676 ], [ 9.29754853, 37.23156094178448 ], [ 9.25689554, 37.215582841776261 ], [ 9.22391641, 37.218274701777666 ], [ 9.21524525, 37.240232461788892 ], [ 9.12364006, 37.162220831748982 ], [ 9.0746634, 37.15710424174641 ], [ 9.02777576, 37.139161341737164 ], [ 9.00340795, 37.115324731724968 ], [ 8.97783875, 37.10480164171959 ], [ 8.98424411, 37.100049131717149 ], [ 8.95318067, 37.060403931696818 ], [ 8.87403774, 36.999571191665638 ], [ 8.80937648, 36.962640041646715 ], [ 8.76630771, 36.95177804164112 ], [ 8.76021898, 36.966774931648793 ], [ 8.75668836, 36.957343451643943 ], [ 8.74129164, 36.969662541650273 ], [ 8.71657753, 36.962398761646554 ], [ 8.71207941, 36.967662441649239 ], [ 8.68058824, 36.960327501645516 ], [ 8.63719034, 36.936407201633202 ], [ 8.61690962, 36.93430816163216 ], [ 8.61289704, 36.942229741636218 ], [ 8.59052122, 36.929160941629505 ], [ 8.55656445, 36.927101131628447 ], [ 8.51501214, 36.907785051618532 ], [ 8.49193752, 36.907821051618527 ], [ 8.46681726, 36.897894021613453 ], [ 8.43912578, 36.900911441614987 ], [ 8.42641985, 36.895193331612049 ], [ 8.40306413, 36.914636131622061 ], [ 8.3594197, 36.92306923162635 ], [ 8.33943474, 36.916701551623085 ], [ 8.27148497, 36.916894311623196 ], [ 8.26058567, 36.931642401630768 ], [ 8.24150324, 36.934444661632192 ], [ 8.24069715, 36.948928821639647 ], [ 8.22694063, 36.95193063164119 ], [ 8.20634317, 36.937490691633762 ], [ 8.19969225, 36.94073926163545 ], [ 8.08409286, 36.887812841608294 ], [ 7.99018002, 36.858020061592974 ], [ 7.91067827, 36.84402894158579 ], [ 7.8438915, 36.842942351585215 ], [ 7.76895165, 36.8637330415959 ], [ 7.76113093, 36.88538574160701 ], [ 7.77877867, 36.902602311615873 ], [ 7.76746857, 36.894940251611935 ], [ 7.76191688, 36.896304841612611 ], [ 7.78229368, 36.905120121617145 ], [ 7.76109493, 36.928837651629316 ], [ 7.7922523, 36.970144741650515 ], [ 7.76661205, 36.958946341644776 ], [ 7.71065986, 36.950081341640221 ], [ 7.70192575, 36.951149331640799 ], [ 7.70239151, 36.964018221647372 ], [ 7.69065595, 36.962727061646731 ], [ 7.68028414, 36.974181641652606 ], [ 7.67504775, 36.967746611649311 ], [ 7.66022396, 36.969645011650265 ], [ 7.65911901, 36.979770291655434 ], [ 7.64888966, 36.968528621649675 ], [ 7.62185371, 36.962169761646436 ], [ 7.56831157, 36.985333431658319 ], [ 7.55390787, 37.005550261668674 ], [ 7.52596235, 37.01945507167585 ], [ 7.51228952, 37.04305946168796 ], [ 7.4673022, 37.04711615169002 ], [ 7.40836537, 37.040260071686525 ], [ 7.38156342, 37.063827861698563 ], [ 7.39623594, 37.079375731706541 ], [ 7.38846195, 37.083946811708884 ], [ 7.36919951, 37.082073441707969 ], [ 7.37181032, 37.072345841702912 ], [ 7.33775055, 37.064801441699046 ], [ 7.29623127, 37.082257501708064 ], [ 7.27424824, 37.066177831699761 ], [ 7.25194478, 37.080605141707167 ], [ 7.21382761, 37.090087761712013 ], [ 7.19689834, 37.075524321704584 ], [ 7.1770128, 37.084050051708957 ], [ 7.16820848, 37.076496351705067 ], [ 7.18097651, 37.075798741704716 ], [ 7.22137356, 37.04349755168812 ], [ 7.25522292, 37.027261721679821 ], [ 7.25194657, 36.990719551661066 ], [ 7.26578915, 36.986906761659142 ], [ 7.25370705, 36.986163011658761 ], [ 7.26225007, 36.982530941656862 ], [ 7.25271833, 36.982153641656701 ], [ 7.24698007, 36.990474091660943 ], [ 7.21551466, 36.954343311642418 ], [ 7.16304016, 36.915867561622704 ], [ 7.14913023, 36.917834751623715 ], [ 7.1205126, 36.9075336416184 ], [ 7.10512102, 36.921109311625372 ], [ 7.08649504, 36.92044114162502 ], [ 7.01333344, 36.89429044161156 ], [ 6.93537354, 36.883140431605867 ], [ 6.94611323, 36.892433631610636 ], [ 6.93091404, 36.880551571604563 ], [ 6.88125563, 36.896691431612851 ], [ 6.88747287, 36.918630711624083 ], [ 6.88193977, 36.932178251631008 ], [ 6.84805357, 36.934813131632367 ], [ 6.84924161, 36.95728980164391 ], [ 6.81640303, 36.947954411639159 ], [ 6.78633106, 36.962011921646372 ], [ 6.78300464, 36.948276871639315 ], [ 6.76991558, 36.944890251637567 ], [ 6.75231922, 36.949912301640204 ], [ 6.75221336, 36.963960041647326 ], [ 6.74386501, 36.949382651639858 ], [ 6.72060442, 36.944788801637522 ], [ 6.70965016, 36.95250164164149 ], [ 6.68753266, 36.948844541639581 ], [ 6.68423355, 36.958655351644637 ], [ 6.67233241, 36.948185431639267 ], [ 6.65910113, 36.960901851645801 ], [ 6.63706803, 36.95595764164328 ], [ 6.62527597, 36.966297021648536 ], [ 6.63008475, 36.974468821652735 ], [ 6.59217012, 36.971004711650949 ], [ 6.5638628, 36.992028941661758 ], [ 6.58259213, 37.016023151674077 ], [ 6.56952393, 37.008652921670311 ], [ 6.56995463, 37.028016561680225 ], [ 6.54998934, 37.026538841679432 ], [ 6.54008222, 37.033603301683087 ], [ 6.54965603, 37.054553141693809 ], [ 6.51987314, 37.054386841693727 ], [ 6.51315725, 37.073217861703363 ], [ 6.49245501, 37.085240831709577 ], [ 6.47202635, 37.089550251711771 ], [ 6.42068267, 37.081772441707749 ], [ 6.41530085, 37.086758721710311 ], [ 6.33751631, 37.068898671701191 ], [ 6.31429374, 37.043910611688361 ], [ 6.26277876, 37.024935241678669 ], [ 6.26117063, 37.006851661669359 ], [ 6.23953247, 36.982316131656759 ], [ 6.25785875, 36.968121041649482 ], [ 6.26104617, 36.941823951636003 ], [ 6.24109161, 36.921484221625548 ], [ 6.21240628, 36.908533561618931 ], [ 6.14944434, 36.896400201612707 ], [ 6.00182402, 36.840204111583809 ], [ 5.90198016, 36.819044221572916 ], [ 5.89904964, 36.828602901577831 ], [ 5.89934385, 36.818431251572605 ], [ 5.89176965, 36.816787591571739 ], [ 5.89322233, 36.82240414157463 ], [ 5.88153136, 36.815835231571278 ], [ 5.88684034, 36.82786821157746 ], [ 5.87745345, 36.817048301571887 ], [ 5.88689983, 36.830327501578736 ], [ 5.89915335, 36.834472651580825 ], [ 5.88514626, 36.830544221578826 ], [ 5.87555814, 36.816969271571836 ], [ 5.80875063, 36.806112041566251 ], [ 5.77419805, 36.814194431570414 ], [ 5.77020454, 36.824620241575801 ], [ 5.77664626, 36.827574361577277 ], [ 5.76889265, 36.829004641578052 ], [ 5.75729454, 36.823990931575487 ], [ 5.73538566, 36.828250041577675 ], [ 5.73586404, 36.818917261572885 ], [ 5.72250426, 36.824033851575493 ], [ 5.69970977, 36.814508901570584 ], [ 5.68803751, 36.818525541572654 ], [ 5.69430196, 36.811518661569046 ], [ 5.68354821, 36.811889041569216 ], [ 5.67705393, 36.796687591561415 ], [ 5.65705836, 36.800490971563399 ], [ 5.63763034, 36.781117671553424 ], [ 5.60783064, 36.776003951550805 ], [ 5.59447122, 36.781440011553585 ], [ 5.58968961, 36.770417321547924 ], [ 5.57109213, 36.765740741545528 ], [ 5.56629312, 36.750151621537519 ], [ 5.55065775, 36.737862701531178 ], [ 5.55292654, 36.714943641519369 ], [ 5.53956282, 36.711304541517507 ], [ 5.53705275, 36.701564421512494 ], [ 5.52574515, 36.702119341512777 ], [ 5.52767932, 36.695304031509309 ], [ 5.50015664, 36.677846061500318 ], [ 5.48573315, 36.673344361497975 ], [ 5.47864771, 36.680774801501812 ], [ 5.47803891, 36.670123331496299 ], [ 5.46308911, 36.663859241493086 ], [ 5.44492972, 36.662167061492198 ], [ 5.43732655, 36.668179621495334 ], [ 5.4356122, 36.657782901489966 ], [ 5.41881955, 36.658965941490614 ], [ 5.41773534, 36.651398051486659 ], [ 5.30232394, 36.637027131479286 ], [ 5.22012234, 36.647629851484709 ], [ 5.10197127, 36.696259011509731 ], [ 5.08353412, 36.711511241517606 ], [ 5.0769217, 36.732836951528583 ], [ 5.07891488, 36.745576851535148 ], [ 5.10639203, 36.759781831542433 ], [ 5.10676444, 36.777042501551321 ], [ 5.09566784, 36.773613801549558 ], [ 5.0177927, 36.793177591559619 ], [ 5.01614606, 36.80713354156682 ], [ 4.98892176, 36.817616691572198 ], [ 4.98506105, 36.812195651569411 ], [ 4.96408916, 36.817120661571948 ], [ 4.93673611, 36.830940831579042 ], [ 4.921875, 36.850725401589216 ], [ 4.88756645, 36.850597131589133 ], [ 4.85753345, 36.865772361596946 ], [ 4.81162417, 36.872239821600253 ], [ 4.80720866, 36.88322913160588 ], [ 4.78750408, 36.891389721610075 ], [ 4.75497055, 36.895056241611954 ], [ 4.73174584, 36.882758851605672 ], [ 4.70490193, 36.879519691604031 ], [ 4.64531255, 36.887973891608354 ], [ 4.63309264, 36.882027141605292 ], [ 4.51033211, 36.884737001606659 ], [ 4.47886336, 36.901692741615371 ], [ 4.44164336, 36.910150041619744 ], [ 4.42255175, 36.909877051619588 ], [ 4.41909325, 36.895418991612161 ], [ 4.40027463, 36.890624991609705 ], [ 4.32966423, 36.900594341614834 ], [ 4.30913413, 36.895332211612114 ], [ 4.2965945, 36.908203831618721 ], [ 4.26941824, 36.901566611615316 ], [ 4.24384284, 36.904244291616706 ], [ 4.20600498, 36.892175901610493 ], [ 4.16085517, 36.907876841618574 ], [ 4.14890206, 36.904608241616891 ], [ 4.14553475, 36.895436631612171 ], [ 4.11168742, 36.889817351609281 ], [ 4.01281941, 36.90317236161615 ], [ 3.95336354, 36.897392861613163 ], [ 3.91709352, 36.910915131620136 ], [ 3.92324424, 36.923242201626472 ], [ 3.90860045, 36.91830324162391 ], [ 3.89252663, 36.923204771626438 ], [ 3.85387075, 36.90912055161921 ], [ 3.84930515, 36.913454641621406 ], [ 3.73445797, 36.886131041607399 ], [ 3.71797228, 36.878510231603471 ], [ 3.7169795, 36.865908851596998 ], [ 3.68671691, 36.844174021585836 ], [ 3.62507963, 36.81699823157188 ], [ 3.55851078, 36.805068011565773 ], [ 3.56067276, 36.794930811560477 ], [ 3.54610574, 36.786576501556191 ], [ 3.52147734, 36.786298741556102 ], [ 3.50988162, 36.773746001549632 ], [ 3.48871505, 36.767750011546561 ], [ 3.41823566, 36.769937031547663 ], [ 3.33755314, 36.783535711554691 ], [ 3.27528274, 36.800053231563169 ], [ 3.25518596, 36.813410031570015 ], [ 3.23004615, 36.815282931570977 ], [ 3.22296286, 36.811524861569083 ], [ 3.23499215, 36.805069321565746 ], [ 3.23604512, 36.792115441559041 ], [ 3.22067738, 36.764980311545131 ], [ 3.16457415, 36.742496001533546 ], [ 3.11964893, 36.742232191533418 ], [ 3.08483243, 36.749478451537144 ], [ 3.07597256, 36.761798851543503 ], [ 3.07520711, 36.756769771540917 ], [ 3.06220508, 36.76312922154419 ], [ 3.06968355, 36.788822041557395 ], [ 3.01138318, 36.820181121573512 ], [ 2.8948915, 36.805304041565869 ], [ 2.90046895, 36.797785031562 ], [ 2.89450371, 36.779933801552829 ], [ 2.87193835, 36.763213151544221 ], [ 2.83746326, 36.762375341543802 ], [ 2.84622705, 36.752885331538906 ], [ 2.84301412, 36.737811561531174 ], [ 2.82512486, 36.712149131517968 ], [ 2.79486525, 36.691114651507149 ], [ 2.73143697, 36.669897551496234 ], [ 2.64715505, 36.618687741469842 ], [ 2.56717968, 36.594092951457135 ], [ 2.4950819, 36.589555611454799 ], [ 2.42691147, 36.59471642145747 ], [ 2.40852785, 36.604873171462721 ], [ 2.4036448, 36.63416909147778 ], [ 2.34790313, 36.64529037148354 ], [ 2.26107216, 36.628546351474924 ], [ 2.25637567, 36.619929541470484 ], [ 2.22924018, 36.613145341466961 ], [ 2.19938982, 36.613196241466994 ], [ 2.12907004, 36.586677421453331 ], [ 2.02285183, 36.567902551443645 ], [ 1.94630241, 36.567853441443653 ], [ 1.91291964, 36.578651891449177 ], [ 1.88035727, 36.566790331443102 ], [ 1.85321665, 36.570895071445193 ], [ 1.78621006, 36.557007541438047 ], [ 1.75693786, 36.561949361440604 ], [ 1.70656085, 36.551700221435333 ], [ 1.65477121, 36.554968231436995 ], [ 1.58076286, 36.534070011426216 ], [ 1.52365637, 36.542657251430654 ], [ 1.51359201, 36.529914011424047 ], [ 1.48963082, 36.527419911422818 ], [ 1.45845664, 36.542355771430515 ], [ 1.44365835, 36.535405631426912 ], [ 1.39572442, 36.536744701427608 ], [ 1.38522482, 36.551444761435185 ], [ 1.36147165, 36.553514231436232 ], [ 1.33831108, 36.549192541434024 ], [ 1.32924545, 36.532511341425426 ], [ 1.31540322, 36.526327841422223 ], [ 1.31673622, 36.51906597141852 ], [ 1.28444076, 36.507091391412324 ], [ 1.22935677, 36.504494061410981 ], [ 1.18561625, 36.514705771416253 ], [ 1.13885236, 36.492610211404866 ], [ 1.08373594, 36.494081131405601 ], [ 1.00039518, 36.461637961388881 ], [ 0.93541956, 36.446689241381137 ], [ 0.91103446, 36.398266421356226 ], [ 0.87081146, 36.372288461342798 ], [ 0.82510138, 36.360841141336884 ], [ 0.8056066, 36.366413351339752 ], [ 0.76012886, 36.334805721323427 ], [ 0.65861094, 36.330314631321137 ], [ 0.63914013, 36.31045722131087 ], [ 0.59098101, 36.283401121296876 ], [ 0.55773675, 36.275509351292818 ], [ 0.47513628, 36.231056321269847 ], [ 0.43071318, 36.213426221260711 ], [ 0.38358784, 36.211181631259599 ], [ 0.33848834, 36.190651051248956 ], [ 0.32543433, 36.157950391232077 ], [ 0.30198085, 36.149357071227634 ], [ 0.29043245, 36.134847031220119 ], [ 0.22159314, 36.117490401211171 ], [ 0.13472104, 36.041944731172102 ], [ 0.08400607, 35.942664021120741 ], [ 0.07128072, 35.932763211115635 ], [ 0.07252932, 35.925019851111585 ], [ 0.05879331, 35.923136701110657 ], [ 0.02616906, 35.859374991077615 ], [ -0.0991621, 35.790305721041882 ], [ -0.15728807, 35.789350141041396 ], [ -0.16373944, 35.79988252104684 ], [ -0.22334886, 35.804596651049302 ], [ -0.2449733, 35.809832441052009 ], [ -0.24371612, 35.817247741055795 ], [ -0.24631298, 35.811150061052672 ], [ -0.26416028, 35.816424241055408 ], [ -0.25774503, 35.822237841058424 ], [ -0.27761733, 35.820068351057287 ], [ -0.301687, 35.835540051065337 ], [ -0.30705643, 35.844116441069779 ], [ -0.29778194, 35.848749751072134 ], [ -0.30858195, 35.848371851071946 ], [ -0.30723047, 35.859374991077601 ], [ -0.29509211, 35.859374991077622 ], [ -0.29588795, 35.877845041087191 ], [ -0.3379302, 35.896217341096708 ], [ -0.33934045, 35.909743061103711 ], [ -0.38579512, 35.908171521102879 ], [ -0.39291585, 35.894392241095773 ], [ -0.41925955, 35.88162934108918 ], [ -0.44910133, 35.87727653108692 ], [ -0.46958005, 35.887216441092065 ], [ -0.48986161, 35.875834461086164 ], [ -0.47902465, 35.870069971083169 ], [ -0.48258507, 35.845335711070391 ], [ -0.503479, 35.790678131042071 ], [ -0.52834976, 35.768161641030474 ], [ -0.55497205, 35.776091451034588 ], [ -0.59432077, 35.731688251011569 ], [ -0.62217665, 35.714349141002565 ], [ -0.68297541, 35.714066141002448 ], [ -0.70167887, 35.722060431006568 ], [ -0.70443654, 35.731585611011468 ], [ -0.69386435, 35.736956471014302 ], [ -0.703125, 35.742745511017283 ], [ -0.73683035, 35.737789861014747 ], [ -0.78503871, 35.75589167102406 ], [ -0.79653454, 35.767001021029834 ], [ -0.79070306, 35.773136721033026 ], [ -0.81368995, 35.765954601029307 ], [ -0.82431102, 35.769538871031124 ], [ -0.83896065, 35.738235821014946 ], [ -0.85937715, 35.717119211004018 ], [ -0.89944065, 35.706502550998515 ], [ -0.92191982, 35.726176251008738 ], [ -0.93803835, 35.728342171009857 ], [ -0.99213183, 35.67934381098447 ], [ -1.02317345, 35.680391540984992 ], [ -1.04572237, 35.667270770978213 ], [ -1.0584228, 35.639431110963798 ], [ -1.07215953, 35.639256940963705 ], [ -1.0676192, 35.631227840959539 ], [ -1.07985187, 35.634584540961271 ], [ -1.10364294, 35.624528160956068 ], [ -1.15015793, 35.586961740936609 ], [ -1.15456724, 35.574526900930159 ], [ -1.1882627, 35.577880130931902 ], [ -2.1933887, 36.721030111522516 ], [ -2.12109828, 36.732736941528529 ], [ -2.11426377, 36.737070311530779 ], [ -2.12182391, 36.745615351535143 ], [ -2.10705471, 36.750898951537877 ], [ -2.10667837, 36.762548911543909 ], [ -2.08300877, 36.764526001544887 ], [ -2.06012857, 36.777397861551513 ], [ -2.06121147, 36.807925091567213 ], [ -2.0479356, 36.811089511568859 ], [ -2.02443135, 36.834809771581014 ], [ -2.0085144, 36.83355426158036 ], [ -1.99921703, 36.840268841583807 ], [ -2.00319517, 36.882270921605404 ], [ -1.98140645, 36.902266141615691 ], [ -1.9674021, 36.898350351613658 ], [ -1.93981254, 36.936097131633034 ], [ -1.90378165, 36.938027491634053 ], [ -1.89546144, 36.94851243163945 ], [ -1.9009093, 36.987244721659323 ], [ -1.84956205, 37.069252841701363 ], [ -1.84992075, 37.09327375171366 ], [ -1.83260751, 37.121110191727929 ], [ -1.80814862, 37.213764061775343 ], [ -1.79534388, 37.232411851784875 ], [ -1.77492428, 37.239071001788318 ], [ -1.7578125, 37.263950931801041 ], [ -1.70722794, 37.305080641822023 ], [ -1.67673552, 37.353224631846622 ], [ -1.65312135, 37.354179131847125 ], [ -1.64578152, 37.3707920218556 ], [ -1.62596512, 37.373935571857238 ], [ -1.60273111, 37.396232831868581 ], [ -1.57895565, 37.400437341870756 ], [ -1.57604945, 37.406638141873891 ], [ -1.55930495, 37.40459501187285 ], [ -1.55762684, 37.411653751876443 ], [ -1.51859462, 37.431388611886504 ], [ -1.50322485, 37.432404271887059 ], [ -1.49715435, 37.421661011881575 ], [ -1.48199606, 37.424914711883211 ], [ -1.47606063, 37.430971611886328 ], [ -1.48432934, 37.436873071889323 ], [ -1.48112094, 37.452962031897528 ], [ -1.46005356, 37.48594927191435 ], [ -1.43716455, 37.49972044192134 ], [ -1.40192676, 37.506874311924989 ], [ -1.39270866, 37.524205911933841 ], [ -1.37270164, 37.53187262193773 ], [ -1.35548222, 37.550633301947244 ], [ -1.32255995, 37.562983741953566 ], [ -1.25440574, 37.557789791950945 ], [ -1.25392222, 37.570383301957328 ], [ -1.23715067, 37.577204341960801 ], [ -1.18068111, 37.566172951955167 ], [ -1.16871536, 37.557782401950959 ], [ -1.17450535, 37.550181501947051 ], [ -1.16560781, 37.541623221942665 ], [ -1.11084306, 37.53381454193871 ], [ -1.12704825, 37.551983231947965 ], [ -1.11104453, 37.567225801955708 ], [ -1.09518707, 37.569074861956672 ], [ -1.07384503, 37.583856931964213 ], [ -1.01611936, 37.573195331958793 ], [ -1.00805771, 37.585565801965053 ], [ -0.98417056, 37.58422469196438 ], [ -0.99214685, 37.600150101972481 ], [ -0.97618353, 37.596456521970573 ], [ -0.98308897, 37.588933701966795 ], [ -0.97581673, 37.576801051960572 ], [ -0.95061135, 37.56745397195585 ], [ -0.96788681, 37.569731941956974 ], [ -0.96111965, 37.558754431951463 ], [ -0.91957104, 37.553636541948812 ], [ -0.8781805, 37.5701409519572 ], [ -0.87770462, 37.577755441961145 ], [ -0.84818935, 37.581871741963212 ], [ -0.82177985, 37.574553601959465 ], [ -0.78268635, 37.594016661969363 ], [ -0.73135138, 37.601180541972973 ], [ -0.71762991, 37.606761451975842 ], [ -0.70155728, 37.629925721987618 ], [ -0.68658602, 37.633093471989213 ], [ -0.71013296, 37.641601431993557 ], [ -0.73336816, 37.683992142015114 ], [ -0.73811126, 37.734239332040609 ], [ -0.73341703, 37.744768852045951 ], [ -0.72187102, 37.740573522043817 ], [ -0.74581575, 37.75983201205355 ], [ -0.73968637, 37.772402632059972 ], [ -0.74532628, 37.784588802066146 ], [ -0.75223267, 37.781388032064541 ], [ -0.76113403, 37.788808222068333 ], [ -0.74653792, 37.756561632051948 ], [ -0.74206722, 37.753409142050351 ], [ -0.74573958, 37.705987442026284 ], [ -0.72976291, 37.661590452003701 ], [ -0.74045312, 37.659840222002821 ], [ -0.72409666, 37.658231012002034 ], [ -0.72748387, 37.63437151198989 ], [ -0.74171233, 37.63257777198897 ], [ -0.75032878, 37.642120111993854 ], [ -0.80854714, 37.661848892003853 ], [ -0.85927415, 37.722869512034819 ], [ -0.84502661, 37.74794804204754 ], [ -0.80357981, 37.777330032062494 ], [ -0.79972565, 37.804333802076179 ], [ -0.77489436, 37.819077602083631 ], [ -0.77628493, 37.835093132091764 ], [ -0.76689112, 37.842663042095587 ], [ -0.75372875, 37.797983042072936 ], [ -0.76235616, 37.792125332069958 ], [ -0.74792731, 37.790867562069351 ], [ -0.76097477, 37.865910402107339 ], [ -0.74119961, 37.908511152128902 ], [ -0.71926308, 37.911827432130586 ], [ -0.72042334, 37.929309842139432 ], [ -0.70456862, 37.941563722145609 ], [ -0.69678676, 37.969173422159592 ], [ -0.66665018, 37.975029942162557 ], [ -0.64711821, 37.999600642174968 ], [ -0.65319622, 38.046595562198689 ], [ -0.63272965, 38.147078742249349 ], [ -0.59579897, 38.188217872270094 ], [ -0.53798234, 38.186938512269379 ], [ -0.51198304, 38.199107992275508 ], [ -0.50704658, 38.21653782228433 ], [ -0.52069426, 38.288785812320612 ], [ -0.51170373, 38.323623772338081 ], [ -0.5023905, 38.335233562343888 ], [ -0.49363375, 38.328971732340783 ], [ -0.48675215, 38.332680102342607 ], [ -0.48285627, 38.342352622347477 ], [ -0.4869101, 38.329250212340888 ], [ -0.47606981, 38.346360442349464 ], [ -0.44480824, 38.362821332357747 ], [ -0.43194664, 38.354828352353771 ], [ -0.40224493, 38.352470752352581 ], [ -0.41020656, 38.360138532356387 ], [ -0.40479696, 38.403599252378157 ], [ -0.37549567, 38.441941372397352 ], [ -0.28917086, 38.487117042419968 ], [ -0.19772756, 38.514737122433786 ], [ -0.17324305, 38.515400762434112 ], [ -0.14780891, 38.536354412444588 ], [ -0.11296356, 38.534610742443675 ], [ -0.09649491, 38.523557892438141 ], [ -0.04895556, 38.562917822457791 ], [ -0.06375194, 38.571530812462093 ], [ -0.06127214, 38.582813612467767 ], [ -0.01379371, 38.627150172489863 ], [ 0.01482761, 38.631384962491985 ], [ 0.03089547, 38.625159022488887 ], [ 0.04873431, 38.641431802496975 ], [ 0.08340132, 38.631298772491903 ], [ 0.07352114, 38.645035502498779 ], [ 0.09636605, 38.670290342511322 ], [ 0.11528373, 38.673144332512756 ], [ 0.13062358, 38.686097022519199 ], [ 0.14642024, 38.687345492519839 ], [ 0.14942253, 38.679732312516052 ], [ 0.15734816, 38.698944442525608 ], [ 0.18294716, 38.720865842536512 ], [ 0.20669496, 38.732097732542066 ], [ 0.21872795, 38.725825062538966 ], [ 0.23487556, 38.736745712544412 ], [ 0.22459173, 38.750209442551096 ], [ 0.22584403, 38.763913742557904 ], [ 0.21064734, 38.760725962556364 ], [ 0.18998015, 38.772632472562215 ], [ 0.18299925, 38.794649232573143 ], [ 0.19953632, 38.802794802577189 ], [ 0.17754495, 38.813545222582519 ], [ 1.38331083, 38.647311102499877 ], [ 1.38559675, 38.640808452496636 ], [ 1.40969121, 38.649661532501028 ], [ 1.43760347, 38.679677712516003 ], [ 1.45216036, 38.684709662518529 ], [ 1.49308145, 38.674628372513496 ], [ 1.52320075, 38.653185002502816 ], [ 1.57162666, 38.650126212501291 ], [ 2.33164983, 38.918617142634581 ], [ 2.83833195, 39.097611102722965 ], [ 2.92277896, 39.127443422737599 ], [ 2.92696095, 39.130639542739218 ], [ 2.95532155, 39.125141732736516 ], [ 2.95847547, 39.148158422747848 ], [ 2.96999562, 39.147460932747514 ], [ 4.2965095, 39.799762123065349 ], [ 4.28844478, 39.815229653072791 ], [ 4.30499494, 39.831015343080409 ], [ 4.30769432, 39.865079513096823 ], [ 4.29406631, 39.881397593104658 ], [ 4.27519345, 39.884790653106258 ], [ 4.27846944, 39.891877643109673 ], [ 4.26355553, 39.892457123110013 ], [ 4.25883591, 39.897333253112336 ], [ 4.29444885, 39.888827193108263 ], [ 4.31039846, 39.869874833099139 ], [ 4.32805824, 39.876829023102452 ], [ 4.31109726, 39.8806877031043 ], [ 4.30899131, 39.899083133113166 ], [ 4.30028045, 39.898018833112687 ], [ 4.28702664, 39.912710423119726 ], [ 4.27537441, 39.932148803129095 ], [ 4.28121662, 39.951333393138341 ], [ 4.26642394, 39.949127663137205 ], [ 4.27060294, 39.959019533142005 ], [ 4.25517035, 39.96376943314425 ], [ 4.26563323, 39.981541153152783 ], [ 4.25514436, 39.992563243158074 ], [ 4.27016926, 39.996258613159824 ], [ 4.26214252, 39.99915791316122 ], [ 3.81471152, 40.775528903528546 ], [ 3.72522532, 40.93080309360078 ], [ 3.63573912, 41.086077293672588 ], [ 3.50150982, 41.318988593779451 ], [ 3.27779433, 41.707174083955266 ], [ 3.18116347, 41.874845514030305 ], [ 3.18205237, 41.875962134030807 ], [ 3.17895603, 41.878222344031826 ], [ 3.20954084, 41.901646134042274 ], [ 3.20825923, 41.91691255404902 ], [ 3.21996975, 41.921490064051099 ], [ 3.21594608, 41.936531304057787 ], [ 3.23362005, 41.949753394063642 ], [ 3.23402202, 41.962078924069147 ], [ 3.22193122, 41.974131814074497 ], [ 3.21034968, 41.972484104073793 ], [ 3.19327855, 42.022549864095993 ], [ 3.17094398, 42.023283004096278 ], [ 3.19361961, 42.024214744096696 ], [ 3.19880676, 42.051516644108794 ], [ 3.21480632, 42.060921664112968 ], [ 3.1827867, 42.104708074132311 ], [ 3.17016363, 42.105176444132503 ], [ 3.17682493, 42.111522664135343 ], [ 3.14887857, 42.121291634139631 ], [ 3.13708115, 42.115389344137014 ], [ 3.13678515, 42.126882664142052 ], [ 3.12458468, 42.127913354142521 ], [ 3.11035144, 42.176478734163929 ], [ 3.11363494, 42.215972414181259 ], [ 3.13809216, 42.25200461419707 ], [ 3.16312134, 42.264787904202642 ], [ 3.17993784, 42.258891214200091 ], [ 3.18266881, 42.245335574194144 ], [ 3.19776523, 42.246655934194749 ], [ 3.21807063, 42.232115854188343 ], [ 3.22879541, 42.251109954196686 ], [ 3.26399624, 42.236778734190416 ], [ 3.25379956, 42.252390144197271 ], [ 3.28147233, 42.253914944197902 ], [ 3.28780925, 42.26573383420309 ], [ 3.27779484, 42.287555454212622 ], [ 3.29299521, 42.280248514209454 ], [ 3.29970264, 42.285037034211541 ], [ 3.2963953, 42.295366994216025 ], [ 3.28740311, 42.292568554214881 ], [ 3.2902894, 42.30634021422086 ], [ 3.30050838, 42.30408560421985 ], [ 3.32248676, 42.318943134226416 ], [ 3.26816905, 42.340401524235745 ], [ 3.25037086, 42.330093254231258 ], [ 3.22994077, 42.352082244240862 ], [ 3.20432723, 42.347645754238883 ], [ 3.19650304, 42.335150114233478 ], [ 3.18799257, 42.351764314240704 ], [ 3.16293323, 42.360630624244585 ], [ 3.165573, 42.374302504250529 ], [ 3.15890193, 42.371726154249409 ], [ 3.15551317, 42.380772944253309 ], [ 3.16749954, 42.389361134257094 ], [ 3.15279186, 42.393232344258799 ], [ 3.17087817, 42.41609286426872 ], [ 3.16125464, 42.428151244273955 ], [ 3.17789948, 42.439316504278821 ], [ 3.16612756, 42.440655344279406 ], [ 3.16915345, 42.447597144282398 ], [ 3.16011965, 42.452422374284517 ], [ 3.16793811, 42.456614254286343 ], [ 3.15740943, 42.460079544287858 ], [ 3.15537083, 42.477705114295539 ], [ 3.12976825, 42.482264754297425 ], [ 3.13613045, 42.499918334305114 ], [ 3.12305868, 42.50518583430739 ], [ 3.14214492, 42.515920154311999 ], [ 3.12078714, 42.522262444314819 ], [ 3.10841703, 42.517817734312843 ], [ 3.1096431, 42.525320044316089 ], [ 3.0858345, 42.524343244315652 ], [ 3.08223832, 42.532269944319118 ], [ 3.05233908, 42.540827144322819 ], [ 3.03346157, 42.639646524365446 ], [ 3.03964341, 42.81469225444043 ], [ 3.05406153, 42.87178849446471 ], [ 3.04011095, 42.868249644463219 ], [ 3.0348531, 42.841294524451747 ], [ 3.03043175, 42.848199604454685 ], [ 3.0147742, 42.830455774447124 ], [ 3.01696408, 42.812840454439609 ], [ 3.02688503, 42.81070363443871 ], [ 3.01977158, 42.804571744436096 ], [ 2.98171973, 42.80052256443436 ], [ 2.96300983, 42.834452144448854 ], [ 2.94972634, 42.834823844449026 ], [ 2.96410716, 42.856073614458019 ], [ 3.00100243, 42.873783704465581 ], [ 2.99553466, 42.884283534470022 ], [ 3.00676036, 42.896814344475402 ], [ 3.01081824, 42.927766914488551 ], [ 3.01642203, 42.894876954474562 ], [ 3.03640342, 42.89639687447518 ], [ 3.04000306, 42.905224914478964 ], [ 3.04862881, 42.902259344477692 ], [ 3.02988982, 42.854937904457543 ], [ 3.04035854, 42.871210454464482 ], [ 3.05439091, 42.873220314465392 ], [ 3.06037593, 42.919603104485049 ], [ 3.03408492, 42.934366814491291 ], [ 3.04285288, 42.96796214450552 ], [ 3.03164315, 42.962499014503216 ], [ 3.05424905, 43.005179634521276 ], [ 3.07069385, 43.011897324524071 ], [ 3.06020796, 43.026672954530333 ], [ 3.08026636, 43.055943124542658 ], [ 3.07145298, 43.058841104543916 ], [ 3.06089675, 43.050199024540262 ], [ 3.03230631, 43.064936154546508 ], [ 3.02368736, 43.073211664549937 ], [ 3.03121626, 43.101149914561724 ], [ 3.0364269, 43.088605514556434 ], [ 3.04972816, 43.093944664558684 ], [ 3.04745483, 43.082438944553829 ], [ 3.08104753, 43.075920214551132 ], [ 3.08453464, 43.063373564545806 ], [ 3.09507895, 43.078992004552354 ], [ 3.10276127, 43.084773534554813 ], [ 3.08615363, 43.059013124543945 ], [ 3.11895597, 43.105689404563591 ], [ 3.13310015, 43.110120414565472 ], [ 3.12589085, 43.112605804566499 ], [ 3.13624895, 43.128393764573147 ], [ 3.20252085, 43.185737604597179 ], [ 3.19510317, 43.207005134606092 ], [ 3.21153915, 43.194245214600727 ], [ 3.26236081, 43.229495634615468 ], [ 3.34156203, 43.26817964463163 ], [ 3.33650005, 43.281858794637301 ], [ 3.34690607, 43.270981424632794 ], [ 3.36729682, 43.282265534637496 ], [ 3.42695642, 43.290541764640913 ], [ 3.44420111, 43.279134744636153 ], [ 3.4822334, 43.273466224633822 ], [ 3.50593674, 43.272557964633471 ], [ 3.50944161, 43.283443444638003 ], [ 3.50700235, 43.267668954631404 ], [ 3.56556368, 43.326889154656001 ], [ 3.63721645, 43.380550734678266 ], [ 3.668226, 43.393803944683761 ], [ 3.71533334, 43.398462764685711 ], [ 3.72605872, 43.416589974693238 ], [ 3.75231874, 43.426197644697169 ], [ 3.74827135, 43.417968744693759 ], [ 3.79892302, 43.441725014703586 ], [ 3.83197212, 43.473657364716765 ], [ 3.90576935, 43.51789450473494 ], [ 3.93465495, 43.522318234736801 ], [ 3.93434298, 43.528094164739159 ], [ 4.00732112, 43.552364104749095 ], [ 4.08740461, 43.556391114750745 ], [ 4.12627757, 43.54489480474605 ], [ 4.14094746, 43.528633944739376 ], [ 4.12304032, 43.521443714736442 ], [ 4.11505055, 43.504302254729389 ], [ 4.13679445, 43.481895914720177 ], [ 4.17485785, 43.469037524714878 ], [ 4.40197027, 43.447045554705788 ], [ 4.45946455, 43.457031244709896 ], [ 4.53171456, 43.451974144707805 ], [ 4.57535863, 43.43579613470115 ], [ 4.59063566, 43.418668504694097 ], [ 4.5917145, 43.402539244687404 ], [ 4.55470455, 43.38430141467984 ], [ 4.58009934, 43.361928214670549 ], [ 4.65991473, 43.345191714663663 ], [ 4.77277124, 43.348704214665077 ], [ 4.83799291, 43.33065211465761 ], [ 4.82339537, 43.368975394673505 ], [ 4.75506425, 43.404348244688116 ], [ 4.73173547, 43.427057734697549 ], [ 4.74885535, 43.471394534715856 ], [ 4.71690142, 43.542366614745021 ], [ 4.65872335, 43.590517514764755 ], [ 4.65317404, 43.615502354774982 ], [ 4.60884464, 43.633839604782487 ], [ 4.59619737, 43.65157675478973 ], [ 4.60150373, 43.666383494795767 ], [ 4.62655044, 43.680620544801542 ], [ 4.61084235, 43.723292224818941 ], [ 4.62811768, 43.765072344835886 ], [ 4.64844418, 43.790257564846094 ], [ 4.64826131, 43.811475514854664 ], [ 4.62587261, 43.828803774861711 ], [ 4.61132371, 43.854465834872045 ], [ 4.62129796, 43.841847654866953 ], [ 4.61825848, 43.859497064874098 ], [ 4.62455344, 43.866789334877026 ], [ 4.68519461, 43.885627624884627 ], [ 4.73643541, 43.923967474900067 ], [ 4.72786927, 43.906428214892983 ], [ 4.68718827, 43.88173233488304 ], [ 4.62609816, 43.862064354875145 ], [ 4.62817967, 43.843662974867719 ] ], [ [ 4.62428951, 43.842154734867044 ], [ 4.65053928, 43.811441414854642 ], [ 4.65041494, 43.791885844846796 ], [ 4.65226805, 43.807253834852965 ], [ 4.65042484, 43.813991544855682 ], [ 4.62428951, 43.842154734867044 ] ], [ [ 3.73124003, 43.398774734685816 ], [ 3.70778465, 43.395974634684706 ], [ 3.70087111, 43.392893304683426 ], [ 3.70831633, 43.395395154684444 ], [ 3.73124003, 43.398774734685816 ] ], [ [ 3.7341634, 43.414803734692448 ], [ 3.74825287, 43.419776554694501 ], [ 3.73389745, 43.415334814692677 ], [ 3.73117256, 43.413548344691939 ], [ 3.72452664, 43.404809824688314 ], [ 3.72525775, 43.400947444686707 ], [ 3.7341634, 43.414803734692448 ] ], [ [ 5.35419023, 43.316362734651698 ], [ 5.35830152, 43.299632064644726 ], [ 5.36089075, 43.31111251464948 ], [ 5.34213483, 43.335063454659412 ], [ 5.31843603, 43.34821414466488 ], [ 5.35419023, 43.316362734651698 ] ], [ [ 5.31246305, 43.285945764639031 ], [ 5.29202211, 43.280904644636934 ], [ 5.30278242, 43.276628844635113 ], [ 5.28841782, 43.260442014628346 ], [ 5.31100738, 43.273876544633985 ], [ 5.30472231, 43.278413764635857 ], [ 5.32427788, 43.285968534639004 ], [ 5.31246305, 43.285945764639031 ] ], [ [ 5.32466197, 43.278869744636076 ], [ 5.32691038, 43.279132244636187 ], [ 5.32813621, 43.280151714636595 ], [ 5.32520843, 43.28071903463686 ], [ 5.32466197, 43.278869744636076 ] ], [ [ 5.32558072, 43.21321236460868 ], [ 5.33317447, 43.208877794606856 ], [ 5.34012282, 43.208659644606755 ], [ 5.33946967, 43.212391724608338 ], [ 5.32558072, 43.21321236460868 ] ], [ [ 5.35697997, 43.199147214602824 ], [ 5.36645901, 43.194464554600806 ], [ 5.37145698, 43.193755864600497 ], [ 5.35528576, 43.20178043460394 ], [ 5.35697997, 43.199147214602824 ] ], [ [ 5.22956336, 43.198070524602358 ], [ 5.23108816, 43.19857072460254 ], [ 5.22859204, 43.198837634602675 ], [ 5.22786343, 43.196624754601721 ], [ 5.22956336, 43.198070524602358 ] ], [ [ 5.382236, 43.190604444599245 ], [ 5.3831557, 43.187302224597822 ], [ 5.39120591, 43.185580244597141 ], [ 5.38501346, 43.18992673459892 ], [ 5.382236, 43.190604444599245 ] ], [ [ 5.37828362, 43.179864754594725 ], [ 5.37254333, 43.176686634593402 ], [ 5.39862132, 43.173106904591918 ], [ 5.39604831, 43.176310054593252 ], [ 5.37828362, 43.179864754594725 ] ], [ [ 5.61867166, 43.157493344585355 ], [ 5.62078166, 43.159411424586139 ], [ 5.61511457, 43.162624114587558 ], [ 5.61484563, 43.160109754586458 ], [ 5.61867166, 43.157493344585355 ] ], [ [ 5.74683106, 43.128659604573301 ], [ 5.74957633, 43.126343844572297 ], [ 5.75357676, 43.127419704572738 ], [ 5.75275517, 43.128510474573211 ], [ 5.74683106, 43.128659604573301 ] ], [ [ 5.77967083, 43.081732144553548 ], [ 5.77694917, 43.073967454550299 ], [ 5.77954447, 43.069221964548277 ], [ 5.79264903, 43.07672154455144 ], [ 5.77967083, 43.081732144553548 ] ], [ [ 5.78863883, 43.069373954548333 ], [ 5.78966117, 43.068371054547882 ], [ 5.79394305, 43.067669864547632 ], [ 5.78900325, 43.072629444549719 ], [ 5.78863883, 43.069373954548333 ] ], [ [ 5.76960945, 43.080243344552919 ], [ 5.76692581, 43.081694594553511 ], [ 5.76563001, 43.079756374552723 ], [ 5.76785386, 43.078699824552281 ], [ 5.76960945, 43.080243344552919 ] ], [ [ 3.08311665, 43.053414104541602 ], [ 3.0844022, 43.054724214542134 ], [ 3.08402181, 43.057869904543516 ], [ 3.08261394, 43.054937834542258 ], [ 3.08311665, 43.053414104541602 ] ], [ [ 6.44531381, 43.025223254529756 ], [ 6.4335314, 43.019913314527528 ], [ 6.43813837, 43.003466364520563 ], [ 6.45102263, 43.017100444526292 ], [ 6.47146785, 43.016712424526141 ], [ 6.48512948, 43.039038294535551 ], [ 6.50925195, 43.043844214537543 ], [ 6.50885046, 43.052279464541151 ], [ 6.47337616, 43.048682444539644 ], [ 6.45834875, 43.02863680453116 ], [ 6.44531381, 43.025223254529756 ] ], [ [ 6.42059422, 43.013677234524835 ], [ 6.41221201, 43.009300944523019 ], [ 6.40719688, 43.018444534526878 ], [ 6.38341796, 43.013504614524741 ], [ 6.37123144, 42.995361324517134 ], [ 6.40315056, 42.993058794516124 ], [ 6.42059422, 43.013677234524835 ] ], [ [ 6.23045206, 42.993422864516319 ], [ 6.25255561, 43.003734464520626 ], [ 6.24070585, 43.025110834529663 ], [ 6.23346341, 43.010880944523663 ], [ 6.21718121, 43.013621324524863 ], [ 6.21137512, 43.002151364519996 ], [ 6.17258155, 43.009193534522971 ], [ 6.15985167, 43.001263854519564 ], [ 6.19856954, 42.981647244511322 ], [ 6.23045206, 42.993422864516319 ] ], [ [ 6.39687991, 42.989978074514831 ], [ 6.39331782, 42.988408914514181 ], [ 6.39318812, 42.987479204513747 ], [ 6.39619446, 42.986963744513567 ], [ 6.39687991, 42.989978074514831 ] ], [ [ 6.16115904, 43.005470744521389 ], [ 6.16147876, 43.003581044520608 ], [ 6.16246855, 43.003101464520398 ], [ 6.16279161, 43.003601544520613 ], [ 6.16115904, 43.005470744521389 ] ], [ [ 6.14446664, 43.017541524526507 ], [ 6.14796126, 43.020208714527648 ], [ 6.13936031, 43.01997982452751 ], [ 6.14427042, 43.014799354525337 ], [ 6.14446664, 43.017541524526507 ] ], [ [ 6.36913705, 43.019051304527132 ], [ 6.36010861, 43.015772454525752 ], [ 6.36443853, 43.003387324520503 ], [ 6.36400235, 43.010410664523476 ], [ 6.36913705, 43.019051304527132 ] ], [ [ 6.25257146, 42.996957534517804 ], [ 6.25417864, 42.997730844518131 ], [ 6.25250697, 42.999480714518867 ], [ 6.25176704, 42.998186464518277 ], [ 6.25257146, 42.996957534517804 ] ], [ [ 3.02461731, 42.860101454459766 ], [ 3.01923156, 42.850283494455574 ], [ 3.01860762, 42.846572634454027 ], [ 3.02465606, 42.854648944457416 ], [ 3.02461731, 42.860101454459766 ] ], [ [ 3.01163685, 42.900920024477159 ], [ 3.00913227, 42.899962304476723 ], [ 3.00907814, 42.898478144476073 ], [ 3.01223433, 42.899027224476313 ], [ 3.01163685, 42.900920024477159 ] ], [ [ 3.32286978, 42.320994724227262 ], [ 3.32457376, 42.323146694228186 ], [ 3.31931067, 42.324551214228805 ], [ 3.31914878, 42.323387734228319 ], [ 3.32286978, 42.320994724227262 ] ], [ [ 3.22385168, 42.049728154107981 ], [ 3.21890104, 42.048428644107418 ], [ 3.22245598, 42.044947614105915 ], [ 3.22662795, 42.047873254107174 ], [ 3.22385168, 42.049728154107981 ] ], [ [ 3.22660267, 42.045227044106028 ], [ 3.22408354, 42.043852324105387 ], [ 3.22540975, 42.042360534104773 ], [ 3.22785723, 42.044303654105626 ], [ 3.22660267, 42.045227044106028 ] ], [ [ 3.22704935, 42.042438144104771 ], [ 3.22654676, 42.040936824104122 ], [ 3.22958851, 42.041254034104277 ], [ 3.22947454, 42.042082304104639 ], [ 3.22704935, 42.042438144104771 ] ], [ [ 8.60563135, 41.887951844036188 ], [ 8.60720766, 41.888474344036368 ], [ 8.60733831, 41.890093324037153 ], [ 8.60507274, 41.889028064036616 ], [ 8.60563135, 41.887951844036188 ] ], [ [ 8.60015273, 41.883960004034371 ], [ 8.60188925, 41.885704864035183 ], [ 8.60077822, 41.886247514035439 ], [ 8.59931397, 41.885029544034857 ], [ 8.60015273, 41.883960004034371 ] ], [ [ 8.58559895, 41.873361104029627 ], [ 8.59394944, 41.873595354029753 ], [ 8.59847784, 41.882632844033786 ], [ 8.58653855, 41.875922194030814 ], [ 8.58559895, 41.873361104029627 ] ], [ [ 8.74375045, 41.81077491400174 ], [ 8.74642014, 41.812068934002284 ], [ 8.74403906, 41.813862194003072 ], [ 8.74449325, 41.811958424002221 ], [ 8.74375045, 41.81077491400174 ] ], [ [ 9.01963747, 41.459195603843263 ], [ 9.02001655, 41.458716263843066 ], [ 9.02488935, 41.458789103843102 ], [ 9.01984465, 41.461576453844366 ], [ 9.01963747, 41.459195603843263 ] ], [ [ 9.10131693, 41.425997013828173 ], [ 9.10212815, 41.427090403828664 ], [ 9.10068035, 41.428037753829138 ], [ 9.10022891, 41.427554243828929 ], [ 9.10131693, 41.425997013828173 ] ], [ [ 8.31739354, 41.118703833687611 ], [ 8.30200684, 41.104934213681219 ], [ 8.27506876, 41.104102843680892 ], [ 8.28518474, 41.075566403667708 ], [ 8.26794231, 41.073352923666739 ], [ 8.24930358, 41.050303213656072 ], [ 8.22068882, 41.04077112365168 ], [ 8.21783197, 41.024623743644192 ], [ 8.23037314, 41.023443453643644 ], [ 8.21059811, 41.002920863634202 ], [ 8.21696365, 40.992777343629456 ], [ 8.21045518, 40.987457033627031 ], [ 8.22987926, 40.990754243628551 ], [ 8.25538433, 40.984397043625648 ], [ 8.26353371, 40.991482253628867 ], [ 8.24931657, 41.026700133645193 ], [ 8.23589075, 41.023606653643718 ], [ 8.26874757, 41.046062943654078 ], [ 8.26100504, 41.051907053656826 ], [ 8.28164971, 41.064969053662828 ], [ 8.33347917, 41.050337303656065 ], [ 8.32954657, 41.057391633659321 ], [ 8.33926535, 41.059513563660289 ], [ 8.34142005, 41.070702303665449 ], [ 8.33610225, 41.07973885366966 ], [ 8.35066998, 41.088049043673479 ], [ 8.34546995, 41.097486373677825 ], [ 8.32650673, 41.101118553679477 ], [ 8.33035636, 41.111039513684055 ], [ 8.31739354, 41.118703833687611 ] ], [ [ 8.25218725, 41.029092303646244 ], [ 8.25070512, 41.02883719364614 ], [ 8.25237608, 41.026543373645097 ], [ 8.2531929, 41.028528443645982 ], [ 8.25218725, 41.029092303646244 ] ], [ [ 8.86201262, 41.013164873638914 ], [ 8.86401165, 41.011295313638072 ], [ 8.86377823, 41.015468353639967 ], [ 8.86132526, 41.015428293639928 ], [ 8.86201262, 41.013164873638914 ] ], [ [ 8.21454775, 40.9727517336202 ], [ 8.22229063, 40.968474743618245 ], [ 8.22731411, 40.97477900362113 ], [ 8.21444345, 40.982450243624712 ], [ 8.21454775, 40.9727517336202 ] ], [ [ 8.13752973, 40.602546803447581 ], [ 8.14020467, 40.601399533447029 ], [ 8.14442301, 40.605238903448843 ], [ 8.13964331, 40.605189553448831 ], [ 8.13752973, 40.602546803447581 ] ], [ [ 8.15090775, 40.568104143431363 ], [ 8.15441287, 40.570670593432595 ], [ 8.15084398, 40.572015993433254 ], [ 8.14946234, 40.570495833432524 ], [ 8.15090775, 40.568104143431363 ] ], [ [ 8.31030214, 39.995911713159671 ], [ 8.29909754, 39.993405933158463 ], [ 8.30177581, 39.986369363155106 ], [ 8.31207943, 39.989677423156678 ], [ 8.31030214, 39.995911713159671 ] ], [ [ 8.29910815, 39.987358563155567 ], [ 8.29452741, 39.981724133152909 ], [ 8.29614782, 39.980610243152313 ], [ 8.30222845, 39.983330603153625 ], [ 8.29910815, 39.987358563155567 ] ], [ [ 4.27423441, 39.965274443144985 ], [ 4.27308226, 39.956656923140841 ], [ 4.2811048, 39.955870743140459 ], [ 4.28453052, 39.959725133142314 ], [ 4.27423441, 39.965274443144985 ] ], [ [ 8.27506042, 39.881384843104648 ], [ 8.27629066, 39.881433243104695 ], [ 8.27587843, 39.882473943105175 ], [ 8.27464795, 39.881916043104916 ], [ 8.27506042, 39.881384843104648 ] ], [ [ 4.28751421, 39.887734053107707 ], [ 4.28667724, 39.886050813106912 ], [ 4.28745484, 39.885181423106509 ], [ 4.28871071, 39.886747113107234 ], [ 4.28751421, 39.887734053107707 ] ], [ [ 8.40014195, 39.332220432838106 ], [ 8.40232193, 39.333931562838956 ], [ 8.39977884, 39.334848042839369 ], [ 8.39786685, 39.333181852838621 ], [ 8.40014195, 39.332220432838106 ] ], [ [ 8.35576987, 39.225817312785964 ], [ 8.35710847, 39.226526252786321 ], [ 8.35518634, 39.228549232787337 ], [ 8.35456085, 39.228157512787106 ], [ 8.35576987, 39.225817312785964 ] ], [ [ 8.31641495, 39.192318912769508 ], [ 8.32012224, 39.188708302767779 ], [ 8.32582915, 39.191410652769079 ], [ 8.31958115, 39.196467272771571 ], [ 8.31641495, 39.192318912769508 ] ], [ [ 8.30085957, 39.183447712765179 ], [ 8.26608646, 39.181624042764255 ], [ 8.25521684, 39.169422862758246 ], [ 8.23009551, 39.166082132756628 ], [ 8.21888864, 39.148294442747904 ], [ 8.24872851, 39.133226152740484 ], [ 8.24502265, 39.122505652735171 ], [ 8.25794685, 39.116131062732073 ], [ 8.24695694, 39.108546372728306 ], [ 8.27474797, 39.093562832720956 ], [ 8.29380131, 39.092988842720672 ], [ 8.30876505, 39.104980942726549 ], [ 8.30794597, 39.13023650273901 ], [ 8.31673884, 39.14428710274592 ], [ 8.30755413, 39.144158232745859 ], [ 8.31629622, 39.145445812746509 ], [ 8.3065083, 39.160542722753902 ], [ 8.30983877, 39.187737222767268 ], [ 8.30085957, 39.183447712765179 ] ], [ [ 8.31831634, 39.184360852765622 ], [ 8.31963146, 39.18540119276615 ], [ 8.31780565, 39.187012542766908 ], [ 8.31752193, 39.1867234627668 ], [ 8.31831634, 39.184360852765622 ] ], [ [ 8.37297213, 39.114332072731159 ], [ 8.3598088, 39.109911912728997 ], [ 8.35948336, 39.093899362721125 ], [ 8.3517338, 39.098968502723586 ], [ 8.35833538, 39.084853042716638 ], [ 8.35006797, 39.075530522712086 ], [ 8.36052561, 39.037756552693473 ], [ 8.38469875, 39.007680172678597 ], [ 8.40427637, 38.960613842655327 ], [ 8.41463792, 38.954905262652524 ], [ 8.44519734, 38.96851884265925 ], [ 8.45299935, 39.02469562268697 ], [ 8.46848345, 39.050947422699984 ], [ 8.45604408, 39.084650862716536 ], [ 8.43126261, 39.09623646272226 ], [ 8.42687106, 39.108532422728288 ], [ 8.37968421, 39.100059862724152 ], [ 8.37297213, 39.114332072731159 ] ], [ [ 2.93935776, 39.124186632736063 ], [ 2.94030786, 39.125405302736603 ], [ 2.93800354, 39.126422042737111 ], [ 2.93935776, 39.124186632736063 ] ], [ [ 2.95780051, 39.124966732736389 ], [ 2.95935571, 39.124283422736077 ], [ 2.96030962, 39.125554432736692 ], [ 2.95841145, 39.126403322737119 ], [ 2.95780051, 39.124966732736389 ] ], [ [ 8.4488343, 38.933852902642116 ], [ 8.45148134, 38.934235212642321 ], [ 8.44960463, 38.939525362644915 ], [ 8.44723105, 38.935796132643084 ], [ 8.4488343, 38.933852902642116 ] ], [ [ 8.40854585, 38.858959072605025 ], [ 8.41169286, 38.860182632605671 ], [ 8.41094422, 38.862825862606961 ], [ 8.40855134, 38.862869132606995 ], [ 8.40854585, 38.858959072605025 ] ], [ [ 0.23185205, 38.756956812554414 ], [ 0.22847366, 38.756307232554136 ], [ 0.22842395, 38.753277052552647 ], [ 0.23137963, 38.753162852552549 ], [ 0.23185205, 38.756956812554414 ] ], [ [ -0.07222426, 38.536763542444767 ], [ -0.07296515, 38.536080112444424 ], [ -0.07222521, 38.53578292244427 ], [ -0.0710268, 38.536690942444757 ], [ -0.07222426, 38.536763542444767 ] ], [ [ -0.13254571, 38.501246202427041 ], [ -0.12929881, 38.500674832426739 ], [ -0.12839723, 38.50180863242732 ], [ -0.13112533, 38.503359552428087 ], [ -0.13254571, 38.501246202427041 ] ], [ [ -0.48685491, 38.166146632258965 ], [ -0.47522736, 38.162459602257073 ], [ -0.46398544, 38.162564862257142 ], [ -0.47171354, 38.166325562259011 ], [ -0.48685491, 38.166146632258965 ] ], [ [ -0.45979714, 38.161162372256392 ], [ -0.45744431, 38.161480542256569 ], [ -0.45516038, 38.160890452256282 ], [ -0.45781148, 38.161865942256782 ], [ -0.45979714, 38.161162372256392 ] ], [ [ -0.74824727, 37.788475622068155 ], [ -0.74793005, 37.786947242067356 ], [ -0.74603271, 37.785474652066604 ], [ -0.74579597, 37.786185852067 ], [ -0.74824727, 37.788475622068155 ] ], [ [ -0.79809058, 37.696019762021223 ], [ -0.79653704, 37.701069352023779 ], [ -0.80040944, 37.703717222025141 ], [ -0.80370283, 37.701164952023824 ], [ -0.79809058, 37.696019762021223 ] ], [ [ -0.77549553, 37.69596480202118 ], [ -0.77121985, 37.69039666201833 ], [ -0.7648226, 37.690570702018462 ], [ -0.77089536, 37.702376242024435 ], [ -0.77549553, 37.69596480202118 ] ], [ [ -0.75044644, 37.665526262005741 ], [ -0.7484771, 37.664626112005223 ], [ -0.74729276, 37.66561865200579 ], [ -0.74943435, 37.666082732005997 ], [ -0.75044644, 37.665526262005741 ] ], [ [ -0.70938277, 37.726771822036852 ], [ -0.70610845, 37.725817192036324 ], [ -0.70538986, 37.730627772038801 ], [ -0.70874417, 37.729731912038325 ], [ -0.70938277, 37.726771822036852 ] ], [ [ -0.64987278, 37.654911152000324 ], [ -0.64863145, 37.655382152000577 ], [ -0.64817762, 37.65713333200145 ], [ -0.64879584, 37.656755202001257 ], [ -0.64987278, 37.654911152000324 ] ], [ [ 8.95415103, 37.557369101950727 ], [ 8.95736265, 37.555552711949773 ], [ 8.95837736, 37.557645431950881 ], [ 8.95587575, 37.55980693195194 ], [ 8.95415103, 37.557369101950727 ] ], [ [ -0.96684217, 37.559059011951575 ], [ -0.96755075, 37.559880371951984 ], [ -0.97125614, 37.559228651951663 ], [ -0.96809494, 37.558024751951066 ], [ -0.96684217, 37.559059011951575 ] ], [ [ 8.94791412, 37.550701371947341 ], [ 8.94985962, 37.550574531947241 ], [ 8.95004177, 37.552475801948219 ], [ 8.94714153, 37.553039541948529 ], [ 8.94791412, 37.550701371947341 ] ], [ [ 8.93955493, 37.537010541940333 ], [ 8.91182494, 37.530755631937168 ], [ 8.89815664, 37.517991891930656 ], [ 8.91241646, 37.513759251928519 ], [ 8.94050884, 37.523811571933642 ], [ 8.9513396, 37.515686861929495 ], [ 8.95847774, 37.526764621935108 ], [ 8.94885027, 37.540637251942201 ], [ 8.93955493, 37.537010541940333 ] ], [ [ -1.265697, 37.55672192195037 ], [ -1.26877475, 37.557013741950534 ], [ -1.27001262, 37.554420941949189 ], [ -1.26651657, 37.554773441949422 ], [ -1.265697, 37.55672192195037 ] ], [ [ 8.86899674, 37.496524561919735 ], [ 8.87819684, 37.49237215191765 ], [ 8.88560486, 37.492702831917768 ], [ 8.87369466, 37.500347131921707 ], [ 8.86899674, 37.496524561919735 ] ], [ [ -1.54815876, 37.40952860187538 ], [ -1.54877293, 37.407010071874083 ], [ -1.5442028, 37.407941571874559 ], [ -1.54583836, 37.409491411875379 ], [ -1.54815876, 37.40952860187538 ] ], [ [ 10.12185061, 37.354602451847356 ], [ 10.12895322, 37.356666441848397 ], [ 10.12896907, 37.358404031849297 ], [ 10.12272537, 37.356480951848305 ], [ 10.12185061, 37.354602451847356 ] ], [ [ 10.12057853, 37.353593701846826 ], [ 10.11952007, 37.354506961847271 ], [ 10.11833966, 37.353631841846834 ], [ 10.12020385, 37.352486601846252 ], [ 10.12057853, 37.353593701846826 ] ], [ [ 7.20361376, 37.092333311713169 ], [ 7.20530844, 37.091604941712795 ], [ 7.20354772, 37.095253701714689 ], [ 7.20295274, 37.094900961714515 ], [ 7.20361376, 37.092333311713169 ] ], [ [ -0.90190566, 35.769987451031383 ], [ -0.8999176, 35.771482341032169 ], [ -0.90427291, 35.772352211032619 ], [ -0.904706, 35.771306741032063 ], [ -0.90190566, 35.769987451031383 ] ], [ [ -1.12471926, 35.73096537101118 ], [ -1.12169313, 35.728759161010032 ], [ -1.11870778, 35.732432361011931 ], [ -1.12364376, 35.732310051011872 ], [ -1.12471926, 35.73096537101118 ] ], [ [ -1.12348986, 35.728479611009895 ], [ -1.13428164, 35.726503961008895 ], [ -1.13931584, 35.720948811005989 ], [ -1.13233042, 35.719151961005082 ], [ -1.12348986, 35.728479611009895 ] ], [ [ -0.67787874, 35.721437921006242 ], [ -0.66380346, 35.716614591003768 ], [ -0.66342711, 35.716873041003872 ], [ -0.67825556, 35.723288411007225 ], [ -0.67787874, 35.721437921006242 ] ], [ [ -0.2961694, 35.851379151073495 ], [ -0.29045105, 35.847185241071379 ], [ -0.29710197, 35.854155771074964 ], [ -0.2961694, 35.851379151073495 ] ], [ [ -0.24629894, 35.822269971058468 ], [ -0.24613655, 35.822190041058406 ], [ -0.23924792, 35.820497261057504 ], [ -0.24629894, 35.822269971058468 ] ], [ [ -0.24629894, 35.822269971058468 ], [ -0.25154805, 35.824853651059755 ], [ -0.2598772, 35.826852671060784 ], [ -0.25618684, 35.82475590105971 ], [ -0.24629894, 35.822269971058468 ] ], [ [ 3.07935816, 36.764249021544771 ], [ 3.08028615, 36.763515341544398 ], [ 3.08221483, 36.762657041543925 ], [ 3.07935816, 36.764249021544771 ] ], [ [ 3.07935816, 36.764249021544771 ], [ 3.07621491, 36.766734111546036 ], [ 3.06967914, 36.766176211545734 ], [ 3.07034874, 36.778149601551895 ], [ 3.06935775, 36.765618311545438 ], [ 3.07935816, 36.764249021544771 ] ], [ [ 3.35417116, 36.796570771561399 ], [ 3.35133112, 36.794586651560344 ], [ 3.351107, 36.792181841559128 ], [ 3.35292041, 36.793147551559592 ], [ 3.35417116, 36.796570771561399 ] ], [ [ 4.78767431, 36.892325751610571 ], [ 4.78818762, 36.892115111610444 ], [ 4.79061246, 36.893808951611348 ], [ 4.78800631, 36.893984551611418 ], [ 4.78767431, 36.892325751610571 ] ], [ [ 4.99682558, 36.824334611575644 ], [ 4.99958742, 36.824998971576001 ], [ 5.00120926, 36.825963841576481 ], [ 4.99869812, 36.82647513157675 ], [ 4.99682558, 36.824334611575644 ] ], [ [ 5.64909828, 36.800384031563347 ], [ 5.65076041, 36.80027543156325 ], [ 5.65350926, 36.801688541564012 ], [ 5.65002394, 36.802484141564413 ], [ 5.64909828, 36.800384031563347 ] ], [ [ 5.60641635, 36.785145751555511 ], [ 5.61007643, 36.783299911554572 ], [ 5.60736632, 36.78689765155638 ], [ 5.60641635, 36.785145751555511 ] ], [ [ 7.18319964, 37.085231891709576 ], [ 7.18115056, 37.083348741708562 ], [ 7.18108535, 37.083037251708447 ], [ 7.18583262, 37.085741391709817 ], [ 7.18319964, 37.085231891709576 ] ], [ [ 7.15996182, 37.081647271707702 ], [ 7.16207194, 37.079100361706395 ], [ 7.16252387, 37.079204431706465 ], [ 7.16233861, 37.081459391707597 ], [ 7.15996182, 37.081647271707702 ] ], [ [ 6.70451844, 36.958666311644642 ], [ 6.70619774, 36.958403941644512 ], [ 6.70681644, 36.959119551644868 ], [ 6.70448303, 36.959855431645245 ], [ 6.70451844, 36.958666311644642 ] ], [ [ 6.88546014, 36.935399401632708 ], [ 6.88754952, 36.937151901633591 ], [ 6.8866384, 36.939928641635007 ], [ 6.8846966, 36.937970031634016 ], [ 6.88546014, 36.935399401632708 ] ], [ [ 7.32880378, 37.084151731708992 ], [ 7.33316052, 37.083613741708696 ], [ 7.33348405, 37.083810801708808 ], [ 7.3298316, 37.085458631709635 ], [ 7.32880378, 37.084151731708992 ] ], [ [ 10.2363131, 37.200723401768705 ], [ 10.24257624, 37.199360841768005 ], [ 10.24282634, 37.199693431768154 ], [ 10.23702013, 37.202218521769453 ], [ 10.2363131, 37.200723401768705 ] ], [ [ 10.33078456, 37.182940711759549 ], [ 10.32660985, 37.182342401759307 ], [ 10.32373965, 37.17999720175807 ], [ 10.32874751, 37.179939261758022 ], [ 10.33078456, 37.182940711759549 ] ], [ [ 10.21382856, 37.147213451741315 ], [ 10.22060955, 37.153768651744656 ], [ 10.20910382, 37.148259511741877 ], [ 10.20414865, 37.137192841736145 ], [ 10.21422601, 37.118803851726767 ], [ 10.21382856, 37.147213451741315 ] ], [ [ 10.79222953, 37.12153851172819 ], [ 10.79552245, 37.11546194172503 ], [ 10.82019842, 37.119070161726896 ], [ 10.80626166, 37.142578111738928 ], [ 10.78931117, 37.127662771731309 ], [ 10.79222953, 37.12153851172819 ] ], [ [ 10.87191141, 37.10577094172011 ], [ 10.87795937, 37.104733821719556 ], [ 10.87810266, 37.10542225171988 ], [ 10.8745265, 37.107628341720996 ], [ 10.87191141, 37.10577094172011 ] ], [ [ 10.20644546, 37.088642941711292 ], [ 10.18571424, 37.079942811706829 ], [ 10.18585467, 37.077388041705518 ], [ 10.20573282, 37.086958401710454 ], [ 10.21027374, 37.092372651713198 ], [ 10.20644546, 37.088642941711292 ] ], [ [ 10.5003916, 36.731125231527699 ], [ 10.50263262, 36.730126011527183 ], [ 10.50424635, 36.731585611527905 ], [ 10.50273681, 36.732472651528383 ], [ 10.5003916, 36.731125231527699 ] ], [ [ 8.31174326, 40.565007913429945 ], [ 8.31037605, 40.565627803430225 ], [ 8.30885458, 40.563776843429331 ], [ 8.30956721, 40.563634273429322 ], [ 8.31174326, 40.565007913429945 ] ], [ [ 9.07480335, 41.472368353849234 ], [ 9.07562661, 41.473404043849712 ], [ 9.07523966, 41.473868963849917 ], [ 9.0731405, 41.472235673849198 ], [ 9.07480335, 41.472368353849234 ] ], [ [ 7.04868877, 43.504489054729454 ], [ 7.05553234, 43.508075824730923 ], [ 7.03701592, 43.50868653473119 ], [ 7.04066408, 43.505331744729801 ], [ 7.04868877, 43.504489054729454 ] ], [ [ 7.05680597, 43.505717034729955 ], [ 7.05907547, 43.505888094730025 ], [ 7.05917478, 43.507389424730668 ], [ 7.05847681, 43.507577654730717 ], [ 7.05680597, 43.505717034729955 ] ], [ [ 7.07354462, 43.516228554734255 ], [ 7.07208204, 43.516044014734213 ], [ 7.0739156, 43.513959994733355 ], [ 7.07457566, 43.514917964733712 ], [ 7.07354462, 43.516228554734255 ] ], [ [ 7.04496944, 43.515037764733776 ], [ 7.06692147, 43.515109294733797 ], [ 7.07094336, 43.51752340473481 ], [ 7.03208375, 43.523564454737318 ], [ 7.04496944, 43.515037764733776 ] ], [ [ 5.32156074, 43.350975264666012 ], [ 5.32428408, 43.353571414667087 ], [ 5.31628191, 43.356062644668171 ], [ 5.31420958, 43.353544234667105 ], [ 5.32156074, 43.350975264666012 ] ], [ [ 5.05134475, 43.404062504688014 ], [ 5.05483234, 43.404514064688229 ], [ 5.05639136, 43.405094144688462 ], [ 5.05332851, 43.406541464689042 ], [ 5.05134475, 43.404062504688014 ] ], [ [ 4.87518525, 43.361769554670474 ], [ 4.87819445, 43.366046424672291 ], [ 4.87341845, 43.368620504673345 ], [ 4.87412405, 43.363355034671187 ], [ 4.87518525, 43.361769554670474 ] ] ], [ [ [ -2.1933887, 36.721030111522516 ], [ -1.1882627, 35.577880130931902 ], [ -1.19809365, 35.574558130930193 ], [ -1.19249713, 35.560881370923141 ], [ -1.21876025, 35.508528340896007 ], [ -1.23700428, 35.438776360859876 ], [ -1.28428817, 35.357815260817951 ], [ -1.29732728, 35.350198620813984 ], [ -1.33266091, 35.347648010812712 ], [ -1.35144734, 35.32343041080015 ], [ -1.37783754, 35.31991254079832 ], [ -1.37225866, 35.31317471079484 ], [ -1.38696825, 35.304687610790431 ], [ -1.41683376, 35.299327240787647 ], [ -1.46272206, 35.308934920792652 ], [ -1.47097588, 35.296299330786098 ], [ -1.48117554, 35.298853030787427 ], [ -1.51049733, 35.277114500776172 ], [ -1.55252314, 35.271305910773179 ], [ -1.5762403, 35.240974890757435 ], [ -1.58761406, 35.241421570757716 ], [ -1.60951197, 35.23077904075214 ], [ -1.61236334, 35.220679150746925 ], [ -1.63792038, 35.213323460743155 ], [ -1.65880847, 35.176333420723985 ], [ -1.68939233, 35.182333340727077 ], [ -1.70465624, 35.178001510724862 ], [ -1.73690546, 35.142031420706239 ], [ -1.77484035, 35.119112240694392 ], [ -1.79555774, 35.120559920695129 ], [ -1.80544901, 35.132347690701216 ], [ -1.83308172, 35.11079453069005 ], [ -1.90684855, 35.084905610676643 ], [ -1.93682086, 35.084884040676627 ], [ -1.95448363, 35.074333300671199 ], [ -2.00865305, 35.070678940669332 ], [ -2.02240956, 35.079460130673837 ], [ -2.05881763, 35.070668450669267 ], [ -2.09789705, 35.076183550672134 ], [ -2.11791515, 35.087973350678261 ], [ -2.11735773, 35.095032320681916 ], [ -2.13339126, 35.090741740679711 ], [ -2.15496445, 35.101494900685246 ], [ -2.16979265, 35.099305740684123 ], [ -2.18367624, 35.085654250677038 ], [ -2.22625482, 35.087121000677818 ], [ -2.34131944, 35.123590940696687 ], [ -2.41034925, 35.1373063207038 ], [ -2.42190564, 35.148073310709385 ], [ -2.48969913, 35.100037330684493 ], [ -2.56706977, 35.081253760674755 ], [ -2.65170515, 35.091303460679995 ], [ -2.74147213, 35.121605740695671 ], [ -2.76661325, 35.135627740702901 ], [ -2.81954801, 35.177958600724835 ], [ -2.84483755, 35.193786490733011 ], [ -2.74580705, 35.112141720690758 ], [ -2.75576568, 35.098630420683797 ], [ -2.81299245, 35.102927790685996 ], [ -2.89130986, 35.138426060704369 ], [ -2.92361176, 35.182700270727295 ], [ -2.92525315, 35.197404610734914 ], [ -2.91116774, 35.210358850741585 ], [ -2.90305066, 35.204755650738704 ], [ -2.89859176, 35.211093060741995 ], [ -2.92372715, 35.224008430748675 ], [ -2.93119526, 35.244617690759348 ], [ -2.92292917, 35.255138270764796 ], [ -2.87297881, 35.208579050740667 ], [ -2.84461844, 35.195342530733818 ], [ -2.91796446, 35.258598790766555 ], [ -2.92191696, 35.264586200769678 ], [ -2.91373825, 35.276203740775678 ], [ -2.91378415, 35.277405250776333 ], [ -2.91649115, 35.282930720779184 ], [ -2.92316723, 35.267904870771389 ], [ -2.93707323, 35.280861840778094 ], [ -2.93191433, 35.292557110784159 ], [ -2.92427754, 35.292406910784088 ], [ -2.94562852, 35.305920950791105 ], [ -2.94475067, 35.315816870796176 ], [ -2.961447, 35.331553810804373 ], [ -2.95595098, 35.346420400812065 ], [ -2.97105706, 35.364230740821291 ], [ -2.95423198, 35.404767150842233 ], [ -2.96389616, 35.411908140845995 ], [ -2.94967401, 35.427871810854221 ], [ -2.95605862, 35.43679630085883 ], [ -2.97312665, 35.43999289086053 ], [ -2.99363911, 35.435354460858086 ], [ -3.0272783, 35.351905930814901 ], [ -3.08289802, 35.280861840778094 ], [ -3.10995805, 35.27177452077342 ], [ -3.13414466, 35.285066830780274 ], [ -3.15798855, 35.251507030762923 ], [ -3.19342005, 35.223201740748259 ], [ -3.23858917, 35.223076450748174 ], [ -3.30393612, 35.204875220738728 ], [ -3.33299565, 35.186290490729128 ], [ -3.42769778, 35.192551840732378 ], [ -3.451442, 35.205984940739341 ], [ -3.49001574, 35.199003450735688 ], [ -3.53629732, 35.217326390745193 ], [ -3.57581794, 35.221752160747499 ], [ -3.66635621, 35.269051540771997 ], [ -3.67809916, 35.28581535078068 ], [ -3.70819056, 35.288242570781925 ], [ -3.75017166, 35.274779430774949 ], [ -3.76513195, 35.231166230752358 ], [ -3.78032434, 35.21431135074365 ], [ -3.832919, 35.197294940734821 ], [ -3.85742247, 35.198169700735285 ], [ -3.9069972, 35.214383350743695 ], [ -3.92618716, 35.244013060759052 ], [ -3.91432881, 35.254688850764573 ], [ -3.92869556, 35.26195156076836 ], [ -3.97999465, 35.236390220755055 ], [ -4.04520953, 35.236702310755241 ], [ -4.13495135, 35.200048440736275 ], [ -4.16470277, 35.201657760737099 ], [ -4.21788752, 35.184680330728277 ], [ -4.25239515, 35.187836040729955 ], [ -4.28623605, 35.180828320726313 ], [ -4.29004538, 35.172175040721832 ], [ -4.35544896, 35.147426830709023 ], [ -4.40461075, 35.158452620714726 ], [ -4.42698395, 35.154197920712569 ], [ -4.49080145, 35.175923930723783 ], [ -4.52057934, 35.17480921072319 ], [ -4.58891463, 35.191685310731927 ], [ -4.612427949999987, 35.188924540730532 ], [ -4.63102186, 35.195236550733775 ], [ -4.64950144, 35.214255440743642 ], [ -4.67994034, 35.204302060738485 ], [ -4.74862444, 35.223831520748583 ], [ -4.82492197, 35.262776720768734 ], [ -4.86731005, 35.301380860788711 ], [ -4.92800808, 35.318534010797649 ], [ -5.01664126, 35.403203000841437 ], [ -5.03026617, 35.399609440839562 ], [ -5.06239915, 35.407187330843513 ], [ -5.07867646, 35.429890740855278 ], [ -5.08167553, 35.425368060852954 ], [ -5.08327472, 35.425903550853249 ], [ -5.08078766, 35.435961950858406 ], [ -5.105680349999989, 35.476421700879378 ], [ -5.15180147, 35.503941050893658 ], [ -5.17337096, 35.531688440907963 ], [ -5.20025742, 35.541543000913116 ], [ -5.21675885, 35.538903110911761 ], [ -5.22518086, 35.550357810917674 ], [ -5.23880005, 35.548473470916718 ], [ -5.26942074, 35.602149000944493 ], [ -5.28431141, 35.663256400976096 ], [ -5.27401912, 35.685973750987898 ], [ -5.31783402, 35.683128350986436 ], [ -5.32665765, 35.69379615099195 ], [ -5.34208524, 35.742016541016902 ], [ -5.33780205, 35.753762241022997 ], [ -5.34689307, 35.771864641032359 ], [ -5.35347354, 35.844942801070196 ], [ -5.33929384, 35.876951801086719 ], [ -5.28666532, 35.89065110109383 ], [ -5.27814984, 35.900859111099095 ], [ -5.34535339, 36.109061361206791 ], [ -5.32006848, 36.223491661265953 ], [ -5.30751514, 36.242916461275946 ], [ -5.29671466, 36.245495431277305 ], [ -5.27896178, 36.280272831295292 ], [ -5.28999555, 36.290079821300353 ], [ -5.29383254, 36.296459311303629 ], [ -5.27632916, 36.283035151296694 ], [ -5.258605359999986, 36.310671441310959 ], [ -5.24685836, 36.310223931310723 ], [ -5.22154248, 36.373430841343314 ], [ -5.17722595, 36.414032451364307 ], [ -5.15675736, 36.411735051363159 ], [ -5.14043462, 36.426222911370608 ], [ -5.1128509, 36.431498521373342 ], [ -5.08126152, 36.45054792138319 ], [ -5.06010306, 36.449786531382763 ], [ -5.03340244, 36.461413971388765 ], [ -5.00595057, 36.459387651387701 ], [ -4.93450546, 36.499792451408574 ], [ -4.85978711, 36.507503861412516 ], [ -4.73950136, 36.482990851399897 ], [ -4.69460225, 36.490188471403563 ], [ -4.67689955, 36.503635641410504 ], [ -4.63896394, 36.506245841411868 ], [ -4.60367262, 36.562693231440981 ], [ -4.55840552, 36.580292331450039 ], [ -4.53906262, 36.578480591449129 ], [ -4.51813745, 36.595236651457761 ], [ -4.509992, 36.593817941457004 ], [ -4.43205845, 36.703846331513688 ], [ -4.42015004, 36.701030721512232 ], [ -4.41729295, 36.717323531520563 ], [ -4.41436815, 36.698713291511012 ], [ -4.41126323, 36.715278621519552 ], [ -4.39440918, 36.722964631523517 ], [ -4.32670391, 36.71134352151757 ], [ -4.17903745, 36.715431321519624 ], [ -4.10957825, 36.72485064152449 ], [ -4.0825572, 36.745412941535037 ], [ -4.06468892, 36.748656501536743 ], [ -3.95626783, 36.726255411525202 ], [ -3.92058885, 36.740781541532705 ], [ -3.87984991, 36.741353031532981 ], [ -3.86416531, 36.750780101537828 ], [ -3.83593595, 36.753707521539333 ], [ -3.79153717, 36.745826231535275 ], [ -3.76468956, 36.729172461526716 ], [ -3.7510097, 36.737994301531224 ], [ -3.73661363, 36.729604231526913 ], [ -3.73426235, 36.719077931521504 ], [ -3.71577728, 36.732891911528618 ], [ -3.67521703, 36.729806061527043 ], [ -3.65764368, 36.746121041535417 ], [ -3.60209894, 36.743679041534193 ], [ -3.57896006, 36.72335636152372 ], [ -3.55363882, 36.714594231519207 ], [ -3.52823317, 36.719141001521564 ], [ -3.52887571, 36.724205011524177 ], [ -3.48138404, 36.696712131509969 ], [ -3.42033625, 36.693720091508467 ], [ -3.40323281, 36.706774111515152 ], [ -3.36547995, 36.713755241518768 ], [ -3.33775926, 36.738281241531396 ], [ -3.30475605, 36.737801421531152 ], [ -3.26035047, 36.752984631538958 ], [ -3.16633284, 36.743386141534017 ], [ -3.12931836, 36.750941151537901 ], [ -3.02156651, 36.746852871535829 ], [ -2.9758991, 36.738037101531269 ], [ -2.92741001, 36.751983511538427 ], [ -2.89859986, 36.738556851531513 ], [ -2.84877956, 36.694943421509066 ], [ -2.81882668, 36.706111421514791 ], [ -2.79846954, 36.701139441512289 ], [ -2.77197826, 36.681292641502075 ], [ -2.69986045, 36.682275051502572 ], [ -2.65153265, 36.699542041511457 ], [ -2.62549913, 36.721849431522919 ], [ -2.59766924, 36.778084751551859 ], [ -2.56486917, 36.813649531570128 ], [ -2.48051417, 36.833944551580601 ], [ -2.46412683, 36.825495231576241 ], [ -2.47393572, 36.835405341581321 ], [ -2.42607868, 36.810332411568432 ], [ -2.40363336, 36.826680771576875 ], [ -2.36111104, 36.841488231584478 ], [ -2.31809676, 36.833205811580221 ], [ -2.28879356, 36.818253031572546 ], [ -2.1933887, 36.721030111522516 ] ], [ [ -2.92760959, 35.274331280774696 ], [ -2.92754865, 35.274320830774734 ], [ -2.92518306, 35.277680150776469 ], [ -2.92760959, 35.274331280774696 ] ], [ [ -3.03554905, 35.937246431117934 ], [ -3.03391588, 35.937652461118141 ], [ -3.02990544, 35.942134971120474 ], [ -3.03774858, 35.939535371119121 ], [ -3.03554905, 35.937246431117934 ] ], [ [ -5.33545506, 35.734112491012809 ], [ -5.33483016, 35.73648285101406 ], [ -5.33799684, 35.738430251015082 ], [ -5.33874083, 35.736510621014062 ], [ -5.33545506, 35.734112491012809 ] ], [ [ -4.36075902, 35.151801340711273 ], [ -4.35954607, 35.150802720710757 ], [ -4.36063731, 35.153814900712327 ], [ -4.36105228, 35.153062330711947 ], [ -4.36075902, 35.151801340711273 ] ], [ [ -3.90237844, 35.216682660744858 ], [ -3.90169895, 35.216586220744823 ], [ -3.89970851, 35.217011440745054 ], [ -3.9021126, 35.217286340745176 ], [ -3.90237844, 35.216682660744858 ] ], [ [ -3.9037081, 35.214437830743719 ], [ -3.90181696, 35.214534390743751 ], [ -3.90226853, 35.21557771074432 ], [ -3.9037081, 35.214437830743719 ] ], [ [ -3.89067781, 35.212796320742882 ], [ -3.8885504, 35.212458240742677 ], [ -3.888255, 35.212723840742868 ], [ -3.88896406, 35.21335136074314 ], [ -3.89067781, 35.212796320742882 ] ], [ [ -1.47997463, 35.317898500797256 ], [ -1.47545505, 35.318945040797821 ], [ -1.48088574, 35.326700560801818 ], [ -1.48282826, 35.321509950799175 ], [ -1.47997463, 35.317898500797256 ] ], [ [ -1.63382697, 35.218721140745906 ], [ -1.63145506, 35.21797382074557 ], [ -1.63052022, 35.219235650746185 ], [ -1.63325131, 35.219164720746171 ], [ -1.63382697, 35.218721140745906 ] ], [ [ -2.42352557, 35.185309520728623 ], [ -2.42471802, 35.18123971072658 ], [ -2.42053211, 35.177793850724754 ], [ -2.41837406, 35.179289810725521 ], [ -2.42352557, 35.185309520728623 ] ], [ [ -2.43919456, 35.178761590725237 ], [ -2.43922925, 35.182179440726998 ], [ -2.44128275, 35.183368550727636 ], [ -2.44488168, 35.178290950724971 ], [ -2.43919456, 35.178761590725237 ] ], [ [ -2.43107152, 35.180480950726114 ], [ -2.42756915, 35.182489620727175 ], [ -2.43145537, 35.18418096072805 ], [ -2.43233871, 35.183824290727877 ], [ -2.43107152, 35.180480950726114 ] ] ], [ [ [ 9.45742274, 42.950504244498127 ], [ 9.85402966, 44.025804154940879 ], [ 9.84859349, 44.029059054942124 ], [ 9.84272621, 44.037108754945372 ], [ 9.84749651, 44.033369294943867 ], [ 9.85568535, 44.050848354950844 ], [ 9.83441249, 44.048514864949901 ], [ 9.85164392, 44.06686293495725 ], [ 9.83770025, 44.065353154956647 ], [ 9.84235215, 44.07472824496039 ], [ 9.82310462, 44.08179103496316 ], [ 9.82146275, 44.094537134968235 ], [ 9.83669722, 44.109457364974197 ], [ 9.84540462, 44.103862044971976 ], [ 9.85227191, 44.108498214973807 ], [ 9.87416554, 44.084110014964118 ], [ 9.90674794, 44.081522934963075 ], [ 9.90625954, 44.067297454957405 ], [ 9.91488886, 44.069694274958358 ], [ 9.9559195, 44.041098944946945 ], [ 9.97772253, 44.035065764944541 ], [ 9.98642182, 44.046477904949121 ], [ 9.97174108, 44.06122540495501 ], [ 9.97571635, 44.075394744960612 ], [ 9.96137285, 44.084438314964252 ], [ 9.95581186, 44.095811364968746 ], [ 9.97875667, 44.07511114496053 ], [ 9.97422636, 44.061337104955065 ], [ 9.98903108, 44.049379344950282 ], [ 10.01809168, 44.045864814948828 ], [ 10.04014051, 44.027840254941673 ], [ 10.04345334, 44.034802554944427 ], [ 10.04224825, 44.029314034942253 ], [ 10.04768825, 44.033323404943864 ], [ 10.06995702, 44.025332444940659 ], [ 10.14671254, 43.974778524920424 ], [ 10.20259881, 43.921984304899233 ], [ 10.24047256, 43.871832844879059 ], [ 10.23590446, 43.857983944873467 ], [ 10.25366116, 43.834970944864203 ], [ 10.26924014, 43.78388213484353 ], [ 10.28339565, 43.688576214804804 ], [ 10.26815283, 43.677097434800132 ], [ 10.28686535, 43.642443174785981 ], [ 10.29588616, 43.586667534763158 ], [ 10.29924393, 43.58259200476153 ], [ 10.30402863, 43.585895414762902 ], [ 10.34840596, 43.59875463476817 ], [ 10.29949474, 43.580666064760749 ], [ 10.29049361, 43.557304134751107 ], [ 10.30483484, 43.566265334754803 ], [ 10.30406725, 43.581433174761045 ], [ 10.31142664, 43.570019004756375 ], [ 10.29435146, 43.55237805474912 ], [ 10.30160224, 43.550068854748197 ], [ 10.29377115, 43.546713344746813 ], [ 10.29789364, 43.535178534742073 ], [ 10.31574714, 43.517277234734728 ], [ 10.3311938, 43.472955344716496 ], [ 10.38146472, 43.446100944705414 ], [ 10.40047491, 43.423613544696117 ], [ 10.40413237, 43.401064624686789 ], [ 10.42494285, 43.39882385468583 ], [ 10.45870757, 43.323267214654528 ], [ 10.50279725, 43.289982674640676 ], [ 10.5299952, 43.229503264615495 ], [ 10.54067647, 43.150683044582529 ], [ 10.53805745, 43.088369244556318 ], [ 10.52258551, 43.019467944527285 ], [ 10.51088643, 43.011628864524035 ], [ 10.51562023, 42.99691473451778 ], [ 10.48304772, 42.98735546451374 ], [ 10.49511671, 42.931684964490174 ], [ 10.54322505, 42.920233844485296 ], [ 10.55283523, 42.93091022448985 ], [ 10.54188526, 42.935809364491909 ], [ 10.54923332, 42.933117744490794 ], [ 10.56029451, 42.9505729644982 ], [ 10.64786565, 42.953068604499222 ], [ 10.71184933, 42.939981574493693 ], [ 10.7730782, 42.909679764480863 ], [ 10.7861799, 42.88825511447174 ], [ 10.76917934, 42.868806354463437 ], [ 10.77287674, 42.830559724447212 ], [ 10.75724804, 42.807815544437474 ], [ 10.73542011, 42.808935394437967 ], [ 10.72964203, 42.800935744434554 ], [ 10.78534484, 42.774072044423072 ], [ 10.88382947, 42.762854454418289 ], [ 10.87616694, 42.759743924416945 ], [ 10.88614714, 42.763372654418504 ], [ 10.96370852, 42.730802414404572 ], [ 10.98677087, 42.709133734395294 ], [ 11.01421773, 42.656908144372842 ], [ 11.08556473, 42.627738354360311 ], [ 11.08130336, 42.614169954354466 ], [ 11.10172391, 42.60167216434909 ], [ 11.12273324, 42.556526054329574 ], [ 11.13416696, 42.550533644326954 ], [ 11.14044535, 42.561075324331533 ], [ 11.1579895, 42.561556454331793 ], [ 11.18472993, 42.528905024317673 ], [ 11.19142854, 42.490184894300903 ], [ 11.17757523, 42.451041814283919 ], [ 11.15788984, 42.434245814276615 ], [ 11.12218142, 42.435557244277206 ], [ 11.10361516, 42.447180024282247 ], [ 11.0946033, 42.429723134274624 ], [ 11.08736837, 42.430126424274796 ], [ 11.09617555, 42.392623064258515 ], [ 11.13122082, 42.383069744254342 ], [ 11.12998164, 42.37634729425146 ], [ 11.14210546, 42.376678814251548 ], [ 11.15338635, 42.360678664244595 ], [ 11.16585684, 42.367158164247449 ], [ 11.19106185, 42.363043894245614 ], [ 11.19265115, 42.379583354252794 ], [ 11.21358097, 42.387789604256419 ], [ 11.20547378, 42.393574354258931 ], [ 11.20939326, 42.408781044265552 ], [ 11.24867833, 42.419363854270173 ], [ 11.27446175, 42.418459644269795 ], [ 11.29072416, 42.404313204263573 ], [ 11.29872441, 42.408173554265254 ], [ 11.37893236, 42.396138424260002 ], [ 11.48203921, 42.367408864247501 ], [ 11.55018175, 42.342325564236589 ], [ 11.62925565, 42.297383304216972 ], [ 11.69412255, 42.237246154190608 ], [ 11.72067475, 42.187076564168585 ], [ 11.73962367, 42.17216765416201 ], [ 11.73335946, 42.156794544155247 ], [ 11.78914654, 42.092492094126882 ], [ 11.76809013, 42.102365844131235 ], [ 11.80689335, 42.079896324121357 ], [ 11.80953121, 42.062099574113489 ], [ 11.83266222, 42.030564064099536 ], [ 11.91571164, 42.038853634103191 ], [ 11.96558905, 42.013399004091923 ], [ 11.97698343, 41.997209544084711 ], [ 12.02403486, 41.983495944078655 ], [ 12.05061102, 41.956291074066591 ], [ 12.13414776, 41.921037904050891 ], [ 12.16324222, 41.894117704038926 ], [ 12.20805228, 41.826570264008751 ], [ 12.22432327, 41.781026953988402 ], [ 12.21621764, 41.770568243983689 ], [ 12.2299664, 41.751813643975304 ], [ 12.22324586, 41.743481273971597 ], [ 12.35102916, 41.698641053951462 ], [ 12.43756294, 41.641028993925516 ], [ 12.55119205, 41.535991543878055 ], [ 12.62286425, 41.444144843836455 ], [ 12.63827741, 41.443072073835928 ], [ 12.63109171, 41.445193163836912 ], [ 12.63547266, 41.451181643839661 ], [ 12.66806698, 41.456823463842163 ], [ 12.70908082, 41.444059363836388 ], [ 12.76494014, 41.40743374381978 ], [ 12.78146005, 41.417881243824489 ], [ 12.84694505, 41.413437593822472 ], [ 12.92387712, 41.37948405380704 ], [ 12.99426746, 41.319682953779733 ], [ 13.04626894, 41.226027363736925 ], [ 13.09431303, 41.224063623735979 ], [ 13.10675693, 41.241720433744113 ], [ 13.16656435, 41.27349805375863 ], [ 13.20731425, 41.283452623763196 ], [ 13.25849175, 41.282159563762583 ], [ 13.26626301, 41.294124833768088 ], [ 13.28357375, 41.29732655376953 ], [ 13.37689924, 41.280744543761948 ], [ 13.46171296, 41.239226453742944 ], [ 13.48851228, 41.235439653741203 ], [ 13.50330663, 41.221683733734892 ], [ 13.52106607, 41.224020713735953 ], [ 13.54870331, 41.206634033728001 ], [ 13.57060683, 41.209188333729202 ], [ 13.56951296, 41.203445543726566 ], [ 13.59087884, 41.208647243728926 ], [ 13.57190466, 41.216326233732445 ], [ 13.57326567, 41.238913413742765 ], [ 13.61965084, 41.260098573752501 ], [ 13.65083885, 41.257873413751462 ], [ 13.68181634, 41.243647453744948 ], [ 13.70551515, 41.253486743749512 ], [ 13.72809052, 41.2443877437453 ], [ 13.83868575, 41.160633203706915 ], [ 13.90045261, 41.084087603671648 ], [ 13.92138267, 41.025061243644416 ], [ 13.93376076, 41.028555033645986 ], [ 13.93640578, 41.012303223638469 ], [ 14.01432705, 40.932378163601527 ], [ 14.04474461, 40.868151543571713 ], [ 14.04801774, 40.826536763552291 ], [ 14.03946316, 40.798399913539185 ], [ 14.04690623, 40.789625633535117 ], [ 14.07602274, 40.788179863534438 ], [ 14.09108198, 40.777602903529534 ], [ 14.07895243, 40.790141103535376 ], [ 14.09084225, 40.790132153535353 ], [ 14.08273566, 40.81202804354556 ], [ 14.07217717, 40.818473813548565 ], [ 14.10102844, 40.831322543554556 ], [ 14.11591637, 40.827921863552952 ], [ 14.11376345, 40.820634713549573 ], [ 14.16188574, 40.815444823547168 ], [ 14.17346132, 40.80068063354031 ], [ 14.16073024, 40.793003553536657 ], [ 14.17396081, 40.798516503539254 ], [ 14.1871469, 40.790822733535677 ], [ 14.20721304, 40.799776903539808 ], [ 14.22451592, 40.829782123553812 ], [ 14.24955952, 40.825527543551807 ], [ 14.25466788, 40.834366313555954 ], [ 14.26666522, 40.833304633555485 ], [ 14.25564837, 40.83681797355711 ], [ 14.26836956, 40.844410053560637 ], [ 14.26942754, 40.838188403557766 ], [ 14.28925872, 40.839009163558138 ], [ 14.32882583, 40.81626271354753 ], [ 14.39511025, 40.759037253520845 ], [ 14.41459405, 40.751256693517185 ], [ 14.43867862, 40.754587403518755 ], [ 14.44241464, 40.753214953518118 ], [ 14.44336283, 40.748380533515849 ], [ 14.44973481, 40.744177453513892 ], [ 14.44686937, 40.753489373518228 ], [ 14.46253705, 40.741443743512626 ], [ 14.48104572, 40.696809163491778 ], [ 14.47238445, 40.692379823489688 ], [ 14.47298014, 40.699213733492876 ], [ 14.44325125, 40.685060973486237 ], [ 14.43073225, 40.666539063477586 ], [ 14.40794516, 40.659765833474388 ], [ 14.40000772, 40.637828943464143 ], [ 14.3703773, 40.628514643459745 ], [ 14.35119736, 40.634697673462632 ], [ 14.33900595, 40.627467623459296 ], [ 14.34149241, 40.618500703455048 ], [ 14.32027638, 40.588064543440744 ], [ 14.32431185, 40.568791143431717 ], [ 14.33685303, 40.576313603435231 ], [ 14.33787215, 40.569412103432001 ], [ 14.34532213, 40.571668143433065 ], [ 14.35389376, 40.582344403438121 ], [ 14.40762806, 40.598881243445859 ], [ 14.41838861, 40.609714503450924 ], [ 14.48625815, 40.626735203458942 ], [ 14.52779055, 40.606357333449324 ], [ 14.54235685, 40.613330233452629 ], [ 14.57259798, 40.610617033451341 ], [ 14.62743211, 40.648382893469083 ], [ 14.69207382, 40.63303482346187 ], [ 14.71595693, 40.66344034347614 ], [ 14.74446726, 40.675235143481657 ], [ 14.75397766, 40.670505753479418 ], [ 14.75850081, 40.677196143482597 ], [ 14.79058003, 40.664423463476595 ], [ 14.88372815, 40.579954503436937 ], [ 15.00064874, 40.388789763346807 ], [ 14.99745584, 40.356965533331724 ], [ 14.94442916, 40.33529495332148 ], [ 14.93827307, 40.317642923313109 ], [ 14.94677484, 40.305368893307275 ], [ 14.94392645, 40.276162023293445 ], [ 14.90543091, 40.253730643282744 ], [ 14.90775084, 40.243439073277905 ], [ 14.93318093, 40.228744503270846 ], [ 14.95534265, 40.232075923272454 ], [ 14.9693526, 40.22146474326744 ], [ 14.99257004, 40.217617143265599 ], [ 15.01668346, 40.19698774325574 ], [ 15.02555645, 40.176047433245792 ], [ 15.0430181, 40.169090503242437 ], [ 15.06714356, 40.16484176324046 ], [ 15.1171875, 40.176618333246076 ], [ 15.13260222, 40.171383853243555 ], [ 15.18039596, 40.124093763220984 ], [ 15.20502305, 40.123421663220711 ], [ 15.27246904, 40.072990653196605 ], [ 15.28512788, 40.034421433178125 ], [ 15.26782095, 40.031074043176524 ], [ 15.2718786, 40.022200813172283 ], [ 15.31685495, 40.031180613176602 ], [ 15.35378933, 39.999481553161353 ], [ 15.41226065, 39.996232743159815 ], [ 15.41936946, 39.990003933156835 ], [ 15.46088958, 40.033270233177561 ], [ 15.48567545, 40.038894053180258 ], [ 15.50399077, 40.06384324319221 ], [ 15.57127392, 40.07812499319904 ], [ 15.61697948, 40.068394063194347 ], [ 15.6283704, 40.072845093196527 ], [ 15.63274002, 40.050134653185658 ], [ 15.67741382, 40.029360053175687 ], [ 15.68036795, 40.006055343164547 ], [ 15.72026646, 39.976439943150346 ], [ 15.73465943, 39.957450863141212 ], [ 15.73451614, 39.942856543134219 ], [ 15.75080001, 39.933259363129586 ], [ 15.77975667, 39.894110433110768 ], [ 15.78450525, 39.875107993101615 ], [ 15.76853228, 39.871730203100022 ], [ 15.78387296, 39.872583503100429 ], [ 15.7930634, 39.863412133096006 ], [ 15.78887916, 39.849038113089058 ], [ 15.77847517, 39.848221293088699 ], [ 15.76900518, 39.835296143082466 ], [ 15.78725862, 39.813450563071967 ], [ 15.81426013, 39.677577843006269 ], [ 15.83305764, 39.665859573000567 ], [ 15.87423313, 39.553278322945935 ], [ 15.88672876, 39.540417422939683 ], [ 15.92618763, 39.525617952932507 ], [ 15.96168041, 39.475556722908081 ], [ 15.98663831, 39.454925652898076 ], [ 16.03679025, 39.348822942846269 ], [ 16.05512905, 39.284458752814729 ], [ 16.06676245, 39.136153572741918 ], [ 16.09788227, 39.034423822691814 ], [ 16.13007188, 39.000454532675029 ], [ 16.15693307, 38.950819962650534 ], [ 16.21212661, 38.932457912641425 ], [ 16.22195971, 38.905057542627887 ], [ 16.21857417, 38.821010822586238 ], [ 16.19288397, 38.762171852557039 ], [ 16.17525911, 38.742518412547248 ], [ 16.13621485, 38.718192452535156 ], [ 16.12377715, 38.716339102534256 ], [ 16.12426508, 38.721599332536847 ], [ 16.10504472, 38.711580152531859 ], [ 16.04156256, 38.727436292539771 ], [ 15.98673844, 38.723228562537699 ], [ 15.94915533, 38.69178854252204 ], [ 15.87194908, 38.673398722512914 ], [ 15.83593345, 38.645457852498957 ], [ 15.82697845, 38.618387932485483 ], [ 15.88023722, 38.587034932469862 ], [ 15.93223274, 38.540646302446703 ], [ 15.89279294, 38.446428172399592 ], [ 15.91795218, 38.473732822413282 ], [ 15.90520787, 38.441214432397047 ], [ 15.88944197, 38.442731132397732 ], [ 15.86196995, 38.38545906236908 ], [ 15.83212745, 38.356736412354721 ], [ 15.82920766, 38.323515642338037 ], [ 15.79596043, 38.280958052316656 ], [ 15.74946797, 38.25679754230454 ], [ 15.71249604, 38.253669132302939 ], [ 15.64234841, 38.272292132312309 ], [ 15.60594296, 38.274698962313543 ], [ 15.54055226, 38.301536672326996 ], [ 15.51982415, 38.297626722325006 ], [ 15.44850755, 38.25036000230125 ], [ 15.39904964, 38.230226272291183 ], [ 15.29154956, 38.2061940322791 ], [ 15.24457204, 38.214378942283197 ], [ 15.25404561, 38.245588052298885 ], [ 15.2400496, 38.270362132311327 ], [ 15.23102295, 38.271767252312046 ], [ 15.22398472, 38.26827275231026 ], [ 15.23560822, 38.266116252309217 ], [ 15.24202001, 38.242360942297253 ], [ 15.21576214, 38.188424822270171 ], [ 15.17194045, 38.151321522251486 ], [ 15.09769416, 38.121094342236255 ], [ 15.05867267, 38.129288902240354 ], [ 15.04569995, 38.151843422251737 ], [ 14.96869552, 38.152968042252297 ], [ 14.94666302, 38.176904312264313 ], [ 14.91537893, 38.192304242272087 ], [ 14.88787281, 38.171059242261407 ], [ 14.79205418, 38.152343742251979 ], [ 14.74722886, 38.165262572258499 ], [ 14.68402147, 38.104158512227741 ], [ 14.64153266, 38.076165072213598 ], [ 14.62503851, 38.069852102210398 ], [ 14.62081206, 38.075804222213428 ], [ 14.58698738, 38.059230442205063 ], [ 14.55623055, 38.059752332205349 ], [ 14.52376294, 38.042203062196478 ], [ 14.47331941, 38.032980192191772 ], [ 14.42578411, 38.040393102195537 ], [ 14.37492275, 38.016526212183507 ], [ 14.3432579, 38.019454712184995 ], [ 14.28892064, 38.007062542178716 ], [ 14.16976666, 38.018525832184537 ], [ 14.1464982, 38.030387032190518 ], [ 14.12582731, 38.017228712183872 ], [ 14.06493425, 38.019026272184774 ], [ 14.03310025, 38.036741842193706 ], [ 14.03770137, 38.041849252196286 ], [ 14.02195716, 38.041771522196257 ], [ 13.99152362, 38.030340072190491 ], [ 13.9501363, 38.031368252191015 ], [ 13.86158311, 37.990543002170376 ], [ 13.79957593, 37.975196952162626 ], [ 13.79293084, 37.980464332165305 ], [ 13.79052258, 37.974917762162498 ], [ 13.75409555, 37.971079342160536 ], [ 13.75172055, 37.990196342170179 ], [ 13.74726892, 37.970219842160084 ], [ 13.7075212, 37.979726662164921 ], [ 13.70501876, 37.989577642169905 ], [ 13.71910727, 37.988119832169161 ], [ 13.7109375, 37.991350402170809 ], [ 13.6490134, 37.999585742174943 ], [ 13.56671965, 38.038548942194637 ], [ 13.53678668, 38.066544762208757 ], [ 13.54412401, 38.075635542213298 ], [ 13.53809881, 38.11231362223181 ], [ 13.50689101, 38.119882812235652 ], [ 13.50471377, 38.107931842229597 ], [ 13.49053848, 38.101754302226453 ], [ 13.44587755, 38.09489559222304 ], [ 13.40439987, 38.099658362225462 ], [ 13.38199914, 38.109788772230573 ], [ 13.36385155, 38.132587422242054 ], [ 13.37418413, 38.130727042241126 ], [ 13.37671387, 38.151571502251599 ], [ 13.36595118, 38.182483312267152 ], [ 13.359375, 38.191406242271654 ], [ 13.32841337, 38.200077762276017 ], [ 13.33079362, 38.212208262282104 ], [ 13.31759524, 38.224780552288408 ], [ 13.28113413, 38.210901972281469 ], [ 13.27510083, 38.198363292275168 ], [ 13.24161613, 38.203768602277883 ], [ 13.24355495, 38.191729542271794 ], [ 13.23287225, 38.181977142266909 ], [ 13.19370174, 38.169579142260652 ], [ 13.16434717, 38.170556652261169 ], [ 13.15956604, 38.185896152268882 ], [ 13.14340711, 38.182617892267224 ], [ 13.12419081, 38.191890352271905 ], [ 13.10497737, 38.191375132271638 ], [ 13.07690561, 38.17229353226201 ], [ 13.08468986, 38.159695142255686 ], [ 13.07196307, 38.142390122246972 ], [ 13.05208456, 38.138528692245025 ], [ 13.07011473, 38.114795442233046 ], [ 13.0772047, 38.087570422219336 ], [ 12.99276245, 38.045422542198111 ], [ 12.90277541, 38.024025192187288 ], [ 12.87922966, 38.029083122189846 ], [ 12.87006533, 38.050793642200823 ], [ 12.84159231, 38.055838932203315 ], [ 12.81214345, 38.080082642215586 ], [ 12.79043138, 38.109793532230547 ], [ 12.79150856, 38.135448802243502 ], [ 12.7689656, 38.154721852253182 ], [ 12.76846421, 38.179832092265819 ], [ 12.73768961, 38.175717702263739 ], [ 12.73167443, 38.189703452270798 ], [ 12.71557546, 38.177269572264535 ], [ 12.73715615, 38.139708752245625 ], [ 12.71061802, 38.109699842230512 ], [ 12.69225633, 38.105285632228288 ], [ 12.67797053, 38.114386552232865 ], [ 12.66118443, 38.112423652231918 ], [ 12.66258824, 38.092876542222037 ], [ 12.64407361, 38.077769032214427 ], [ 12.60739982, 38.065038912208024 ], [ 12.57071698, 38.069408652210171 ], [ 12.52156985, 38.023548242187069 ], [ 12.49036717, 38.017959822184253 ], [ 12.49043667, 38.010949602180695 ], [ 12.49825501, 38.015643352183083 ], [ 12.51672065, 38.013572922182014 ], [ 12.50956285, 38.010066022180268 ], [ 12.52453434, 38.003942242177168 ], [ 12.52901244, 38.008496632179465 ], [ 12.52876651, 37.995096442172695 ], [ 12.53268433, 38.003869052177109 ], [ 12.53772116, 37.99266886217147 ], [ 12.53215575, 37.988619792169423 ], [ 12.50969863, 37.995956412173143 ], [ 12.52437985, 37.985749832167976 ], [ 12.49375915, 37.981162662165652 ], [ 12.49531198, 37.954369652152089 ], [ 12.50427842, 37.947445862148626 ], [ 12.49317074, 37.95296263215139 ], [ 12.48042858, 37.933631772141595 ], [ 12.48546016, 37.931110972140353 ], [ 12.45793164, 37.907346122128324 ], [ 12.46759033, 37.910537112129909 ], [ 12.46636808, 37.891965502120549 ], [ 12.48572552, 37.877032752112981 ], [ 12.48409176, 37.858312722103506 ], [ 12.46520138, 37.848076332098344 ], [ 12.46388495, 37.81685816208249 ], [ 12.44059658, 37.809900632079021 ], [ 12.44358361, 37.81643270208226 ], [ 12.4242475, 37.801461452074683 ], [ 11.48250524, 38.07015291221056 ], [ 11.01163411, 38.204498632278245 ], [ 10.92602118, 38.228925132290492 ], [ 10.88321472, 38.241138382296661 ], [ 10.84040825, 38.253351632302802 ], [ 10.79760178, 38.265564882308958 ], [ 10.54076299, 38.338844362345746 ], [ 10.06989186, 38.47319009241297 ], [ 9.85585952, 38.534256332443512 ], [ 9.77024659, 38.55868283245573 ], [ 9.72744013, 38.570896082461807 ], [ 9.59902073, 38.607535822480116 ], [ 8.65727847, 38.876227282613613 ], [ 8.64861321, 38.889060842619969 ], [ 8.65359914, 38.897866122624315 ], [ 8.67077935, 38.897093642623936 ], [ 8.66490257, 38.912332642631497 ], [ 8.68097556, 38.908700932629692 ], [ 8.71837127, 38.922822942636671 ], [ 8.71987045, 38.940457452645397 ], [ 8.78086865, 38.912479752631533 ], [ 8.77779472, 38.904204842627443 ], [ 8.80106092, 38.883818142617336 ], [ 8.80465448, 38.904038422627394 ], [ 8.80738175, 38.891386142621108 ], [ 8.81090951, 38.894507992622671 ], [ 8.81789911, 38.894502632622633 ], [ 8.82728446, 38.889968502620434 ], [ 8.82414067, 38.88089894261595 ], [ 8.85633016, 38.875858652613445 ], [ 8.86186874, 38.888488042619649 ], [ 8.89085972, 38.896772022623786 ], [ 8.99773085, 38.976854552663347 ], [ 8.99995494, 38.987774722668732 ], [ 9.01182318, 38.989214772669506 ], [ 9.01506567, 38.981979122665898 ], [ 9.02484322, 38.984586232667219 ], [ 9.01352262, 38.989498012669635 ], [ 9.02696538, 38.999167192674413 ], [ 9.0246098, 39.019950142684657 ], [ 9.04613614, 39.056205022702521 ], [ 9.01633036, 39.087408062717913 ], [ 9.00926304, 39.122891652735369 ], [ 9.03193295, 39.164857502756021 ], [ 9.04828405, 39.156668412751984 ], [ 9.03411448, 39.167725312757469 ], [ 9.08025086, 39.201897852774216 ], [ 9.05630398, 39.21883534278254 ], [ 9.08285415, 39.205214132775872 ], [ 9.09217048, 39.21252214277947 ], [ 9.07990026, 39.231548302788802 ], [ 9.06197691, 39.227179762786612 ], [ 9.03702128, 39.236092802791006 ], [ 9.01646197, 39.25184523279875 ], [ 9.02745295, 39.250641932798146 ], [ 9.02318561, 39.256784672801139 ], [ 9.00947285, 39.25895022280222 ], [ 9.02062285, 39.258914822802211 ], [ 9.01216304, 39.26612233280575 ], [ 9.0359236, 39.2669209128061 ], [ 9.04844391, 39.244500872795157 ], [ 9.06182027, 39.238468402792186 ], [ 9.08165348, 39.24630879279605 ], [ 9.09873188, 39.210131642778272 ], [ 9.12198925, 39.207331412776902 ], [ 9.14737284, 39.182518712764711 ], [ 9.16478491, 39.182164422764551 ], [ 9.16467476, 39.204489702775497 ], [ 9.20906687, 39.226774442786443 ], [ 9.29829025, 39.212852352779613 ], [ 9.30174386, 39.204900142775735 ], [ 9.32000363, 39.204683062775615 ], [ 9.33802593, 39.193573352770159 ], [ 9.35056162, 39.17747604276223 ], [ 9.37128603, 39.173545472760289 ], [ 9.38318026, 39.15780913275254 ], [ 9.39403081, 39.156426662751862 ], [ 9.39255536, 39.143943542745752 ], [ 9.43242562, 39.13334094274056 ], [ 9.4381361, 39.121269452734609 ], [ 9.4844048, 39.135538572741623 ], [ 9.50349462, 39.130500072739117 ], [ 9.50976264, 39.121102202734519 ], [ 9.50214565, 39.108301752728181 ], [ 9.52365875, 39.094350452721351 ], [ 9.52356517, 39.110657322729359 ], [ 9.51218235, 39.117022742732502 ], [ 9.5384953, 39.132607212740162 ], [ 9.55840826, 39.131811852739773 ], [ 9.57044876, 39.171505802759313 ], [ 9.57951307, 39.175991522761507 ], [ 9.56257164, 39.199218742772935 ], [ 9.58360076, 39.271429652808337 ], [ 9.60588956, 39.294082042819419 ], [ 9.63457894, 39.298988332821843 ], [ 9.60538912, 39.316898102830621 ], [ 9.59786975, 39.336621632840263 ], [ 9.59448516, 39.322297442833225 ], [ 9.58751011, 39.336509462840226 ], [ 9.59556305, 39.339757792841809 ], [ 9.58254063, 39.338400592841168 ], [ 9.59323966, 39.340975632842401 ], [ 9.5944494, 39.34266900284323 ], [ 9.58370626, 39.359920852851673 ], [ 9.59736395, 39.342117902842936 ], [ 9.61415231, 39.410428752876356 ], [ 9.62519646, 39.429488052885624 ], [ 9.64267671, 39.439546932890558 ], [ 9.64550436, 39.48892092291463 ], [ 9.63133323, 39.50010930292008 ], [ 9.63900626, 39.539824952939419 ], [ 9.65374804, 39.552273502945418 ], [ 9.65706742, 39.568958632953546 ], [ 9.64745855, 39.651700252993734 ], [ 9.66464984, 39.681874273008333 ], [ 9.65905464, 39.696399563015383 ], [ 9.67728961, 39.711143603022528 ], [ 9.66818905, 39.777702203054695 ], [ 9.68347692, 39.838452573084005 ], [ 9.69721293, 39.854076143091476 ], [ 9.68233871, 39.869625323098973 ], [ 9.68279874, 39.908329953117622 ], [ 9.71642005, 39.928413263127261 ], [ 9.71301973, 39.93826782313203 ], [ 9.70349562, 39.944383493134922 ], [ 9.70723617, 39.938413973132072 ], [ 9.69949126, 39.936692113131244 ], [ 9.68733478, 39.944515933135037 ], [ 9.68708527, 39.983987443153957 ], [ 9.69988167, 39.999852653161568 ], [ 9.70658851, 40.034754743178276 ], [ 9.73649967, 40.07812499319904 ], [ 9.72955906, 40.091056463205213 ], [ 9.68671966, 40.110327953214437 ], [ 9.65452433, 40.143578403230329 ], [ 9.62957191, 40.191166873253003 ], [ 9.62387955, 40.247431153279763 ], [ 9.63223958, 40.276391733293529 ], [ 9.67763054, 40.325118293316642 ], [ 9.67338073, 40.331380833319635 ], [ 9.72881055, 40.374487033340088 ], [ 9.71532834, 40.378302213341847 ], [ 9.75357628, 40.38082265334306 ], [ 9.76700604, 40.392250053348469 ], [ 9.77271032, 40.425920953364347 ], [ 9.78647602, 40.441400043371686 ], [ 9.79631102, 40.441375363371698 ], [ 9.82857931, 40.528598303412785 ], [ 9.79332185, 40.540792453418575 ], [ 9.79049623, 40.571549533432986 ], [ 9.75201726, 40.596669073444808 ], [ 9.75479996, 40.612880463452449 ], [ 9.73982465, 40.622565863456998 ], [ 9.73757815, 40.650229443469932 ], [ 9.75069821, 40.655560963472453 ], [ 9.75283837, 40.673501243480814 ], [ 9.74338973, 40.690848823488942 ], [ 9.72804844, 40.699999803493277 ], [ 9.72000933, 40.6971203034919 ], [ 9.71041656, 40.712417713499057 ], [ 9.71812475, 40.72781562350626 ], [ 9.70974922, 40.739685053511806 ], [ 9.71795106, 40.75072156351694 ], [ 9.68991017, 40.762929913522676 ], [ 9.69415104, 40.766497363524302 ], [ 9.6710304, 40.784130443532533 ], [ 9.6743294, 40.809806933544543 ], [ 9.66748905, 40.787762633534271 ], [ 9.65874076, 40.786999343533878 ], [ 9.66427302, 40.796415563538275 ], [ 9.65739286, 40.805017943542275 ], [ 9.67304504, 40.813663233546293 ], [ 9.68630266, 40.806088443542819 ], [ 9.69179475, 40.810387363544791 ], [ 9.67725241, 40.826081033552107 ], [ 9.68894684, 40.829499953553672 ], [ 9.68229115, 40.834032653555781 ], [ 9.69802594, 40.840565313558869 ], [ 9.69848478, 40.833779443555684 ], [ 9.71311426, 40.832340353554997 ], [ 9.72488475, 40.838222613557775 ], [ 9.72712958, 40.843917243560384 ], [ 9.70560944, 40.841215243559127 ], [ 9.68146324, 40.860447633568107 ], [ 9.66777563, 40.850757353563573 ], [ 9.64951825, 40.855751033565888 ], [ 9.65929234, 40.875323763575025 ], [ 9.64799786, 40.880762813577547 ], [ 9.64022398, 40.872002233573454 ], [ 9.63597143, 40.884116403579128 ], [ 9.61459625, 40.891885753582713 ], [ 9.64457071, 40.919644943595564 ], [ 9.6186645, 40.922855613597058 ], [ 9.58750927, 40.895141353584215 ], [ 9.57117844, 40.895766963584485 ], [ 9.58075166, 40.902260053587533 ], [ 9.56785762, 40.906832333589676 ], [ 9.57968783, 40.914763203593317 ], [ 9.56830144, 40.911972873592035 ], [ 9.56217015, 40.919924963595726 ], [ 9.55568445, 40.912983653592484 ], [ 9.54370821, 40.91840576359499 ], [ 9.54450536, 40.912535303592293 ], [ 9.54327214, 40.911598913591838 ], [ 9.54068184, 40.917679303594667 ], [ 9.50693166, 40.911403773591744 ], [ 9.49417484, 40.916668523594211 ], [ 9.52425945, 40.921068303596243 ], [ 9.50260425, 40.927362913599175 ], [ 9.52107716, 40.933534733601995 ], [ 9.53746295, 40.934236643602397 ], [ 9.54550803, 40.925754893598445 ], [ 9.57455134, 40.927487243599252 ], [ 9.56681585, 40.935748453603054 ], [ 9.57944644, 40.946332803607966 ], [ 9.57506466, 40.957974663613356 ], [ 9.59358001, 40.966075653617146 ], [ 9.58241797, 40.975353473621411 ], [ 9.58337522, 40.986715073626691 ], [ 9.5964756, 40.987695333627094 ], [ 9.61157274, 41.003136743634236 ], [ 9.64880264, 40.983891243625351 ], [ 9.66443884, 40.994321103630213 ], [ 9.65646136, 41.004287113634781 ], [ 9.63147104, 41.002408613633946 ], [ 9.59627604, 41.022322053643144 ], [ 9.5871762, 41.010630723637732 ], [ 9.57685602, 41.015239353639863 ], [ 9.57779396, 41.003251543634327 ], [ 9.56925714, 41.005180943635196 ], [ 9.56917405, 41.009974953637425 ], [ 9.55501318, 41.003446093634388 ], [ 9.56093001, 41.037626143650201 ], [ 9.5455271, 41.028665653646044 ], [ 9.52822244, 41.030052653646734 ], [ 9.52476931, 41.010610453637703 ], [ 9.50603521, 41.00928246363712 ], [ 9.52488375, 41.033961763648485 ], [ 9.52291763, 41.053047533657328 ], [ 9.54082394, 41.060460203660774 ], [ 9.52844381, 41.069686643665001 ], [ 9.5337888, 41.081136463670276 ], [ 9.54484212, 41.089528673674138 ], [ 9.54244876, 41.082157603670758 ], [ 9.55295002, 41.077855823668777 ], [ 9.57231271, 41.099515553678721 ], [ 9.56342351, 41.103400223680538 ], [ 9.56641436, 41.11675035368669 ], [ 9.55530024, 41.119341843687877 ], [ 9.54588032, 41.109734053683489 ], [ 9.53804398, 41.121855733689038 ], [ 9.54647291, 41.13281249369409 ], [ 9.52773881, 41.133524533694398 ], [ 9.5388267, 41.138517853696719 ], [ 9.51993465, 41.15682363370513 ], [ 9.50946784, 41.150648353702302 ], [ 9.51839662, 41.143537513699023 ], [ 9.51144266, 41.140151493697488 ], [ 9.48665285, 41.14645003370034 ], [ 9.46581101, 41.141471263698037 ], [ 9.47164273, 41.125066873690493 ], [ 9.44301677, 41.101429693679613 ], [ 9.44476306, 41.094738593676539 ], [ 9.44152105, 41.098074663678105 ], [ 9.43980587, 41.125618453690791 ], [ 9.44587815, 41.134205333694702 ], [ 9.43624854, 41.132812493694097 ], [ 9.42947161, 41.156141633704792 ], [ 9.40333426, 41.158031933705651 ], [ 9.42278826, 41.166369673709482 ], [ 9.42394114, 41.176908843714365 ], [ 9.40234053, 41.174945233713473 ], [ 9.38092566, 41.187492003719221 ], [ 9.37014866, 41.183370343717321 ], [ 9.36494064, 41.207122203728211 ], [ 9.33879077, 41.204574933727088 ], [ 9.33067536, 41.194551343722459 ], [ 9.34285295, 41.192447413721489 ], [ 9.33377826, 41.185576673718316 ], [ 9.31873655, 41.192846053721674 ], [ 9.30050683, 41.190318223720524 ], [ 9.28826153, 41.194353093722384 ], [ 9.30135262, 41.201912513725823 ], [ 9.28754807, 41.219058273733694 ], [ 9.27884412, 41.198782433724361 ], [ 9.28823948, 41.187646143719277 ], [ 9.28521025, 41.184568393717882 ], [ 9.26950622, 41.196568243723391 ], [ 9.28024733, 41.228209963737889 ], [ 9.27197027, 41.239496103743058 ], [ 9.23723137, 41.245836963745965 ], [ 9.23509157, 41.258738873751859 ], [ 9.21531725, 41.25498270375018 ], [ 9.21385002, 41.247033713746532 ], [ 9.20735908, 41.250542753748149 ], [ 9.19594944, 41.239163873742861 ], [ 9.18414295, 41.251930943748782 ], [ 9.16499674, 41.235909333741404 ], [ 9.14531994, 41.2473941937467 ], [ 9.13745601, 41.237414163742116 ], [ 9.09916136, 41.391470693812451 ], [ 9.13277376, 41.399270053815989 ], [ 9.12918818, 41.39261221381301 ], [ 9.15838516, 41.38879453381125 ], [ 9.14816165, 41.384279843809239 ], [ 9.16868424, 41.384178033809185 ], [ 9.17979074, 41.365550153800683 ], [ 9.22004831, 41.365781423800755 ], [ 9.22027111, 41.374858733804935 ], [ 9.2595247, 41.413142553822354 ], [ 9.26404977, 41.428447833829324 ], [ 9.21995223, 41.405161613818706 ], [ 9.22898102, 41.42578327382811 ], [ 9.21353555, 41.439997903834531 ], [ 9.24305713, 41.446475623837479 ], [ 9.26671612, 41.46626984384644 ], [ 9.2782799, 41.464038243845465 ], [ 9.26644587, 41.470310563848287 ], [ 9.28429055, 41.477219813851441 ], [ 9.28839624, 41.492335553858304 ], [ 9.28342295, 41.500424853861993 ], [ 9.26617074, 41.498592253861169 ], [ 9.28504813, 41.516813863869416 ], [ 9.27247322, 41.523500913872418 ], [ 9.27398515, 41.531551473876064 ], [ 9.28708494, 41.528814543874844 ], [ 9.32358956, 41.557200063887656 ], [ 9.34349346, 41.558884013888424 ], [ 9.34734476, 41.57480394389561 ], [ 9.36948562, 41.594145413904371 ], [ 9.34122968, 41.592096203903459 ], [ 9.33727586, 41.601263043907565 ], [ 9.31989551, 41.604933733909242 ], [ 9.29244721, 41.581544873898693 ], [ 9.28165996, 41.597486133905875 ], [ 9.28617716, 41.606420513909903 ], [ 9.3072257, 41.615550633914047 ], [ 9.30717325, 41.628059023919675 ], [ 9.32572293, 41.618685833915443 ], [ 9.32069385, 41.615144363913863 ], [ 9.33493984, 41.621338363916621 ], [ 9.35524941, 41.61666750391452 ], [ 9.34859872, 41.63764905392398 ], [ 9.35511231, 41.643001073926385 ], [ 9.36679411, 41.644350763927001 ], [ 9.35594571, 41.64114546392554 ], [ 9.37066686, 41.635584113923031 ], [ 9.37761104, 41.648339023928813 ], [ 9.38624024, 41.645367613927441 ], [ 9.38131916, 41.663685433935726 ], [ 9.39690423, 41.669150943938149 ], [ 9.37655962, 41.669968123938531 ], [ 9.37262356, 41.678500763942388 ], [ 9.40115011, 41.692289103948617 ], [ 9.40826726, 41.713426943958034 ], [ 9.40200293, 41.717094533959703 ], [ 9.40841544, 41.766298053981778 ], [ 9.39586914, 41.775126333985753 ], [ 9.39477074, 41.798622123996267 ], [ 9.40669477, 41.823808424007559 ], [ 9.39705181, 41.876114844030894 ], [ 9.41608155, 41.930197714054998 ], [ 9.40058994, 41.946043364061993 ], [ 9.40732861, 41.951050754064227 ], [ 9.40230131, 41.950132364063833 ], [ 9.39938343, 41.951403854064374 ], [ 9.41140544, 41.953593724065392 ], [ 9.40976214, 41.939568634059142 ], [ 9.41230476, 41.939252374059009 ], [ 9.42088926, 41.967316744071447 ], [ 9.55228364, 42.1117465441354 ], [ 9.56059492, 42.282435054210396 ], [ 9.53255534, 42.367476334247549 ], [ 9.54309416, 42.427548764273709 ], [ 9.52967954, 42.488540164300169 ], [ 9.53313506, 42.545943134325007 ], [ 9.51119125, 42.588886854343556 ], [ 9.44758415, 42.657118194372934 ], [ 9.46565914, 42.757298944415901 ], [ 9.49265623, 42.805577514436543 ], [ 9.48044765, 42.837462424450116 ], [ 9.48630774, 42.852196924456365 ], [ 9.47310412, 42.875247714466227 ], [ 9.46976745, 42.9348162344915 ], [ 9.45742274, 42.950504244498127 ] ], [ [ 10.40010536, 42.860141744459781 ], [ 10.37901342, 42.826026554445242 ], [ 10.35947192, 42.817344664441528 ], [ 10.35684586, 42.798826454433659 ], [ 10.31755555, 42.802892444435344 ], [ 10.33263385, 42.817944644441781 ], [ 10.29461253, 42.819105734442289 ], [ 10.26324165, 42.830338944447085 ], [ 10.27476454, 42.81807481444185 ], [ 10.26206207, 42.811567654439067 ], [ 10.26906288, 42.802872774435379 ], [ 10.24835765, 42.799422144433883 ], [ 10.24336064, 42.787561764428851 ], [ 10.22095621, 42.792744634431081 ], [ 10.19619691, 42.810001844438411 ], [ 10.13983607, 42.808809034437914 ], [ 10.10548532, 42.790533294430141 ], [ 10.10237181, 42.766456124419797 ], [ 10.12216794, 42.741260644409053 ], [ 10.15841651, 42.725195164402194 ], [ 10.15313518, 42.732566824405318 ], [ 10.1856811, 42.736909264407196 ], [ 10.23938704, 42.726095554402519 ], [ 10.23524213, 42.744353054410375 ], [ 10.24345815, 42.750222324412888 ], [ 10.28616965, 42.734177824406032 ], [ 10.29129064, 42.752399204413798 ], [ 10.30392945, 42.759398334416794 ], [ 10.31996477, 42.735626934406611 ], [ 10.32656574, 42.742859234409728 ], [ 10.31920362, 42.760115494417086 ], [ 10.34369445, 42.763465394418567 ], [ 10.35685933, 42.759530064416865 ], [ 10.37613511, 42.718987454399524 ], [ 10.39620078, 42.710044974395657 ], [ 10.40999365, 42.716323844398381 ], [ 10.42398012, 42.707342504394532 ], [ 10.43563545, 42.717494244398878 ], [ 10.43440104, 42.734426014406083 ], [ 10.40863323, 42.745489234410847 ], [ 10.41036308, 42.754721514414797 ], [ 10.38675845, 42.758520954416412 ], [ 10.43426848, 42.775111314423505 ], [ 10.43040073, 42.793204304431242 ], [ 10.43735898, 42.799129604433752 ], [ 10.42889452, 42.815553064440778 ], [ 10.44427013, 42.8466863544541 ], [ 10.41424835, 42.872620934465068 ], [ 10.40010536, 42.860141744459781 ] ], [ [ 10.47407007, 42.86329435446109 ], [ 10.47699058, 42.865414854462038 ], [ 10.47538042, 42.867054454462711 ], [ 10.4724977, 42.865881554462234 ], [ 10.47407007, 42.86329435446109 ] ], [ [ 10.54713833, 42.859390254459477 ], [ 10.54545403, 42.857348194458559 ], [ 10.54794037, 42.855476614457778 ], [ 10.55028367, 42.859449504459469 ], [ 10.54713833, 42.859390254459477 ] ], [ [ 10.71205652, 42.795979974432463 ], [ 10.71385813, 42.796810024432773 ], [ 10.71181452, 42.798035254433302 ], [ 10.71120167, 42.797564264433127 ], [ 10.71205652, 42.795979974432463 ] ], [ [ 10.37445128, 42.718854544399449 ], [ 10.37345231, 42.718906034399488 ], [ 10.37259448, 42.716347574398341 ], [ 10.37499845, 42.717917914399045 ], [ 10.37445128, 42.718854544399449 ] ], [ [ 10.07910156, 42.617344134355832 ], [ 10.08272553, 42.603821514349967 ], [ 10.07366443, 42.591124644344532 ], [ 10.05438066, 42.589859364343972 ], [ 10.04571223, 42.580222954339852 ], [ 10.08996606, 42.566998234334115 ], [ 10.1031357, 42.575245014337689 ], [ 10.10235691, 42.588254444343285 ], [ 10.08683491, 42.601978294349223 ], [ 10.09020233, 42.614811534354757 ], [ 10.07910156, 42.617344134355832 ] ], [ [ 10.88375616, 42.575083364337623 ], [ 10.88245118, 42.577667824338725 ], [ 10.87982917, 42.577336664338596 ], [ 10.88152134, 42.575820324337911 ], [ 10.88375616, 42.575083364337623 ] ], [ [ 10.88541353, 42.389445894257108 ], [ 10.88149488, 42.367419234247514 ], [ 10.86762655, 42.369241114248375 ], [ 10.86410987, 42.363490094245826 ], [ 10.86670518, 42.353335134241384 ], [ 10.88219893, 42.351878634240769 ], [ 10.92038774, 42.315899364225039 ], [ 10.93187022, 42.33121656423171 ], [ 10.92110026, 42.351337304240509 ], [ 10.92957234, 42.356112354242576 ], [ 10.90674055, 42.381033774253439 ], [ 10.88541353, 42.389445894257108 ] ], [ [ 10.31800091, 42.318357224226126 ], [ 10.33190834, 42.323961254228543 ], [ 10.32850337, 42.341704844236325 ], [ 10.29927576, 42.351064554240374 ], [ 10.29034138, 42.321609844227517 ], [ 10.30960667, 42.31329881422392 ], [ 10.31800091, 42.318357224226126 ] ], [ [ 10.0642451, 42.358603354243677 ], [ 10.06378782, 42.358506914243648 ], [ 10.06387484, 42.358136644243473 ], [ 10.06431043, 42.358217234243504 ], [ 10.0642451, 42.358603354243677 ] ], [ [ 11.10899496, 42.26119434420108 ], [ 11.09122276, 42.252921094197461 ], [ 11.11000597, 42.237177124190559 ], [ 11.10302305, 42.249284854195878 ], [ 11.11776614, 42.253075474197558 ], [ 11.10899496, 42.26119434420108 ] ], [ [ 9.36235166, 41.631780733921381 ], [ 9.36365187, 41.633711213922204 ], [ 9.36199975, 41.634514203922578 ], [ 9.36058807, 41.633584853922152 ], [ 9.36235166, 41.631780733921381 ] ], [ [ 9.37145054, 41.558945653888472 ], [ 9.37512827, 41.558963653888448 ], [ 9.3734951, 41.565507523891419 ], [ 9.37098241, 41.562118163889863 ], [ 9.37145054, 41.558945653888472 ] ], [ [ 9.36672473, 41.558001873888053 ], [ 9.36538816, 41.555632703886936 ], [ 9.36619067, 41.553684463886093 ], [ 9.36813796, 41.555013773886706 ], [ 9.36672473, 41.558001873888053 ] ], [ [ 9.35927951, 41.551143993884921 ], [ 9.36149478, 41.547896733883498 ], [ 9.36518955, 41.552311293885474 ], [ 9.3615514, 41.553606863886074 ], [ 9.35927951, 41.551143993884921 ] ], [ [ 9.35432041, 41.541657803880625 ], [ 9.35194552, 41.539530033879693 ], [ 9.35563445, 41.537839053878933 ], [ 9.35526681, 41.540777323880228 ], [ 9.35432041, 41.541657803880625 ] ], [ [ 9.3810395, 41.510071273866359 ], [ 9.37903178, 41.508095973865473 ], [ 9.38174844, 41.506726143864825 ], [ 9.38475156, 41.50914895386591 ], [ 9.3810395, 41.510071273866359 ] ], [ [ 9.24649811, 41.376377453805581 ], [ 9.24522746, 41.376217123805503 ], [ 9.24429286, 41.375105133805022 ], [ 9.24743235, 41.375305523805118 ], [ 9.24649811, 41.376377453805581 ] ], [ [ 9.25744712, 41.373425713804238 ], [ 9.25009167, 41.36806749380181 ], [ 9.2692101, 41.36110627379864 ], [ 9.27543688, 41.368582363802062 ], [ 9.25744712, 41.373425713804238 ] ], [ [ 9.22928095, 41.373293753804219 ], [ 9.22758794, 41.372925633804023 ], [ 9.22740996, 41.370605343802964 ], [ 9.22982001, 41.371854063803532 ], [ 9.22928095, 41.373293753804219 ] ], [ [ 9.25479102, 41.349397293793295 ], [ 9.25444222, 41.34814083379279 ], [ 9.25537145, 41.346848953792126 ], [ 9.25712276, 41.35097813379403 ], [ 9.25479102, 41.349397293793295 ] ], [ [ 9.25718117, 41.34745585379239 ], [ 9.25258255, 41.3366154337875 ], [ 9.25981724, 41.333814133786184 ], [ 9.26245093, 41.338639843788407 ], [ 9.25718117, 41.34745585379239 ] ], [ [ 9.25155544, 41.348656763792953 ], [ 9.25103438, 41.349259723793239 ], [ 9.24840462, 41.348143333792734 ], [ 9.25057447, 41.347750893792522 ], [ 9.25155544, 41.348656763792953 ] ], [ [ 9.36782551, 41.308620443774686 ], [ 9.37729025, 41.305794943773392 ], [ 9.36056626, 41.296416033769113 ], [ 9.36494625, 41.284952633763851 ], [ 9.38533854, 41.298658123770124 ], [ 9.37920284, 41.311462393776004 ], [ 9.36782551, 41.308620443774686 ] ], [ [ 9.40054345, 41.300649043771017 ], [ 9.40123057, 41.30101513377123 ], [ 9.40098071, 41.302207343771791 ], [ 9.39976847, 41.301343553771375 ], [ 9.40054345, 41.300649043771017 ] ], [ [ 9.39969826, 41.292310703767285 ], [ 9.40283215, 41.294091453768083 ], [ 9.39946091, 41.298897503770256 ], [ 9.39640307, 41.294520373768236 ], [ 9.39969826, 41.292310703767285 ] ], [ [ 9.40459156, 41.293348423767711 ], [ 9.40698993, 41.294734113768357 ], [ 9.4041903, 41.296105733768982 ], [ 9.40287471, 41.29536330376861 ], [ 9.40459156, 41.293348423767711 ] ], [ [ 9.39966893, 41.284968013763894 ], [ 9.40000236, 41.280837763762015 ], [ 9.40135026, 41.279877413761533 ], [ 9.40372932, 41.284557453763725 ], [ 9.39966893, 41.284968013763894 ] ], [ [ 9.35851026, 41.284740443763802 ], [ 9.34868944, 41.289371843765871 ], [ 9.3345226, 41.283586133763258 ], [ 9.35082352, 41.275745143759657 ], [ 9.35851026, 41.284740443763802 ] ], [ [ 9.35844672, 41.2969831137694 ], [ 9.34289384, 41.308593743774679 ], [ 9.33388901, 41.302843443772026 ], [ 9.34474456, 41.298400153770032 ], [ 9.33788598, 41.294479243768222 ], [ 9.35844672, 41.2969831137694 ] ], [ [ 9.41623414, 41.262906903753802 ], [ 9.41397536, 41.250163543747959 ], [ 9.39942563, 41.260813703752845 ], [ 9.40281522, 41.257467623751324 ], [ 9.40016186, 41.242671243744539 ], [ 9.38894725, 41.233001823740082 ], [ 9.37709606, 41.234131333740621 ], [ 9.38157177, 41.210010643729568 ], [ 9.43999207, 41.216262333732395 ], [ 9.43786073, 41.229144213738316 ], [ 9.44826257, 41.233755343740441 ], [ 9.4415338, 41.236769553741844 ], [ 9.43320751, 41.225291123736575 ], [ 9.43760586, 41.241210213743848 ], [ 9.42677057, 41.257278313751229 ], [ 9.43396235, 41.258847353751918 ], [ 9.41760254, 41.269290443756681 ], [ 9.41623414, 41.262906903753802 ] ], [ [ 9.46925867, 41.245668763745911 ], [ 9.45961475, 41.244799723745537 ], [ 9.45824337, 41.22266935373532 ], [ 9.44864595, 41.223555793735748 ], [ 9.44738758, 41.203897233726735 ], [ 9.45625317, 41.199358213724679 ], [ 9.44292092, 41.202443713726062 ], [ 9.44315386, 41.190737953720699 ], [ 9.43318415, 41.189016333719884 ], [ 9.43972528, 41.180176373715888 ], [ 9.45298672, 41.191658253721094 ], [ 9.45199585, 41.184757943717997 ], [ 9.46268117, 41.182225223716834 ], [ 9.47920215, 41.198887103724452 ], [ 9.48051333, 41.217980733733199 ], [ 9.48918486, 41.218617553733544 ], [ 9.48140454, 41.238928553742788 ], [ 9.46925867, 41.245668763745911 ] ], [ [ 9.51642466, 41.215567943732111 ], [ 9.51786876, 41.216211673732396 ], [ 9.51893854, 41.218525043733457 ], [ 9.51760137, 41.217579713733002 ], [ 9.51642466, 41.215567943732111 ] ], [ [ 9.46792698, 41.183797473717512 ], [ 9.46390557, 41.182091823716753 ], [ 9.46983802, 41.168204543710353 ], [ 9.47149467, 41.178616043715166 ], [ 9.48248374, 41.182864893717053 ], [ 9.46792698, 41.183797473717512 ] ], [ [ 9.48416221, 41.181190843716323 ], [ 9.48793685, 41.180290333715917 ], [ 9.48810673, 41.183974733717569 ], [ 9.48495281, 41.184399713717809 ], [ 9.48416221, 41.181190843716323 ] ], [ [ 9.46147418, 41.175976513713941 ], [ 9.45947897, 41.174589153713299 ], [ 9.45912814, 41.172412743712329 ], [ 9.46199763, 41.17261623371239 ], [ 9.46147418, 41.175976513713941 ] ], [ [ 9.42149162, 41.191030733720837 ], [ 9.41663504, 41.208456033728808 ], [ 9.39627135, 41.192061653721325 ], [ 9.41185856, 41.186727043718882 ], [ 9.42149162, 41.191030733720837 ] ], [ [ 9.45460677, 41.230103363738777 ], [ 9.45423615, 41.229147543738307 ], [ 9.4556005, 41.227606053737631 ], [ 9.45592225, 41.228491653738004 ], [ 9.45460677, 41.230103363738777 ] ], [ [ 9.34113574, 41.228781453738151 ], [ 9.35893107, 41.236755843741825 ], [ 9.35279274, 41.251655573748643 ], [ 9.33347416, 41.247465243746703 ], [ 9.34113574, 41.228781453738151 ] ], [ [ 9.32449496, 41.252405633748957 ], [ 9.32124174, 41.251300443748491 ], [ 9.32182276, 41.247966763746945 ], [ 9.32590866, 41.248915903747402 ], [ 9.32449496, 41.252405633748957 ] ], [ [ 9.23952842, 41.252405753748995 ], [ 9.24022615, 41.254013053749688 ], [ 9.23758006, 41.254488703749914 ], [ 9.23659384, 41.25241779374899 ], [ 9.23952842, 41.252405753748995 ] ], [ [ 9.39991033, 41.253866543749638 ], [ 9.39752662, 41.253361453749434 ], [ 9.39877772, 41.252120603748892 ], [ 9.40044534, 41.252735253749101 ], [ 9.39991033, 41.253866543749638 ] ], [ [ 9.24241447, 41.258482213751748 ], [ 9.23917425, 41.256500713750874 ], [ 9.23869431, 41.255334373750337 ], [ 9.24242663, 41.256299253750754 ], [ 9.24241447, 41.258482213751748 ] ], [ [ 9.31921506, 41.195376033722837 ], [ 9.32264864, 41.198455563724259 ], [ 9.31987512, 41.20235061372604 ], [ 9.31640637, 41.200057743725012 ], [ 9.31921506, 41.195376033722837 ] ], [ [ 9.33214545, 41.189613573720173 ], [ 9.33447528, 41.189780113720246 ], [ 9.33514905, 41.1904987037206 ], [ 9.33281243, 41.191155423720893 ], [ 9.33214545, 41.189613573720173 ] ], [ [ 9.51822281, 41.164474003708634 ], [ 9.52487361, 41.161604513707317 ], [ 9.52829015, 41.163261523708101 ], [ 9.52457213, 41.166225903709439 ], [ 9.51822281, 41.164474003708634 ] ], [ [ 9.50117552, 41.152234313703048 ], [ 9.50346553, 41.152236453703011 ], [ 9.50443578, 41.153272863703521 ], [ 9.50100863, 41.153764123703759 ], [ 9.50117552, 41.152234313703048 ] ], [ [ 9.56664395, 41.129966613692751 ], [ 9.56770146, 41.130276433692899 ], [ 9.56723154, 41.131869543693647 ], [ 9.56611514, 41.130969633693255 ], [ 9.56664395, 41.129966613692751 ] ], [ [ 9.56969917, 41.127915973691806 ], [ 9.56579232, 41.127612703691732 ], [ 9.5639497, 41.123938913690019 ], [ 9.57318521, 41.127326003691564 ], [ 9.56969917, 41.127915973691806 ] ], [ [ 9.56963563, 41.115119213685972 ], [ 9.57065606, 41.115063063685888 ], [ 9.57111824, 41.119061943687754 ], [ 9.56797063, 41.117056123686801 ], [ 9.56963563, 41.115119213685972 ] ], [ [ 9.60322475, 41.079684253669619 ], [ 9.59707785, 41.076200003668006 ], [ 9.60301793, 41.070703503665463 ], [ 9.6105957, 41.081947443670629 ], [ 9.60322475, 41.079684253669619 ] ], [ [ 9.58727992, 41.071079123665655 ], [ 9.58058953, 41.068737623664575 ], [ 9.58008325, 41.067139143663837 ], [ 9.58863187, 41.068133943664293 ], [ 9.58727992, 41.071079123665655 ] ], [ [ 9.57835877, 41.068831433664606 ], [ 9.56950271, 41.065548293663099 ], [ 9.57045126, 41.061204903661107 ], [ 9.58081973, 41.062633153661778 ], [ 9.57835877, 41.068831433664606 ] ], [ [ 9.57163811, 41.005157103635213 ], [ 9.57293534, 41.005144473635205 ], [ 9.57577884, 41.006520503635826 ], [ 9.57324624, 41.008370513636692 ], [ 9.57163811, 41.005157103635213 ] ], [ [ 9.64278495, 40.977519863622398 ], [ 9.64620912, 40.980879893623971 ], [ 9.64045668, 40.982700933624805 ], [ 9.64040124, 40.979380723623287 ], [ 9.64278495, 40.977519863622398 ] ], [ [ 13.05414236, 40.973801843620691 ], [ 13.04515541, 40.966688743617432 ], [ 13.06131971, 40.964105833616223 ], [ 13.06295955, 40.969682333618792 ], [ 13.05414236, 40.973801843620691 ] ], [ [ 9.58157885, 40.954121343611575 ], [ 9.58274663, 40.955521933612218 ], [ 9.58088922, 40.956498263612673 ], [ 9.5796231, 40.955484023612215 ], [ 9.58157885, 40.954121343611575 ] ], [ [ 12.85493576, 40.945868723607745 ], [ 12.85804665, 40.939192403604665 ], [ 12.85265005, 40.924432623597795 ], [ 12.86304486, 40.928707713599771 ], [ 12.86588204, 40.943248743606517 ], [ 12.85493576, 40.945868723607745 ] ], [ [ 13.00084198, 40.936983933603628 ], [ 12.99675655, 40.934742203602596 ], [ 12.99739587, 40.932688463601671 ], [ 13.00365305, 40.934215303602315 ], [ 13.00084198, 40.936983933603628 ] ], [ [ 12.99450362, 40.934567443602553 ], [ 12.97687805, 40.934395543602456 ], [ 12.96167922, 40.92033135359592 ], [ 12.94869471, 40.91895114359528 ], [ 12.94238913, 40.900261633586588 ], [ 12.95432925, 40.895529743584419 ], [ 12.947492, 40.88602101357997 ], [ 12.95311284, 40.876507873575605 ], [ 12.97456181, 40.894582263583999 ], [ 12.95983315, 40.896335713584776 ], [ 12.96856284, 40.921626323596549 ], [ 12.99450362, 40.934567443602553 ] ], [ [ 9.67206621, 40.8783097235764 ], [ 9.67006207, 40.877945413576207 ], [ 9.67276692, 40.87669741357567 ], [ 9.67283094, 40.877647033576089 ], [ 9.67206621, 40.8783097235764 ] ], [ [ 9.64124048, 40.886560913580233 ], [ 9.63929963, 40.885539043579776 ], [ 9.6400429, 40.883937943579028 ], [ 9.64178467, 40.885482303579728 ], [ 9.64124048, 40.886560913580233 ] ], [ [ 9.64859724, 40.886846533580368 ], [ 9.6498059, 40.886561153580239 ], [ 9.65582407, 40.888026703580906 ], [ 9.65050948, 40.889814373581743 ], [ 9.64859724, 40.886846533580368 ] ], [ [ 9.69321787, 40.887908333580867 ], [ 9.74243796, 40.911610353591854 ], [ 9.73981237, 40.91992103359572 ], [ 9.67402303, 40.891623613582581 ], [ 9.69321787, 40.887908333580867 ] ], [ [ 9.73233986, 40.920320863595919 ], [ 9.73635387, 40.92468523359792 ], [ 9.73599255, 40.926983943598977 ], [ 9.72821832, 40.920765633596098 ], [ 9.73233986, 40.920320863595919 ] ], [ [ 9.51204121, 40.9179338135948 ], [ 9.50867355, 40.916738503594281 ], [ 9.50827324, 40.916029443593921 ], [ 9.51116645, 40.916050423593894 ], [ 9.51204121, 40.9179338135948 ] ], [ [ 9.72716451, 40.876217243575411 ], [ 9.71561754, 40.875759833575216 ], [ 9.7110728, 40.867881653571573 ], [ 9.73753595, 40.859538903567639 ], [ 9.74292433, 40.87018227357261 ], [ 9.72716451, 40.876217243575411 ] ], [ [ 9.77769136, 40.873875133574295 ], [ 9.77841914, 40.873592253574216 ], [ 9.77887166, 40.87481057357477 ], [ 9.77778637, 40.87487685357479 ], [ 9.77769136, 40.873875133574295 ] ], [ [ 9.72323394, 40.847741593562183 ], [ 9.72230506, 40.846099373561401 ], [ 9.7235136, 40.845442643561128 ], [ 9.72466826, 40.846776003561743 ], [ 9.72323394, 40.847741593562183 ] ], [ [ 9.70705903, 40.828556173553217 ], [ 9.70659983, 40.826758143552425 ], [ 9.70812547, 40.826310623552189 ], [ 9.70867562, 40.828233473553077 ], [ 9.70705903, 40.828556173553217 ] ], [ [ 13.42856395, 40.80088150354036 ], [ 13.41635346, 40.78924583353492 ], [ 13.40815663, 40.786015263533457 ], [ 13.43535304, 40.794230453537253 ], [ 13.42856395, 40.80088150354036 ] ], [ [ 14.03568685, 40.797848333538958 ], [ 14.03730416, 40.797795173538908 ], [ 14.0380007, 40.798501363539238 ], [ 14.03522503, 40.799429173539664 ], [ 14.03568685, 40.797848333538958 ] ], [ [ 13.45199251, 40.786615363533677 ], [ 13.45890617, 40.788813943534741 ], [ 13.45735335, 40.79139065353592 ], [ 13.450405, 40.791150323535788 ], [ 13.45199251, 40.786615363533677 ] ], [ [ 14.01287568, 40.769272793525651 ], [ 14.00344741, 40.748973603516156 ], [ 13.99178135, 40.746821633515133 ], [ 13.99281144, 40.740628233512254 ], [ 13.99843431, 40.74741136351544 ], [ 14.01723325, 40.738727923511398 ], [ 14.01412892, 40.748903863516119 ], [ 14.02513623, 40.749440423516376 ], [ 14.02213693, 40.758257503520483 ], [ 14.03781426, 40.763836493523073 ], [ 14.01287568, 40.769272793525651 ] ], [ [ 13.95571005, 40.739433643511667 ], [ 13.94276106, 40.748053423515721 ], [ 13.89918017, 40.750880233517002 ], [ 13.87055492, 40.761718743522131 ], [ 13.86174548, 40.757671113520175 ], [ 13.86442566, 40.741777653512756 ], [ 13.85389245, 40.73658704351039 ], [ 13.86118734, 40.717494243501427 ], [ 13.85053337, 40.710613123498185 ], [ 13.87262666, 40.696842063491793 ], [ 13.88860452, 40.699441903493003 ], [ 13.89350677, 40.691694133489356 ], [ 13.89884055, 40.700863473493669 ], [ 13.92202544, 40.69703650349188 ], [ 13.93905461, 40.706399193496246 ], [ 13.95485544, 40.7004412334935 ], [ 13.95423186, 40.708602903497273 ], [ 13.96542645, 40.712342853499003 ], [ 13.95571005, 40.739433643511667 ] ], [ [ 13.96480155, 40.729397643507014 ], [ 13.96743321, 40.729941123507224 ], [ 13.96765566, 40.732022043508202 ], [ 13.96403682, 40.732185953508257 ], [ 13.96480155, 40.729397643507014 ] ], [ [ 14.19592476, 40.541393033418842 ], [ 14.19862795, 40.535214413415922 ], [ 14.24462414, 40.546841133421395 ], [ 14.25288641, 40.542173503419185 ], [ 14.26620972, 40.555907953425702 ], [ 14.26121962, 40.561682453428382 ], [ 14.25158226, 40.556168433425768 ], [ 14.19975924, 40.560996523428031 ], [ 14.19592476, 40.541393033418842 ] ], [ [ 14.25190544, 40.541116703418709 ], [ 14.25186694, 40.539206023417762 ], [ 14.25242162, 40.538793793417597 ], [ 14.25409865, 40.540318843418341 ], [ 14.25190544, 40.541116703418709 ] ], [ [ 9.82149696, 40.540441273418423 ], [ 9.81729436, 40.539041513417743 ], [ 9.81680882, 40.538015363417259 ], [ 9.82070005, 40.539370653417876 ], [ 9.82149696, 40.540441273418423 ] ], [ [ 9.70358825, 39.973045223148731 ], [ 9.70660305, 39.973077173148731 ], [ 9.70682585, 39.973911043149144 ], [ 9.70284092, 39.975475543149884 ], [ 9.70358825, 39.973045223148731 ] ], [ [ 15.71502554, 39.966063013145337 ], [ 15.71534038, 39.96598326314534 ], [ 15.71750271, 39.967500803146052 ], [ 15.71607244, 39.967980613146274 ], [ 15.71502554, 39.966063013145337 ] ], [ [ 15.80094087, 39.69711887301569 ], [ 15.80355167, 39.697912213016096 ], [ 15.80178785, 39.700014823017135 ], [ 15.80024075, 39.699108953016676 ], [ 15.80094087, 39.69711887301569 ] ], [ [ 9.60328174, 39.146389712746945 ], [ 9.60491955, 39.146972052747245 ], [ 9.60623574, 39.14945649274847 ], [ 9.60244668, 39.14747952274746 ], [ 9.60328174, 39.146389712746945 ] ], [ [ 9.60451496, 39.143815032745707 ], [ 9.60323191, 39.137673612742653 ], [ 9.60467064, 39.133113492740392 ], [ 9.60917115, 39.141730062744649 ], [ 9.60451496, 39.143815032745707 ] ], [ [ 9.53572035, 39.080813162714691 ], [ 9.53529406, 39.088696352718564 ], [ 9.53181684, 39.090495462719467 ], [ 9.52619791, 39.084392422716448 ], [ 9.53572035, 39.080813162714691 ] ], [ [ 9.53981364, 39.082125892715347 ], [ 9.54192185, 39.082978242715697 ], [ 9.54151452, 39.083953252716199 ], [ 9.53883266, 39.08323454271585 ], [ 9.53981364, 39.082125892715347 ] ], [ [ 9.00502491, 38.985694642667745 ], [ 9.00497186, 38.986284962668059 ], [ 9.00194681, 38.985074752667472 ], [ 9.00326037, 38.984393712667128 ], [ 9.00502491, 38.985694642667745 ] ], [ [ 8.81300771, 38.88936030262014 ], [ 8.81480718, 38.892179602621475 ], [ 8.81303334, 38.893221252622027 ], [ 8.81207573, 38.890861622620861 ], [ 8.81300771, 38.88936030262014 ] ], [ [ 8.71696651, 38.911991352631304 ], [ 8.71948016, 38.914652812632646 ], [ 8.71644962, 38.916448342633529 ], [ 8.71426404, 38.91342532263203 ], [ 8.71696651, 38.911991352631304 ] ], [ [ 15.21955013, 38.811695212581611 ], [ 15.18731213, 38.791541212571623 ], [ 15.21455061, 38.7711473625615 ], [ 15.22705412, 38.776742452564285 ], [ 15.24340546, 38.802809472577238 ], [ 15.21955013, 38.811695212581611 ] ], [ [ 13.16077256, 38.707585322529916 ], [ 13.15336025, 38.693609112522971 ], [ 13.17294955, 38.69034754252133 ], [ 13.20136607, 38.710237612531202 ], [ 13.18018734, 38.720726962536425 ], [ 13.16077256, 38.707585322529916 ] ], [ [ 15.11097324, 38.661144842506758 ], [ 15.11807883, 38.660435312506408 ], [ 15.11841953, 38.663815852508094 ], [ 15.11322868, 38.666640032509555 ], [ 15.11097324, 38.661144842506758 ] ], [ [ 15.06934094, 38.64794444250024 ], [ 15.05837047, 38.643574942498063 ], [ 15.05671704, 38.62421345248837 ], [ 15.07879484, 38.63591181249425 ], [ 15.06934094, 38.64794444250024 ] ], [ [ 15.11358738, 38.637990702495266 ], [ 15.11535382, 38.639292952495936 ], [ 15.11358774, 38.640409462496464 ], [ 15.11225736, 38.638977042495739 ], [ 15.11358738, 38.637990702495266 ] ], [ [ 14.55059767, 38.563684102458197 ], [ 14.58553696, 38.552733052452766 ], [ 14.59403038, 38.557001342454853 ], [ 14.58129776, 38.561928622457316 ], [ 14.57547617, 38.582020392467399 ], [ 14.54701161, 38.5865254324696 ], [ 14.53935766, 38.575540292464147 ], [ 14.55059767, 38.563684102458197 ] ], [ [ 14.81399095, 38.583488222468112 ], [ 14.79846537, 38.57211660246243 ], [ 14.80163693, 38.555663932454195 ], [ 14.85559487, 38.533632152443204 ], [ 14.87162936, 38.536484832444621 ], [ 14.87280011, 38.582140322467396 ], [ 14.81399095, 38.583488222468112 ] ], [ [ 14.36611044, 38.544453732448638 ], [ 14.36439085, 38.553350202453061 ], [ 14.34785604, 38.553951132453363 ], [ 14.34004903, 38.537197102444971 ], [ 14.35651708, 38.530215022441475 ], [ 14.36611044, 38.544453732448638 ] ], [ [ 14.95709825, 38.523329962438041 ], [ 14.91306007, 38.519252052436023 ], [ 14.89794505, 38.486275542419534 ], [ 14.91222274, 38.464953532408899 ], [ 14.93322825, 38.460293642406569 ], [ 14.94351065, 38.442094792397477 ], [ 14.95430136, 38.438392752395586 ], [ 14.96362805, 38.453378912403096 ], [ 14.95430625, 38.471974242412394 ], [ 14.98129606, 38.481202122416988 ], [ 14.96345258, 38.490161172421509 ], [ 14.95709825, 38.523329962438041 ] ], [ [ 14.95452166, 38.420417422386592 ], [ 14.94218564, 38.418992872385893 ], [ 14.93589723, 38.403342002378054 ], [ 14.94980395, 38.383263822367972 ], [ 14.98335874, 38.366289132359498 ], [ 15.00228202, 38.369580862361133 ], [ 15.00695896, 38.37503814236387 ], [ 14.99652374, 38.398283352375493 ], [ 14.98392665, 38.409857622381303 ], [ 14.96139896, 38.412805552382757 ], [ 14.96923363, 38.425686832389225 ], [ 14.96060181, 38.43275653239278 ], [ 14.95452166, 38.420417422386592 ] ], [ [ 13.23604643, 38.207582822279761 ], [ 13.23827446, 38.210823642281433 ], [ 13.23515904, 38.212609042282317 ], [ 13.23350775, 38.209780802280889 ], [ 13.23604643, 38.207582822279761 ] ], [ [ 12.32867801, 38.009614342180036 ], [ 12.32033682, 38.000471462175398 ], [ 12.32681346, 37.989259832169743 ], [ 12.35191381, 37.987814302169021 ], [ 12.33669627, 38.020352832185445 ], [ 12.32867801, 38.009614342180036 ] ], [ [ 12.50928366, 38.000920052175637 ], [ 12.51049364, 38.004091612177248 ], [ 12.50808394, 38.006417262178402 ], [ 12.50920105, 38.004436012177408 ], [ 12.50928366, 38.000920052175637 ] ], [ [ 12.41537023, 37.987851132169013 ], [ 12.41632617, 37.98871135216946 ], [ 12.41213882, 37.992187492171226 ], [ 12.41200566, 37.990669122170466 ], [ 12.41537023, 37.987851132169013 ] ], [ [ 12.5001477, 37.990074742170165 ], [ 12.50039995, 37.986073722168122 ], [ 12.50503182, 37.991112342170695 ], [ 12.50431585, 37.991412032170807 ], [ 12.5001477, 37.990074742170165 ] ], [ [ 12.42588425, 37.989839312169991 ], [ 12.42361307, 37.989502542169852 ], [ 12.42562342, 37.987521642168886 ], [ 12.42717504, 37.98899089216961 ], [ 12.42588425, 37.989839312169991 ] ], [ [ 12.06340527, 37.984678262167428 ], [ 12.06260705, 37.99354826217192 ], [ 12.02830696, 37.99138771217082 ], [ 12.04509306, 37.970287672160147 ], [ 12.043841, 37.959107752154495 ], [ 12.09164405, 37.947366352148549 ], [ 12.06340527, 37.984678262167428 ] ], [ [ 12.30148447, 37.950021142149886 ], [ 12.28816462, 37.94164371214567 ], [ 12.27848315, 37.945375792147551 ], [ 12.27106333, 37.935227502142432 ], [ 12.28656185, 37.914777632132036 ], [ 12.31862557, 37.92044591213498 ], [ 12.31933367, 37.913147442131262 ], [ 12.33700752, 37.918740262134115 ], [ 12.35251784, 37.903929942126609 ], [ 12.36693788, 37.906482572127885 ], [ 12.36727905, 37.92520915213737 ], [ 12.35635614, 37.925784702137626 ], [ 12.34622502, 37.937491652143557 ], [ 12.32498968, 37.929567332139555 ], [ 12.30831146, 37.955825442152822 ], [ 12.30148447, 37.950021142149886 ] ], [ [ 12.45402086, 37.904257052126752 ], [ 12.44742715, 37.898466932123846 ], [ 12.44031787, 37.896058552122618 ], [ 12.45396304, 37.897684452123471 ], [ 12.45402086, 37.904257052126752 ] ], [ [ 12.43809915, 37.89603256212262 ], [ 12.43543363, 37.896216862122692 ], [ 12.43476832, 37.895775552122494 ], [ 12.43731737, 37.895015472122083 ], [ 12.43809915, 37.89603256212262 ] ], [ [ 12.44226694, 37.895056002122097 ], [ 12.44031715, 37.893506642121345 ], [ 12.44607866, 37.889028422119068 ], [ 12.44861865, 37.895812862122476 ], [ 12.44226694, 37.895056002122097 ] ], [ [ 12.44243324, 37.889437432119315 ], [ 12.43917787, 37.883062592116033 ], [ 12.43456757, 37.89551984212234 ], [ 12.42873812, 37.892524352120837 ], [ 12.44182313, 37.860256902104496 ], [ 12.44013596, 37.87684213211287 ], [ 12.45184433, 37.871793622110353 ], [ 12.44243324, 37.889437432119315 ] ], [ [ 12.46304715, 37.878386012113666 ], [ 12.4653995, 37.879923692114467 ], [ 12.45593703, 37.887834662118451 ], [ 12.45691073, 37.882163632115578 ], [ 12.46304715, 37.878386012113666 ] ], [ [ 12.46681643, 37.870203722109544 ], [ 12.46392643, 37.868222702108518 ], [ 12.46828532, 37.863391632106079 ], [ 12.47235036, 37.869279972109062 ], [ 12.46681643, 37.870203722109544 ] ], [ [ 12.4786787, 37.86345064210613 ], [ 12.48001874, 37.860986462104862 ], [ 12.48104191, 37.861402262105095 ], [ 12.48157012, 37.862763042105719 ], [ 12.4786787, 37.86345064210613 ] ], [ [ 12.44881415, 37.862491362105636 ], [ 12.44323444, 37.872259732110585 ], [ 12.4460541, 37.844994652096759 ], [ 12.44990015, 37.84791874209828 ], [ 12.44881415, 37.862491362105636 ] ], [ [ 12.44011736, 37.891163822120163 ], [ 12.44071472, 37.89182555212048 ], [ 12.43909967, 37.893637172121402 ], [ 12.43832385, 37.893308032121219 ], [ 12.44011736, 37.891163822120163 ] ], [ [ 12.30205727, 37.91625046213283 ], [ 12.30029416, 37.914414162131919 ], [ 12.30380845, 37.913346162131361 ], [ 12.30428326, 37.914464702131937 ], [ 12.30205727, 37.91625046213283 ] ], [ [ 12.32967341, 37.985100142167653 ], [ 12.33092892, 37.985527622167844 ], [ 12.32696641, 37.986772652168533 ], [ 12.32818925, 37.985681052167919 ], [ 12.32967341, 37.985100142167653 ] ], [ [ 13.37595153, 38.134896752243208 ], [ 13.37693048, 38.135645142243625 ], [ 13.37577462, 38.136937852244252 ], [ 13.37498915, 38.136606332244085 ], [ 13.37595153, 38.134896752243208 ] ], [ [ 13.37444186, 38.130023832240752 ], [ 13.37393093, 38.127660262239559 ], [ 13.37617111, 38.125544542238494 ], [ 13.37539256, 38.128154862239789 ], [ 13.37444186, 38.130023832240752 ] ], [ [ 14.43101895, 40.578775633436408 ], [ 14.43065691, 40.582077733437949 ], [ 14.42980146, 40.582542653438175 ], [ 14.42810845, 40.580296273437135 ], [ 14.43101895, 40.578775633436408 ] ], [ [ 14.39810586, 40.582443943438108 ], [ 14.39720905, 40.583951223438874 ], [ 14.39527524, 40.583734263438785 ], [ 14.39582145, 40.582674143438211 ], [ 14.39810586, 40.582443943438108 ] ], [ [ 14.4322561, 40.583210223438513 ], [ 14.43319702, 40.581915133437882 ], [ 14.43636787, 40.579963913436963 ], [ 14.43640387, 40.581940163437928 ], [ 14.4322561, 40.583210223438513 ] ], [ [ 14.3773787, 40.588848343441114 ], [ 14.37517798, 40.588315123440914 ], [ 14.37534082, 40.587419623440447 ], [ 14.37734926, 40.586924543440269 ], [ 14.3773787, 40.588848343441114 ] ], [ [ 14.29413283, 40.830415003554144 ], [ 14.28876758, 40.833286753555498 ], [ 14.29976058, 40.826039303552108 ], [ 14.29725146, 40.828459973553244 ], [ 14.29413283, 40.830415003554144 ] ], [ [ 11.21010864, 42.382794734254205 ], [ 11.20949376, 42.380598654253291 ], [ 11.21434414, 42.378955124252542 ], [ 11.21163213, 42.382465354254045 ], [ 11.21010864, 42.382794734254205 ] ], [ [ 9.81192815, 43.003134124520408 ], [ 9.84215021, 43.02591502453005 ], [ 9.84849846, 43.044106124537684 ], [ 9.84484065, 43.051323054540745 ], [ 9.83662915, 43.049357644539938 ], [ 9.83778906, 43.066288224547044 ], [ 9.82636535, 43.072906254549842 ], [ 9.80049372, 43.054059734541887 ], [ 9.79137814, 43.023978944529183 ], [ 9.81192815, 43.003134124520408 ] ], [ [ 9.90188491, 43.42121004469508 ], [ 9.90934825, 43.433040014699998 ], [ 9.90166724, 43.438674564702296 ], [ 9.88870907, 43.42312407469592 ], [ 9.90188491, 43.42121004469508 ] ], [ [ 10.28662765, 43.547540894747144 ], [ 10.28917766, 43.551725144748865 ], [ 10.28609848, 43.557792304751317 ], [ 10.28609848, 43.546285624746638 ], [ 10.28888893, 43.542345394744999 ], [ 10.28662765, 43.547540894747144 ] ] ] ] } }
]
}
