"variable","mean_absolute_share","mean_signed_contribution","dominant_weight_fraction","mean_contribution","abs_mean_contribution","interpretation"
"ph_mean",0.682659409612825,13.2333040423452,0.826981389921849,13.2333040423452,13.2333040423452,"positive mean contribution"
"temperature_range",0.130902969429613,2.14750810489928,0.0712844796165776,2.14750810489928,2.14750810489928,"positive mean contribution"
"salinity_range",0.106533203448109,1.26801824588769,0.0997582793277973,1.26801824588769,1.26801824588769,"positive mean contribution"
"temperature_mean",0.0414729279856269,0.502290734814102,0,0.502290734814102,0.502290734814102,"positive mean contribution"
"sea_water_speed_range",0.0292672110605632,0.397077944291909,0.00197585113377617,0.397077944291909,0.397077944291909,"positive mean contribution"
