"variable","mean_absolute_share","mean_signed_contribution","dominant_weight_fraction","mean_contribution","abs_mean_contribution","interpretation"
"ph_mean",0.714951141760003,14.7283258053381,0.882068531947597,14.7283258053381,14.7283258053381,"positive mean contribution"
"temperature_range",0.126316152287736,2.29084687011778,0.0544070175474473,2.29084687011778,2.29084687011778,"positive mean contribution"
"salinity_range",0.0768508521645168,1.11417095598792,0.0626871845348788,1.11417095598792,1.11417095598792,"positive mean contribution"
"temperature_mean",0.0410726566559117,0.516240384446886,0,0.516240384446886,0.516240384446886,"positive mean contribution"
"sea_water_speed_range",0.0299926137837511,0.461398615251361,0.000837265970076686,0.461398615251361,0.461398615251361,"positive mean contribution"
"sea_water_speed_mean",0.00910790995244044,0.0915223990447416,0,0.0915223990447416,0.0915223990447416,"positive mean contribution"
"chlorophyll_mean",0.00170867339564111,-0.0131980052975006,0,-0.0131980052975006,0.0131980052975006,"negative mean contribution"
