"cell","longitude","latitude","sdm_suitability","temperature_mean_current","temperature_range_current","salinity_range_current","ph_mean_current","sea_water_speed_mean_current","sea_water_speed_range_current","temperature_mean_future","temperature_range_future","salinity_range_future","ph_mean_future","sea_water_speed_mean_future","sea_water_speed_range_future"
393,13.5749992410107,45.7750007629395,0.824844479560852,16.9583396911621,20.0496807098389,2.11504650115967,8.13728904724121,0.0114361438900232,0.00739575549960135,18.3323459625244,22.8072662353516,3.16425275802612,8.04126739501953,0.0096122594550252,0.0101699810475111
2082,13.5249992427036,45.6750007629395,0.805537939071655,17.0581245422363,19.4524726867676,2.13608455657959,8.13835430145264,0.020188894122839,0.00857723690569402,18.4410514831543,22.1429691314697,3.2903459072113,8.04235553741455,0.0181929916143417,0.00937194284051655
2916,12.9749992613256,45.6250007629395,0.530007481575012,17.7221145629883,18.7296562194824,3.51950311660767,8.18457508087158,0.0388743095099926,0.0675142854452133,19.1092262268066,21.9494743347168,4.6792140007019,8.08945274353027,0.0355860739946365,0.0612789206206799
2926,13.4749992443965,45.6250007629395,0.767775297164917,17.1694240570068,19.2353839874268,2.15660572052002,8.14190673828125,0.02810013666749,0.0272025335580111,18.559211730957,21.8957290649414,3.35812973976135,8.04606914520264,0.0260730013251305,0.026426175609231
3769,13.3749992477823,45.5750007629395,0.705640852451324,17.4591999053955,18.9402713775635,2.621333360672,8.14793014526367,0.0433893725275993,0.0186047852039337,18.8506832122803,21.58203125,3.96465826034546,8.05230045318604,0.0406252704560757,0.0190560072660446
4612,13.2749992511682,45.5250007629395,0.695610344409943,17.722505569458,18.6583499908447,3.6882336139679,8.15845394134521,0.0439278781414032,0.0444263331592083,19.1183128356934,21.4373836517334,4.86592197418213,8.06313514709473,0.0401184111833572,0.0389666147530079
5460,13.4249992460894,45.4750007629395,0.734747290611267,17.4662666320801,18.740837097168,2.57581543922424,8.14495372772217,0.0634196624159813,0.1091423407197,18.8650970458984,21.3237781524658,3.89482378959656,8.04925632476807,0.0603793039917946,0.103276535868645
7146,13.2249992528611,45.3750007629395,0.67223060131073,17.7837257385254,18.4478988647461,4.53546094894409,8.16559982299805,0.0441753752529621,0.0170144028961658,19.2084121704102,21.1636295318604,5.60032653808594,8.07047939300537,0.0410309955477715,0.0223521515727043
7994,13.3749992477823,45.3250007629395,0.696749627590179,17.6576061248779,18.3209323883057,3.41736960411072,8.15409469604492,0.0850748717784882,0.135895118117332,19.0701274871826,20.9307117462158,4.61524820327759,8.05901622772217,0.0806097015738487,0.133384510874748
9672,12.7749992680973,45.2250007629395,0.322127014398575,17.5991687774658,18.4891872406006,6.18173313140869,8.24054431915283,0.0295848809182644,0.00458359392359853,19.0484218597412,21.6223201751709,6.94893550872803,8.14401054382324,0.0278327874839306,0.000698299030773342
9682,13.2749992511682,45.2250007629395,0.688099980354309,17.799072265625,18.2243595123291,4.52244329452515,8.16549491882324,0.0394542030990124,0.0782081410288811,19.239501953125,20.8873958587646,5.75685167312622,8.07061958312988,0.0368950888514519,0.0831553265452385
10531,13.4749992443965,45.1750007629395,0.626310646533966,17.5706920623779,17.7010173797607,2.59668731689453,8.14835834503174,0.104551337659359,0.182039886713028,18.970703125,20.365140914917,3.82385158538818,8.05341053009033,0.100193217396736,0.185248538851738
12216,13.2249992528611,45.0750007629395,0.657211363315582,17.8097343444824,18.204137802124,4.40261936187744,8.16824913024902,0.0191148594021797,0.0403729230165482,19.2598037719727,20.682487487793,5.62287759780884,8.07312297821045,0.0181034170091152,0.048099122941494
13065,13.4249992460894,45.0250007629395,0.744102358818054,17.7687740325928,17.8971710205078,3.68010544776917,8.14789009094238,0.08389563113451,0.187824457883835,19.1989517211914,20.3068523406982,5.03398942947388,8.05310916900635,0.0801033526659012,0.191739454865456
13081,14.2249992190028,45.0250007629395,0.532133936882019,17.5864906311035,15.5929746627808,1.5963773727417,8.11599731445312,0.0116266002878547,0.0239144694060087,18.992748260498,18.6821670532227,2.71119952201843,8.02133560180664,0.00816164631396532,0.0165620464831591
14750,13.174999254554,44.9250007629395,0.626322507858276,17.8216667175293,17.8819789886475,4.71198081970215,8.17189025878906,0.0188762117177248,0.0447918623685837,19.2749919891357,20.1610660552979,5.31830883026123,8.07619476318359,0.0205761808902025,0.043936662375927
15598,13.3249992494752,44.8750007629395,0.663546562194824,17.896520614624,17.618371963501,4.3703875541687,8.16085529327393,0.0305862575769424,0.0955907627940178,19.3402576446533,19.9270324707031,5.56585264205933,8.06589603424072,0.0313103310763836,0.107745140790939
16432,12.7749992680973,44.8250007629395,0.364143192768097,17.3915615081787,18.4981327056885,8.66956424713135,8.24244785308838,0.0532974191009998,0.0377389155328274,18.8545055389404,21.2305908203125,9.89863204956055,8.1431999206543,0.0550255142152309,0.0369314178824425
16446,13.4749992443965,44.8250007629395,0.678852438926697,17.8856639862061,17.0225429534912,3.71075010299683,8.14501476287842,0.0520455054938793,0.148292437195778,19.3090343475342,19.4192276000977,5.07063055038452,8.05113887786865,0.0488331392407417,0.156942024827003
17293,13.5749992410107,44.7750007629395,0.60852062702179,17.8752307891846,16.3892040252686,3.45658183097839,8.14219665527344,0.0537084713578224,0.130967244505882,19.2862205505371,18.9121704101562,4.6144962310791,8.04862308502197,0.0492798052728176,0.145810455083847
18960,12.4249992799477,44.6750007629395,0.324128061532974,17.4810924530029,19.6678161621094,7.83678674697876,8.26222038269043,0.0246998462826014,0.0115567902103066,18.929479598999,22.3856830596924,9.01286125183105,8.16374206542969,0.0231287907809019,0.000364744570106268
18975,13.174999254554,44.6750007629395,0.627517342567444,17.8543567657471,17.3569831848145,4.81987428665161,8.164137840271,0.0172341912984848,0.0269358567893505,19.2806148529053,19.7543659210205,5.60644197463989,8.06833076477051,0.0175492875277996,0.0405493788421154
19824,13.3749992477823,44.6250007629395,0.635973453521729,18.0083866119385,16.6188583374023,4.42514944076538,8.14595603942871,0.0155245829373598,0.0104978363960981,19.4260177612305,19.3414764404297,5.32421779632568,8.05153656005859,0.0140643548220396,0.0149684390053153
20670,13.4249992460894,44.5750007629395,0.647297143936157,18.0488052368164,16.4451923370361,4.38974094390869,8.14036560058594,0.0156786795705557,0.00207340950146317,19.4593391418457,19.2022972106934,5.24594736099243,8.0464506149292,0.0136580374091864,0.00230076722800732
20687,14.2749992173099,44.5750007629395,0.431480169296265,17.871036529541,15.129958152771,2.31464576721191,8.12485885620117,0.0711727812886238,0.012627930380404,19.2820167541504,17.9243316650391,3.51923871040344,8.03335857391357,0.0597405694425106,0.0177972335368395
21514,13.3749992477823,44.5250007629395,0.623833000659943,18.0875358581543,16.4614925384521,4.37752485275269,8.14312648773193,0.0180574432015419,0.00348563445731999,19.5060710906982,19.1398448944092,5.13834857940674,8.04860782623291,0.0164622385054827,0.00337621290236712
22359,13.3749992477823,44.4750007629395,0.618467330932617,18.1112327575684,16.4177188873291,4.35669946670532,8.14258098602295,0.0195160172879696,0.00368385249748825,19.5301818847656,19.0677089691162,5.10149621963501,8.04802989959717,0.0181476678699255,0.00563696725293994
23197,13.0249992596327,44.4250007629395,0.588795185089111,17.9683246612549,17.5726928710938,6.35476303100586,8.18162441253662,0.0201631393283606,0.0169204659759998,19.3913478851318,19.8450946807861,7.9364185333252,8.08331680297852,0.0220630932599306,0.00893329549580812
24046,13.2249992528611,44.3750007629395,0.661147475242615,18.1494941711426,16.9000186920166,5.33535623550415,8.15251731872559,0.0251775328069925,0.0290707517415285,19.5733451843262,19.2475414276123,6.52405118942261,8.05633640289307,0.0264020077884197,0.0542132928967476
24878,12.5749992748689,44.3250007629395,0.334532290697098,17.5345706939697,19.3280792236328,6.18319749832153,8.2501974105835,0.0678577348589897,0.0687828585505486,18.9826354980469,21.9891757965088,7.21825170516968,8.15121555328369,0.0708750709891319,0.0811365693807602
24895,13.4249992460894,44.3250007629395,0.613734602928162,18.2619171142578,16.1681900024414,3.84152626991272,8.13630962371826,0.0261506270617247,0.069381482899189,19.6812152862549,18.8017807006836,4.46005964279175,8.04178810119629,0.0248616822063923,0.0745954364538193
26485,8.42499941538071,44.2250007629395,0.383749544620514,18.3117599487305,13.0452632904053,0.91828727722168,8.08755493164062,0.0271685793995857,0.0944499894976616,19.5021572113037,15.2479972839355,1.62117874622345,8.00454902648926,0.0303663015365601,0.0892165079712868
26584,13.3749992477823,44.2250007629395,0.619089961051941,18.2971420288086,16.6234035491943,4.11527442932129,8.14360809326172,0.0243235342204571,0.0584248192608357,19.7073383331299,19.0938777923584,4.81675672531128,8.0481595993042,0.0241355132311583,0.0618613176047802
27434,13.6249992393178,44.1750007629395,0.607780754566193,18.3755760192871,16.2492237091064,3.46635365486145,8.13076972961426,0.0172717124223709,0.0374551340937614,19.7754898071289,18.6335849761963,4.08116579055786,8.03745937347412,0.0159415733069181,0.0647698640823364
27438,13.8249992325461,44.1750007629395,0.586618781089783,18.394832611084,16.0566463470459,2.92305612564087,8.12385845184326,0.0195522047579288,0.0429457165300846,19.8060665130615,18.3188190460205,3.81088137626648,8.03186893463135,0.016265545040369,0.0592687837779522
29024,8.62499940860906,44.0750007629395,0.501458942890167,18.561882019043,13.7760572433472,0.882370889186859,8.08561420440674,0.0946552231907845,0.308748632669449,19.7558097839355,16.3438930511475,1.5520406961441,8.00224685668945,0.109874799847603,0.358369618654251
29125,13.6749992376249,44.0750007629395,0.631951034069061,18.3994636535645,16.4788837432861,3.59588766098022,8.13122367858887,0.0165296401828527,0.031866081058979,19.7839889526367,18.7212219238281,4.47114753723145,8.03773307800293,0.016603471711278,0.059506643563509
29953,12.8249992664044,44.0250007629395,0.58170884847641,17.8909492492676,20.4885711669922,6.19564819335938,8.20381546020508,0.0508291833102703,0.0349476560950279,19.3456287384033,23.0157127380371,7.77342700958252,8.10488605499268,0.0528720319271088,0.0398668795824051
30805,13.174999254554,43.9750007629395,0.626645445823669,17.8927764892578,18.9598197937012,4.54479074478149,8.1738748550415,0.077858567237854,0.0207343809306622,19.3428802490234,21.5692958831787,6.07916116714478,8.07590103149414,0.0812796279788017,0.0124248331412673
30833,14.5749992071524,43.9750007629395,0.565420806407928,18.4061336517334,14.6495504379272,2.66338014602661,8.1055383682251,0.0299091897904873,0.0754031464457512,19.7833614349365,17.5233287811279,3.64149045944214,8.01463985443115,0.0243624579161406,0.0686925426125526
31647,13.0249992596327,43.9250007629395,0.651506304740906,17.9542255401611,20.3012962341309,5.69706678390503,8.18932819366455,0.0401691161096096,0.0181450732052326,19.4032726287842,22.8336601257324,7.18421030044556,8.09088897705078,0.0404482521116734,0.0223111696541309
31659,13.6249992393178,43.9250007629395,0.614086449146271,18.3068504333496,16.7979259490967,4.0051851272583,8.14053726196289,0.027950381860137,0.00516665261238813,19.6801853179932,19.3181438446045,5.15994215011597,8.04592704772949,0.0354894027113914,0.00445341318845749
32419,9.37499938321537,43.8750007629395,0.388250380754471,18.6564922332764,13.7712497711182,0.875048577785492,8.0836763381958,0.0628496930003166,0.0668796747922897,19.8532218933105,16.2231025695801,1.422687292099,7.99964714050293,0.0653778687119484,0.00997979287058115
32496,13.2249992528611,43.8750007629395,0.676327466964722,17.9729919433594,19.5150737762451,4.70471906661987,8.17201328277588,0.0710870400071144,0.00572682823985815,19.418327331543,22.1568012237549,6.25327444076538,8.07412147521973,0.0722513049840927,0.00160408637020737
32542,15.5249991749871,43.8750007629395,0.616001069545746,18.0676250457764,15.7927312850952,1.89596199989319,8.10280323028564,0.0240953918546438,0.0267922952771187,19.5572700500488,19.1663398742676,2.90509557723999,8.0136775970459,0.0174625515937805,0.0227878820151091
33346,13.4749992443965,43.8250007629395,0.658403813838959,18.0785140991211,18.4738254547119,4.0439715385437,8.1568775177002,0.0661902651190758,0.0309996902942657,19.4885730743408,21.3020420074463,5.56304597854614,8.06018447875977,0.0712483748793602,0.0347117558121681
33370,14.6749992037666,43.8250007629395,0.560818493366241,18.5356407165527,14.581768989563,2.67660903930664,8.10402393341064,0.0221565049141645,0.0655449628829956,19.9093742370605,17.470947265625,3.79095602035522,8.01378726959229,0.0198546182364225,0.0362408831715584
34186,13.2249992528611,43.7750007629395,0.725605845451355,18.0948696136475,20.4216537475586,5.06801748275757,8.17032146453857,0.0413529425859451,0.00960544589906931,19.534818649292,22.972375869751,6.56930923461914,8.07230567932129,0.0412969514727592,0.00643698079511522
34197,13.774999234239,43.7750007629395,0.628462553024292,18.2410469055176,17.4671821594238,3.76201891899109,8.14238929748535,0.0562690198421478,0.0161863788962364,19.6101055145264,20.1776332855225,4.8760085105896,8.04791069030762,0.0642949193716049,0.0176358837634325
34925,7.92499943230984,43.7250007629395,0.423955142498016,18.3605632781982,13.2131261825562,0.793742597103119,8.087646484375,0.10956747084856,0.282135456800461,19.5569972991943,15.3330984115601,1.34515380859375,8.0050220489502,0.106008462607861,0.273616254329681
35033,13.3249992494752,43.7250007629395,0.723424315452576,18.1168632507324,20.239688873291,4.88786125183105,8.16748905181885,0.0496317930519581,0.00809987727552652,19.5486488342285,22.8346214294434,6.36449909210205,8.06996822357178,0.0499620661139488,0.00998683180660009
35045,13.9249992291603,43.7250007629395,0.680865705013275,18.3726711273193,16.7970066070557,3.82512426376343,8.12888622283936,0.0351074561476707,0.0345822013914585,19.7134437561035,19.3525543212891,4.65277051925659,8.03617000579834,0.0429639630019665,0.0251189135015011
35792,9.02499939506576,43.6750007629395,0.4583800137043,18.4733581542969,14.0027647018433,0.838201761245728,8.07962989807129,0.0352490097284317,0.0601067915558815,19.647554397583,16.6478710174561,1.38097274303436,7.99572420120239,0.0284343771636486,0.100813448429108
35880,13.4249992460894,43.6750007629395,0.775552988052368,18.195951461792,20.3494663238525,4.82334661483765,8.15884876251221,0.0387422032654285,0.00546078151091933,19.6168689727783,22.9552955627441,6.2872257232666,8.06219291687012,0.0389152280986309,0.00132429832592605
35891,13.9749992274674,43.6750007629395,0.696436524391174,18.3734283447266,16.9660358428955,3.81392765045166,8.12784290313721,0.0426561795175076,0.037331473082304,19.7081203460693,19.5450248718262,4.74552726745605,8.03526496887207,0.050877433270216,0.0429205149412155
36652,9.77499936967206,43.6250007629395,0.369901686906815,18.7727966308594,13.375412940979,0.961354196071625,8.08259677886963,0.0481003038585186,0.0538574494421482,19.9543476104736,15.4024963378906,1.4795024394989,7.9980583190918,0.0510481633245945,0.0988220125436783
36730,13.6749992376249,43.6250007629395,0.823224484920502,18.1880054473877,19.3515605926514,4.17267847061157,8.14072608947754,0.0666310638189316,0.00927235931158066,19.5859642028809,22.2307224273682,5.39801216125488,8.04574680328369,0.0683478266000748,0.00946418661624193
36741,14.2249992190028,43.6250007629395,0.623328745365143,18.5918083190918,15.8384056091309,3.29503202438354,8.11675262451172,0.0221442207694054,0.0340556502342224,19.9187316894531,18.5973682403564,4.2827935218811,8.02578163146973,0.0251493826508522,0.0703411027789116
37581,13.9749992274674,43.5750007629395,0.717855334281921,18.3460960388184,17.5022850036621,3.54268670082092,8.12774658203125,0.0581718720495701,0.0494386069476604,19.6897315979004,20.1912937164307,4.58266115188599,8.03456687927246,0.0679575875401497,0.0693102851510048
37595,14.6749992037666,43.5750007629395,0.522917926311493,18.7177410125732,14.4388446807861,2.68980479240417,8.10472965240479,0.0243332721292973,0.0596707873046398,20.0949516296387,17.1857967376709,3.75205373764038,8.01491355895996,0.0276100020855665,0.0479327477514744
38420,13.6749992376249,43.5250007629395,0.862885653972626,18.2752952575684,19.7009620666504,4.08014678955078,8.13715744018555,0.0315162278711796,0.0264219548553228,19.6734180450439,22.5009803771973,5.20843505859375,8.04200172424316,0.030649658292532,0.037580031901598
38431,14.2249992190028,43.5250007629395,0.687155723571777,18.5859317779541,16.320592880249,3.48225712776184,8.11625385284424,0.0337309241294861,0.0552702881395817,19.9050216674805,18.8152332305908,4.29866647720337,8.02540588378906,0.041295450180769,0.0825408846139908
38452,15.2749991834516,43.5250007629395,0.527415156364441,18.7285976409912,14.5078220367432,2.52428913116455,8.10145854949951,0.0184520799666643,0.0379918292164803,20.2049198150635,17.4126415252686,3.30399656295776,8.01236248016357,0.015910355374217,0.0778823792934418
39267,13.774999234239,43.4750007629395,0.862885355949402,18.2774410247803,19.1950302124023,3.89870572090149,8.135986328125,0.0548920668661594,0.103702791035175,19.6657333374023,22.1446838378906,4.99839305877686,8.04087257385254,0.054783571511507,0.133743315935135
39279,14.3749992139241,43.4750007629395,0.606414318084717,18.6968631744385,15.5855417251587,3.03397417068481,8.11168479919434,0.0262521635740995,0.0515046082437038,20.0305099487305,18.2408428192139,3.92719268798828,8.02150440216064,0.0296889450401068,0.0718389898538589
39306,15.7249991682154,43.4750007629395,0.496181160211563,18.7218799591064,14.2262659072876,2.39180755615234,8.09874820709229,0.0164816528558731,0.0101385880261659,20.2072315216064,17.1069240570068,3.22266840934753,8.00996208190918,0.00703935232013465,0.00200989539735019
39922,4.27499955589249,43.4250007629395,0.851218938827515,16.535343170166,14.6407470703125,3.3851432800293,8.09049510955811,0.0414102151989937,0.0190251059830189,17.6597385406494,16.5007991790771,3.8526074886322,8.00141525268555,0.0468888655304909,0.00446960888803005
40111,13.7249992359319,43.4250007629395,0.86291378736496,18.3154640197754,19.5535793304443,3.8633975982666,8.13524627685547,0.0389261208474636,0.0538955815136433,19.7067222595215,22.4115295410156,4.99311876296997,8.04016304016113,0.0378331243991852,0.0704973265528679
40123,14.324999215617,43.4250007629395,0.652939140796661,18.661600112915,16.020486831665,3.2057056427002,8.11422920227051,0.0340404361486435,0.0747546553611755,19.983585357666,18.4906978607178,4.05342435836792,8.02366256713867,0.0423556938767433,0.109404809772968
40149,15.6249991716012,43.4250007629395,0.511914730072021,18.800235748291,14.4530687332153,2.50818562507629,8.09994316101074,0.0141120851039886,0.00481685111299157,20.274435043335,17.3754653930664,3.27333974838257,8.01111507415771,0.0100417882204056,0.00739545840770006
40763,4.07499956266414,43.3750007629395,0.752715468406677,16.8815593719482,13.9617729187012,2.76341462135315,8.09112453460693,0.035641435533762,0.085585318505764,17.9897212982178,15.8792572021484,3.70338106155396,8.00204086303711,0.0421877428889275,0.0831321999430656
40780,4.92499953388463,43.3750007629395,0.878940284252167,16.4970378875732,14.1236371994019,3.79498672485352,8.08190822601318,0.0510093718767166,0.0124649778008461,17.6929397583008,15.8590812683105,4.17983818054199,7.99235773086548,0.0528681054711342,0.00574852945283055
40966,14.2249992190028,43.3750007629395,0.706982314586639,18.5865211486816,16.6013526916504,3.45413875579834,8.11620330810547,0.0410873144865036,0.0623446218669415,19.9096164703369,19.1090908050537,4.45198249816895,8.02502155303955,0.0546268075704575,0.0860594734549522
40985,15.1749991868375,43.3750007629395,0.508380711078644,18.8099937438965,14.5361671447754,2.39698052406311,8.10180282592773,0.0168109927326441,0.0362145863473415,20.2830505371094,17.503454208374,3.18999600410461,8.01241683959961,0.0133014703169465,0.00311893527396022
41604,3.8749995694358,43.3250007629395,0.741662263870239,16.9786968231201,13.830792427063,2.57062745094299,8.08935642242432,0.0242419485002756,0.0951983034610748,18.078462600708,15.7925615310669,3.4683883190155,7.99981021881104,0.0299186185002327,0.0966073051095009
41615,4.42499955081375,43.3250007629395,0.915740787982941,16.5816478729248,14.4808597564697,4.06688213348389,8.08270645141602,0.0450394488871098,0.0364236906170845,17.7308082580566,16.2697696685791,4.46467971801758,7.99317789077759,0.0497374571859837,0.0396915674209595
41627,5.0249995304988,43.3250007629395,0.83691680431366,16.5926914215088,13.7213802337646,3.84581828117371,8.082763671875,0.0706105753779411,0.0263355895876884,17.7999267578125,15.522271156311,4.30255031585693,7.99311637878418,0.0718708112835884,0.0221495293080807
41809,14.1249992223886,43.3250007629395,0.745438933372498,18.525634765625,17.2259731292725,3.44112658500671,8.11975383758545,0.0500619411468506,0.0821599513292313,19.8631629943848,19.9222660064697,4.58170175552368,8.02747917175293,0.0624893307685852,0.0892690196633339
41817,14.5249992088453,43.3250007629395,0.589405417442322,18.7774543762207,15.3891887664795,2.97104048728943,8.1066255569458,0.0308961626142263,0.0226796995848417,20.1344928741455,17.7300853729248,3.86197376251221,8.0168399810791,0.0346296280622482,0.0252608023583889
42444,3.62499957790036,43.2750007629395,0.749838531017303,16.8494930267334,14.0418062210083,2.40247201919556,8.08824348449707,0.0167478676885366,0.0591953657567501,17.9333171844482,16.0080986022949,3.13186025619507,7.99791526794434,0.0195660814642906,0.0520713292062283
42456,4.22499955758541,43.2750007629395,0.774829030036926,16.9825019836426,13.9421768188477,3.00731158256531,8.08790969848633,0.0278406478464603,0.0543391816318035,18.1088771820068,15.9985952377319,3.67751789093018,7.99860715866089,0.0343855209648609,0.0301211625337601
42467,4.77499953896336,43.2750007629395,0.93353396654129,16.6230201721191,14.3281173706055,4.3428373336792,8.07688331604004,0.0548158586025238,0.0364353433251381,17.8095874786377,16.2320671081543,4.71714735031128,7.98711538314819,0.0565876252949238,0.00850078836083411
42572,10.0249993612075,43.2750007629395,0.412410259246826,18.8602600097656,13.4249000549316,1.05510270595551,8.08095073699951,0.009145881049335,0.0439574010670185,20.0504684448242,15.3849744796753,1.53080785274506,7.99626207351685,0.00779729569330812,0.0462674014270306
42649,13.8749992308532,43.2750007629395,0.865588247776031,18.4267730712891,19.1414470672607,3.5245041847229,8.12636756896973,0.0590227246284485,0.0897943452000618,19.8043556213379,22.0268898010254,4.68396282196045,8.03207302093506,0.0590170286595821,0.111174717545509
42661,14.4749992105382,43.2750007629395,0.617592453956604,18.7753772735596,15.6592607498169,3.09841156005859,8.10666561126709,0.0344196073710918,0.0140646798536181,20.1307430267334,17.9374580383301,3.96361446380615,8.01693630218506,0.0415903441607952,0.0108042722567916
43291,3.72499957451454,43.2250007629395,0.703157067298889,17.0605926513672,13.6902484893799,2.36813712120056,8.08957099914551,0.0149876708164811,0.0839071050286293,18.1494121551514,15.625768661499,3.18433403968811,7.99929666519165,0.0172905530780554,0.0649486929178238
43302,4.27499955589249,43.2250007629395,0.793334364891052,16.9834098815918,14.0014352798462,3.21222996711731,8.08762359619141,0.0211646612733603,0.0318870283663273,18.1179332733154,16.0863513946533,3.81848096847534,7.99813938140869,0.0271932072937489,0.00998075492680073
43314,4.87499953557754,43.2250007629395,0.907541930675507,16.7478218078613,14.0901975631714,4.42621278762817,8.08081531524658,0.04765335470438,0.0361698418855667,17.9478874206543,16.1461238861084,4.69353532791138,7.99115085601807,0.0495410747826099,0.0350610017776489
43404,9.37499938321537,43.2250007629395,0.502349257469177,18.5748252868652,13.6953659057617,0.954407274723053,8.07374572753906,0.0339221470057964,0.11041035503149,19.7778224945068,16.1093692779541,1.28614509105682,7.98958683013916,0.0261023156344891,0.0611341185867786
43497,14.0249992257745,43.2250007629395,0.782955646514893,18.5047912597656,18.0437488555908,3.28777122497559,8.12436580657959,0.0666157603263855,0.122763611376286,19.8630199432373,20.8257904052734,4.44285583496094,8.03083801269531,0.0711238905787468,0.153030827641487
43508,14.5749992071524,43.2250007629395,0.605794727802277,18.8139514923096,15.3490371704102,3.10566735267639,8.105788230896,0.0341488681733608,0.0382913909852505,20.1798572540283,17.645528793335,3.95799708366394,8.01622676849365,0.0384044274687767,0.0604159384965897
44136,3.72499957451454,43.1750007629395,0.682712137699127,17.1689758300781,13.6031541824341,2.37256932258606,8.08778285980225,0.010865387506783,0.0490008071064949,18.2513370513916,15.4874467849731,3.09061431884766,7.99733400344849,0.0104293376207352,0.0125301526859403
44147,4.27499955589249,43.1750007629395,0.814517915248871,17.0602951049805,13.9964952468872,3.35578632354736,8.08626842498779,0.0157303940504789,0.0403063632547855,18.1929759979248,16.1760120391846,4.03999853134155,7.99656391143799,0.0191801860928535,0.0781366899609566
44158,4.82499953727045,43.1750007629395,0.928139209747314,16.8735790252686,14.1551952362061,4.80034971237183,8.07974720001221,0.0563538409769535,0.0690556168556213,18.0687427520752,16.3417472839355,5.00650024414062,7.98986339569092,0.0612829141318798,0.134217739105225
44225,8.17499942384528,43.1750007629395,0.540439665317535,18.1139335632324,14.2287874221802,0.901803553104401,8.07787799835205,0.0427204370498657,0.0950706601142883,19.3276252746582,16.3635234832764,1.24417316913605,7.99501371383667,0.041802529245615,0.0533973872661591
44341,13.9749992274674,43.1750007629395,0.81903749704361,18.5213279724121,18.3454666137695,3.3111367225647,8.12317657470703,0.0689892843365669,0.135293751955032,19.8850593566895,21.1015853881836,4.44399976730347,8.02961826324463,0.072083093225956,0.164633899927139
44352,14.5249992088453,43.1750007629395,0.612240374088287,18.8166007995605,15.6142663955688,3.0505702495575,8.10655689239502,0.0376323498785496,0.0316828340291977,20.176326751709,17.8529815673828,3.81492352485657,8.01689338684082,0.0472890883684158,0.0441507957875729
44975,3.42499958467201,43.1250007629395,0.728282511234283,17.0087833404541,13.8276224136353,2.17080068588257,8.0836296081543,0.0168375372886658,0.0685038939118385,18.067663192749,15.7268915176392,2.76014304161072,7.99284982681274,0.0174810066819191,0.0497232228517532
44987,4.02499956435706,43.1250007629395,0.717436730861664,17.2457218170166,13.5978326797485,2.81895923614502,8.08556175231934,0.00649152789264918,0.00843645632266998,18.3351268768311,15.7431373596191,3.34610509872437,7.9953498840332,0.00739105371758342,0.0115201575681567
44998,4.57499954573501,43.1250007629395,0.947358548641205,16.8847980499268,14.3360280990601,4.76516580581665,8.08119678497314,0.0523958466947079,0.128560498356819,18.0600299835205,16.4775199890137,5.15789413452148,7.99111986160278,0.0594007670879364,0.180326476693153
45009,5.12499952711297,43.1250007629395,0.728583812713623,17.1746273040771,13.4620418548584,3.03645420074463,8.08914852142334,0.06922248005867,0.147962287068367,18.3978443145752,15.3934640884399,3.37166571617126,7.99994897842407,0.0690294057130814,0.160750284790993
45045,6.9249994661681,43.1250007629395,0.556141138076782,18.17919921875,13.4884586334229,0.759179174900055,8.08488750457764,0.213405340909958,0.449346631765365,19.3710327148438,15.9638948440552,1.28949368000031,8.00257682800293,0.211714223027229,0.436985731124878
45193,14.324999215617,43.1250007629395,0.646828472614288,18.7551441192627,16.2382850646973,2.95693182945251,8.11191082000732,0.0403757952153683,0.0685517564415932,20.1006622314453,18.516622543335,3.76479125022888,8.02111053466797,0.0565362051129341,0.0878510549664497
45237,16.5249991411288,43.1250007629395,0.46898889541626,18.6550693511963,13.7847890853882,2.16856861114502,8.09521675109863,0.0145140830427408,0.013719835318625,20.1247081756592,17.0366973876953,3.22173500061035,8.00581741333008,0.00701697636395693,0.00836695358157158
45817,3.27499958975075,43.0750007629395,0.724027514457703,16.975341796875,14.0446453094482,2.11545467376709,8.08476734161377,0.0124936727806926,0.0359256602823734,18.0245265960693,16.0293350219727,2.62474942207336,7.99402332305908,0.013614016585052,0.0178709793835878
45828,3.82499957112871,43.0750007629395,0.692237198352814,17.2679214477539,13.4849405288696,2.51295804977417,8.08376979827881,0.00826883595436811,0.0215006675571203,18.3415222167969,15.3678035736084,3.08226799964905,7.99296951293945,0.00773627962917089,0.0144498301669955
45840,4.42499955081375,43.0750007629395,0.92244690656662,16.9708824157715,14.2192735671997,4.15485143661499,8.08271884918213,0.0459866151213646,0.151974245905876,18.1299438476562,16.4026031494141,4.6841139793396,7.9926176071167,0.0532481409609318,0.189808174967766
45851,4.97499953219171,43.0750007629395,0.76763391494751,17.2254505157471,13.6145401000977,3.06668949127197,8.08732986450195,0.0947105512022972,0.205193758010864,18.4287204742432,15.8077974319458,3.34785652160645,7.9977879524231,0.0966862067580223,0.225973412394524
46034,14.1249992223886,43.0750007629395,0.748181641101837,18.6306133270264,17.3826942443848,3.14117908477783,8.11580848693848,0.0620671659708023,0.0980472043156624,19.9781055450439,19.9535293579102,4.22746801376343,8.02360439300537,0.0717774480581284,0.104308940470219
46046,14.7249992020737,43.0750007629395,0.572088479995728,18.8790397644043,14.9680681228638,2.79198145866394,8.10409450531006,0.0409599728882313,0.0942626148462296,20.25563621521,17.6138763427734,3.48973536491394,8.01468944549561,0.0430720634758472,0.116766735911369
46095,17.1749991191209,43.0750007629395,0.666288614273071,18.4679641723633,16.7043514251709,1.44887399673462,8.09565353393555,0.00793724879622459,0.0137504804879427,19.8636894226074,20.042631149292,2.34359192848206,8.00544738769531,0.00400464702397585,0.0113280238583684
46665,3.42499958467201,43.0250007629395,0.662034749984741,17.2088947296143,13.4584999084473,2.11360502243042,8.0831184387207,0.0115222008898854,0.0357314199209213,18.259635925293,15.1584939956665,2.71252369880676,7.99227523803711,0.0129557019099593,0.0200578104704618
46676,3.97499956604997,43.0250007629395,0.708227157592773,17.2993297576904,13.3342370986938,2.84040689468384,8.08272171020508,0.0134892147034407,0.0188108943402767,18.3857517242432,15.5260305404663,3.51818990707397,7.99181795120239,0.0141144413501024,0.0100075667724013
46688,4.57499954573501,43.0250007629395,0.93779718875885,17.0108699798584,14.0548067092896,5.00075531005859,8.0820837020874,0.0907812118530273,0.188271626830101,18.1858921051025,16.2358455657959,5.13532590866089,7.99180316925049,0.0987962186336517,0.208531722426414
46699,5.12499952711297,43.0250007629395,0.628782749176025,17.3857650756836,13.227427482605,2.16517663002014,8.09031200408936,0.120878763496876,0.257498145103455,18.6091403961182,15.2375354766846,2.36112141609192,8.00108528137207,0.123170144855976,0.263082325458527
46769,8.62499940860906,43.0250007629395,0.527557075023651,18.2431812286377,14.0766630172729,0.883157193660736,8.07466602325439,0.0498134307563305,0.0944473817944527,19.4546909332275,16.4654865264893,1.27269899845123,7.99108171463013,0.0620574690401554,0.121429055929184
46881,14.2249992190028,43.0250007629395,0.695002555847168,18.7133750915527,16.6816005706787,3.06259870529175,8.11146545410156,0.0536006167531013,0.0747330412268639,20.0593547821045,19.2013473510742,3.98980045318604,8.02054595947266,0.0687906667590141,0.0824132338166237
47503,3.0749995965224,42.9750007629395,0.76233583688736,16.8935508728027,14.3822154998779,2.06733298301697,8.08364582061768,0.0111053204163909,0.0331066958606243,17.931661605835,16.4255619049072,2.50339770317078,7.99276351928711,0.0115309422835708,0.0505708009004593
47514,3.62499957790036,42.9750007629395,0.630390107631683,17.2939910888672,13.1600275039673,2.15876507759094,8.08251094818115,0.0141989775002003,0.0301880948245525,18.3590526580811,14.9215974807739,2.89386081695557,7.99139642715454,0.0146973263472319,0.00816714856773615
47525,4.17499955927832,42.9750007629395,0.77890282869339,17.25026512146,13.6145448684692,3.1518931388855,8.08334541320801,0.03669548407197,0.0958474054932594,18.3619155883789,15.8998956680298,3.73192310333252,7.99273872375488,0.0416218861937523,0.0616981238126755
47537,4.77499953896336,42.9750007629395,0.858496248722076,17.1624546051025,13.7692766189575,3.85068941116333,8.08283615112305,0.118667662143707,0.211933642625809,18.3515682220459,15.9952507019043,3.90649008750916,7.99238681793213,0.123208113014698,0.198159247636795
47566,6.22499948986889,42.9750007629395,0.40349155664444,17.8122749328613,13.1672744750977,0.719811201095581,8.09171009063721,0.0649811029434204,0.182814031839371,18.9858322143555,15.5484676361084,1.23250532150269,8.00702095031738,0.0682699605822563,0.202719569206238
47721,13.9749992274674,42.9750007629395,0.874473452568054,18.5937671661377,18.8676662445068,3.42505836486816,8.11779594421387,0.0646941736340523,0.103714495897293,19.9502334594727,21.5771560668945,4.52954578399658,8.02459049224854,0.0687583163380623,0.115361087024212
47761,15.9749991597509,42.9750007629395,0.512679755687714,18.9109668731689,14.3586235046387,2.38872838020325,8.09925079345703,0.0161029882729053,0.0598398521542549,20.401704788208,17.2984504699707,3.2298572063446,8.01022720336914,0.0140862101688981,0.0235391836613417
47791,17.4749991089635,42.9750007629395,0.654825866222382,18.5281047821045,16.2099857330322,1.46815228462219,8.08952713012695,0.014186336658895,0.0166084785014391,20.0290451049805,19.2576580047607,2.22587966918945,8.00013065338135,0.0218138284981251,0.0184806641191244
48359,3.62499957790036,42.9250007629395,0.616940498352051,17.3335838317871,13.0112752914429,2.15004277229309,8.08218288421631,0.0143371187150478,0.0349472649395466,18.3995876312256,14.7634344100952,2.93903255462646,7.99096202850342,0.0145325949415565,0.0341851413249969
48370,4.17499955927832,42.9250007629395,0.73807030916214,17.2877979278564,13.4226169586182,2.76404595375061,8.08325004577637,0.0544227473437786,0.144902184605598,18.4062423706055,15.5045604705811,3.34407448768616,7.9924750328064,0.0623742043972015,0.128118306398392
48381,4.72499954065628,42.9250007629395,0.798881351947784,17.2548141479492,13.602596282959,3.1573166847229,8.08411502838135,0.139018699526787,0.256666660308838,18.4546413421631,15.7506189346313,3.30735492706299,7.99355554580688,0.145132809877396,0.24752502143383
48481,9.72499937136498,42.9250007629395,0.42310905456543,18.9118041992188,13.4336099624634,0.916395366191864,8.07286739349365,0.0755073949694633,0.114881113171577,20.1112575531006,15.5074443817139,1.34867060184479,7.98822355270386,0.0770689249038696,0.0886072665452957
48568,14.0749992240815,42.9250007629395,0.819837391376495,18.6433334350586,18.1114883422852,3.33736801147461,8.11591053009033,0.0772357061505318,0.116044260561466,19.9875659942627,20.7858409881592,4.42998933792114,8.02343368530273,0.0855956226587296,0.137236148118973
49196,3.22499959144367,42.8750007629395,0.685066759586334,17.1960544586182,13.733775138855,2.02607107162476,8.08321285247803,0.00721395527943968,0.0410421527922153,18.2392139434814,15.6136035919189,2.58367609977722,7.99221754074097,0.00982124637812376,0.0232214890420437
49207,3.77499957282162,42.8750007629395,0.616004645824432,17.3696346282959,12.8549833297729,2.30750966072083,8.08109092712402,0.0231884233653545,0.0373550578951836,18.4547176361084,14.7268381118774,3.10235810279846,7.98961210250854,0.0225444994866848,0.015800517052412
49219,4.37499955250667,42.8750007629395,0.795000791549683,17.2336101531982,13.4643077850342,3.28483366966248,8.08417224884033,0.101496987044811,0.217118144035339,18.388147354126,15.5018405914307,3.72298812866211,7.99362754821777,0.114346995949745,0.232340961694717
49263,6.5749994780185,42.8750007629395,0.604776620864868,18.086124420166,13.4520111083984,0.752662062644958,8.08484554290771,0.225300267338753,0.504336714744568,19.273458480835,15.9961090087891,1.22182822227478,8.00098037719727,0.233674213290215,0.502871751785278
49271,6.97499946447519,42.8750007629395,0.519964814186096,17.9849472045898,14.051833152771,0.82817417383194,8.07970905303955,0.0776851251721382,0.151464074850082,19.2057666778564,16.619499206543,1.3078795671463,7.99647378921509,0.0889390036463737,0.1646948158741
49416,14.2249992190028,42.8750007629395,0.715022623538971,18.7169456481934,17.0636863708496,3.03912377357483,8.11128997802734,0.0670293644070625,0.0722798556089401,20.0558757781982,19.6086139678955,4.04882001876831,8.02003288269043,0.0830424427986145,0.0872041434049606
49461,16.4749991428217,42.8750007629395,0.465277493000031,18.9140930175781,13.9618082046509,2.23192453384399,8.09578323364258,0.0184237286448479,0.0242101922631264,20.406925201416,16.9162654876709,3.25059962272644,8.00661849975586,0.00796456355601549,0.0129836220294237
50045,3.42499958467201,42.8250007629395,0.661329746246338,17.3341617584229,13.3446483612061,2.016930103302,8.08119583129883,0.0126822162419558,0.0724196583032608,18.3796997070312,15.2394685745239,2.89697408676147,7.99004507064819,0.0163013134151697,0.0110304160043597
50056,3.97499956604997,42.8250007629395,0.645335078239441,17.359167098999,12.9228897094727,2.38464856147766,8.08150672912598,0.0587619170546532,0.124666057527065,18.4732570648193,14.8493528366089,3.11277389526367,7.98998212814331,0.066497839987278,0.103172771632671
50067,4.52499954742793,42.8250007629395,0.77862161397934,17.2822399139404,13.3823919296265,3.29123902320862,8.08589172363281,0.139879047870636,0.256702840328217,18.4626445770264,15.364556312561,3.40467119216919,7.99545526504517,0.154006004333496,0.270632326602936
50173,9.82499936797915,42.8250007629395,0.43505522608757,18.9486026763916,13.5032997131348,0.976594626903534,8.07374858856201,0.0577157624065876,0.106058463454247,20.1590919494629,15.5394306182861,1.43026971817017,7.98903894424438,0.0552080757915974,0.089757427573204
50256,13.9749992274674,42.8250007629395,0.903208315372467,18.6494388580322,19.5204582214355,3.46518898010254,8.11546611785889,0.0502778440713882,0.0549189634621143,20.006628036499,22.2064800262451,4.5465726852417,8.02237224578857,0.0534333251416683,0.054572906345129
50884,3.12499959482949,42.7750007629395,0.697000622749329,17.1387062072754,13.987645149231,1.94809806346893,8.08228397369385,0.0136063303798437,0.0279061831533909,18.1800422668457,15.9802551269531,2.47025203704834,7.99130630493164,0.0156287476420403,0.0404949560761452
50898,3.82499957112871,42.7750007629395,0.61637806892395,17.4014186859131,12.7478923797607,2.32032918930054,8.08038330078125,0.0571035742759705,0.105299614369869,18.5129909515381,14.5188436508179,3.08253455162048,7.98873424530029,0.0640034526586533,0.0903884842991829
50910,4.42499955081375,42.7750007629395,0.712445914745331,17.3175067901611,13.1886949539185,2.74365091323853,8.08592128753662,0.149007439613342,0.266383707523346,18.4883155822754,15.0124559402466,2.89888262748718,7.99537944793701,0.170031666755676,0.270559638738632
50944,6.12499949325471,42.7750007629395,0.478153645992279,17.9008274078369,13.4868936538696,0.727638006210327,8.08643436431885,0.185491055250168,0.320276349782944,19.0872955322266,15.9009895324707,1.13225853443146,8.00090599060059,0.199383407831192,0.338165670633316
50995,8.67499940691615,42.7750007629395,0.628117501735687,18.3908081054688,14.1983451843262,0.940629243850708,8.07142734527588,0.0858987346291542,0.259597510099411,19.6488456726074,16.5296478271484,1.38165748119354,7.98759365081787,0.0844845622777939,0.200005561113358
51143,16.074999156365,42.7750007629395,0.477209329605103,18.984354019165,14.3390092849731,2.31922197341919,8.09997272491455,0.02780088968575,0.0504251010715961,20.4760265350342,17.3325634002686,3.18704056739807,8.01080131530762,0.0489796623587608,0.0735000446438789
51728,3.0749995965224,42.7250007629395,0.710656464099884,17.1103935241699,14.1050300598145,1.92274940013885,8.08201217651367,0.0157340597361326,0.0351745001971722,18.1482181549072,16.150951385498,2.43425846099854,7.99109363555908,0.0172212682664394,0.0602199211716652
51745,3.92499956774288,42.7250007629395,0.623681545257568,17.3912181854248,12.7238883972168,2.2844672203064,8.08118057250977,0.0782032385468483,0.162633508443832,18.5130252838135,14.4184341430664,2.99154186248779,7.98955488204956,0.0912743210792542,0.171563133597374
51756,4.47499954912084,42.7250007629395,0.6727454662323,17.3242874145508,13.2267684936523,2.43702459335327,8.08663177490234,0.160087332129478,0.262631684541702,18.5088863372803,15.0621538162231,2.66693830490112,7.99608612060547,0.183433681726456,0.279873251914978
51832,8.27499942045946,42.7250007629395,0.601288974285126,18.2592678070068,14.2215166091919,0.989841878414154,8.07361602783203,0.0423302724957466,0.154625564813614,19.49440574646,16.3538627624512,1.32128512859344,7.98984909057617,0.0490539334714413,0.153516426682472
51947,14.0249992257745,42.7250007629395,0.896335482597351,18.7175312042236,19.8116664886475,3.47419786453247,8.11477851867676,0.0423723421990871,0.0234043225646019,20.0760746002197,22.4679851531982,4.52489900588989,8.02172088623047,0.045129556208849,0.0163206607103348
52576,3.22499959144367,42.6750007629395,0.651287853717804,17.2986583709717,13.6070146560669,1.94903945922852,8.08202075958252,0.011686934158206,0.0268828328698874,18.3373031616211,15.6368017196655,2.65173268318176,7.99094343185425,0.0144632952287793,0.00170670985244215
52590,3.92499956774288,42.6750007629395,0.632075667381287,17.399621963501,12.6411695480347,2.12810492515564,8.08121204376221,0.0995723828673363,0.237928956747055,18.5221500396729,14.251651763916,2.73786854743958,7.98960113525391,0.119136624038219,0.270181953907013
52601,4.47499954912084,42.6750007629395,0.621517062187195,17.3258495330811,13.0972547531128,2.04307007789612,8.08662128448486,0.162591621279716,0.267740666866302,18.5189228057861,14.9353857040405,2.4006199836731,7.99607563018799,0.190564543008804,0.334715008735657
52605,4.67499954234919,42.6750007629395,0.584112882614136,17.2962093353271,13.2834157943726,1.60438394546509,8.08781719207764,0.160931289196014,0.26814329624176,18.5183010101318,15.2885847091675,1.79170489311218,7.99751949310303,0.184913799166679,0.32700327038765
52683,8.57499941030198,42.6750007629395,0.646125674247742,18.4185237884521,14.2445774078369,0.954276919364929,8.07209300994873,0.0777272582054138,0.278562515974045,19.6783218383789,16.494607925415,1.37902104854584,7.98819398880005,0.073351725935936,0.199392527341843
52801,14.4749992105382,42.6750007629395,0.621384620666504,18.8375930786133,16.3703327178955,2.82406210899353,8.10671997070312,0.0730464532971382,0.024448249489069,20.1859397888184,18.861213684082,3.27938461303711,8.01669979095459,0.0932114496827126,0.027505561709404
52805,14.6749992037666,42.6750007629395,0.566489398479462,18.9038639068604,15.4826793670654,2.91069889068604,8.10523891448975,0.057610284537077,0.0244815144687891,20.2540645599365,18.4152393341064,3.51531052589417,8.01572704315186,0.0720243379473686,0.0484585613012314
53432,3.77499957282162,42.6250007629395,0.615067720413208,17.4183177947998,12.686975479126,2.11110305786133,8.0802116394043,0.0877228230237961,0.18854521214962,18.5266075134277,14.371940612793,2.77475237846375,7.98857688903809,0.103091053664684,0.2213244587183
53444,4.37499955250667,42.6250007629395,0.624814093112946,17.3319129943848,12.9990711212158,2.01137924194336,8.08580303192139,0.152853965759277,0.277364611625671,18.5051822662354,14.8542881011963,2.45636892318726,7.99514055252075,0.181441888213158,0.336769163608551
53485,6.42499948309723,42.6250007629395,0.50221848487854,17.8133602142334,13.7658834457397,0.922200262546539,8.08133697509766,0.10028388351202,0.160715118050575,19.0157699584961,16.2667255401611,1.36217772960663,7.99663829803467,0.114493913948536,0.187697753310204
53526,8.4749994136878,42.6250007629395,0.678077518939972,18.4101047515869,14.2791557312012,0.951950371265411,8.07197570800781,0.0821858644485474,0.321916222572327,19.6637210845947,16.4946403503418,1.33602607250214,7.98807001113892,0.0809625461697578,0.228259578347206
53644,14.3749992139241,42.6250007629395,0.72163850069046,18.7867565155029,17.3728427886963,3.09540891647339,8.10816955566406,0.0820198655128479,0.0187439415603876,20.115894317627,19.8749313354492,3.95983648300171,8.0173864364624,0.10195255279541,0.016926284879446
53689,16.624999137743,42.6250007629395,0.42910024523735,19.0217189788818,14.0794258117676,1.66662347316742,8.09550285339355,0.0310313180088997,0.0836329683661461,20.5163707733154,16.8451805114746,2.2571587562561,8.00613689422607,0.0454778485000134,0.110309697687626
54279,3.8749995694358,42.5750007629395,0.62572056055069,17.406795501709,12.6158084869385,1.91687273979187,8.0809965133667,0.113645888864994,0.277806580066681,18.525857925415,14.2776403427124,2.43236255645752,7.98936367034912,0.137343108654022,0.284857332706451
54290,4.42499955081375,42.5750007629395,0.614290535449982,17.311429977417,12.9334850311279,1.76866734027863,8.08635234832764,0.141344338655472,0.304568111896515,18.4921836853027,14.8498725891113,2.33474135398865,7.99581003189087,0.169235825538635,0.371126502752304
54370,8.42499941538071,42.5750007629395,0.700327157974243,18.4147911071777,14.3302049636841,0.94032883644104,8.07184219360352,0.0916323661804199,0.356673032045364,19.6609287261963,16.5318202972412,1.27614200115204,7.98788118362427,0.0915217623114586,0.250407487154007
54392,9.52499937813663,42.5750007629395,0.522014200687408,18.9317245483398,14.5879850387573,0.916518330574036,8.07273387908936,0.0112871779128909,0.0198192913085222,20.131555557251,16.8931331634521,1.3042516708374,7.98806571960449,0.0136128896847367,0.0104325851425528
54491,14.4749992105382,42.5750007629395,0.693162977695465,18.8174018859863,17.0826892852783,2.99782943725586,8.10591983795166,0.087344579398632,0.0143116069957614,20.1435699462891,19.5769939422607,3.69474577903748,8.01525592803955,0.109525002539158,0.0197467133402825
55125,3.92499956774288,42.5250007629395,0.627284348011017,17.3969287872314,12.6236791610718,1.78648638725281,8.08178424835205,0.124910198152065,0.315030753612518,18.5182228088379,14.4021329879761,2.29932594299316,7.99018859863281,0.152186706662178,0.296217143535614
55128,4.07499956266414,42.5250007629395,0.602186918258667,17.3678703308105,12.8101329803467,1.69532775878906,8.08256530761719,0.12991552054882,0.278313606977463,18.497257232666,14.6748895645142,2.21829152107239,7.99109363555908,0.157918125391006,0.328647077083588
55215,8.42499941538071,42.5250007629395,0.700206875801086,18.4453830718994,14.3058280944824,0.937532246112823,8.07159805297852,0.084503747522831,0.354794234037399,19.6887874603271,16.4859008789062,1.26659035682678,7.9876012802124,0.0830980986356735,0.265270739793777
55266,10.9749993290422,42.5250007629395,0.454996228218079,18.8603820800781,14.2773027420044,1.03486025333405,8.08132076263428,0.0126156443729997,0.00762523803859949,20.0681858062744,16.6624965667725,1.58894085884094,7.99654674530029,0.0140647413209081,0.00445337267592549
55339,14.6249992054595,42.5250007629395,0.666959822177887,18.8584899902344,16.7712535858154,2.89684557914734,8.10539150238037,0.0884376242756844,0.0374382920563221,20.1749134063721,19.3052406311035,3.56816792488098,8.01515293121338,0.112149946391582,0.0544941946864128
55998,5.32499952034132,42.4750007629395,0.477402925491333,17.245080947876,13.3116550445557,0.802402198314667,8.08606719970703,0.0462007336318493,0.10432904958725,18.4269943237305,15.2361631393433,1.20003294944763,7.99688577651978,0.046077523380518,0.188660696148872
56036,7.22499945601063,42.4750007629395,0.606809318065643,17.9679050445557,14.1706676483154,1.10279476642609,8.0764331817627,0.0454005151987076,0.138457015156746,19.1807823181152,16.2225437164307,1.42946135997772,7.99318933486938,0.050124317407608,0.170602768659592
56176,14.2249992190028,42.4750007629395,0.905325889587402,18.8642063140869,19.4762554168701,3.4293327331543,8.10908317565918,0.0372152253985405,0.00218176539056003,20.2061424255371,22.1275005340576,4.52872037887573,8.01788997650146,0.041485670953989,0.00447563827037811
56188,14.8249991986879,42.4750007629395,0.616247177124023,18.9031639099121,16.0396556854248,2.82620000839233,8.10500812530518,0.0698823258280754,0.0550227873027325,20.2178611755371,18.5771408081055,3.48453187942505,8.01522064208984,0.0913404449820518,0.0715292170643806
56211,15.9749991597509,42.4750007629395,0.488922297954559,18.9518756866455,14.8327445983887,2.30127882957458,8.10373497009277,0.0212534032762051,0.0244333520531654,20.3589859008789,17.6982841491699,3.11303472518921,8.0146312713623,0.0198102761059999,0.0240953452885151
56865,6.42499948309723,42.4250007629395,0.529397666454315,17.6435489654541,14.0214920043945,1.00687682628632,8.08013439178467,0.0348139256238937,0.0176039952784777,18.848165512085,16.2712020874023,1.35745394229889,7.99517869949341,0.0416856147348881,0.0179656744003296
56875,6.9249994661681,42.4250007629395,0.608481526374817,17.842264175415,14.1523990631104,1.06473183631897,8.07778739929199,0.0391896888613701,0.137990728020668,19.038667678833,16.2766075134277,1.37950229644775,7.99448490142822,0.0418303646147251,0.158025681972504
57027,14.5249992088453,42.4250007629395,0.829684972763062,18.930269241333,18.2678337097168,3.29963564872742,8.10561656951904,0.0674274638295174,0.0289726462215185,20.2470874786377,20.9446754455566,4.31603384017944,8.01492881774902,0.0796086862683296,0.0515296906232834
57084,17.3749991123493,42.4250007629395,0.425530970096588,19.1293830871582,14.5777397155762,1.33047604560852,8.09335803985596,0.0485265478491783,0.0887907892465591,20.6007633209229,17.2040767669678,2.01734089851379,8.00374794006348,0.079659566283226,0.149838402867317
57109,18.6249990700265,42.4250007629395,0.67730313539505,18.6644840240479,14.2603063583374,3.26362800598145,8.08502292633057,0.0159569308161736,0.00532187009230255,20.1680316925049,17.2284126281738,4.27214670181274,7.99608421325684,0.0262993965297937,0.00466390745714307
57720,6.9249994661681,42.3750007629395,0.616057991981506,17.8476696014404,14.134859085083,1.08489942550659,8.07787132263184,0.0465879626572132,0.161491066217422,19.042875289917,16.2025470733643,1.37200844287872,7.99437999725342,0.0518232807517052,0.182487174868584
57745,8.17499942384528,42.3750007629395,0.587210655212402,18.3561496734619,14.2325868606567,0.971400260925293,8.07274341583252,0.0564077496528625,0.159316554665565,19.5782108306885,16.3759365081787,1.3556832075119,7.98848152160645,0.0620189942419529,0.169848054647446
57873,14.5749992071524,42.3750007629395,0.796043574810028,18.9548816680908,17.9833736419678,3.2186484336853,8.10526084899902,0.0655903294682503,0.013541841879487,20.2670917510986,20.6592063903809,4.23639488220215,8.01484203338623,0.0767185017466545,0.0148316221311688
57885,15.1749991868375,42.3750007629395,0.61234587430954,18.9594020843506,16.0291690826416,2.41608738899231,8.10403442382812,0.0545679032802582,0.0980886667966843,20.2633247375488,18.5614681243896,2.98536372184753,8.01460838317871,0.0678217858076096,0.134610623121262
58500,3.67499957620745,42.3250007629395,0.573888003826141,17.4340305328369,12.7708778381348,1.61523652076721,8.08005142211914,0.123398475348949,0.234687104821205,18.5301342010498,14.6361999511719,2.23887252807617,7.98837471008301,0.146372422575951,0.288422733545303
58566,6.97499946447519,42.3250007629395,0.614202082157135,17.8854217529297,14.1453542709351,1.13154089450836,8.07786083221436,0.0572884902358055,0.168166354298592,19.0823211669922,16.1200752258301,1.37666976451874,7.99416494369507,0.0665680915117264,0.201801583170891
58640,10.6749993391996,42.3250007629395,0.439515560865402,19.0188446044922,13.9881772994995,1.00233972072601,8.07783985137939,0.0141687635332346,0.018771106377244,20.2197666168213,16.3465023040771,1.55486369132996,7.99269771575928,0.0191908497363329,0.0127903008833528
58721,14.7249992020737,42.3250007629395,0.704195261001587,18.9701080322266,17.0996761322021,2.93692135810852,8.10437107086182,0.0762352421879768,0.0354050472378731,20.2644176483154,19.7024250030518,3.86703515052795,8.01371955871582,0.0920518636703491,0.0330920927226543
58733,15.3249991817587,42.3250007629395,0.612671256065369,18.9817371368408,15.8675012588501,2.49259090423584,8.10322189331055,0.0498204566538334,0.0971404761075974,20.2981052398682,18.7479190826416,3.02887392044067,8.0134391784668,0.0606721304357052,0.114929899573326
59374,5.12499952711297,42.2750007629395,0.443549156188965,17.1846542358398,13.1643466949463,0.873457610607147,8.08600807189941,0.0576689466834068,0.0522838979959488,18.3573741912842,15.0685386657715,1.21836459636688,7.99546480178833,0.049874771386385,0.0629170164465904
59437,8.27499942045946,42.2750007629395,0.616466462612152,18.4596767425537,14.2957601547241,0.967362403869629,8.07257461547852,0.0809265151619911,0.240198791027069,19.68186378479,16.404426574707,1.2819561958313,7.98799514770508,0.0866434350609779,0.202448219060898
59569,14.8749991969949,42.2750007629395,0.675785303115845,19.0133171081543,16.7988739013672,2.817551612854,8.10367584228516,0.0706153735518456,0.0442835763096809,20.296215057373,19.4141616821289,3.75599193572998,8.0134105682373,0.0865714102983475,0.0606415048241615
59579,15.3749991800658,42.2750007629395,0.600690543651581,19.0145797729492,15.9594020843506,2.44512391090393,8.10273742675781,0.0530938431620598,0.074956126511097,20.3273315429688,19.0040149688721,3.0124945640564,8.01286506652832,0.0681783705949783,0.116935424506664
59648,18.8249990632548,42.2750007629395,0.714462637901306,18.6572952270508,13.6643772125244,3.67770981788635,8.0818567276001,0.0148174585774541,0.0653001144528389,20.1298904418945,17.0757522583008,4.62626504898071,7.99257469177246,0.0223191734403372,0.056159358471632
60227,5.52499951356967,42.2250007629395,0.480523228645325,17.2728328704834,13.5049848556519,0.838634252548218,8.08432102203369,0.0316035784780979,0.0301662795245647,18.4624691009521,15.5936613082886,1.24367916584015,7.99537754058838,0.0213949233293533,0.0244758259505033
60411,14.7249992020737,42.2250007629395,0.780040323734283,19.0637950897217,17.8047771453857,3.09961175918579,8.10427951812744,0.0472468212246895,0.00801958702504636,20.3652801513672,20.4804859161377,4.12120151519775,8.0134973526001,0.0529714561998844,0.00762430671602488
60422,15.2749991834516,42.2250007629395,0.609915673732758,19.0242881774902,16.0656414031982,2.46148133277893,8.10272121429443,0.0597726218402386,0.082875020802021,20.3194694519043,19.0281982421875,3.06463599205017,8.01283550262451,0.0783599019050598,0.12638022005558
60433,15.8249991648296,42.2250007629395,0.573990941047668,19.0266647338867,15.6846523284912,2.36823582649231,8.10261821746826,0.0588097535073757,0.0943378806114197,20.3665103912354,18.7550296783447,2.98861956596375,8.01306819915771,0.0704277902841568,0.157609432935715
61081,5.97499949833345,42.1750007629395,0.515426993370056,17.4244709014893,13.9663391113281,0.910189628601074,8.08235359191895,0.0393917113542557,0.0202134251594543,18.6249237060547,16.1419525146484,1.23606479167938,7.99474000930786,0.046604935079813,0.0370365940034389
61128,8.32499941876654,42.1750007629395,0.642579436302185,18.5348320007324,14.3694372177124,0.957690715789795,8.07254409790039,0.0790958628058434,0.278368353843689,19.7633991241455,16.4190292358398,1.20692014694214,7.98780250549316,0.0834667161107063,0.216733530163765
61264,15.1249991885304,42.1750007629395,0.637226223945618,19.0630264282227,16.4688167572021,2.61073541641235,8.10231399536133,0.0627092346549034,0.0454766377806664,20.3435173034668,19.2880268096924,3.44825959205627,8.01230049133301,0.0780840814113617,0.0678455680608749
61289,16.3749991462075,42.1750007629395,0.472728133201599,18.9948253631592,15.2007913589478,1.89587640762329,8.10111904144287,0.0513999126851559,0.0400522239506245,20.3635673522949,17.8464603424072,2.44152903556824,8.01183128356934,0.054748997092247,0.0362042970955372
61934,6.37499948479015,42.1250007629395,0.589948236942291,17.5891418457031,14.0752811431885,1.00797855854034,8.08067035675049,0.014085098169744,0.0808594673871994,18.771577835083,16.146993637085,1.26806116104126,7.99446868896484,0.0206181816756725,0.138016059994698
61971,8.22499942215237,42.1250007629395,0.608474016189575,18.4900093078613,14.3307113647461,0.997150719165802,8.07242107391357,0.0686260908842087,0.206120491027832,19.7119026184082,16.3453311920166,1.31402349472046,7.98751401901245,0.0737002864480019,0.176136314868927
62109,15.1249991885304,42.1250007629395,0.666670322418213,19.0918941497803,16.7023067474365,2.66447353363037,8.10176849365234,0.0594759806990623,0.0444256328046322,20.3736553192139,19.4756908416748,3.55098628997803,8.01161098480225,0.0718386322259903,0.0531090572476387
62120,15.6749991699083,42.1250007629395,0.626036822795868,19.1010227203369,16.0997467041016,2.3622088432312,8.10106945037842,0.0703920796513557,0.130856484174728,20.4205150604248,19.1697692871094,3.11932277679443,8.01089477539062,0.0880765169858932,0.169140800833702
62151,17.224999117428,42.1250007629395,0.444708794355392,19.0741081237793,14.8951559066772,1.27435827255249,8.09837913513184,0.0393846705555916,0.123987771570683,20.5291728973389,17.8778038024902,1.94352090358734,8.00851631164551,0.0288427732884884,0.143593356013298
62720,3.42499958467201,42.0750007629395,0.617854416370392,17.5991516113281,13.1133298873901,1.5482349395752,8.07710075378418,0.0908491760492325,0.22932206094265,18.6408882141113,15.0985593795776,2.38294458389282,7.9859619140625,0.111232675611973,0.302977412939072
62797,7.27499945431771,42.0750007629395,0.572423994541168,18.0899219512939,14.1457653045654,1.09739172458649,8.07611560821533,0.0407454594969749,0.0936451628804207,19.2935161590576,16.2102737426758,1.52135074138641,7.99134206771851,0.0399819426238537,0.0988972783088684
62952,15.0249991919162,42.0750007629395,0.752072632312775,19.1513004302979,17.5237426757812,2.84302639961243,8.10112762451172,0.0440285913646221,0.0145273990929127,20.4362449645996,20.1078128814697,3.81663918495178,8.01056003570557,0.0488585531711578,0.00691920379176736
62963,15.5749991732942,42.0750007629395,0.667238116264343,19.1308555603027,16.3668422698975,2.46475982666016,8.10023975372314,0.0690557658672333,0.135294184088707,20.4408473968506,19.3683834075928,3.36786556243896,8.00979900360107,0.0853651538491249,0.178451925516129
63016,18.2249990835698,42.0750007629395,0.394828647375107,19.2774677276611,14.4954519271851,1.45871496200562,8.09397411346436,0.0531169511377811,0.0492595918476582,20.7285747528076,17.1952133178711,2.28113198280334,8.00490951538086,0.0630100592970848,0.0322805196046829
63030,18.924999059869,42.0750007629395,0.6130091547966,18.9312152862549,13.9980335235596,2.8648567199707,8.084547996521,0.0151646519079804,0.0385747849941254,20.4099674224854,17.0711517333984,3.39522361755371,7.99499082565308,0.0229175463318825,0.0508867874741554
63660,8.17499942384528,42.0250007629395,0.59794545173645,18.4949779510498,14.3260622024536,0.991595685482025,8.07216358184814,0.0528159961104393,0.168795168399811,19.7106838226318,16.2590255737305,1.3276698589325,7.98697280883789,0.0593518130481243,0.140983313322067
63795,14.924999195302,42.0250007629395,0.824865520000458,19.1532211303711,18.2733058929443,2.87201166152954,8.10104465484619,0.027158584445715,0.00544078461825846,20.4499340057373,20.8587875366211,3.82458734512329,8.01047992706299,0.0292180776596069,0.000944978150073439
63806,15.47499917668,42.0250007629395,0.736761927604675,19.1631526947021,17.0819606781006,2.60746932029724,8.09929275512695,0.0511620827019215,0.0908498540520668,20.4704132080078,19.8455181121826,3.5488429069519,8.00867652893066,0.0587761364877224,0.0975959226489067
63818,16.074999156365,42.0250007629395,0.686152994632721,19.1627407073975,16.5682487487793,2.46892309188843,8.09981918334961,0.0825290977954865,0.15330770611763,20.480504989624,19.261287689209,3.33727955818176,8.00985240936279,0.0943448767066002,0.168030261993408
64406,3.22499959144367,41.9750007629395,0.579495906829834,17.719898223877,13.2660341262817,1.44320750236511,8.07443428039551,0.030299611389637,0.0718632340431213,18.7647037506104,15.2353792190552,2.16268706321716,7.98409557342529,0.0364993140101433,0.0801601186394691
64536,9.72499937136498,41.9750007629395,0.495146065950394,18.8734035491943,14.3643169403076,0.751474440097809,8.07206153869629,0.0680982321500778,0.119319498538971,20.1100025177002,16.518741607666,1.33569669723511,7.98645210266113,0.0650363117456436,0.0531213693320751
64581,11.9749992951839,41.9750007629395,0.627111315727234,18.6960506439209,15.2387428283691,1.46086645126343,8.08030414581299,0.00596966734156013,0.0267723444849253,19.8972148895264,17.851770401001,2.05677247047424,7.99367141723633,0.00775695824995637,0.0298963636159897
64652,15.5249991749871,41.9750007629395,0.762875616550446,19.1739158630371,17.4168186187744,2.62568998336792,8.09925365447998,0.0428654998540878,0.0716545283794403,20.4814529418945,20.0910415649414,3.56866502761841,8.00865077972412,0.0477589853107929,0.0714948922395706
64664,16.1249991546721,41.9750007629395,0.675549209117889,19.1611232757568,16.6224784851074,2.4592432975769,8.1002082824707,0.079445980489254,0.12967237830162,20.486629486084,19.2605876922607,3.33772158622742,8.0103120803833,0.0904969274997711,0.145698443055153
65263,3.82499957112871,41.9250007629395,0.492212146520615,17.5013408660889,13.0499496459961,1.24168539047241,8.08056735992432,0.0776774808764458,0.0988014340400696,18.6035289764404,14.760311126709,2.00226593017578,7.98855447769165,0.0874259248375893,0.158740684390068
65341,7.7249994390815,41.9250007629395,0.615915715694427,18.2956733703613,14.1383857727051,1.13428246974945,8.0732479095459,0.0256003551185131,0.136522591114044,19.5176773071289,16.1006870269775,1.60778605937958,7.98785924911499,0.0223267823457718,0.0772064030170441
65402,10.7749993358138,41.9250007629395,0.451211750507355,18.8401260375977,13.9980068206787,0.894320487976074,8.07452011108398,0.0753263980150223,0.0948114544153214,20.0473365783691,16.2256259918213,1.49157416820526,7.98855590820312,0.0481387078762054,0.0533066764473915
65429,12.1249992901052,41.9250007629395,0.661095499992371,18.7021141052246,15.6389636993408,1.62177848815918,8.08218002319336,0.00819735880941153,0.0165031217038631,19.9047470092773,18.2671775817871,2.23303294181824,7.99547386169434,0.00987627357244492,0.0229714028537273
65502,15.7749991665225,41.9250007629395,0.809401154518127,19.2320671081543,18.3138084411621,2.52479672431946,8.0996789932251,0.0294856857508421,0.0301647335290909,20.5444374084473,20.9891490936279,3.46135473251343,8.00934886932373,0.0313674844801426,0.0250755921006203
66126,4.72499954065628,41.8750007629395,0.458293944597244,17.5284175872803,13.3499174118042,0.974012017250061,8.08506202697754,0.0490325316786766,0.0621727928519249,18.7499122619629,15.3043022155762,1.43591690063477,7.99290084838867,0.0555795207619667,0.084608793258667
66165,6.67499947463267,41.8750007629395,0.622376978397369,17.9357604980469,14.3122119903564,1.19322526454926,8.07837390899658,0.0689595118165016,0.173419490456581,19.1109962463379,16.5507144927979,1.39193952083588,7.99292612075806,0.0715498626232147,0.13993065059185
66192,8.02499942892402,41.8750007629395,0.609655320644379,18.4497947692871,14.2204027175903,1.016970038414,8.07181835174561,0.0308915879577398,0.15485692024231,19.6685905456543,16.0812931060791,1.3599374294281,7.98634576797485,0.039755966514349,0.129052132368088
66263,11.5749993087272,41.8750007629395,0.404672682285309,19.1712970733643,14.1366186141968,0.953369200229645,8.07727336883545,0.0692265704274178,0.0439988300204277,20.3385238647461,16.1874332427979,1.55882561206818,7.99072933197021,0.0652283802628517,0.077240452170372
66418,19.3249990463257,41.8750007629395,0.759728372097015,18.4827728271484,14.5893640518188,3.88627123832703,8.09156799316406,0.0119403814896941,0.0534184798598289,19.8783664703369,17.6749649047852,4.87290620803833,8.00280952453613,0.0121580390259624,0.057406697422266
66985,5.42499951695549,41.8250007629395,0.475850164890289,17.3813133239746,13.4549198150635,0.847446739673614,8.08391761779785,0.0533991120755672,0.0769217684864998,18.6068019866943,15.6470670700073,1.24309206008911,7.9940357208252,0.0512594357132912,0.0790570750832558
67034,7.87499943400276,41.8250007629395,0.620068430900574,18.3960628509521,14.1636018753052,1.04837942123413,8.07192420959473,0.0309563893824816,0.166507810354233,19.6234531402588,16.0428943634033,1.4412899017334,7.98644495010376,0.0355897657573223,0.145105183124542
67208,16.5749991394359,41.8250007629395,0.523763000965118,19.0566787719727,15.5200271606445,1.88358807563782,8.10004425048828,0.0889672338962555,0.136390313506126,20.4192867279053,17.9891490936279,2.46941518783569,8.00990772247314,0.107804484665394,0.149855479598045
67262,19.2749990480186,41.8250007629395,0.677666485309601,18.7118244171143,14.3678140640259,3.37276148796082,8.09182071685791,0.0151366032660007,0.062262449413538,20.123649597168,17.2949657440186,4.14532327651978,8.00304889678955,0.0170543771237135,0.0636688843369484
67841,5.97499949833345,41.7750007629395,0.581732511520386,17.6151657104492,14.161283493042,0.992175996303558,8.08170604705811,0.0378134399652481,0.113411016762257,18.8045558929443,16.5125789642334,1.28282535076141,7.99344110488892,0.0486482493579388,0.158549621701241
67856,6.72499947293976,41.7750007629395,0.636036813259125,18.0545787811279,14.4010515213013,1.17434966564178,8.0775728225708,0.0601383112370968,0.183865070343018,19.2324466705322,16.7361106872559,1.39337766170502,7.9921350479126,0.0565443783998489,0.165432929992676
68050,16.4249991445146,41.7750007629395,0.636393010616302,19.1482696533203,16.1258316040039,2.22908139228821,8.10006141662598,0.0702938735485077,0.162983134388924,20.4971008300781,18.4799041748047,3.06285500526428,8.00975227355957,0.081525906920433,0.176393866539001
68063,17.0749991225068,41.7750007629395,0.409193485975266,19.0529384613037,14.928521156311,1.20089495182037,8.09973430633545,0.0393826179206371,0.076318696141243,20.4776573181152,17.81565284729,1.93235397338867,8.01054000854492,0.0486390069127083,0.117001846432686
68692,6.27499948817597,41.7250007629395,0.586499214172363,17.8062629699707,14.1717567443848,1.03935348987579,8.08029460906982,0.0561322569847107,0.151159152388573,18.9930820465088,16.4629402160645,1.27429699897766,7.99321269989014,0.0654096454381943,0.153207764029503
68697,6.52499947971141,41.7250007629395,0.61208313703537,17.9503917694092,14.2608451843262,1.17066717147827,8.07887554168701,0.0657566487789154,0.172360450029373,19.1349201202393,16.5924434661865,1.36159706115723,7.99271249771118,0.0673302933573723,0.167701289057732
68890,16.1749991529792,41.7250007629395,0.759060204029083,19.1805858612061,17.7513179779053,2.38222646713257,8.10038280487061,0.0224125534296036,0.0343109741806984,20.5324440002441,20.062126159668,3.32413554191589,8.00970077514648,0.0207970682531595,0.0419109351933002
68912,17.2749991157351,41.7250007629395,0.376323133707047,19.057315826416,14.8612079620361,1.23578369617462,8.10078525543213,0.0346709825098515,0.011855224147439,20.4752807617188,17.6887016296387,1.96106612682343,8.01144313812256,0.0184287149459124,0.0107895424589515
68957,19.524999039554,41.7250007629395,0.756015121936798,18.5346946716309,14.8992128372192,3.71247124671936,8.0924186706543,0.016240393742919,0.0486170947551727,19.9398860931396,17.8264198303223,4.57071542739868,8.00397205352783,0.014313749037683,0.0436603873968124
69545,6.67499947463267,41.6750007629395,0.617081224918365,18.0955009460449,14.3893909454346,1.16238987445831,8.0775318145752,0.0581701025366783,0.160879522562027,19.2768154144287,16.7840156555176,1.39559316635132,7.99163198471069,0.0516045205295086,0.143534049391747
69553,7.07499946108937,41.6750007629395,0.56620991230011,18.2555923461914,14.3870191574097,1.05431056022644,8.07581901550293,0.0275594275444746,0.0556580610573292,19.4342498779297,16.6222553253174,1.36198079586029,7.99040603637695,0.0275806821882725,0.0923971459269524
69739,16.3749991462075,41.6750007629395,0.666853666305542,19.1840343475342,16.5334777832031,2.33128833770752,8.09990882873535,0.0520054921507835,0.11371649056673,20.5334167480469,18.7666263580322,3.17856216430664,8.00924110412598,0.057340644299984,0.106069810688496
69755,17.1749991191209,41.6750007629395,0.381277471780777,19.0582218170166,14.9146327972412,1.22184240818024,8.10037803649902,0.0365791097283363,0.0160646494477987,20.4694805145264,17.7210865020752,1.95046675205231,8.01120281219482,0.0409059673547745,0.00569920567795633
70316,2.97499959990823,41.6250007629395,0.624994933605194,18.290454864502,13.7811861038208,1.19093656539917,8.07220077514648,0.013212121091783,0.159371227025986,19.315450668335,15.7497682571411,1.98723661899567,7.98226118087769,0.00766147812828422,0.165234446525574
70392,6.77499947124684,41.6250007629395,0.617634236812592,18.1759605407715,14.4358806610107,1.13043618202209,8.07682228088379,0.0478624738752842,0.151560187339783,19.3533973693848,16.7913150787354,1.36877131462097,7.99095439910889,0.0409068651497364,0.156387582421303
70396,6.97499946447519,41.6250007629395,0.600737571716309,18.2580699920654,14.4558973312378,1.06965553760529,8.07573127746582,0.0307888947427273,0.107420347630978,19.4318809509277,16.70680809021,1.34665036201477,7.99021768569946,0.0283792950212956,0.123083971440792
70577,16.0249991580579,41.6250007629395,0.852002441883087,19.2625408172607,19.2842540740967,2.16198897361755,8.09968376159668,0.0106833819299936,0.00536025548353791,20.6149787902832,21.6747512817383,3.11732864379883,8.00901412963867,0.00876061152666807,0.00515927420929074
70588,16.5749991394359,41.6250007629395,0.608897864818573,19.1218605041504,16.0144729614258,1.93459892272949,8.0993013381958,0.0747544839978218,0.179865285754204,20.470947265625,18.2835235595703,2.62634825706482,8.00893783569336,0.0922490358352661,0.20236437022686
70608,17.5749991055776,41.6250007629395,0.361696243286133,19.1032848358154,14.7763195037842,1.23976910114288,8.10183429718018,0.0369830206036568,0.0161652080714703,20.4963455200195,17.529411315918,1.86235868930817,8.01258754730225,0.0179188754409552,0.0262756571173668
71158,2.82499960498697,41.5750007629395,0.623529016971588,18.398365020752,13.8870916366577,1.1748526096344,8.07159519195557,0.0181103590875864,0.162846982479095,19.427001953125,15.8604698181152,1.9934686422348,7.98169088363647,0.012737849727273,0.180219113826752
71237,6.77499947124684,41.5750007629395,0.613758325576782,18.2072372436523,14.4391784667969,1.1309642791748,8.07630634307861,0.0455341264605522,0.140355959534645,19.3840522766113,16.7945804595947,1.36846399307251,7.9902663230896,0.038523405790329,0.145089477300644
71248,7.3249994526248,41.5750007629395,0.573661863803864,18.3534336090088,14.3180465698242,1.08487975597382,8.07381343841553,0.0310468934476376,0.0717588141560555,19.5650482177734,16.408519744873,1.41688072681427,7.98834180831909,0.0341300405561924,0.0357848256826401
71420,15.9249991614438,41.5750007629395,0.840905249118805,19.2682495117188,20.0184936523438,1.95054829120636,8.09957790374756,0.00967762898653746,0.00618366803973913,20.6093139648438,22.5252113342285,2.82169127464294,8.00912094116211,0.00764351058751345,0.00496907578781247
71431,16.4749991428217,41.5750007629395,0.646129190921783,19.1696681976318,16.3373622894287,2.16974234580994,8.09878063201904,0.0582775473594666,0.131347447633743,20.515754699707,18.4809265136719,2.92444109916687,8.00805473327637,0.0693327412009239,0.148084968328476
71459,17.8749990954202,41.5750007629395,0.384480327367783,19.1766796112061,14.746000289917,1.2717376947403,8.10128593444824,0.0362455025315285,0.0712482333183289,20.5563716888428,17.4231872558594,1.85143709182739,8.01251888275146,0.0252022109925747,0.0606225356459618
72001,2.7249996083728,41.5250007629395,0.641073942184448,18.4893398284912,14.1858253479004,1.19107675552368,8.07150554656982,0.0186880845576525,0.158376857638359,19.5033626556396,16.0978260040283,2.01388669013977,7.98176908493042,0.0153159042820334,0.152183204889297
72081,6.72499947293976,41.5250007629395,0.612766265869141,18.2305355072021,14.4319162368774,1.14815270900726,8.07624340057373,0.0444906167685986,0.13763390481472,19.4080600738525,16.7990474700928,1.38819932937622,7.98999214172363,0.0379657559096813,0.134267657995224
72098,7.57499944416024,41.5250007629395,0.581369876861572,18.433277130127,14.2719898223877,1.0237865447998,8.07215309143066,0.0391949191689491,0.112857490777969,19.6663475036621,16.179370880127,1.36992931365967,7.9861536026001,0.0486201196908951,0.0981018617749214
72265,15.9249991614438,41.5250007629395,0.843535006046295,19.2777519226074,19.9396381378174,1.97483909130096,8.09954738616943,0.00922675244510174,0.0077742380090058,20.6207218170166,22.4282875061035,2.85424375534058,8.00907707214355,0.00727486098185181,0.00739453081041574
72277,16.5249991411288,41.5250007629395,0.634228646755219,19.1854267120361,16.3858833312988,2.12631225585938,8.09833431243896,0.0565537735819817,0.106861129403114,20.5252780914307,18.4620418548584,2.88001537322998,8.00758266448975,0.0675853490829468,0.125726759433746
72304,17.8749990954202,41.5250007629395,0.381024748086929,19.1765155792236,14.8010854721069,1.27009344100952,8.10138511657715,0.0272924192249775,0.0405108369886875,20.5475730895996,17.4879608154297,1.86302590370178,8.01267433166504,0.0126396389678121,0.00495411548763514
72845,2.67499961006571,41.4750007629395,0.66481602191925,18.5230770111084,14.2955808639526,1.21312594413757,8.07125186920166,0.0187365636229515,0.178606361150742,19.5377197265625,16.1772060394287,2.02718734741211,7.98144340515137,0.0129641061648726,0.168047219514847
72922,6.52499947971141,41.4750007629395,0.614901602268219,18.1562404632568,14.2660884857178,1.13800501823425,8.07745552062988,0.0552544705569744,0.184236824512482,19.3497867584229,16.530948638916,1.3002895116806,7.9905686378479,0.0486316494643688,0.125731721520424
72944,7.62499944246732,41.4750007629395,0.576947569847107,18.4557304382324,14.2671480178833,0.999703943729401,8.07164287567139,0.0398781634867191,0.110037513077259,19.6892242431641,16.1508865356445,1.34737658500671,7.98546648025513,0.0497311279177666,0.103628285229206
72956,8.22499942215237,41.4750007629395,0.612644612789154,18.6633777618408,14.4006042480469,1.0099104642868,8.06998348236084,0.0411292128264904,0.163072854280472,19.8602333068848,16.1950569152832,1.22872972488403,7.98398447036743,0.0401584506034851,0.0223337542265654
73119,16.3749991462075,41.4750007629395,0.680585980415344,19.2251930236816,17.0526294708252,2.26902532577515,8.09882831573486,0.0388616099953651,0.0402860008180141,20.5770702362061,19.1114273071289,3.1388213634491,8.0078592300415,0.0398872159421444,0.0429430976510048
73146,17.7249991004989,41.4750007629395,0.363966822624207,19.1459159851074,14.8087453842163,1.25465929508209,8.10227012634277,0.0312052462249994,0.0154850939288736,20.5171279907227,17.5201683044434,1.88099455833435,8.01335906982422,0.0174996107816696,0.0278020277619362
73686,2.47499961683736,41.4250007629395,0.704902350902557,18.5972728729248,14.5635032653809,1.22923469543457,8.06956577301025,0.0157504118978977,0.189548298716545,19.6182727813721,16.41162109375,2.03028893470764,7.97926998138428,0.00514925410971045,0.154240980744362
73768,6.5749994780185,41.4250007629395,0.620761811733246,18.2325325012207,14.2896385192871,1.15432071685791,8.07702732086182,0.0492526702582836,0.185485631227493,19.428430557251,16.5826015472412,1.36060833930969,7.99017143249512,0.0436876937747002,0.150094151496887
73780,7.17499945770354,41.4250007629395,0.560636281967163,18.4145851135254,14.4769077301025,1.0416442155838,8.0737771987915,0.0344834066927433,0.0479099936783314,19.5941581726074,16.6585330963135,1.35741662979126,7.98759508132935,0.0366328619420528,0.0341297015547752
73822,9.27499938660119,41.4250007629395,0.605007171630859,18.6611785888672,15.11146068573,0.900214672088623,8.07033252716064,0.0306646563112736,0.051735732704401,19.9043731689453,17.4662895202637,1.25510668754578,7.98409414291382,0.0281767770648003,0.0138713344931603
73976,16.9749991258926,41.4250007629395,0.429983675479889,19.1083221435547,15.2996883392334,1.54145288467407,8.09863185882568,0.05963434278965,0.0123211061581969,20.4749164581299,17.811243057251,2.27558183670044,8.00981998443604,0.0783171653747559,0.00745196361094713
74526,2.22499962530193,41.3750007629395,0.674357235431671,18.682165145874,14.8460578918457,1.26004004478455,8.06972789764404,0.0103714680299163,0.0966921225190163,19.7298240661621,16.7871322631836,2.09566617012024,7.97982358932495,0.00758567405864596,0.0653991401195526
74538,2.82499960498697,41.3750007629395,0.613109052181244,18.5287380218506,14.4272365570068,1.3103119134903,8.07037734985352,0.0443454571068287,0.0851787105202675,19.4919548034668,16.2076644897461,2.14307856559753,7.98014736175537,0.0650193840265274,0.129726454615593
74599,5.87499950171928,41.3750007629395,0.545122504234314,17.9484329223633,14.1370887756348,1.10626137256622,8.08029747009277,0.0555665493011475,0.0935277938842773,19.1442012786865,16.5593528747559,1.37857484817505,7.99149799346924,0.0560128875076771,0.0585502721369267
74618,6.82499946955393,41.3750007629395,0.613568186759949,18.3542995452881,14.4949588775635,1.15864288806915,8.0753927230835,0.0361422710120678,0.124451510608196,19.5174102783203,16.7670307159424,1.43117547035217,7.98880004882812,0.0332344584167004,0.131702482700348
74731,12.4749992782548,41.3750007629395,0.466705799102783,19.2966003417969,14.5509061813354,1.36504542827606,8.08564376831055,0.0107052577659488,0.0375076867640018,20.4690475463867,16.872631072998,1.91495907306671,7.99829435348511,0.00792066473513842,0.0210692342370749
74805,16.1749991529792,41.3750007629395,0.814980030059814,19.2760047912598,18.8706932067871,2.14911127090454,8.09898281097412,0.0216798651963472,0.00683443853631616,20.6365356445312,21.121452331543,3.03991770744324,8.0081148147583,0.0195338688790798,0.00735233072191477
75373,2.3249996219161,41.3250007629395,0.725637555122375,18.7058963775635,14.8376741409302,1.29262149333954,8.06974506378174,0.0144897382706404,0.18802846968174,19.7110443115234,16.7470741271973,2.08190369606018,7.97973299026489,0.00933627597987652,0.163857027888298
75384,2.87499960329406,41.3250007629395,0.618237733840942,18.5377159118652,14.4614553451538,1.34761142730713,8.06984329223633,0.0507031567394733,0.0858878567814827,19.5085468292236,16.2044944763184,2.19620871543884,7.97931623458862,0.0709951594471931,0.128342375159264
75433,5.32499952034132,41.3250007629395,0.495603114366531,17.8441219329834,14.214919090271,1.0550971031189,8.08193969726562,0.0686508342623711,0.0208226479589939,19.0954685211182,16.7078094482422,1.51133143901825,7.99168729782104,0.0709683895111084,0.014272547326982
75459,6.62499947632558,41.3250007629395,0.649217128753662,18.3087978363037,14.3719835281372,1.19669187068939,8.07587623596191,0.0449638888239861,0.203116744756699,19.50146484375,16.6105728149414,1.46465170383453,7.98897695541382,0.0421330966055393,0.187205597758293
75511,9.22499938829411,41.3250007629395,0.628607511520386,18.6632537841797,14.9910840988159,0.964261174201965,8.06892871856689,0.0586316026747227,0.125283434987068,19.8973064422607,17.2446365356445,1.25879240036011,7.9824423789978,0.0432626307010651,0.0647698938846588
75565,11.9249992968768,41.3250007629395,0.489449501037598,19.3241729736328,14.144341468811,1.1214040517807,8.07494735717773,0.020238108932972,0.0936907902359962,20.4846630096436,16.1241207122803,1.61646962165833,7.98777055740356,0.00766269722953439,0.135552033782005
76214,2.12499962868775,41.2750007629395,0.700665354728699,18.7568302154541,15.0705604553223,1.31922280788422,8.07004547119141,0.0132904779165983,0.116205781698227,19.7917137145996,16.9501476287842,2.20865607261658,7.98045206069946,0.0147809777408838,0.0719018504023552
76225,2.67499961006571,41.2750007629395,0.642799735069275,18.6562118530273,14.5693244934082,1.4532253742218,8.06929016113281,0.0498584508895874,0.101160988211632,19.6269474029541,16.3593349456787,2.36382222175598,7.97887802124023,0.0750783681869507,0.124524407088757
76269,4.87499953557754,41.2750007629395,0.477570056915283,18.1289253234863,14.2437734603882,0.998383224010468,8.08189582824707,0.0769025683403015,0.0547275841236115,19.3691902160645,16.4175701141357,1.57376110553741,7.9900050163269,0.0713738203048706,0.0259419698268175
76297,6.27499948817597,41.2750007629395,0.620774686336517,18.2246551513672,14.1907348632812,1.20349299907684,8.077712059021,0.0605093911290169,0.21076788008213,19.4218215942383,16.407543182373,1.35220050811768,7.98980951309204,0.0553047023713589,0.205824762582779
76308,6.82499946955393,41.2750007629395,0.607179760932922,18.4282665252686,14.516149520874,1.17967677116394,8.07476711273193,0.0395686738193035,0.116110019385815,19.5907897949219,16.730562210083,1.44020187854767,7.98805475234985,0.0393720157444477,0.0920017138123512
76358,9.32499938490828,41.2750007629395,0.613772809505463,18.7449760437012,15.0977010726929,0.967622697353363,8.06858253479004,0.0519139505922794,0.0820628926157951,19.9619312286377,17.308069229126,1.24691295623779,7.98203182220459,0.0424610674381256,0.0602533370256424
76405,11.6749993053414,41.2750007629395,0.45846688747406,19.25657081604,14.0572652816772,1.03160727024078,8.0733757019043,0.0222511682659388,0.0408597402274609,20.4250965118408,16.140998840332,1.48381876945496,7.98617696762085,0.0187204889953136,0.0220665466040373
77058,2.07499963038067,41.2250007629395,0.704282462596893,18.7874221801758,15.1134738922119,1.32251620292664,8.07045745849609,0.0131915789097548,0.12461057305336,19.8211975097656,16.9759082794189,2.23092436790466,7.98104906082153,0.0126073695719242,0.0782813727855682
77069,2.62499961175862,41.2250007629395,0.649878919124603,18.6893711090088,14.6072912216187,1.4611074924469,8.06905269622803,0.0477556027472019,0.105251342058182,19.6646385192871,16.3902835845947,2.36094903945923,7.97864866256714,0.0730146393179893,0.135772883892059
77080,3.17499959313658,41.2250007629395,0.607810437679291,18.5108776092529,14.3670797348022,1.31170356273651,8.07057857513428,0.0378586240112782,0.0739883556962013,19.6045818328857,15.9887781143188,2.07039976119995,7.9793906211853,0.0346706695854664,0.0485210157930851
77104,4.37499955250667,41.2250007629395,0.561786293983459,18.3375663757324,14.3900356292725,0.969819605350494,8.08030319213867,0.0311901159584522,0.137832000851631,19.5433826446533,16.4062252044678,1.58300590515137,7.98828554153442,0.0277572963386774,0.136347606778145
77161,7.22499945601063,41.2250007629395,0.61190277338028,18.5122356414795,14.493260383606,1.02185761928558,8.07225513458252,0.0430694185197353,0.150558158755302,19.6960430145264,16.60959815979,1.26460897922516,7.98571443557739,0.0480641350150108,0.153371900320053
77241,11.2249993205776,41.2250007629395,0.481322824954987,19.1330490112305,13.928168296814,0.909814596176147,8.07225131988525,0.0329691506922245,0.117306247353554,20.3072948455811,16.0901947021484,1.32719731330872,7.98543834686279,0.0234547425061464,0.0974516868591309
77348,16.5749991394359,41.2250007629395,0.680582344532013,19.3555240631104,17.3602447509766,2.16498112678528,8.0972843170166,0.032710961997509,0.000610821356531233,20.6978435516357,19.4751033782959,3.0381543636322,8.00688076019287,0.0360505357384682,0.000496049236971885
77900,1.9249996354594,41.1750007629395,0.75926947593689,18.8720874786377,15.2190570831299,1.38500273227692,8.06933784484863,0.0173740014433861,0.197010233998299,19.8892383575439,17.0058307647705,2.27361655235291,7.97993946075439,0.0103753544390202,0.201695084571838
77912,2.52499961514445,41.1750007629395,0.658572018146515,18.7622089385986,14.6722145080566,1.48364567756653,8.06888389587402,0.0493206828832626,0.117647282779217,19.7442436218262,16.4186916351318,2.36451172828674,7.97855186462402,0.0749036818742752,0.127134159207344
77923,3.0749995965224,41.1750007629395,0.633313953876495,18.6353549957275,14.4712982177734,1.41759359836578,8.06935501098633,0.0245310682803392,0.063171811401844,19.7308216094971,16.0828304290771,2.24065518379211,7.97824192047119,0.0188160855323076,0.0601006709039211
77935,3.67499957620745,41.1750007629395,0.56801050901413,18.4450740814209,14.56369972229,1.11522543430328,8.0753345489502,0.0453470088541508,0.0728962123394012,19.7171974182129,16.4918231964111,1.72447896003723,7.9837965965271,0.048107422888279,0.11106051504612
77991,6.47499948140432,41.1750007629395,0.623267531394958,18.3753700256348,14.4379949569702,1.23656034469604,8.07613182067871,0.0516410730779171,0.167283341288567,19.5768795013428,16.5113754272461,1.50697135925293,7.98874044418335,0.0511808469891548,0.125961586833
78043,9.07499939337285,41.1750007629395,0.611697435379028,18.8492183685303,15.1496629714966,0.982229292392731,8.06876468658447,0.0228933282196522,0.0375509820878506,20.0217514038086,17.0812644958496,1.24473607540131,7.98203420639038,0.0206478834152222,0.030896844342351
78070,10.4249993476642,41.1750007629395,0.519302129745483,18.9875297546387,13.9654712677002,0.812276840209961,8.07016658782959,0.0416533052921295,0.166312798857689,20.2419452667236,16.3744773864746,1.3326153755188,7.98356246948242,0.0377080552279949,0.183581665158272
78239,18.8749990615619,41.1750007629395,0.4032823741436,19.5105876922607,13.8738689422607,1.5392986536026,8.09354019165039,0.0460989326238632,0.167526096105576,20.970531463623,16.6202449798584,1.93483424186707,8.00430107116699,0.0834422260522842,0.274267971515656
78741,1.72499964223106,41.1250007629395,0.77565062046051,18.9698791503906,15.2030620574951,1.45554447174072,8.06591129302979,0.0209352895617485,0.197610780596733,19.970760345459,16.9473915100098,2.34153771400452,7.97644090652466,0.00839487556368113,0.216605797410011
78752,2.27499962360901,41.1250007629395,0.680411040782928,18.8471527099609,14.8884696960449,1.47765552997589,8.06811237335205,0.0388164892792702,0.111716859042645,19.8199653625488,16.5429553985596,2.31378626823425,7.97812557220459,0.0617665499448776,0.183004632592201
78764,2.87499960329406,41.1250007629395,0.679656207561493,18.7518463134766,14.6474361419678,1.39937794208527,8.0681791305542,0.0224125199019909,0.121734775602818,19.8224220275879,16.3120651245117,2.21747803688049,7.97727203369141,0.0266383979469538,0.144484028220177
78824,5.87499950171928,41.1250007629395,0.61779248714447,18.2362155914307,14.3178367614746,1.24921298027039,8.07915782928467,0.0733172744512558,0.212482959032059,19.4298877716064,16.571216583252,1.47533798217773,7.99015951156616,0.0714200884103775,0.175403207540512
78841,6.72499947293976,41.1250007629395,0.608516335487366,18.4932308197021,14.5881814956665,1.25154709815979,8.07453441619873,0.0467915758490562,0.111201263964176,19.6654033660889,16.6906070709229,1.44290697574615,7.98754549026489,0.0501004606485367,0.0714482218027115
78904,9.87499936628624,41.1250007629395,0.465468049049377,18.8953495025635,14.3042697906494,0.80679851770401,8.06892681121826,0.0804502293467522,0.0428170412778854,20.1268367767334,16.5100936889648,1.20675563812256,7.98221826553345,0.0743608921766281,0.0388006493449211
79076,18.4749990751052,41.1250007629395,0.432643175125122,19.3050975799561,14.6876182556152,1.53634309768677,8.09664154052734,0.0186380241066217,0.0602572336792946,20.6617050170898,17.6190433502197,2.17521977424622,8.00724029541016,0.0205360054969788,0.0905251204967499
79579,1.37499965408145,41.0750007629395,0.732266426086426,19.1036415100098,15.0975170135498,1.80491578578949,8.06387329101562,0.0246816519647837,0.0735829323530197,20.0958080291748,16.6641006469727,2.84143352508545,7.97481489181519,0.0125919636338949,0.023518018424511
79590,1.9249996354594,41.0750007629395,0.76905745267868,18.9425735473633,15.0936489105225,1.43032503128052,8.06710338592529,0.0292272232472897,0.22712405025959,19.9225215911865,16.8332443237305,2.24113941192627,7.97750234603882,0.034514706581831,0.290907442569733
79601,2.47499961683736,41.0750007629395,0.65507435798645,18.8564205169678,14.7338399887085,1.45486295223236,8.06662082672119,0.0437937341630459,0.0885829776525497,19.8728828430176,16.4689655303955,2.30774831771851,7.97619390487671,0.066316232085228,0.0931630805134773
79613,3.0749995965224,41.0750007629395,0.643525183200836,18.7542209625244,14.5664157867432,1.37346839904785,8.06783962249756,0.0151713043451309,0.0604549869894981,19.8909950256348,16.1338596343994,2.14237499237061,7.97647714614868,0.00425773113965988,0.0744692087173462
79670,5.92499950002636,41.0750007629395,0.649205386638641,18.2873706817627,14.3322811126709,1.27159678936005,8.07816314697266,0.0738308131694794,0.251123279333115,19.4797554016113,16.5730495452881,1.45144522190094,7.98907995223999,0.0731412842869759,0.225876435637474
79685,6.67499947463267,41.0750007629395,0.61898934841156,18.5063629150391,14.6549224853516,1.29106342792511,8.07438659667969,0.0485279336571693,0.113586388528347,19.6857757568359,16.6416263580322,1.463907122612,7.98719263076782,0.0517506487667561,0.0453516356647015
79711,7.97499943061693,41.0750007629395,0.638142645359039,18.7979316711426,14.369065284729,1.08804953098297,8.06829833984375,0.0365268513560295,0.18759685754776,19.9819583892822,16.2057151794434,1.34488832950592,7.98142766952515,0.0259205941110849,0.0320044718682766
79753,10.0749993595146,41.0750007629395,0.477728247642517,18.9355087280273,14.1018085479736,0.799686789512634,8.0690221786499,0.0619299821555614,0.0830333828926086,20.1815299987793,16.474630355835,1.29669177532196,7.98230218887329,0.0657918900251389,0.161085680127144
79927,18.7749990649477,41.0750007629395,0.413199156522751,19.4196529388428,14.255295753479,1.44853234291077,8.09364700317383,0.052451491355896,0.144862323999405,20.8225955963135,17.2228965759277,1.97569298744202,8.00418281555176,0.0927772894501686,0.277309983968735
80425,1.42499965238853,41.0250007629395,0.704904139041901,19.1476650238037,14.9965906143188,1.8123893737793,8.0643196105957,0.0238450579345226,0.0490602068603039,20.1198043823242,16.591646194458,2.72117829322815,7.97515249252319,0.0135948434472084,0.0174094252288342
80436,1.97499963376649,41.0250007629395,0.668189227581024,18.9747695922852,15.0912885665894,1.41854619979858,8.06653594970703,0.0428704582154751,0.0800441801548004,19.9592876434326,16.8482761383057,2.18353724479675,7.97688293457031,0.0603849776089191,0.0994196459650993
80448,2.57499961345153,41.0250007629395,0.630937993526459,18.9029140472412,14.7646522521973,1.39322793483734,8.06602382659912,0.0271396897733212,0.0255132764577866,19.9639472961426,16.5155811309814,2.18897485733032,7.97542953491211,0.0412299558520317,0.0523084998130798
80459,3.12499959482949,41.0250007629395,0.621389865875244,18.8176040649414,14.6722288131714,1.30955827236176,8.06795406341553,0.0157926380634308,0.0302475970238447,19.988899230957,16.27685546875,2.04110622406006,7.97656726837158,0.0107729723677039,0.0445015244185925
80515,5.92499950002636,41.0250007629395,0.636342227458954,18.3743343353271,14.4054327011108,1.2648686170578,8.07791328430176,0.0738652125000954,0.233289241790771,19.5686016082764,16.6083889007568,1.44446539878845,7.98880243301392,0.0749465823173523,0.213859036564827
80532,6.77499947124684,41.0250007629395,0.608414053916931,18.5825862884521,14.5943908691406,1.25442337989807,8.07394313812256,0.0456468425691128,0.115280605852604,19.7508659362793,16.7115840911865,1.3690105676651,7.98677444458008,0.0505156628787518,0.0715514644980431
80553,7.82499943569567,41.0250007629395,0.614553868770599,18.7799854278564,14.4602394104004,1.06059312820435,8.06847286224365,0.0429663360118866,0.151136323809624,19.9650573730469,16.2318954467773,1.30244028568268,7.98154926300049,0.0355100035667419,0.00302424957044423
80589,9.6249993747508,41.0250007629395,0.614416480064392,18.9113082885742,15.2949810028076,1.00094902515411,8.06751537322998,0.0309431068599224,0.0236815772950649,20.1262893676758,17.5039825439453,1.21870338916779,7.98075294494629,0.029634578153491,0.0228744111955166
80614,10.874999332428,41.0250007629395,0.44001492857933,19.2214527130127,13.8022766113281,0.845414578914642,8.06984615325928,0.0375919751822948,0.0660426691174507,20.4037895202637,15.9763336181641,1.24576687812805,7.98326444625854,0.0427545681595802,0.0359279625117779
81271,1.47499965069562,40.9750007629395,0.675447106361389,19.1492652893066,14.9850873947144,1.67953324317932,8.06477737426758,0.0225321762263775,0.0276138074696064,20.1170825958252,16.6479415893555,2.47221112251282,7.97557210922241,0.018995713442564,0.0436742790043354
81282,2.02499963207358,40.9750007629395,0.62975013256073,18.9926853179932,15.0784721374512,1.4176082611084,8.06637287139893,0.048490334302187,0.0225314665585756,19.9884395599365,16.8344974517822,2.18440413475037,7.97668552398682,0.0658654645085335,0.04587447270751
81293,2.57499961345153,40.9750007629395,0.629387617111206,18.9259719848633,14.7733993530273,1.39051151275635,8.06580448150635,0.0239748284220695,0.0171227678656578,19.9936408996582,16.5178146362305,2.16602921485901,7.97521781921387,0.0360551588237286,0.0256751738488674
81306,3.22499959144367,40.9750007629395,0.610255599021912,18.8147220611572,14.7629327774048,1.20215225219727,8.06851482391357,0.0206880327314138,0.0347935110330582,20.0066318511963,16.4204006195068,1.90616619586945,7.97722387313843,0.0148756010457873,0.0380178019404411
81313,3.57499957959327,40.9750007629395,0.588315725326538,18.6697654724121,14.8572006225586,1.14824891090393,8.07165336608887,0.0365005694329739,0.0331958271563053,19.9165687561035,16.6214790344238,1.76247203350067,7.98043727874756,0.030234981328249,0.047159917652607
81372,6.52499947971141,40.9750007629395,0.613023638725281,18.5311222076416,14.5696287155151,1.33657240867615,8.07520008087158,0.0492902062833309,0.121454738080502,19.7183246612549,16.5424518585205,1.51354575157166,7.98747444152832,0.0504169426858425,0.0868794918060303
81390,7.42499944923897,40.9750007629395,0.608757615089417,18.6824417114258,14.5439405441284,1.02334785461426,8.06951713562012,0.0362512618303299,0.12309755384922,19.8630962371826,16.4148483276367,1.22053825855255,7.98255777359009,0.0367952436208725,0.111018538475037
81415,8.67499940691615,40.9750007629395,0.605572402477264,18.9223136901855,15.0068578720093,1.00622057914734,8.06722927093506,0.016651215031743,0.0260944943875074,20.0729427337646,16.7781391143799,1.20058155059814,7.97992944717407,0.0171236824244261,0.0166329499334097
81475,11.6749993053414,40.9750007629395,0.462874442338943,19.3648891448975,14.2330913543701,0.867449700832367,8.0709342956543,0.0241018403321505,0.0512468926608562,20.5094776153564,16.24342918396,1.36922168731689,7.98392677307129,0.025482427328825,0.0533171817660332
82108,1.07499966423892,40.9250007629395,0.804764807224274,19.2278614044189,15.3259649276733,2.31810593605042,8.06078910827637,0.0152231212705374,0.0435452833771706,20.2205410003662,16.8072929382324,3.48536229133606,7.9719352722168,0.0103074368089438,0.00102619791869074
82119,1.62499964561688,40.9250007629395,0.668911635875702,19.1293754577637,15.0805835723877,1.54689276218414,8.06403160095215,0.0339036099612713,0.0361175239086151,20.1118946075439,16.8206043243408,2.31001257896423,7.97448205947876,0.041042760014534,0.0105874175205827
82131,2.22499962530193,40.9250007629395,0.645157337188721,19.0249900817871,15.0148506164551,1.47963356971741,8.06498432159424,0.0374473556876183,0.0173893049359322,20.0706348419189,16.8033866882324,2.37351655960083,7.97486877441406,0.0537620522081852,0.0081821009516716
82142,2.77499960667988,40.9250007629395,0.654922366142273,18.9678153991699,14.6965446472168,1.36037909984589,8.0660572052002,0.00801801402121782,0.0639037564396858,20.0964374542236,16.364315032959,2.10928654670715,7.97518014907837,0.0083311703056097,0.0493415296077728
82153,3.32499958805784,40.9250007629395,0.619225800037384,18.8315849304199,14.8424987792969,1.18562734127045,8.06872940063477,0.0224197451025248,0.0507259033620358,20.0408802032471,16.5156860351562,1.85986411571503,7.97748374938965,0.0139491837471724,0.0747170820832253
82181,4.72499954065628,40.9250007629395,0.510556280612946,18.6542282104492,14.6763124465942,1.04783523082733,8.07972717285156,0.0323991216719151,0.030277281999588,19.8526992797852,16.7139148712158,1.54288494586945,7.9886269569397,0.02904012799263,0.0486305467784405
82243,7.82499943569567,40.9250007629395,0.613636910915375,18.8434562683105,14.4544305801392,1.12829506397247,8.06840515136719,0.0444376915693283,0.147827133536339,20.0171089172363,16.1839981079102,1.35482978820801,7.98133945465088,0.0352793000638485,0.00688201980665325
82260,8.67499940691615,40.9250007629395,0.657777905464172,18.9787521362305,15.5492000579834,1.03596699237823,8.06732749938965,0.0142654022201896,0.0320389792323112,20.130464553833,17.2255268096924,1.23012363910675,7.97977781295776,0.01451226323843,0.0229990072548389
82328,12.0749992917981,40.9250007629395,0.49329474568367,19.4457397460938,14.3603210449219,0.923837721347809,8.07133960723877,0.0169812515377998,0.0824249088764191,20.5809307098389,16.2066669464111,1.43449556827545,7.98441410064697,0.0256238449364901,0.108301632106304
82587,25.0249988533336,40.9250007629395,0.865888655185699,18.3102340698242,17.5123252868652,10.8881731033325,8.13422298431396,0.00798839144408703,0.0130268968641758,19.8184261322021,19.6794490814209,12.5671701431274,8.04533100128174,0.00689639570191503,0.00766350049525499
82953,1.07499966423892,40.8750007629395,0.813436985015869,19.2513332366943,15.33118724823,2.37069058418274,8.05964946746826,0.012833503074944,0.0363704226911068,20.2403087615967,16.84228515625,3.52641081809998,7.97079801559448,0.0123626654967666,0.00810109172016382
82964,1.62499964561688,40.8750007629395,0.678421914577484,19.1487426757812,15.1135873794556,1.54673278331757,8.06301021575928,0.0398739948868752,0.0492622628808022,20.1419200897217,16.888126373291,2.30892276763916,7.97327041625977,0.0466393902897835,0.0148555254563689
82975,2.17499962699484,40.8750007629395,0.662082433700562,19.0583629608154,15.0640802383423,1.47461378574371,8.06391143798828,0.0360788702964783,0.0319439768791199,20.1163101196289,16.8673095703125,2.35746908187866,7.97373104095459,0.0496271438896656,0.00196037464775144
82987,2.77499960667988,40.8750007629395,0.654465019702911,19.015552520752,14.7403869628906,1.39799070358276,8.06517219543457,0.00905443727970123,0.0469894483685493,20.1574211120605,16.4733715057373,2.1588716506958,7.97428035736084,0.0104189300909638,0.0292530320584774
82998,3.32499958805784,40.8750007629395,0.626317918300629,18.8796424865723,14.8578519821167,1.23122549057007,8.06811809539795,0.0187654085457325,0.0448302365839481,20.0900268554688,16.5182857513428,1.87685835361481,7.97690296173096,0.00941354874521494,0.0828945189714432
83038,5.32499952034132,40.8750007629395,0.522409975528717,18.592845916748,14.8366813659668,1.26951491832733,8.07914638519287,0.0968166440725327,0.0545193254947662,19.8115062713623,16.9055213928223,1.60400533676147,7.98936748504639,0.0909002646803856,0.0410539656877518
83099,8.37499941707363,40.8750007629395,0.630500137805939,18.866569519043,15.3533639907837,1.01953506469727,8.06788349151611,0.0144352670758963,0.0050079170614481,20.0235023498535,17.2000389099121,1.19835996627808,7.9804310798645,0.0156441442668438,0.00943654868751764
83180,12.4249992799477,40.8750007629395,0.486277133226395,19.5421371459961,14.429723739624,1.06065261363983,8.07210254669189,0.0161373056471348,0.0505899041891098,20.6850509643555,16.2455062866211,1.53948450088501,7.98493623733521,0.0168338567018509,0.0444451607763767
83423,24.5749988685698,40.8750007629395,0.880321562290192,18.4116153717041,17.1124839782715,9.52721214294434,8.12923908233643,0.0204777419567108,0.0343833900988102,19.9175930023193,19.0514316558838,11.2818593978882,8.04049682617188,0.0196170285344124,0.00314025743864478
83439,25.3749988414832,40.8750007629395,0.744932472705841,18.2055568695068,16.7966270446777,12.2253332138062,8.13982772827148,0.0105924513190985,0.0437056124210358,19.6923427581787,19.0213165283203,13.7115955352783,8.05146503448486,0.00971189606934786,0.064881443977356
83800,1.1749996608531,40.8250007629395,0.782508611679077,19.2791976928711,15.1268091201782,2.25100946426392,8.06018257141113,0.0102363023906946,0.0351360775530338,20.2496032714844,16.7263336181641,3.31683921813965,7.97119045257568,0.0130472425371408,0.0141858626157045
83812,1.77499964053814,40.8250007629395,0.687085270881653,19.1348094940186,15.1913776397705,1.47729086875916,8.061692237854,0.0454283244907856,0.0580523125827312,20.161657333374,17.0226383209229,2.25825166702271,7.97153329849243,0.0544009804725647,0.0322511568665504
83823,2.3249996219161,40.8250007629395,0.677203774452209,19.0760593414307,15.0274257659912,1.48903548717499,8.06292629241943,0.0236032269895077,0.0313738770782948,20.1547756195068,16.8818111419678,2.29905724525452,7.972580909729,0.0345139540731907,0.0128190834075212
83834,2.87499960329406,40.8250007629395,0.673320353031158,19.0473346710205,14.808632850647,1.43698489665985,8.06494045257568,0.0104243624955416,0.0668342635035515,20.2209300994873,16.5829963684082,2.25551342964172,7.97400951385498,0.0155918905511498,0.030660068616271
83846,3.4749995829791,40.8250007629395,0.628025531768799,18.8698291778564,14.9629068374634,1.24784791469574,8.069260597229,0.0252655502408743,0.0512745715677738,20.0870723724365,16.6922092437744,1.86632752418518,7.97821283340454,0.0130141451954842,0.0953404307365417
83890,5.67499950849093,40.8250007629395,0.53953355550766,18.6046485900879,14.7947912216187,1.29975545406342,8.07741451263428,0.0945684835314751,0.0647352859377861,19.8050231933594,16.8121643066406,1.53498148918152,7.98816919326782,0.0923568904399872,0.0902032181620598
83911,6.72499947293976,40.8250007629395,0.613359928131104,18.6969203948975,14.5607643127441,1.3025985956192,8.07276058197021,0.0360473953187466,0.10855720937252,19.8525485992432,16.6312103271484,1.43048071861267,7.98479557037354,0.0404477752745152,0.0958299562335014
84040,13.174999254554,40.8250007629395,0.456795483827591,19.7416763305664,14.1667432785034,1.24311196804047,8.07360458374023,0.00780441984534264,0.0303094908595085,20.9535999298096,16.2846755981445,1.77753794193268,7.98557043075562,0.00669627776369452,0.00920277927070857
84267,24.5249988702627,40.8250007629395,0.873697996139526,18.4369087219238,16.9663581848145,9.35814380645752,8.12912368774414,0.0249115135520697,0.0485659651458263,19.9433822631836,18.7572422027588,11.0745630264282,8.04038429260254,0.0235341638326645,0.0195282883942127
84279,25.1249988499478,40.8250007629395,0.798362970352173,18.3692264556885,16.7966041564941,11.4744968414307,8.13524913787842,0.00321145495399833,0.0363524295389652,19.8864345550537,18.8429374694824,12.8043947219849,8.04631805419922,0.000893096497748047,0.0492563471198082
84638,0.824999672703489,40.7750007629395,0.956417858600616,19.0435161590576,16.7001724243164,3.39548993110657,8.05887508392334,0.0127667197957635,0.0033505626488477,20.0543193817139,18.0743350982666,4.41857242584229,7.96980237960815,0.0144606595858932,0.00304641504772007
84649,1.37499965408145,40.7750007629395,0.71864914894104,19.2397518157959,15.0685243606567,1.85265040397644,8.0604248046875,0.0299048405140638,0.0331171117722988,20.2034969329834,16.7841720581055,2.66220664978027,7.97101211547852,0.0337963998317719,0.0493249371647835
84661,1.97499963376649,40.7750007629395,0.712131381034851,19.1324424743652,15.1987476348877,1.47035253047943,8.06153678894043,0.0322210043668747,0.0796600952744484,20.2051830291748,17.0416240692139,2.26695609092712,7.97120952606201,0.0414194464683533,0.0174286123365164
84672,2.52499961514445,40.7750007629395,0.691739618778229,19.1093711853027,14.9417848587036,1.4987975358963,8.06293201446533,0.0125631261616945,0.0555648319423199,20.2242050170898,16.8527050018311,2.20644092559814,7.97237253189087,0.0136534795165062,0.0801156014204025
84683,3.0749995965224,40.7750007629395,0.701833844184875,19.0598049163818,14.9013938903809,1.44336771965027,8.06549263000488,0.00532265473157167,0.100523196160793,20.2571544647217,16.601375579834,2.31022047996521,7.97446727752686,0.0123689360916614,0.186044558882713
84695,3.67499957620745,40.7750007629395,0.612716138362885,18.8938674926758,15.0739002227783,1.24462258815765,8.07094955444336,0.0276180803775787,0.0349188670516014,20.1004524230957,16.8509654998779,1.87356901168823,7.98019504547119,0.0198986772447824,0.00867503322660922
84743,6.07499949494763,40.7750007629395,0.580772817134857,18.6858749389648,14.452205657959,1.29083847999573,8.07549095153809,0.0655213221907616,0.144873306155205,19.858757019043,16.7291374206543,1.47846174240112,7.98635149002075,0.0677855908870697,0.112328208982944
84890,13.4249992460894,40.7750007629395,0.428341209888458,19.7998867034912,14.0648822784424,1.15887200832367,8.07339191436768,0.00588892865926027,0.0104510365054011,21.0085353851318,16.0307769775391,1.74400281906128,7.9848747253418,0.00214110501110554,0.0234056357294321
85107,24.2749988787273,40.7750007629395,0.863563358783722,18.6961402893066,16.8819389343262,8.54610919952393,8.12622165679932,0.0134201142936945,0.0179070346057415,20.1911468505859,18.4114093780518,10.4317960739136,8.03765964508057,0.0112126991152763,0.0100060980767012
85121,24.9749988550265,40.7750007629395,0.793651640415192,18.480806350708,16.4972915649414,11.0331983566284,8.13387203216553,0.0101858293637633,0.0577526949346066,19.9977378845215,18.444730758667,12.285059928894,8.04486465454102,0.00955513957887888,0.0416598580777645
85485,0.924999669317663,40.7250007629395,0.933471500873566,19.1377658843994,16.2763557434082,3.27118611335754,8.05815124511719,0.0173150710761547,0.0121493432670832,20.1439971923828,17.690938949585,4.36043310165405,7.96932029724121,0.0216433871537447,0.00863323546946049
85496,1.47499965069562,40.7250007629395,0.713963747024536,19.2216682434082,15.1230688095093,1.70875799655914,8.05983924865723,0.0429304949939251,0.057555478066206,20.2048397064209,16.890869140625,2.38628482818604,7.97001838684082,0.0482828244566917,0.0823797658085823
85507,2.02499963207358,40.7250007629395,0.715150237083435,19.1454811096191,15.2121143341064,1.50251698493958,8.06144523620605,0.0269800648093224,0.0682921037077904,20.2252674102783,17.0710849761963,2.29258298873901,7.971116065979,0.0362802073359489,0.0386988557875156
85519,2.62499961175862,40.7250007629395,0.707179248332977,19.1296253204346,14.8842525482178,1.546875,8.06349945068359,0.0112877124920487,0.0903604403138161,20.2634181976318,16.7900810241699,2.28216505050659,7.97286081314087,0.0145252896472812,0.14270780980587
85530,3.17499959313658,40.7250007629395,0.702398419380188,19.0564842224121,14.9293069839478,1.41220045089722,8.06629371643066,0.00721353152766824,0.115769609808922,20.2546043395996,16.6287231445312,2.21238422393799,7.97532176971436,0.00954992882907391,0.200475931167603
85541,3.72499957451454,40.7250007629395,0.607474446296692,18.9115333557129,15.0846862792969,1.23018050193787,8.07106494903564,0.0270860902965069,0.0302471071481705,20.1092071533203,16.852855682373,1.87471497058868,7.98039388656616,0.0209427978843451,0.00145524123217912
85589,6.12499949325471,40.7250007629395,0.590936124324799,18.7140369415283,14.4563302993774,1.30798673629761,8.075026512146,0.0628665238618851,0.153203070163727,19.8807334899902,16.7007846832275,1.50691545009613,7.98590040206909,0.0651990473270416,0.111168429255486
85734,13.3749992477823,40.7250007629395,0.437494665384293,19.7991161346436,14.1344089508057,1.16370701789856,8.0726957321167,0.0101712206378579,0.0169029943645,21.0094318389893,16.1857662200928,1.74572324752808,7.98431634902954,0.00504000997170806,0.00964152626693247
85949,24.124998883806,40.7250007629395,0.860734641551971,18.7919578552246,16.8149433135986,8.06548690795898,8.12454891204834,0.00616225274279714,0.00928469840437172,20.2784328460693,18.3497829437256,10.0027828216553,8.03619861602783,0.00422268500551581,0.0124200750142336
85964,24.8749988584123,40.7250007629395,0.806047320365906,18.5033416748047,16.58469581604,10.7713928222656,8.13174915313721,0.0145042538642883,0.0377693772315979,20.0182132720947,18.4902362823486,12.071418762207,8.04282093048096,0.013564488850534,0.00755335576832294
85975,25.4249988397903,40.7250007629395,0.657674014568329,18.4066143035889,16.4571876525879,12.8044528961182,8.14178657531738,0.0151237715035677,0.0704972967505455,19.9040470123291,18.5726852416992,14.155369758606,8.05340576171875,0.0161515157669783,0.125740736722946
86338,1.32499965577436,40.6750007629395,0.728816211223602,19.2829875946045,15.0791730880737,1.97708892822266,8.05958843231201,0.0305830929428339,0.0231402311474085,20.2423324584961,16.7623863220215,2.77032995223999,7.97034645080566,0.0340560264885426,0.015041084960103
86349,1.87499963715232,40.6750007629395,0.715263247489929,19.1817741394043,15.2660217285156,1.52190816402435,8.06133365631104,0.0292864888906479,0.0645135492086411,20.2504444122314,17.1510314941406,2.25547313690186,7.97103404998779,0.0371661968529224,0.0023209925275296
86360,2.42499961853027,40.6750007629395,0.714929223060608,19.1672458648682,15.0369272232056,1.47941589355469,8.06257915496826,0.0109285237267613,0.0889308378100395,20.283332824707,16.9336624145508,2.21378040313721,7.9721302986145,0.0131641821935773,0.130253657698631
86372,3.02499959821532,40.6750007629395,0.709628045558929,19.1482543945312,14.9250268936157,1.50214290618896,8.0649299621582,0.011235767044127,0.116964221000671,20.3357944488525,16.7409477233887,2.40671157836914,7.97403383255005,0.016324557363987,0.18666373193264
86383,3.57499957959327,40.6750007629395,0.632402658462524,19.0092086791992,15.1462125778198,1.33621644973755,8.06839466094971,0.02246979996562,0.0170170050114393,20.2185821533203,16.9748516082764,1.97177278995514,7.97754526138306,0.0107555566355586,0.0313504114747047
86441,6.47499948140432,40.6750007629395,0.556787550449371,18.7753925323486,14.534478187561,1.32696986198425,8.07322025299072,0.0441236421465874,0.0381832607090473,19.9313869476318,16.5757217407227,1.46156668663025,7.98445463180542,0.0441982969641685,0.0206406731158495
86507,9.77499936967206,40.6750007629395,0.612581312656403,19.1907405853271,15.4873037338257,1.02002084255219,8.06692123413086,0.0293306075036526,0.0223123375326395,20.4214572906494,17.556037902832,1.3006933927536,7.97978162765503,0.0283796526491642,0.00814212206751108
86585,13.6749992376249,40.6750007629395,0.442933350801468,19.8186893463135,14.1327142715454,1.11525869369507,8.0738410949707,0.0203989874571562,0.076505720615387,21.0287456512451,16.0796585083008,1.80379498004913,7.98509359359741,0.0164660848677158,0.0592891834676266
86797,24.2749988787273,40.6750007629395,0.831484735012054,18.7939128875732,16.4034404754639,8.53092861175537,8.12528705596924,0.00963347032666206,0.0195201765745878,20.2814483642578,17.8568820953369,10.3380146026611,8.0368013381958,0.00690353848040104,0.0150568503886461
86813,25.0749988516407,40.6750007629395,0.729742527008057,18.6675930023193,15.5161733627319,11.5012092590332,8.13290882110596,0.0118455775082111,0.147045984864235,20.1582794189453,17.4044761657715,12.52707862854,8.04397583007812,0.0157628823071718,0.228080749511719
87172,0.774999674396402,40.6250007629395,0.964188754558563,19.3515739440918,16.9191570281982,3.73720693588257,8.05975437164307,0.0116275567561388,0.0177263095974922,20.3746013641357,18.6414413452148,4.93117523193359,7.97041511535645,0.0117159420624375,0.000569248804822564
87184,1.37499965408145,40.6250007629395,0.724253296852112,19.2849311828613,15.1016683578491,1.90147602558136,8.05925846099854,0.0392550937831402,0.0378354340791702,20.2506275177002,16.8298206329346,2.62827277183533,7.96968698501587,0.043963897973299,0.0627984702587128
87195,1.9249996354594,40.6250007629395,0.719613134860992,19.1935157775879,15.2581443786621,1.56818222999573,8.06078052520752,0.0233211237937212,0.0485933199524879,20.2669830322266,17.1327495574951,2.31169986724854,7.97041273117065,0.0311476495116949,0.0375446155667305
87206,2.47499961683736,40.6250007629395,0.727607429027557,19.1918430328369,14.9890432357788,1.54856264591217,8.06229496002197,0.00663817720487714,0.0976522117853165,20.31715965271,16.9245758056641,2.27170538902283,7.9718599319458,0.010912443511188,0.185485571622849
87218,3.0749995965224,40.6250007629395,0.679859220981598,19.1813049316406,14.9403858184814,1.49296140670776,8.06437015533447,0.0129334544762969,0.0658866986632347,20.3666133880615,16.773078918457,2.35021924972534,7.97362422943115,0.0154678821563721,0.127386897802353
87229,3.62499957790036,40.6250007629395,0.633288621902466,19.0467529296875,15.13414478302,1.37267398834229,8.06766510009766,0.0311717931181192,0.0259068533778191,20.2495193481445,16.9671211242676,1.98234331607819,7.97685146331787,0.0217178016901016,0.0438589006662369
87255,4.92499953388463,40.6250007629395,0.607555270195007,18.9948024749756,14.9506044387817,1.37008166313171,8.07690238952637,0.0255760289728642,0.103383846580982,20.1630744934082,16.9240112304688,1.82591354846954,7.98658561706543,0.0219083558768034,0.105500467121601
87297,7.02499946278228,40.6250007629395,0.590070009231567,18.8649253845215,14.6018629074097,1.29242074489594,8.07015800476074,0.0221496485173702,0.0356261730194092,20.0077991485596,16.6154594421387,1.44663238525391,7.98204517364502,0.0180908665060997,0.0369262248277664
87440,14.1749992206957,40.6250007629395,0.371672302484512,19.7937240600586,13.7050724029541,0.996961295604706,8.07668399810791,0.011902411468327,0.0345906540751457,20.9693946838379,15.7325258255005,1.73808193206787,7.98808526992798,0.0173478983342648,0.0346222408115864
87640,24.1749988821131,40.6250007629395,0.815692484378815,18.8615760803223,16.0746078491211,8.36278533935547,8.12393188476562,0.00603781780228019,0.0284495614469051,20.3395576477051,17.7414989471436,10.1648454666138,8.03558540344238,0.0056111104786396,0.0287664700299501
87655,24.9249988567194,40.6250007629395,0.758856952190399,18.6704750061035,15.6813564300537,11.1585540771484,8.13059329986572,0.00723025808110833,0.115020535886288,20.1468486785889,17.4727783203125,12.2811336517334,8.04162406921387,0.00902180373668671,0.15232190489769
87690,26.6749987974675,40.6250007629395,0.789903402328491,17.8460884094238,18.5753879547119,12.6316022872925,8.1580228805542,0.107993096113205,0.186720535159111,19.2409286499023,21.5760459899902,14.7462606430054,8.07730865478516,0.1075299680233,0.167510122060776
88023,1.07499966423892,40.5750007629395,0.831257224082947,19.3820915222168,15.1926507949829,3.02894687652588,8.05988121032715,0.0271536074578762,0.0305806491523981,20.3672523498535,16.922004699707,4.31225919723511,7.9709300994873,0.0335403047502041,0.0174417458474636
88034,1.62499964561688,40.5750007629395,0.724375188350677,19.238338470459,15.2590570449829,1.65517294406891,8.05932903289795,0.0474210269749165,0.0699228346347809,20.258207321167,17.1863994598389,2.23317909240723,7.96917390823364,0.056036401540041,0.000565875670872629
88045,2.17499962699484,40.5750007629395,0.714292228221893,19.2045478820801,15.16761302948,1.527752161026,8.06118965148926,0.0153100062161684,0.0543016642332077,20.2978210449219,16.9692497253418,2.26016211509705,7.97093677520752,0.0212480239570141,0.0422867275774479
88057,2.77499960667988,40.5750007629395,0.738469779491425,19.2285842895508,14.8856048583984,1.62835192680359,8.06272506713867,0.0154182957485318,0.142818599939346,20.3855037689209,16.8738555908203,2.38368034362793,7.97221517562866,0.0225730333477259,0.262497663497925
88068,3.32499958805784,40.5750007629395,0.670233607292175,19.1889839172363,15.0658941268921,1.56278538703918,8.06484222412109,0.025935722514987,0.0438306219875813,20.3771381378174,16.9572715759277,2.28770303726196,7.97413158416748,0.0232620965689421,0.0363438054919243
88079,3.8749995694358,40.5750007629395,0.616751551628113,19.0685348510742,15.0017347335815,1.30000913143158,8.06852722167969,0.047643106430769,0.0758428648114204,20.2563629150391,16.7488613128662,1.83484017848969,7.97777557373047,0.0463096871972084,0.082370325922966
88151,7.47499944754606,40.5750007629395,0.590045928955078,18.9707527160645,14.417366027832,1.24641716480255,8.06712055206299,0.0334871560335159,0.0768793746829033,20.1289863586426,16.2114772796631,1.47972977161407,7.97927474975586,0.0162620153278112,0.000866101821884513
88294,14.6249992054595,40.5750007629395,0.352323114871979,19.6686534881592,13.6659746170044,0.852103173732758,8.07697677612305,0.0137324510142207,0.0146257858723402,20.8107166290283,15.9170637130737,1.51699817180634,7.9886474609375,0.0209238659590483,0.0275936238467693
88459,22.8749989261289,40.5750007629395,0.895601391792297,19.0732612609863,20.6779747009277,3.97800374031067,8.12012195587158,0.0104226907715201,0.015305919572711,20.576681137085,22.5216674804688,6.2045521736145,8.03209590911865,0.00931172724813224,0.00259014405310154
88487,24.2749988787273,40.5750007629395,0.793213903903961,18.8737297058105,15.7719583511353,8.67138862609863,8.12397956848145,0.0101925805211067,0.0400744117796421,20.3456764221191,17.5042514801025,10.3586330413818,8.03557682037354,0.0105089452117681,0.0496532618999481
88498,24.8249988601053,40.5750007629395,0.831535398960114,18.689582824707,15.8537464141846,10.9323720932007,8.12716960906982,0.00710177142173052,0.175422117114067,20.1606407165527,17.7291870117188,12.0312652587891,8.03824806213379,0.00327335065230728,0.153961792588234
88531,26.4749988042391,40.5750007629395,0.647446155548096,17.8284511566162,17.6440525054932,13.4674377441406,8.15564060211182,0.0080654788762331,0.00206073513254523,19.189847946167,20.6263294219971,15.5094919204712,8.07361221313477,0.0136399008333683,0.0133617278188467
88860,0.674999677782228,40.5250007629395,0.940744340419769,19.3636455535889,16.3969745635986,3.483158826828,8.05966472625732,0.0130656519904733,0.0367471724748611,20.3894329071045,18.2056083679199,4.56978893280029,7.97032880783081,0.011827738955617,0.0143605042248964
88871,1.22499965916019,40.5250007629395,0.766965210437775,19.3755302429199,15.1233377456665,2.41874718666077,8.05925750732422,0.0290963873267174,0.0117321107536554,20.3384227752686,16.8114795684814,3.4935610294342,7.96997594833374,0.0363401286303997,0.0231308378279209
88883,1.82499963884523,40.5250007629395,0.74216639995575,19.2389698028564,15.2190589904785,1.65784692764282,8.05978393554688,0.0253847967833281,0.0774979591369629,20.2941951751709,17.0480327606201,2.36063432693481,7.96940040588379,0.0296610202640295,0.0730529725551605
88894,2.37499962022319,40.5250007629395,0.710658431053162,19.2416610717773,15.0363216400146,1.57203352451324,8.06150817871094,0.0139977345243096,0.0671891495585442,20.3475875854492,16.9387340545654,2.25737977027893,7.97130537033081,0.00978190638124942,0.0735058560967445
88905,2.92499960160114,40.5250007629395,0.645934998989105,19.2650756835938,14.8356285095215,1.59575879573822,8.06317806243896,0.025727417320013,0.0218717642128468,20.4348030090332,16.8004360198975,2.40208125114441,7.97277212142944,0.0286537650972605,0.0248914174735546
88917,3.52499958128619,40.5250007629395,0.669017255306244,19.2265205383301,15.0814552307129,1.56314647197723,8.06511402130127,0.0543680042028427,0.0954837799072266,20.4118671417236,17.0309886932373,2.22627305984497,7.97434186935425,0.052553404122591,0.130470603704453
88938,4.57499954573501,40.5250007629395,0.622812628746033,19.0815773010254,14.9293851852417,1.34127581119537,8.07363510131836,0.0218273121863604,0.108586579561234,20.2629814147949,16.8604049682617,1.79713070392609,7.98292303085327,0.0263169314712286,0.143131747841835
88949,5.12499952711297,40.5250007629395,0.606427431106567,19.1019515991211,14.8937692642212,1.41370940208435,8.07543087005615,0.0360793396830559,0.118703693151474,20.2398662567139,16.8912925720215,1.82667875289917,7.9853515625,0.0281717348843813,0.0809829831123352
88998,7.57499944416024,40.5250007629395,0.574546039104462,19.0344886779785,14.3867673873901,1.28714883327484,8.06674957275391,0.0324472412467003,0.0492880195379257,20.1936016082764,16.1894416809082,1.52401947975159,7.97883605957031,0.0179004780948162,0.0157847516238689
89140,14.6749992037666,40.5250007629395,0.350677967071533,19.7691230773926,13.7817354202271,0.851615071296692,8.07771110534668,0.0130597669631243,0.0170250404626131,20.9228572845459,16.0172863006592,1.51851403713226,7.98944664001465,0.021799249574542,0.0320783518254757
89329,24.124998883806,40.5250007629395,0.759937465190887,18.9451732635498,15.5605325698853,8.45728397369385,8.12352848052979,0.0144345294684172,0.0234711784869432,20.4126586914062,17.520528793335,10.1506967544556,8.03527450561523,0.0164581034332514,0.021765174344182
89340,24.674998865184,40.5250007629395,0.765759587287903,18.7773323059082,15.4996938705444,10.5012989044189,8.12569427490234,0.00504206959158182,0.0722853094339371,20.224292755127,17.4864482879639,11.5803728103638,8.0368185043335,0.000655464886222028,0.0525597780942917
89351,25.224998846562,40.5250007629395,0.612678349018097,18.7280902862549,15.0999851226807,12.1991939544678,8.13134479522705,0.00642711715772749,0.0521141178905964,20.2284317016602,17.0781936645508,13.7117376327515,8.04262161254883,0.00903932470828295,0.0743941217660904
89707,0.774999674396402,40.4750007629395,0.901501059532166,19.4101009368896,15.7776861190796,3.20157217979431,8.05890846252441,0.0147561067715287,0.0529818050563335,20.4274120330811,17.6395874023438,4.3274941444397,7.96954298019409,0.0123057411983609,0.0301197152584791
89718,1.32499965577436,40.4750007629395,0.734331786632538,19.3487663269043,15.1214952468872,2.07893109321594,8.05900859832764,0.0400817319750786,0.0268390532582998,20.3089580535889,16.8472080230713,3.00156712532043,7.96965503692627,0.0476006381213665,0.0335843041539192
89729,1.87499963715232,40.4750007629395,0.735380053520203,19.245677947998,15.1858396530151,1.64063966274261,8.05995273590088,0.0211861077696085,0.0694580972194672,20.3030757904053,16.9857540130615,2.34002423286438,7.96964693069458,0.0248259138315916,0.082656517624855
89741,2.47499961683736,40.4750007629395,0.697459399700165,19.2622127532959,14.997181892395,1.5958559513092,8.06177043914795,0.0131633533164859,0.0492999367415905,20.3752841949463,16.943042755127,2.30558323860168,7.9715051651001,0.00171672564465553,0.044529277831316
89752,3.02499959821532,40.4750007629395,0.666584551334381,19.2878513336182,14.8505926132202,1.58911776542664,8.06312561035156,0.035368237644434,0.078837662935257,20.4621486663818,16.8083877563477,2.39323377609253,7.97277069091797,0.0380532331764698,0.131683751940727
89763,3.57499957959327,40.4750007629395,0.672954142093658,19.2506065368652,15.0649862289429,1.55547738075256,8.065354347229,0.0655485615134239,0.128742814064026,20.4322395324707,17.0137348175049,2.17913031578064,7.97461175918579,0.0653093233704567,0.165460482239723
89784,4.6249995440421,40.4750007629395,0.637279212474823,19.0999317169189,14.9574222564697,1.34993326663971,8.0737247467041,0.0233653970062733,0.133387595415115,20.2754917144775,16.8957557678223,1.80310940742493,7.98315000534058,0.0267308056354523,0.173387721180916
89795,5.17499952542006,40.4750007629395,0.6112380027771,19.1244659423828,14.858452796936,1.41029763221741,8.07505226135254,0.0400095880031586,0.138096913695335,20.2572803497314,16.8689918518066,1.82804298400879,7.98515367507935,0.0317413322627544,0.0807367265224457
89843,7.57499944416024,40.4750007629395,0.572463929653168,19.0486125946045,14.3812427520752,1.30060112476349,8.06666088104248,0.0315682962536812,0.0431188754737377,20.2070960998535,16.1929721832275,1.53703844547272,7.9787163734436,0.0175720117986202,0.0117518017068505
89982,14.5249992088453,40.4750007629395,0.373125344514847,19.7976360321045,13.938364982605,0.906755983829498,8.07643985748291,0.00853157695382833,0.0111080445349217,20.9724216461182,16.1267356872559,1.57388234138489,7.98799896240234,0.0149320354685187,0.0148878637701273
90173,24.0749988854989,40.4750007629395,0.755237102508545,18.9775981903076,15.5598154067993,8.355149269104,8.12360763549805,0.0152917942032218,0.0235283616930246,20.4439105987549,17.5600299835205,10.0478286743164,8.03541088104248,0.0169282518327236,0.0286555681377649
90185,24.674998865184,40.4750007629395,0.762467443943024,18.8014869689941,15.2929220199585,10.6703510284424,8.12491703033447,0.00421267561614513,0.100996248424053,20.2434978485107,17.321756362915,11.7613801956177,8.03607082366943,0.00309916329570115,0.074193462729454
90547,0.524999682860967,40.4250007629395,0.919223129749298,19.3306713104248,16.3471260070801,3.55445075035095,8.06594657897949,0.00831168983131646,0.0180714316666126,20.3608875274658,18.1165256500244,4.65385055541992,7.97722482681274,0.00832509156316519,0.00867219921201468
90558,1.07499966423892,40.4250007629395,0.791358947753906,19.4516506195068,15.1518688201904,2.66293215751648,8.05992031097412,0.0257688574492931,0.0266578067094088,20.4232769012451,16.8658790588379,4.06510782241821,7.97103548049927,0.0318329818546772,0.0188194029033184
90570,1.67499964392397,40.4250007629395,0.721230268478394,19.2813262939453,15.1826057434082,1.62768256664276,8.05913829803467,0.0378113612532616,0.0714223757386208,20.3078060150146,17.0698127746582,2.32961893081665,7.96900367736816,0.0453514084219933,0.0106156263500452
90581,2.22499962530193,40.4250007629395,0.698218584060669,19.2765769958496,15.1116285324097,1.60112249851227,8.06092739105225,0.0201540347188711,0.0358322039246559,20.3608837127686,17.0425605773926,2.25821590423584,7.97086143493652,0.0155488215386868,0.0222971942275763
90592,2.77499960667988,40.4250007629395,0.69477391242981,19.3103141784668,14.8494129180908,1.65798449516296,8.06225967407227,0.0368020869791508,0.110173217952251,20.444974899292,16.8686389923096,2.40383791923523,7.97194242477417,0.03600849583745,0.122732661664486
90604,3.37499958636493,40.4250007629395,0.673300206661224,19.3501453399658,15.0276107788086,1.55743479728699,8.06414318084717,0.0700873285531998,0.142526298761368,20.5273208618164,17.0313892364502,2.23042678833008,7.97356510162354,0.078398771584034,0.194723501801491
90615,3.92499956774288,40.4250007629395,0.618310511112213,19.2607154846191,14.926947593689,1.42865896224976,8.06748104095459,0.0896416008472443,0.139462471008301,20.4342594146729,16.7593078613281,1.86821806430817,7.97673749923706,0.0934289768338203,0.149344339966774
90635,4.92499953388463,40.4250007629395,0.639471471309662,19.1853256225586,14.9365224838257,1.41327238082886,8.07437610626221,0.0348771661520004,0.16605718433857,20.3229446411133,16.9078063964844,1.85518825054169,7.98404598236084,0.0272479895502329,0.186685726046562
90682,7.27499945431771,40.4250007629395,0.584379613399506,19.0204219818115,14.4081707000732,1.26022779941559,8.06750679016113,0.02543755620718,0.0642742216587067,20.1493167877197,16.414026260376,1.42724752426147,7.97940587997437,0.0111842826008797,0.0258401185274124
90819,14.1249992223886,40.4250007629395,0.429448366165161,19.9141235351562,14.3607330322266,1.02001798152924,8.07266807556152,0.0101713016629219,0.0154094966128469,21.1307163238525,16.4418544769287,1.73536050319672,7.98408222198486,0.0106601063162088,0.000487179175252095
90993,22.8249989278218,40.4250007629395,0.688822746276855,19.2923450469971,16.4085788726807,4.65493726730347,8.12050437927246,0.0109657663851976,0.0117267146706581,20.7581901550293,18.6748332977295,6.91209125518799,8.03246688842773,0.0100503200665116,0.0046078241430223
91023,24.3249988770344,40.4250007629395,0.70610499382019,18.9497337341309,15.0990352630615,9.68005847930908,8.12309455871582,0.0179979056119919,0.0116437217220664,20.4048938751221,17.1489524841309,11.2342157363892,8.03475475311279,0.0219365134835243,0.0276441462337971
91034,24.8749988584123,40.4250007629395,0.663997054100037,18.8205604553223,14.830418586731,12.0174932479858,8.12588405609131,0.00872478261590004,0.121355161070824,20.2597141265869,16.8660488128662,13.2357521057129,8.03695964813232,0.0097407614812255,0.168357208371162
91399,0.874999671010577,40.3750007629395,0.803344130516052,19.5023288726807,15.2177114486694,2.76525449752808,8.06045627593994,0.0128355175256729,0.0131200421601534,20.4931488037109,17.0828132629395,3.96621298789978,7.97161865234375,0.0128859849646688,0.00866791140288115
91410,1.42499965238853,40.3750007629395,0.704489648342133,19.3522205352783,15.1390781402588,1.88823282718658,8.05823135375977,0.0545998029410839,0.0208922121673822,20.3233299255371,16.9459266662598,2.73015522956848,7.96867179870605,0.0665987432003021,0.0401146225631237
91421,1.97499963376649,40.3750007629395,0.695841491222382,19.2863922119141,15.1121435165405,1.59770548343658,8.05988311767578,0.0169535987079144,0.0142718562856317,20.3404560089111,16.9019584655762,2.27813243865967,7.96975374221802,0.0177351590245962,0.0228874590247869
91433,2.57499961345153,40.3750007629395,0.683164954185486,19.3229084014893,14.9918012619019,1.6178252696991,8.06128406524658,0.0372068397700787,0.0667613670229912,20.4290256500244,16.9869995117188,2.35756826400757,7.97114610671997,0.0327529273927212,0.108091108500957
91444,3.12499959482949,40.3750007629395,0.690746188163757,19.3689594268799,14.8897924423218,1.59941256046295,8.06275463104248,0.0699013322591782,0.170480266213417,20.5318832397461,16.8875408172607,2.30189609527588,7.97246122360229,0.0782358571887016,0.247817307710648
91455,3.67499957620745,40.3750007629395,0.684142172336578,19.3580856323242,15.0474452972412,1.5719895362854,8.06480503082275,0.0885250642895699,0.185024544596672,20.5278968811035,16.997859954834,2.0890371799469,7.9741358757019,0.0960820689797401,0.243033081293106
91475,4.67499954234919,40.3750007629395,0.668673694133759,19.1742992401123,14.9724702835083,1.37223446369171,8.07219791412354,0.0254832468926907,0.175774231553078,20.3371353149414,16.9294853210449,1.81917524337769,7.98166036605835,0.0327830277383327,0.235007047653198
91486,5.22499952372715,40.3750007629395,0.630387246608734,19.2237739562988,14.8352289199829,1.38043284416199,8.07324886322021,0.0453399382531643,0.181408703327179,20.3505096435547,16.8818244934082,1.77430391311646,7.98345232009888,0.0360841639339924,0.0766234025359154
91520,6.9249994661681,40.3750007629395,0.566028773784637,19.0147705078125,14.4480428695679,1.29135537147522,8.06883907318115,0.0269122179597616,0.0350011214613914,20.1465034484863,16.5124282836914,1.40408909320831,7.98046112060547,0.0337576605379581,0.012629802338779
91657,13.774999234239,40.3750007629395,0.492352306842804,19.9124813079834,14.6016530990601,1.07879793643951,8.06869983673096,0.0129311569035053,0.0458830781280994,21.1654891967773,16.9197254180908,1.78216445446014,7.98010635375977,0.0164737924933434,0.0609779097139835
91863,24.0749988854989,40.3750007629395,0.758972942829132,19.0547866821289,15.5228624343872,8.39944458007812,8.12189197540283,0.0118248555809259,0.0219546742737293,20.5177631378174,17.496057510376,10.0891189575195,8.03376579284668,0.0124895879998803,0.025703314691782
91875,24.674998865184,40.3750007629395,0.737101256847382,18.8632946014404,14.6439619064331,11.5025625228882,8.12269401550293,0.0168823674321175,0.211474284529686,20.3046951293945,16.6157550811768,12.8824815750122,8.03392314910889,0.023606127128005,0.173594579100609
92241,0.724999676089316,40.3250007629395,0.797667384147644,19.5270385742188,15.2564687728882,2.77703309059143,8.06300354003906,0.00846370495855808,0.0204045176506042,20.5227813720703,17.2463302612305,3.92537760734558,7.97450923919678,0.00725190620869398,0.0246477015316486
92252,1.27499965746727,40.3250007629395,0.752077043056488,19.4219760894775,15.0638151168823,2.30688858032227,8.05779933929443,0.0403195880353451,0.0236457195132971,20.3782577514648,16.8440971374512,3.4962043762207,7.96854257583618,0.0507224649190903,0.0411277301609516
92264,1.87499963715232,40.3250007629395,0.711458206176758,19.3111190795898,15.0627851486206,1.56236982345581,8.05899333953857,0.0169984456151724,0.0531843081116676,20.3455448150635,16.8801422119141,2.23204517364502,7.96896409988403,0.0167225617915392,0.0186011213809252
92275,2.42499961853027,40.3250007629395,0.691522121429443,19.3299560546875,15.1572732925415,1.57933712005615,8.06071376800537,0.0393571890890598,0.0611915327608585,20.4121799468994,17.2374019622803,2.31676483154297,7.97070550918579,0.0338801667094231,0.0765070095658302
92286,2.97499959990823,40.3250007629395,0.702146470546722,19.3914451599121,14.8649988174438,1.65837359428406,8.06177043914795,0.0816222280263901,0.188418000936508,20.5258312225342,16.8557224273682,2.37777829170227,7.97178030014038,0.0918565988540649,0.258542090654373
92298,3.57499957959327,40.3250007629395,0.708427488803864,19.4153614044189,15.0675230026245,1.61942756175995,8.0631856918335,0.0893857851624489,0.204215332865715,20.5792255401611,17.0677547454834,2.1618971824646,7.97274589538574,0.100927695631981,0.268233478069305
92309,4.12499956097123,40.3250007629395,0.61974972486496,19.305627822876,14.893611907959,1.42135882377625,8.06657028198242,0.0970004424452782,0.153316751122475,20.4723968505859,16.8575096130371,1.85858130455017,7.97587299346924,0.101825192570686,0.138804852962494
92326,4.97499953219171,40.3250007629395,0.671841621398926,19.2498073577881,14.8734617233276,1.38863527774811,8.07190132141113,0.0379102937877178,0.217857658863068,20.378324508667,16.8598594665527,1.81997346878052,7.98161268234253,0.0258910339325666,0.123859792947769
92356,6.47499948140432,40.3250007629395,0.522325932979584,19.0289287567139,14.5821666717529,1.33326578140259,8.07008171081543,0.0690362900495529,0.00684667471796274,20.1952209472656,16.6015758514404,1.41078531742096,7.98112821578979,0.0735387802124023,0.00125592993572356
92491,13.2249992528611,40.3250007629395,0.509102404117584,19.8203449249268,14.8046846389771,1.00403654575348,8.06646919250488,0.0202095955610275,0.0322596430778503,21.028564453125,17.0370464324951,1.54096043109894,7.97844839096069,0.0295660439878702,0.0208289176225662
92680,22.6749989329005,40.3250007629395,0.622630059719086,19.5483951568604,15.9490032196045,4.73807859420776,8.1218729019165,0.0062605319544673,0.00775117054581642,20.9968032836914,18.2181568145752,7.01406908035278,8.03368473052979,0.00566450925543904,0.00792890693992376
92705,23.9249988905777,40.3250007629395,0.665985107421875,19.3361377716064,15.0146322250366,6.85322523117065,8.12116527557373,0.00693987263366579,0.0107400435954332,20.816556930542,16.8944129943848,8.73401069641113,8.03302574157715,0.00636673765257001,0.0139076085761189
92720,24.674998865184,40.3250007629395,0.716368913650513,18.8724842071533,14.5218029022217,11.7653532028198,8.12089157104492,0.0252307001501322,0.210381343960762,20.3183155059814,16.4137744903564,13.3085279464722,8.03213119506836,0.0334239564836025,0.181843400001526
93087,0.774999674396402,40.2750007629395,0.773954451084137,19.5548191070557,15.1511554718018,2.67787671089172,8.06324481964111,0.00555420713499188,0.00895731430500746,20.53977394104,17.1520671844482,3.86450505256653,7.97495937347412,0.0066751972772181,0.00938891340047121
93098,1.32499965577436,40.2750007629395,0.741143405437469,19.413423538208,15.0279130935669,2.130122423172,8.05746746063232,0.0513829812407494,0.056012213230133,20.3687057495117,16.8242053985596,3.13376951217651,7.9682092666626,0.0650749951601028,0.107073359191418
93109,1.87499963715232,40.2750007629395,0.704044103622437,19.3424072265625,15.0468482971191,1.55065596103668,8.05883502960205,0.0156088620424271,0.0453206337988377,20.3641910552979,16.8827514648438,2.19894480705261,7.96893787384033,0.0133908661082387,0.0351018197834492
93121,2.47499961683736,40.2750007629395,0.692800283432007,19.3825778961182,15.1249132156372,1.68447601795197,8.06060600280762,0.0618892274796963,0.0894020050764084,20.4612655639648,17.3154773712158,2.46512603759766,7.97063255310059,0.0642601102590561,0.154901072382927
93132,3.02499959821532,40.2750007629395,0.702478349208832,19.4405212402344,14.9363222122192,1.62300133705139,8.06145858764648,0.102690778672695,0.211916923522949,20.5683364868164,16.9687232971191,2.26009845733643,7.97157382965088,0.118461973965168,0.264952003955841
93143,3.57499957959327,40.2750007629395,0.710712134838104,19.4580402374268,15.074634552002,1.6293249130249,8.06276035308838,0.0842512026429176,0.201151296496391,20.6144847869873,17.1157302856445,2.19452047348022,7.9724292755127,0.09355129301548,0.248314574360847
93155,4.17499955927832,40.2750007629395,0.642590343952179,19.3573589324951,14.8923625946045,1.48255383968353,8.0663013458252,0.0981991142034531,0.184379994869232,20.5259742736816,16.9163131713867,1.98296129703522,7.97565364837646,0.100112266838551,0.156272187829018
93171,4.97499953219171,40.2750007629395,0.669593870639801,19.28249168396,14.9071969985962,1.38548743724823,8.0710620880127,0.0377462208271027,0.206189721822739,20.4065132141113,16.8737144470215,1.81714689731598,7.98086404800415,0.024561982601881,0.105418831110001
93182,5.52499951356967,40.2750007629395,0.624352693557739,19.285680770874,14.799147605896,1.44465208053589,8.07119274139404,0.045746274292469,0.15230393409729,20.4076595306396,16.9745998382568,1.6675318479538,7.98206806182861,0.0411434397101402,0.127829313278198
93192,6.02499949664054,40.2750007629395,0.502378523349762,19.1804237365723,14.6167325973511,1.39981389045715,8.07059478759766,0.0906453281641006,0.0104203745722771,20.3131999969482,16.8448753356934,1.6076625585556,7.9816722869873,0.0798535197973251,0.00486644497141242
93325,12.6749992714831,40.2750007629395,0.553168475627899,19.7190799713135,14.8750057220459,1.12145912647247,8.06614971160889,0.00590962218120694,0.0282185543328524,20.9200077056885,17.0644664764404,1.52439630031586,7.97841167449951,0.00300487480126321,0.0340536534786224
93553,24.0749988854989,40.2750007629395,0.673115432262421,19.2747592926025,14.6297607421875,8.12007236480713,8.11998748779297,0.00517843430861831,0.0118565848097205,20.746789932251,16.4529762268066,10.1640892028809,8.03196048736572,0.0062962886877358,0.00152351858559996
93582,25.5249988364045,40.2750007629395,0.376762390136719,18.5082588195801,14.5384311676025,15.2907371520996,8.13625240325928,0.0563368871808052,0.23615887761116,19.9675807952881,16.4238910675049,16.9585742950439,8.04823207855225,0.0733756646513939,0.342590183019638
93922,0.274999691325532,40.2250007629395,0.910063803195953,19.4109058380127,16.5337181091309,3.39989590644836,8.06716728210449,0.00852839555591344,0.0115935131907463,20.4444599151611,18.2435684204102,4.37893724441528,7.97897911071777,0.00829006917774677,0.0093414755538106
93933,0.824999672703489,40.2250007629395,0.774333477020264,19.5599670410156,15.0944213867188,2.65731167793274,8.06191253662109,0.00813000276684761,0.0124124260619283,20.5331325531006,17.0453624725342,3.85148000717163,7.97355365753174,0.0109144086018205,0.00907046720385553
93945,1.42499965238853,40.2250007629395,0.718882977962494,19.3905754089355,15.0445308685303,1.9758894443512,8.05718231201172,0.0565085783600807,0.0425739325582981,20.3546924591064,16.8523368835449,2.80347514152527,7.96779727935791,0.0703265145421028,0.0595582202076912
93956,1.97499963376649,40.2250007629395,0.718576669692993,19.3593349456787,15.0891675949097,1.60808432102203,8.05938148498535,0.022745918482542,0.0757196620106697,20.3874683380127,16.9174900054932,2.30455732345581,7.96945095062256,0.0212808139622211,0.0723219066858292
93967,2.52499961514445,40.2250007629395,0.700482189655304,19.4095878601074,15.1313419342041,1.71253299713135,8.06057262420654,0.0748706832528114,0.117984190583229,20.4858512878418,17.3581466674805,2.47457718849182,7.97065782546997,0.081281378865242,0.192045971751213
93979,3.12499959482949,40.2250007629395,0.720455884933472,19.4779529571533,14.9896049499512,1.59387540817261,8.06160354614258,0.10449593514204,0.245995134115219,20.6129684448242,17.0291557312012,2.17654299736023,7.97169876098633,0.120162904262543,0.278124094009399
93990,3.67499957620745,40.2250007629395,0.680280447006226,19.4646377563477,15.067608833313,1.60348463058472,8.06325626373291,0.0806042104959488,0.160268560051918,20.616735458374,17.117603302002,2.13489747047424,7.97301769256592,0.0870497822761536,0.182149052619934
94001,4.22499955758541,40.2250007629395,0.641927003860474,19.3597316741943,14.9064073562622,1.49219965934753,8.06608295440674,0.0968918725848198,0.176174715161324,20.5247459411621,16.9154796600342,1.99701201915741,7.97566843032837,0.0967103317379951,0.139960184693336
94018,5.07499952880589,40.2250007629395,0.640091896057129,19.3075084686279,14.8807163238525,1.38433885574341,8.07098865509033,0.0441402457654476,0.176167592406273,20.4196758270264,16.9136238098145,1.80514049530029,7.98108291625977,0.0296193473041058,0.0794379413127899
94142,11.2749993188847,40.2250007629395,0.57403963804245,19.6208324432373,14.6051845550537,1.1387232542038,8.06414604187012,0.0176720097661018,0.0875273495912552,20.821813583374,16.7776832580566,1.57782971858978,7.97618436813354,0.0147050535306334,0.0678331479430199
94300,19.1749990514044,40.2250007629395,0.352352321147919,19.6942710876465,13.3268518447876,1.50602829456329,8.08934497833252,0.0436392575502396,0.129125967621803,21.1493854522705,16.0885448455811,1.76528859138489,8.00128173828125,0.0607312247157097,0.149755924940109
94381,23.2249989142785,40.2250007629395,0.613691747188568,19.3727111816406,15.0044794082642,5.22685861587524,8.11712074279785,0.0152878267690539,0.0205581523478031,20.8595848083496,17.0701217651367,7.09396553039551,8.02929210662842,0.012906794436276,0.0138495620340109
94395,23.9249988905777,40.2250007629395,0.678232908248901,19.3276481628418,14.8605766296387,7.43338918685913,8.11990165710449,0.0083095133304596,0.017029894515872,20.7994289398193,16.7462368011475,9.40167140960693,8.03186416625977,0.00883020460605622,0.0212001483887434
94409,24.6249988668769,40.2250007629395,0.639788091182709,18.9052276611328,14.3330249786377,12.107006072998,8.11899948120117,0.0318647921085358,0.138504058122635,20.3617477416992,16.0903701782227,14.0631895065308,8.0303316116333,0.0414795614778996,0.0873373225331306
94776,0.724999676089316,40.1750007629395,0.759627282619476,19.5846862792969,15.0677757263184,2.57657814025879,8.06314277648926,0.00546781532466412,0.0169938113540411,20.5611991882324,17.1081886291504,3.78508067131042,7.97491216659546,0.00776835577562452,0.0191958639770746
94787,1.27499965746727,40.1750007629395,0.744085311889648,19.4576015472412,14.8932085037231,2.23333239555359,8.05725002288818,0.0460585616528988,0.0597671121358871,20.4042205810547,16.6743774414062,3.25092387199402,7.96813488006592,0.0601801350712776,0.120618239045143
94799,1.87499963715232,40.1750007629395,0.721733748912811,19.3910083770752,15.0481443405151,1.62873351573944,8.0584602355957,0.0194511748850346,0.0721272677183151,20.3981742858887,16.9112339019775,2.33997082710266,7.96874141693115,0.0170617587864399,0.124792784452438
94810,2.42499961853027,40.1750007629395,0.711833834648132,19.4500179290771,15.1857070922852,1.76615142822266,8.06016063690186,0.0830582529306412,0.130925580859184,20.5069980621338,17.3809280395508,2.48790192604065,7.97040891647339,0.0912918969988823,0.172371223568916
94821,2.97499959990823,40.1750007629395,0.745768070220947,19.5157070159912,15.1110954284668,1.6655912399292,8.0610990524292,0.124899126589298,0.274203687906265,20.6318473815918,17.2378921508789,2.2689266204834,7.97136402130127,0.143816620111465,0.292932868003845
94833,3.57499957959327,40.1750007629395,0.705106616020203,19.5077896118164,15.0899772644043,1.64082634449005,8.06226825714111,0.0626397728919983,0.163612842559814,20.6509208679199,17.1667079925537,2.24629354476929,7.97219610214233,0.0656566843390465,0.190227702260017
94844,4.12499956097123,40.1750007629395,0.663698554039001,19.4128875732422,14.9301881790161,1.58812367916107,8.06571388244629,0.0744408890604973,0.167556136846542,20.5689563751221,16.9857292175293,2.14976739883423,7.9754786491394,0.07313222438097,0.131424874067307
94862,5.0249995304988,40.1750007629395,0.650739550590515,19.3373870849609,14.9288864135742,1.38759219646454,8.07052898406982,0.0387755483388901,0.177293926477432,20.4469165802002,16.9076805114746,1.82588398456573,7.98066425323486,0.0254401974380016,0.100361287593842
94927,8.27499942045946,40.1750007629395,0.574199616909027,18.8451728820801,14.517466545105,0.99562406539917,8.06738758087158,0.0795829817652702,0.137686714529991,19.974250793457,16.3056888580322,1.26538515090942,7.97917509078979,0.074827566742897,0.149757623672485
95062,15.0249991919162,40.1750007629395,0.366648972034454,19.8109226226807,13.8211603164673,0.790254175662994,8.07270240783691,0.0186047814786434,0.0186354853212833,20.9696025848389,15.87428855896,1.34174346923828,7.98498344421387,0.0278637781739235,0.0114643462002277
95230,23.4249989075068,40.1750007629395,0.65990936756134,19.5947399139404,15.3656120300293,5.56916093826294,8.11554527282715,0.00882682297378778,0.0178662706166506,21.0698204040527,17.5207786560059,6.85645246505737,8.02763938903809,0.00795796513557434,0.0227481313049793
95244,24.124998883806,40.1750007629395,0.677591562271118,19.2537670135498,14.5771961212158,8.88067436218262,8.1190128326416,0.00734530203044415,0.0125867538154125,20.7145595550537,16.3570079803467,10.9585771560669,8.03110694885254,0.0089719220995903,0.00624471856281161
95614,0.374999687939706,40.1250007629395,0.810886204242706,19.5060596466064,15.6605577468872,2.86118102073669,8.06657123565674,0.00661708740517497,0.00289962766692042,20.5247974395752,17.6375064849854,3.8316695690155,7.97840881347656,0.00720437429845332,0.00760102132335305
95626,0.974999667624751,40.1250007629395,0.782293081283569,19.545467376709,14.8720684051514,2.57888770103455,8.05838680267334,0.0155225750058889,0.0482895486056805,20.4979820251465,16.753999710083,3.87303423881531,7.96965551376343,0.0219472385942936,0.0359060503542423
95637,1.52499964900271,40.1250007629395,0.71658992767334,19.4229183197021,14.9584188461304,1.97144818305969,8.05650520324707,0.0468679070472717,0.0350713133811951,20.3900775909424,16.7793025970459,2.67963910102844,7.9671745300293,0.054635014384985,0.0142228836193681
95648,2.07499963038067,40.1250007629395,0.776444852352142,19.4416904449463,15.1478748321533,1.82416355609894,8.05857181549072,0.0533917285501957,0.179100751876831,20.4706707000732,17.0646743774414,2.68734979629517,7.96883678436279,0.0545147992670536,0.20007997751236
95660,2.67499961006571,40.1250007629395,0.740723133087158,19.5125675201416,15.1865425109863,1.69460570812225,8.06018257141113,0.12829552590847,0.244944423437119,20.5919227600098,17.4050598144531,2.29560732841492,7.97057914733887,0.149175673723221,0.29302179813385
95671,3.22499959144367,40.1250007629395,0.745935559272766,19.5453090667725,15.0666589736938,1.73394274711609,8.06103420257568,0.0800155401229858,0.229437336325645,20.6758403778076,17.0978374481201,2.35560321807861,7.9713454246521,0.0843366608023643,0.255866378545761
95682,3.77499957282162,40.1250007629395,0.652640998363495,19.5104064941406,15.1021356582642,1.61781358718872,8.06245708465576,0.0407634675502777,0.0457049496471882,20.6468315124512,17.1768817901611,2.17365908622742,7.97263431549072,0.0411959514021873,0.0474420711398125
95701,4.72499954065628,40.1250007629395,0.612387299537659,19.3134517669678,14.9289541244507,1.39467024803162,8.06862449645996,0.0310660731047392,0.0742817297577858,20.4484519958496,16.7862606048584,1.83776533603668,7.97881031036377,0.0396323427557945,0.0397646687924862
95712,5.27499952203423,40.1250007629395,0.620422899723053,19.3925952911377,14.8458862304688,1.40902101993561,8.0694580078125,0.0571173280477524,0.159523278474808,20.4860095977783,17.0147266387939,1.74162113666534,7.98022937774658,0.0417903773486614,0.114927679300308
95731,6.22499948986889,40.1250007629395,0.508682131767273,19.2376575469971,14.6145648956299,1.31826019287109,8.06877326965332,0.10331729054451,0.0449096634984016,20.3798942565918,16.7332038879395,1.5487756729126,7.98005962371826,0.0921361073851585,0.069358728826046
95866,12.9749992613256,40.1250007629395,0.536005437374115,19.8039531707764,14.9025239944458,1.06022775173187,8.06515121459961,0.00794841907918453,0.0112894522026181,21.0046901702881,17.0796318054199,1.55058550834656,7.97711372375488,0.00888903811573982,0.0123657770454884
96080,23.6749988990423,40.1250007629395,0.668885588645935,19.4794139862061,14.840615272522,6.71901321411133,8.11612319946289,0.00828266888856888,0.0178097691386938,20.9573631286621,16.7166023254395,8.50770378112793,8.02823257446289,0.0082929441705346,0.0218606498092413
96098,24.5749988685698,40.1250007629395,0.603811800479889,18.9515933990479,14.1882810592651,12.3924951553345,8.11607456207275,0.0373928770422935,0.111061722040176,20.4126930236816,15.8550233840942,14.527735710144,8.02760219573975,0.0488133989274502,0.0625608339905739
96455,0.174999694711358,40.0750007629395,0.860123693943024,19.4275703430176,15.9287662506104,3.15148878097534,8.06601047515869,0.014014114625752,0.0149846039712429,20.4635410308838,17.8329524993896,4.12083339691162,7.97812557220459,0.0134626496583223,0.0248022694140673
96466,0.724999676089316,40.0750007629395,0.759299516677856,19.6003112792969,14.9911880493164,2.53259682655334,8.06082820892334,0.00631070835515857,0.0126815540716052,20.570520401001,17.0192337036133,3.71261763572693,7.97234106063843,0.0101537425071001,0.00251067220233381
96477,1.27499965746727,40.0750007629395,0.747184991836548,19.47585105896,14.8062868118286,2.21592092514038,8.05561447143555,0.0462019108235836,0.0665038153529167,20.4217872619629,16.5815372467041,3.08695220947266,7.96644830703735,0.0611053891479969,0.103758804500103
96489,1.87499963715232,40.0750007629395,0.746987760066986,19.4532737731934,15.0555658340454,1.84551954269409,8.05732154846191,0.0328109450638294,0.0933322459459305,20.4515953063965,16.9329395294189,2.67452359199524,7.96778202056885,0.0340396054089069,0.169787123799324
96500,2.42499961853027,40.0750007629395,0.739038527011871,19.5191497802734,15.2665205001831,1.67396020889282,8.05922031402588,0.107945017516613,0.208469077944756,20.5671443939209,17.433126449585,2.3550751209259,7.96967744827271,0.123566672205925,0.219622895121574
96511,2.97499959990823,40.0750007629395,0.779858648777008,19.5792579650879,15.1458377838135,1.81330335140228,8.06043434143066,0.111008420586586,0.288509905338287,20.6960067749023,17.2679500579834,2.40396165847778,7.97088623046875,0.122482419013977,0.346635282039642
96523,3.57499957959327,40.0750007629395,0.666327595710754,19.54567527771,15.1136102676392,1.64713311195374,8.06119728088379,0.0307527650147676,0.0357976369559765,20.675422668457,17.1744766235352,2.25402688980103,7.97154378890991,0.0294778440147638,0.0620839260518551
96534,4.12499956097123,40.0750007629395,0.672222793102264,19.4207000732422,14.9391717910767,1.59714484214783,8.06400394439697,0.0660831779241562,0.150233417749405,20.5682849884033,16.9726028442383,2.15644454956055,7.97429466247559,0.0635702833533287,0.116307802498341
96554,5.12499952711297,40.0750007629395,0.615710437297821,19.4020004272461,14.8757133483887,1.38462221622467,8.06828880310059,0.0476060770452023,0.127167448401451,20.4892158508301,16.9543228149414,1.76421773433685,7.97894859313965,0.030852947384119,0.0735360085964203
96617,8.27499942045946,40.0750007629395,0.617622911930084,18.8467960357666,14.5103445053101,0.985075116157532,8.06661891937256,0.0885787904262543,0.212354272603989,19.9687671661377,16.3377456665039,1.2628128528595,7.97817659378052,0.0807716250419617,0.23514112830162
96668,10.8249993341209,40.0750007629395,0.588684141635895,19.6836833953857,14.7982091903687,1.09824228286743,8.06392574310303,0.0188301745802164,0.101569905877113,20.8857250213623,17.0191955566406,1.51954686641693,7.97586584091187,0.0104039739817381,0.0201255176216364
96805,17.6749991021918,40.0750007629395,0.407314628362656,19.8352146148682,14.7280616760254,1.28165996074677,8.08650970458984,0.0116001646965742,0.00798850506544113,21.1343822479248,17.1286964416504,1.9930739402771,7.99925565719604,0.00853095203638077,0.0180613175034523
96927,23.7749988956564,40.0750007629395,0.673124134540558,19.4332427978516,14.6453800201416,7.46011400222778,8.11528873443604,0.00818952918052673,0.00228720391169189,20.9016723632812,16.3252048492432,9.35150241851807,8.02752780914307,0.00938474107533693,0.0107162343338132
96942,24.5249988702627,40.0750007629395,0.664263546466827,18.9856147766113,14.2838859558105,12.0953159332275,8.11370086669922,0.0473403185606003,0.161857292056084,20.4404258728027,15.9487981796265,14.3297901153564,8.02523040771484,0.0613530240952969,0.142441853880882
97308,0.574999681168054,40.0250007629395,0.754157960414886,19.6252117156982,15.015495300293,2.44429039955139,8.06375217437744,0.0108238887041807,0.0650702267885208,20.6112079620361,17.1137466430664,3.49292159080505,7.97550392150879,0.00637947767972947,0.0551953911781311
97319,1.12499966254601,40.0250007629395,0.769090235233307,19.5243320465088,14.7350940704346,2.39508819580078,8.05600738525391,0.0323200561106205,0.0759070217609406,20.4716148376465,16.6333560943604,3.38390898704529,7.96697854995728,0.0424498096108437,0.102607235312462
97330,1.67499964392397,40.0250007629395,0.748606562614441,19.4799060821533,14.9152498245239,1.89406168460846,8.05640697479248,0.027641549706459,0.0936563909053802,20.457239151001,16.8067951202393,2.70498991012573,7.9670205116272,0.0218192730098963,0.135190337896347
97342,2.27499962360901,40.0250007629395,0.763933300971985,19.5575771331787,15.2689542770386,1.73559880256653,8.05835723876953,0.104666382074356,0.23090298473835,20.5912113189697,17.3622074127197,2.49430418014526,7.96879577636719,0.117748327553272,0.270036071538925
97353,2.82499960498697,40.0250007629395,0.772141635417938,19.622932434082,15.1575317382812,1.86564302444458,8.05983066558838,0.102146938443184,0.258359163999557,20.732364654541,17.3130474090576,2.44275164604187,7.97034978866577,0.115850985050201,0.316433787345886
97364,3.37499958636493,40.0250007629395,0.684128701686859,19.5635089874268,15.0894889831543,1.66757082939148,8.0606861114502,0.0285236835479736,0.0609890259802341,20.6805953979492,17.1426010131836,2.3524227142334,7.97115421295166,0.0218675397336483,0.0736636221408844
97383,4.32499955419958,40.0250007629395,0.626975774765015,19.4540271759033,15.0117244720459,1.59081411361694,8.06437492370605,0.0324385836720467,0.0185974761843681,20.6017379760742,17.042049407959,2.15183043479919,7.97479915618896,0.0234816446900368,0.0256834272295237
97396,4.97499953219171,40.0250007629395,0.637972295284271,19.4094772338867,14.9196443557739,1.36359798908234,8.06765460968018,0.0334459692239761,0.134166538715363,20.4958419799805,16.8709030151367,1.78558492660522,7.97817516326904,0.0258031189441681,0.0610300004482269
97407,5.52499951356967,40.0250007629395,0.628817915916443,19.4520168304443,14.675838470459,1.48966097831726,8.06808853149414,0.065007209777832,0.186412945389748,20.5490207672119,17.0181159973145,1.64277756214142,7.97953796386719,0.0608821660280228,0.208953902125359
97439,7.12499945939645,40.0250007629395,0.587016105651855,19.1919384002686,14.6574478149414,1.356778383255,8.06519222259521,0.0560999549925327,0.0592613220214844,20.289831161499,16.6928672790527,1.52444398403168,7.97661352157593,0.056660458445549,0.0294083002954721
97587,14.5249992088453,40.0250007629395,0.488828659057617,19.9980239868164,14.3857402801514,1.01991260051727,8.06872367858887,0.0238500218838453,0.12041587382555,21.2237930297852,16.349458694458,1.71697092056274,7.98012065887451,0.0192175563424826,0.105999611318111
97758,23.0749989193572,40.0250007629395,0.609784603118896,19.5850048065186,14.5818195343018,6.04950714111328,8.11642169952393,0.0111764371395111,0.0270834099501371,21.0580139160156,16.4140605926514,7.80096435546875,8.02871799468994,0.00831189285963774,0.0101030170917511
97772,23.7749988956564,40.0250007629395,0.681858956813812,19.4357757568359,14.6025333404541,7.85145902633667,8.11483764648438,0.00861769448965788,0.00903582666069268,20.9006729125977,16.2576465606689,9.80415439605713,8.02714252471924,0.00969400629401208,0.0179828051477671
97787,24.5249988702627,40.0250007629395,0.628391623497009,19.0090007781982,14.1366758346558,12.170262336731,8.11265659332275,0.0483331829309464,0.125201612710953,20.4715232849121,15.7017879486084,14.3990068435669,8.02419757843018,0.0625020042061806,0.0924042016267776
97814,25.8749988245541,40.0250007629395,0.414625883102417,18.2465267181396,14.5648288726807,15.8146848678589,8.13737392425537,0.149165123701096,0.433640003204346,19.6495037078857,16.6225700378418,17.1263370513916,8.04946994781494,0.156621098518372,0.570386052131653
98154,0.624999679475141,39.9750007629395,0.759324550628662,19.6301860809326,14.9578142166138,2.46457242965698,8.06188678741455,0.015194651670754,0.0669105723500252,20.6089096069336,17.0497913360596,3.50616455078125,7.97349882125854,0.00937046483159065,0.0543219298124313
98165,1.1749996608531,39.9750007629395,0.773329079151154,19.515941619873,14.7467803955078,2.38084387779236,8.05528450012207,0.0384648181498051,0.0850121602416039,20.4641952514648,16.6242828369141,3.29263496398926,7.9661750793457,0.0504991598427296,0.106716193258762
98176,1.72499964223106,39.9750007629395,0.763265311717987,19.4994277954102,14.9194622039795,1.93841969966888,8.05635833740234,0.0297703724354506,0.11740405857563,20.4831809997559,16.8462390899658,2.7897036075592,7.96695566177368,0.0275251176208258,0.174389496445656
98188,2.3249996219161,39.9750007629395,0.745463609695435,19.5899124145508,15.3084526062012,1.67106258869171,8.05845832824707,0.118316374719143,0.225330486893654,20.6277389526367,17.4307098388672,2.34339570999146,7.96897268295288,0.136040717363358,0.301686078310013
98199,2.87499960329406,39.9750007629395,0.75124603509903,19.6322937011719,15.1327667236328,1.88384985923767,8.06003665924072,0.0784492343664169,0.203464061021805,20.7467746734619,17.2423305511475,2.46742296218872,7.97059392929077,0.0873778834939003,0.25160276889801
98210,3.42499958467201,39.9750007629395,0.680162608623505,19.5671081542969,15.1047525405884,1.65424203872681,8.06062984466553,0.0188574902713299,0.0363306663930416,20.6794414520264,17.1476364135742,2.33750128746033,7.97115707397461,0.0111884903162718,0.0506770387291908
98230,4.42499955081375,39.9750007629395,0.622788786888123,19.4288311004639,14.9242677688599,1.54949176311493,8.06547451019287,0.0472065284848213,0.0687572434544563,20.5872135162354,16.9359703063965,2.03563785552979,7.97594547271729,0.0330772213637829,0.0386080890893936
98242,5.0249995304988,39.9750007629395,0.621436953544617,19.4330101013184,14.9058828353882,1.35805630683899,8.06754302978516,0.0360998697578907,0.116391904652119,20.5103282928467,16.8668575286865,1.75091660022736,7.97812271118164,0.0268036536872387,0.0511720031499863
98302,8.02499942892402,39.9750007629395,0.607328355312347,19.1266117095947,14.5589160919189,1.24391770362854,8.06572437286377,0.109952092170715,0.193033739924431,20.251823425293,16.4330291748047,1.49071061611176,7.97746706008911,0.0987172797322273,0.257773876190186
98389,12.3749992816406,39.9750007629395,0.592422306537628,19.7775936126709,15.0561990737915,1.12963235378265,8.06364059448242,0.0133354756981134,0.0627574846148491,20.9515285491943,17.3782005310059,1.51484751701355,7.97568130493164,0.00712733576074242,0.0227065309882164
98395,12.6749992714831,39.9750007629395,0.610356152057648,19.8094787597656,14.9621906280518,1.14935886859894,8.06427097320557,0.0115943122655153,0.114080674946308,21.0001564025879,17.295129776001,1.45820474624634,7.97615385055542,0.00701973121613264,0.121419511735439
98530,19.4249990429399,39.9750007629395,0.325707614421844,19.7233829498291,12.7486839294434,1.48514544963837,8.08811283111572,0.0122337499633431,0.099396638572216,21.166955947876,15.0850601196289,1.80428791046143,8.00069713592529,0.00857053697109222,0.120945855975151
98619,23.8749988922706,39.9750007629395,0.696493864059448,19.3771533966064,14.5373115539551,8.60137557983398,8.11519527435303,0.0246060900390148,0.0611165426671505,20.8348026275635,16.0919818878174,10.5174608230591,8.02758693695068,0.0257594957947731,0.0688700154423714
98632,24.5249988702627,39.9750007629395,0.614959120750427,19.02294921875,14.073522567749,12.1400728225708,8.11248970031738,0.0475309789180756,0.108338177204132,20.4905109405518,15.5680742263794,14.300835609436,8.02406692504883,0.0609967261552811,0.076329842209816
98998,0.574999681168054,39.9250007629395,0.768474817276001,19.6538581848145,14.8585367202759,2.44277358055115,8.06250095367432,0.0270293597131968,0.134580820798874,20.6354484558105,17.0610580444336,3.37628126144409,7.97417783737183,0.0154043221846223,0.149190604686737
99009,1.12499966254601,39.9250007629395,0.77603942155838,19.5489559173584,14.7462596893311,2.48238611221313,8.0554838180542,0.0385637655854225,0.0798251032829285,20.5017204284668,16.6976509094238,3.42006134986877,7.96646451950073,0.0455370508134365,0.0836795791983604
99020,1.67499964392397,39.9250007629395,0.768727898597717,19.5274982452393,14.8696060180664,2.08118629455566,8.05590057373047,0.0319100618362427,0.110997512936592,20.5155162811279,16.8044605255127,3.01304841041565,7.96655607223511,0.0278197098523378,0.136821746826172
99032,2.27499962360901,39.9250007629395,0.745969295501709,19.6259288787842,15.2987470626831,1.67064893245697,8.05819129943848,0.122517339885235,0.233500555157661,20.6649150848389,17.400598526001,2.3426833152771,7.96875190734863,0.139060080051422,0.323547959327698
99043,2.82499960498697,39.9250007629395,0.730349481105804,19.6664600372314,15.1245698928833,1.89947843551636,8.05970764160156,0.0549086816608906,0.138273552060127,20.7868423461914,17.1713333129883,2.48937463760376,7.97030782699585,0.060785785317421,0.174467414617538
99057,3.52499958128619,39.9250007629395,0.685474574565887,19.5863285064697,15.1552715301514,1.67166435718536,8.06051921844482,0.00808392371982336,0.0149766197428107,20.6899547576904,17.1700706481934,2.36289548873901,7.97117805480957,0.00598072493448854,0.0300065539777279
99076,4.47499954912084,39.9250007629395,0.617349445819855,19.4402446746826,14.883861541748,1.46363770961761,8.06524753570557,0.0454988479614258,0.0801469907164574,20.6001930236816,16.8808650970459,1.89515995979309,7.97584390640259,0.0289163384586573,0.0100744012743235
99087,5.0249995304988,39.9250007629395,0.616070628166199,19.4644470214844,14.8933725357056,1.34136819839478,8.06712627410889,0.0366743728518486,0.113824672996998,20.5384654998779,16.8213214874268,1.71739852428436,7.97786569595337,0.0307966284453869,0.0446690879762173
99099,5.62499951018384,39.9250007629395,0.605323970317841,19.504861831665,14.6306324005127,1.43861699104309,8.06750869750977,0.0693419724702835,0.172600150108337,20.6016235351562,16.8973236083984,1.61045706272125,7.97943592071533,0.0728787705302238,0.219060555100441
99203,10.8249993341209,39.9250007629395,0.56667572259903,19.7146186828613,14.8694257736206,1.11105692386627,8.06326961517334,0.0184766333550215,0.0445487573742867,20.9124546051025,17.0533504486084,1.53519511222839,7.97491264343262,0.0170063599944115,0.0492147356271744
99330,17.1749991191209,39.9250007629395,0.402962684631348,19.942850112915,14.5719919204712,1.19522285461426,8.08549404144287,0.0230342913419008,0.0718209743499756,21.1944427490234,17.0328140258789,1.77981984615326,7.99848699569702,0.0189673211425543,0.0589381530880928
99448,23.0749989193572,39.9250007629395,0.611850321292877,19.6217365264893,14.3824663162231,6.529128074646,8.11606884002686,0.0111714554950595,0.0306858997792006,21.1049938201904,16.1030578613281,8.22968673706055,8.02838897705078,0.0088695352897048,0.0157840065658092
99462,23.7749988956564,39.9250007629395,0.703865170478821,19.4128684997559,14.4267292022705,8.65960216522217,8.11317920684814,0.0277006793767214,0.0792296528816223,20.8704490661621,16.0010547637939,10.538444519043,8.02563190460205,0.0297024603933096,0.122383765876293
99474,24.3749988753415,39.9250007629395,0.628876924514771,19.0925674438477,14.2041177749634,11.6166734695435,8.11301231384277,0.0514561645686626,0.0881980657577515,20.5565376281738,15.5262861251831,13.8648643493652,8.02503681182861,0.0652148798108101,0.039928812533617
99836,0.224999693018445,39.8750007629395,0.731046915054321,19.6349430084229,14.9825811386108,2.25075221061707,8.06369972229004,0.0199643932282925,0.0809976980090141,20.6327877044678,17.3029632568359,3.06750130653381,7.97584342956543,0.00961888302117586,0.0917550697922707
99847,0.774999674396402,39.8750007629395,0.774711847305298,19.6492824554443,14.8238658905029,2.54052662849426,8.05760669708252,0.0313451513648033,0.0844331607222557,20.6177845001221,16.8684730529785,3.52558970451355,7.96881580352783,0.0193845480680466,0.0782173350453377
99859,1.37499965408145,39.8750007629395,0.764175653457642,19.5297527313232,14.8363733291626,2.42008328437805,8.05454540252686,0.0475132502615452,0.0537378154695034,20.4983978271484,16.6294174194336,3.18871665000916,7.96536874771118,0.0507174395024776,0.0235490258783102
99870,1.9249996354594,39.8750007629395,0.78950959444046,19.5882396697998,15.17151927948,2.00268626213074,8.05650901794434,0.0716291218996048,0.190504968166351,20.5949058532715,17.0978717803955,3.0354425907135,7.9671311378479,0.085383728146553,0.282648026943207
99881,2.47499961683736,39.8750007629395,0.753626883029938,19.6937923431396,15.229302406311,1.80452048778534,8.05838012695312,0.0918564721941948,0.214452669024467,20.7704830169678,17.3284645080566,2.36812376976013,7.9691219329834,0.104400590062141,0.247219830751419
99899,3.37499958636493,39.8750007629395,0.698198974132538,19.562915802002,15.2433462142944,1.70241284370422,8.06023025512695,0.00682146893814205,0.00710057420656086,20.6603946685791,17.2557849884033,2.45725989341736,7.97101926803589,0.00214746571145952,0.00688191503286363
99910,3.92499956774288,39.8750007629395,0.649456143379211,19.6428451538086,14.9636039733887,1.51516222953796,8.06077480316162,0.0273075085133314,0.063395768404007,20.7384510040283,16.9450035095215,2.18578195571899,7.97184801101685,0.0247315932065248,0.0601841174066067
99925,4.67499954234919,39.8750007629395,0.62949150800705,19.4513359069824,14.8648471832275,1.42575073242188,8.06535816192627,0.0414474084973335,0.108733907341957,20.5938873291016,16.8025150299072,1.79113924503326,7.97624158859253,0.0339211672544479,0.100972220301628
99938,5.32499952034132,39.8750007629395,0.678233444690704,19.5339336395264,14.8052606582642,1.41915106773376,8.06625366210938,0.0788928866386414,0.265386343002319,20.6133098602295,16.9908180236816,1.61150848865509,7.97768688201904,0.0626180022954941,0.197072669863701
99980,7.42499944923897,39.8750007629395,0.571526885032654,19.2953395843506,14.5707349777222,1.41738259792328,8.06337070465088,0.046451423317194,0.010654735378921,20.4109592437744,16.4955196380615,1.55388557910919,7.97477626800537,0.041676115244627,0.0147658754140139
99991,7.97499943061693,39.8750007629395,0.616987287998199,19.187837600708,14.5259780883789,1.30296432971954,8.06505012512207,0.110425546765327,0.203696578741074,20.3132553100586,16.4387493133545,1.55146324634552,7.97668886184692,0.0965952649712563,0.266510128974915
100002,8.52499941199489,39.8750007629395,0.732955157756805,19.0750751495361,16.4737071990967,1.01982820034027,8.06600284576416,0.0224047992378473,0.0391025170683861,20.1946659088135,18.32421875,1.38069868087769,7.97744941711426,0.0258873663842678,0.0293044280260801
100125,14.6749992037666,39.8750007629395,0.473833441734314,19.9861640930176,14.4084100723267,1.00823092460632,8.06861114501953,0.0240058973431587,0.0888009592890739,21.2158222198486,16.308277130127,1.65532827377319,7.98039245605469,0.022050304338336,0.0940095409750938
100304,23.6249989007352,39.8750007629395,0.682852387428284,19.4665546417236,14.2278118133545,8.31698703765869,8.11184883117676,0.0284462347626686,0.0697090849280357,20.9315853118896,15.8892765045166,10.0474948883057,8.02426052093506,0.0307197328656912,0.134794563055038
100315,24.1749988821131,39.8750007629395,0.656175315380096,19.184663772583,14.2252578735352,10.7373447418213,8.11260604858398,0.0487328581511974,0.0760268494486809,20.6320686340332,15.4049205780029,12.958324432373,8.0250301361084,0.0583947040140629,0.020423449575901
100326,24.7249988634911,39.8750007629395,0.627390146255493,19.0036430358887,13.8920679092407,11.9525718688965,8.11248016357422,0.0376681052148342,0.121057957410812,20.4884548187256,15.5434865951538,13.1380109786987,8.02399921417236,0.0447593256831169,0.193951979279518
100354,26.1249988160895,39.8750007629395,0.420978933572769,18.1633148193359,12.888256072998,13.7435941696167,8.13404941558838,0.17005655169487,0.341050833463669,19.5097961425781,15.1739978790283,15.8226175308228,8.04683113098145,0.16522978246212,0.380494832992554
100683,0.324999689632619,39.8250007629395,0.760579705238342,19.6785125732422,14.8003244400024,2.321932554245,8.06228256225586,0.0394468791782856,0.170350387692451,20.6625423431396,17.1543140411377,3.1083447933197,7.97431087493896,0.0240265764296055,0.226666301488876
100694,0.874999671010577,39.8250007629395,0.772212266921997,19.6435890197754,14.7402772903442,2.54937195777893,8.05541324615479,0.0378859825432301,0.0751215517520905,20.6065769195557,16.7725639343262,3.48197031021118,7.96642446517944,0.0256422590464354,0.0713381320238113
100705,1.42499965238853,39.8250007629395,0.762167870998383,19.5480403900146,14.8467798233032,2.44497179985046,8.05411624908447,0.0463205836713314,0.0392202585935593,20.5242805480957,16.6380577087402,3.18866920471191,7.96497297286987,0.0436147265136242,0.00608072988688944
100717,2.02499963207358,39.8250007629395,0.786117970943451,19.6349983215332,15.2128133773804,1.89593088626862,8.05625438690186,0.0954080671072006,0.228032290935516,20.6547908782959,17.163948059082,2.84554672241211,7.9669976234436,0.109712079167366,0.290375798940659
100728,2.57499961345153,39.8250007629395,0.73107385635376,19.723503112793,15.1900653839111,1.84228146076202,8.05817031860352,0.0486500710248947,0.123077966272831,20.8230533599854,17.2080039978027,2.36262321472168,7.9689998626709,0.0536493062973022,0.117248758673668
100746,3.4749995829791,39.8250007629395,0.697524964809418,19.5938377380371,15.221284866333,1.67778277397156,8.05961322784424,0.0060265976935625,0.0110463704913855,20.6815853118896,17.1744270324707,2.43023490905762,7.97062397003174,0.00477814488112926,0.0173384640365839
100758,4.07499956266414,39.8250007629395,0.617190957069397,19.6258449554443,14.9206609725952,1.45241665840149,8.06025981903076,0.0330295152962208,0.0258155930787325,20.7283763885498,16.9280033111572,2.0653076171875,7.97163581848145,0.0295829642564058,0.0142839234322309
100773,4.82499953727045,39.8250007629395,0.648873090744019,19.4858894348145,14.8648414611816,1.40293371677399,8.06461238861084,0.0309793427586555,0.126440063118935,20.5942230224609,16.7156734466553,1.77702414989471,7.97573614120483,0.0389381237328053,0.040766391903162
100784,5.37499951864841,39.8250007629395,0.696493923664093,19.5614204406738,14.758186340332,1.41331923007965,8.06535911560059,0.0862338095903397,0.301446348428726,20.6455459594727,16.9131927490234,1.60308849811554,7.97715282440186,0.0714670345187187,0.254090785980225
100837,8.02499942892402,39.8250007629395,0.628573179244995,19.1837406158447,14.4703683853149,1.30164754390717,8.06482791900635,0.123770378530025,0.237955495715141,20.3080863952637,16.4150314331055,1.56152939796448,7.97647714614868,0.107931554317474,0.300364404916763
100937,13.0249992596327,39.8250007629395,0.559289872646332,19.8751640319824,14.8661022186279,1.13741302490234,8.06326389312744,0.0133140860125422,0.0432880222797394,21.0623340606689,17.1980667114258,1.5375257730484,7.97487783432007,0.00972858536988496,0.0629430115222931
101064,19.3749990446328,39.8250007629395,0.289163738489151,19.7992649078369,12.7384185791016,1.467937707901,8.08789348602295,0.0110109364613891,0.0172414667904377,21.2337551116943,15.08469581604,1.78475272655487,8.00031661987305,0.0148469218984246,0.00301366322673857
101137,23.0249989210501,39.8250007629395,0.607428550720215,19.6863403320312,14.500412940979,6.33529138565063,8.11525058746338,0.0137143293395638,0.0221904311329126,21.1573734283447,16.448392868042,7.83297204971313,8.027663230896,0.0121729196980596,0.0054188286885619
101148,23.5749989024281,39.8250007629395,0.697941780090332,19.4734268188477,14.1798753738403,8.29225158691406,8.11126136779785,0.0349723510444164,0.109249763190746,20.9400310516357,15.8410806655884,9.98424816131592,8.02370643615723,0.0395915545523167,0.203275635838509
101160,24.1749988821131,39.8250007629395,0.637836873531342,19.183931350708,14.1463928222656,10.8040933609009,8.11146926879883,0.0448452979326248,0.0394944213330746,20.6349582672119,15.3176975250244,12.9851732254028,8.02398681640625,0.0547763668000698,0.015527606010437
101171,24.7249988634911,39.8250007629395,0.649781942367554,19.0129528045654,13.7167568206787,11.6215391159058,8.11190986633301,0.043798852711916,0.160469844937325,20.4944171905518,15.4548215866089,12.6564998626709,8.02347946166992,0.0507350042462349,0.255538493394852
101525,0.174999694711358,39.7750007629395,0.738643527030945,19.680736541748,14.7544002532959,2.18802165985107,8.06242370605469,0.0345557369291782,0.157084062695503,20.6638317108154,17.1075897216797,2.83838844299316,7.97457075119019,0.0182418469339609,0.212443962693214
101537,0.774999674396402,39.7750007629395,0.776137828826904,19.6809387207031,14.7206897735596,2.52448654174805,8.05569171905518,0.0435772947967052,0.108554296195507,20.6526546478271,16.800365447998,3.38285350799561,7.96676731109619,0.0246645845472813,0.0578384436666965
101548,1.32499965577436,39.7750007629395,0.782381772994995,19.5769062042236,14.9250240325928,2.48813319206238,8.05357837677002,0.0486012995243073,0.0605648048222065,20.5440101623535,16.7047271728516,3.27374053001404,7.96448183059692,0.0449538193643093,0.0103160599246621
101559,1.87499963715232,39.7750007629395,0.813502907752991,19.6288146972656,15.1120853424072,2.02826452255249,8.05545043945312,0.0752783268690109,0.23547950387001,20.6363315582275,17.0532741546631,3.10282468795776,7.96620512008667,0.0902680978178978,0.274671137332916
101571,2.47499961683736,39.7750007629395,0.722309589385986,19.7500629425049,15.1941614151001,1.83515608310699,8.05763626098633,0.0428519174456596,0.0976402387022972,20.836576461792,17.1981163024902,2.34260535240173,7.96859645843506,0.0462864302098751,0.089546263217926
101592,3.52499958128619,39.7750007629395,0.698595106601715,19.642858505249,15.2372941970825,1.63047313690186,8.05935573577881,0.00535809248685837,0.0249777846038342,20.7206687927246,17.1827335357666,2.37421464920044,7.97052240371704,0.00637726578861475,0.0163532607257366
101603,4.07499956266414,39.7750007629395,0.611448407173157,19.6682643890381,14.8234024047852,1.43222260475159,8.05999755859375,0.0484748929738998,0.0659667477011681,20.766242980957,16.7654685974121,2.09666633605957,7.97145175933838,0.0453373976051807,0.0451914109289646
101619,4.87499953557754,39.7750007629395,0.626876056194305,19.530834197998,14.7489833831787,1.38599109649658,8.06424236297607,0.037021953612566,0.123051092028618,20.6340217590332,16.5338268280029,1.75786221027374,7.97551679611206,0.0420850776135921,0.0883781164884567
101632,5.52499951356967,39.7750007629395,0.650287985801697,19.5949859619141,14.5756216049194,1.29511833190918,8.06502342224121,0.0874868258833885,0.281810909509659,20.6856479644775,16.6517791748047,1.47818171977997,7.97730350494385,0.0809629410505295,0.260086476802826
101684,8.12499942553819,39.7750007629395,0.634614288806915,19.0881843566895,14.4224843978882,1.18472480773926,8.06521034240723,0.140392810106277,0.277239590883255,20.2115325927734,16.4190940856934,1.4716420173645,7.97683000564575,0.121432550251484,0.309226989746094
101743,11.0749993256563,39.7750007629395,0.585887908935547,19.7268981933594,14.9530515670776,1.12858319282532,8.06088447570801,0.0209236387163401,0.0393871106207371,20.9097881317139,17.0265808105469,1.55088210105896,7.97272682189941,0.0287408828735352,0.059082742780447
101868,17.3249991140422,39.7750007629395,0.392276018857956,19.9571990966797,14.6583700180054,1.23977744579315,8.08544445037842,0.0123940259218216,0.00517198815941811,21.2246360778809,17.242395401001,1.758096575737,7.99842596054077,0.0109061868861318,0.00104217964690179
101982,23.0249989210501,39.7750007629395,0.618545114994049,19.701208114624,14.6754188537598,6.3027286529541,8.1150369644165,0.0163232907652855,0.0209049712866545,21.1710510253906,16.7044467926025,7.72747993469238,8.02747058868408,0.0153895309194922,0.0116836484521627
101993,23.5749989024281,39.7750007629395,0.648361682891846,19.4674205780029,14.0591440200806,8.01242923736572,8.11101722717285,0.0361978821456432,0.0428288727998734,20.9336261749268,15.7352466583252,9.6224946975708,8.02348613739014,0.0373187251389027,0.0807766392827034
102004,24.124998883806,39.7750007629395,0.650403082370758,19.2060852050781,14.1693868637085,10.6812782287598,8.11153984069824,0.0385357439517975,0.0453025847673416,20.6550102233887,15.3394412994385,12.6760749816895,8.02425384521484,0.0462137870490551,0.00261126388795674
102016,24.7249988634911,39.7750007629395,0.654058933258057,19.0288391113281,13.5770883560181,11.6618680953979,8.11133098602295,0.0483341738581657,0.19282628595829,20.5099964141846,15.2842864990234,12.5557088851929,8.02291488647461,0.0536823570728302,0.282489866018295
102370,0.174999694711358,39.7250007629395,0.738376259803772,19.6907978057861,14.6938991546631,2.19527554512024,8.06221008300781,0.0371961668133736,0.167324677109718,20.6699695587158,17.0386924743652,2.82064819335938,7.97437906265259,0.0198061745613813,0.230535015463829
102381,0.724999676089316,39.7250007629395,0.766452848911285,19.6933727264404,14.6792097091675,2.49205112457275,8.05566215515137,0.0444543473422527,0.105606630444527,20.6678810119629,16.7850856781006,3.31119251251221,7.96679639816284,0.0234467163681984,0.0369577743113041
102393,1.32499965577436,39.7250007629395,0.786095023155212,19.586067199707,14.9393815994263,2.48329710960388,8.05348300933838,0.0489064902067184,0.0674240589141846,20.5520114898682,16.7079582214355,3.27754211425781,7.96441984176636,0.0432384051382542,0.0148653015494347
102404,1.87499963715232,39.7250007629395,0.821513652801514,19.6394863128662,15.0962953567505,2.02004051208496,8.05530738830566,0.0776740834116936,0.255660206079483,20.6482830047607,17.0333938598633,3.08047223091125,7.96611642837524,0.0928012132644653,0.277194172143936
102415,2.42499961853027,39.7250007629395,0.711555004119873,19.7607135772705,15.1915702819824,1.82659363746643,8.05758190155029,0.0342243015766144,0.0673540383577347,20.8385620117188,17.2021217346191,2.3191933631897,7.96856546401978,0.0364641062915325,0.0552716180682182
102444,3.8749995694358,39.7250007629395,0.638105988502502,19.7066440582275,14.8555097579956,1.49500584602356,8.05968570709229,0.0295450109988451,0.0663064196705818,20.7915935516357,16.7634906768799,2.17050576210022,7.97107648849487,0.0290941670536995,0.0479923970997334
102455,4.42499955081375,39.7250007629395,0.61440122127533,19.5999546051025,14.8312082290649,1.48437881469727,8.0627384185791,0.048499871045351,0.080357737839222,20.7314777374268,16.7553482055664,1.97136294841766,7.97403144836426,0.0436839573085308,0.141870468854904
102472,5.27499952203423,39.7250007629395,0.693066298961639,19.6016845703125,14.7543621063232,1.34900617599487,8.06454658508301,0.0863674208521843,0.305712223052979,20.6804714202881,16.8293895721436,1.59859919548035,7.97622060775757,0.0658180117607117,0.219013258814812
102515,7.42499944923897,39.7250007629395,0.560635507106781,19.3552780151367,14.4808368682861,1.45547795295715,8.06247043609619,0.0564198456704617,0.0120887467637658,20.4722843170166,16.311803817749,1.61195230484009,7.97373676300049,0.0527705997228622,0.00990561209619045
102526,7.97499943061693,39.7250007629395,0.606567919254303,19.242805480957,14.3969717025757,1.32161748409271,8.06456184387207,0.117402091622353,0.211321353912354,20.3663940429688,16.3125991821289,1.58743834495544,7.97620630264282,0.100044421851635,0.251722693443298
102600,11.6749993053414,39.7250007629395,0.612018764019012,19.7256469726562,15.1783514022827,1.12799692153931,8.0598030090332,0.0341458879411221,0.0604357160627842,20.9075450897217,17.3894481658936,1.51816666126251,7.97165107727051,0.0293202381581068,0.0793564841151237
102663,14.8249991986879,39.7250007629395,0.480543196201324,19.9928131103516,14.4475431442261,0.982338011264801,8.06701183319092,0.0161888226866722,0.0693363100290298,21.2190341949463,16.3936862945557,1.58950984477997,7.97897624969482,0.0122875794768333,0.0810848847031593
102832,23.2749989125856,39.7250007629395,0.647058486938477,19.6050510406494,14.3650588989258,6.83107709884644,8.11212635040283,0.0215338058769703,0.0474394112825394,21.0878601074219,16.215051651001,8.15871810913086,8.02455234527588,0.0213421154767275,0.0628494024276733
102844,23.8749988922706,39.7250007629395,0.68034964799881,19.3195953369141,14.1674575805664,9.15210437774658,8.11142158508301,0.0414794385433197,0.0676223039627075,20.7664375305176,15.5069961547852,10.75026512146,8.02419281005859,0.0447488389909267,0.087255984544754
102855,24.4249988736486,39.7250007629395,0.65480500459671,19.1219825744629,13.6716394424438,11.4019088745117,8.10979270935059,0.0416455306112766,0.149029195308685,20.6089897155762,15.440957069397,12.7476148605347,8.02171230316162,0.0451167821884155,0.213190048933029
103209,-0.125000295131164,39.6750007629395,0.768991053104401,19.6420612335205,15.2084321975708,2.41122078895569,8.06391716003418,0.00721787614747882,0.0667032226920128,20.6349449157715,17.3312034606934,3.19384527206421,7.97619438171387,0.00165939866565168,0.0703036859631538
103221,0.474999684553881,39.6750007629395,0.744924664497375,19.7250537872314,14.4813461303711,2.32539558410645,8.05787372589111,0.0339274406433105,0.139723479747772,20.7045574188232,16.6741962432861,2.97681975364685,7.96951770782471,0.0104684075340629,0.147289454936981
103232,1.02499966593184,39.6750007629395,0.780238389968872,19.650369644165,14.8027458190918,2.54179859161377,8.05372524261475,0.0509472563862801,0.0839279890060425,20.6111431121826,16.7836494445801,3.47550415992737,7.96469879150391,0.0404007993638515,0.0172332879155874
103243,1.57499964730979,39.6750007629395,0.816794455051422,19.62034034729,14.9509773254395,2.19770526885986,8.05380725860596,0.0582163967192173,0.196347326040268,20.6038665771484,16.8734836578369,3.29415202140808,7.96476984024048,0.0482182465493679,0.184563204646111
103255,2.17499962699484,39.6750007629395,0.699511289596558,19.7489166259766,15.0868082046509,1.76681983470917,8.05654907226562,0.0934801921248436,0.14328944683075,20.7960758209229,17.1474895477295,2.33974170684814,7.96755504608154,0.0961420834064484,0.15778061747551
103285,3.67499957620745,39.6750007629395,0.644336700439453,19.7175273895264,15.0591354370117,1.48905491828918,8.05954551696777,0.0233462043106556,0.034565232694149,20.7921657562256,16.9850749969482,2.17728590965271,7.970871925354,0.0287478305399418,0.0699428543448448
103298,4.32499955419958,39.6750007629395,0.613832175731659,19.6815547943115,14.7585716247559,1.42018175125122,8.0610876083374,0.057816568762064,0.1119529530406,20.7937164306641,16.6367721557617,2.00603771209717,7.97268438339233,0.0521055199205875,0.115290194749832
103301,4.47499954912084,39.6750007629395,0.588028788566589,19.6245632171631,14.7314558029175,1.39028644561768,8.06247711181641,0.0561706312000751,0.0822240561246872,20.7556686401367,16.5844669342041,1.93659353256226,7.97387504577637,0.0473116599023342,0.15411165356636
103319,5.37499951864841,39.6750007629395,0.666009843349457,19.6402549743652,14.5934371948242,1.3360333442688,8.06431674957275,0.092608742415905,0.299122631549835,20.7227325439453,16.641809463501,1.60063493251801,7.97637128829956,0.0739518031477928,0.26409649848938
103377,8.27499942045946,39.6750007629395,0.631492853164673,19.0196170806885,14.6589679718018,1.04603040218353,8.0654296875,0.0882937759160995,0.213628888130188,20.1449871063232,16.6360893249512,1.29499101638794,7.97688388824463,0.0783957540988922,0.207321926951408
103444,11.6249993070343,39.6750007629395,0.616632640361786,19.7335014343262,15.189564704895,1.18352723121643,8.05959701538086,0.0296800564974546,0.0454166010022163,20.9179668426514,17.3873653411865,1.53867697715759,7.9714822769165,0.0207060426473618,0.0755931213498116
103474,13.1249992562469,39.6750007629395,0.571455359458923,19.9082851409912,15.0770092010498,1.06659209728241,8.06270122528076,0.0215005967766047,0.0614421144127846,21.0941314697266,17.4938049316406,1.52273643016815,7.97421503067017,0.0255144238471985,0.118516005575657
103600,19.4249990429399,39.6750007629395,0.266851484775543,19.823657989502,12.6905574798584,1.45816564559937,8.08809661865234,0.0442314632236958,0.0300033465027809,21.2585124969482,14.9781293869019,1.72756898403168,8.0007209777832,0.0517709851264954,0.0471986457705498
103674,23.1249989176643,39.6750007629395,0.633473753929138,19.6878337860107,14.7490015029907,6.32636737823486,8.11348724365234,0.0191824231296778,0.0181386452168226,21.1624698638916,16.8257312774658,7.6136155128479,8.0259485244751,0.0187076572328806,0.0162080898880959
103685,23.6749988990423,39.6750007629395,0.646739959716797,19.4178295135498,13.9712495803833,8.28730964660645,8.11057662963867,0.0356628149747849,0.0346537604928017,20.8792495727539,15.5183506011963,9.4306468963623,8.02325916290283,0.0334967076778412,0.0127948876470327
103696,24.2249988804202,39.6750007629395,0.681800246238708,19.1818599700928,13.910605430603,11.274884223938,8.10987663269043,0.0364355891942978,0.151447415351868,20.6462287902832,15.4366312026978,12.9663858413696,8.02249240875244,0.0417571440339088,0.184770926833153
103708,24.8249988601053,39.6750007629395,0.629445612430573,19.0071296691895,13.5095825195312,11.9646320343018,8.11110401153564,0.0586069487035275,0.19639964401722,20.4840087890625,15.0410642623901,12.3753356933594,8.02280426025391,0.0622597448527813,0.237185224890709
104061,0.224999693018445,39.6250007629395,0.72388219833374,19.7217235565186,14.4302711486816,2.28018927574158,8.05998229980469,0.0415357053279877,0.153539627790451,20.6930809020996,16.6898326873779,2.87960886955261,7.97202682495117,0.0208216775208712,0.175404250621796
104072,0.774999674396402,39.6250007629395,0.740672707557678,19.7021293640137,14.617579460144,2.38478088378906,8.0544376373291,0.0446701161563396,0.0741530880331993,20.6707210540771,16.7246685028076,3.21410369873047,7.96567440032959,0.0267683733254671,0.00728957774117589
104084,1.37499965408145,39.6250007629395,0.800878524780273,19.6270332336426,15.0074319839478,2.37749528884888,8.05303955078125,0.0536565743386745,0.113631457090378,20.5919609069824,16.7642421722412,3.28466320037842,7.96421957015991,0.0410167835652828,0.033405739814043
104095,1.9249996354594,39.6250007629395,0.795915007591248,19.6869888305664,15.0474634170532,1.87061035633087,8.05503749847412,0.0844640508294106,0.25426122546196,20.7083377838135,16.9860324859619,2.71487069129944,7.96614074707031,0.0984816998243332,0.273995399475098
104126,3.4749995829791,39.6250007629395,0.662101566791534,19.7363109588623,15.2079677581787,1.51080095767975,8.05876541137695,0.0130822109058499,0.0116115976125002,20.7912559509277,17.0931625366211,2.2171733379364,7.97017621994019,0.0189139898866415,0.0251487474888563
104139,4.12499956097123,39.6250007629395,0.605028510093689,19.7493858337402,14.6726226806641,1.37739062309265,8.05949783325195,0.0444221347570419,0.0913872718811035,20.8406009674072,16.5463371276855,2.07026886940002,7.97132158279419,0.0394309982657433,0.0584223754703999
104165,5.42499951695549,39.6250007629395,0.636557459831238,19.6574306488037,14.546236038208,1.32201933860779,8.06346035003662,0.0883999690413475,0.255297183990479,20.7401466369629,16.5901470184326,1.57948732376099,7.97581958770752,0.0717385187745094,0.213393852114677
104224,8.37499941707363,39.6250007629395,0.606353342533112,19.0302143096924,14.9088020324707,1.00336360931396,8.06527423858643,0.0503466837108135,0.0963979959487915,20.1496391296387,16.7058544158936,1.25798904895782,7.97672653198242,0.0494740456342697,0.104878775775433
104261,10.2249993544358,39.6250007629395,0.550130724906921,19.6527462005615,14.8703947067261,1.07139253616333,8.06432342529297,0.0134029872715473,0.0148042095825076,20.8426513671875,16.7036266326904,1.57495307922363,7.97610998153687,0.0126967607066035,0.0211877059191465
104289,11.6249993070343,39.6250007629395,0.622202217578888,19.7394123077393,15.1808385848999,1.19594347476959,8.05885219573975,0.0283105857670307,0.0435812175273895,20.9236125946045,17.3604488372803,1.54592227935791,7.9707989692688,0.0178653374314308,0.0804320573806763
104300,12.1749992884122,39.6250007629395,0.61169308423996,19.8310203552246,15.0432090759277,1.0468008518219,8.06007099151611,0.0244619995355606,0.103356920182705,21.008939743042,17.2248954772949,1.41882300376892,7.97194671630859,0.0319334119558334,0.0793562233448029
104411,17.7249991004989,39.6250007629395,0.398741960525513,19.9863300323486,14.5642910003662,1.21104955673218,8.08463668823242,0.0449469871819019,0.0943044349551201,21.2737407684326,16.8236827850342,1.78165280818939,7.99733877182007,0.0442119762301445,0.131371855735779
104523,23.3249989108926,39.6250007629395,0.657145798206329,19.5950374603271,14.4216766357422,6.7894287109375,8.11150646209717,0.0264634750783443,0.0584765188395977,21.0701770782471,16.3685989379883,7.80206155776978,8.02401447296143,0.0257110819220543,0.0830823853611946
104535,23.9249988905777,39.6250007629395,0.677143812179565,19.3117427825928,14.0423030853271,9.52817344665527,8.11053371429443,0.0271422918885946,0.0524924546480179,20.7624473571777,15.1956233978271,10.744743347168,8.0234899520874,0.0303091630339622,0.0537784025073051
104546,24.4749988719556,39.6250007629395,0.71071594953537,19.1574935913086,13.4384145736694,10.8431386947632,8.1092586517334,0.0430815778672695,0.236484870314598,20.6437950134277,15.3165884017944,11.4579067230225,8.02145481109619,0.0439656414091587,0.348751902580261
104897,-0.225000291745338,39.5750007629395,0.814255475997925,19.6810646057129,15.4664888381958,2.51392722129822,8.06164741516113,0.00394791690632702,0.0702871754765511,20.6628551483154,17.466833114624,3.28288292884827,7.97398948669434,0.00313773797824979,0.0773928388953209
104909,0.374999687939706,39.5750007629395,0.705324172973633,19.7234802246094,14.4261207580566,2.18459224700928,8.05708599090576,0.0321336835622787,0.0919898301362991,20.6959323883057,16.6441879272461,2.7192440032959,7.96887016296387,0.0108594940975308,0.088964506983757
104920,0.924999669317663,39.5750007629395,0.74681943655014,19.6842632293701,14.7085914611816,2.36253380775452,8.0529613494873,0.0476271659135818,0.0591152533888817,20.6417617797852,16.7727680206299,3.35814452171326,7.96414709091187,0.0355626381933689,0.0121709536761045
104931,1.47499965069562,39.5750007629395,0.773990988731384,19.6440734863281,15.0383272171021,2.22997856140137,8.05297756195068,0.0646418705582619,0.10204004496336,20.6167945861816,16.865234375,3.23224306106567,7.96423482894897,0.0558445490896702,0.0408786498010159
104943,2.07499963038067,39.5750007629395,0.69295746088028,19.746166229248,15.0491008758545,1.77621519565582,8.05506706237793,0.0823916867375374,0.105569571256638,20.7817554473877,17.0897827148438,2.41194200515747,7.96634721755981,0.0862545669078827,0.139951452612877
104975,3.67499957620745,39.5750007629395,0.642783403396606,19.7655296325684,14.9357099533081,1.39182925224304,8.05866527557373,0.0298995412886143,0.082002155482769,20.8270416259766,16.823673248291,1.99231934547424,7.9702730178833,0.031410738825798,0.0856473594903946
105004,5.12499952711297,39.5750007629395,0.671139359474182,19.6565551757812,14.6434907913208,1.36744737625122,8.06211185455322,0.08002819865942,0.262631118297577,20.7485828399658,16.5253314971924,1.65179550647736,7.97411394119263,0.0575359277427197,0.172934785485268
105033,6.5749994780185,39.5750007629395,0.50206184387207,19.5222721099854,14.4755868911743,1.20026159286499,8.06245803833008,0.0828668177127838,0.0265221390873194,20.5913066864014,16.5251483917236,1.55622506141663,7.9743766784668,0.0642934516072273,0.0495646856725216
105066,8.22499942215237,39.5750007629395,0.639038562774658,19.0847129821777,14.4658908843994,1.10470449924469,8.06505680084229,0.111236803233624,0.267455995082855,20.2089939117432,16.436616897583,1.3499790430069,7.97654151916504,0.0973948016762733,0.267869234085083
105132,11.5249993104201,39.5750007629395,0.620121598243713,19.7427272796631,15.1666402816772,1.23933744430542,8.05844783782959,0.0186456814408302,0.00933387223631144,20.9250736236572,17.3005676269531,1.59414064884186,7.97052669525146,0.00169279449619353,0.000887600646819905
105143,12.0749992917981,39.5750007629395,0.635491490364075,19.823751449585,15.0411386489868,1.08167207241058,8.05903911590576,0.0273054149001837,0.128217115998268,21.005199432373,17.214469909668,1.4637268781662,7.97088241577148,0.0350753366947174,0.120920203626156
105198,14.8249991986879,39.5750007629395,0.509848594665527,20.0104351043701,14.7265253067017,0.982942819595337,8.06421184539795,0.0104082813486457,0.0380050987005234,21.2397651672363,16.8616027832031,1.56691086292267,7.97608757019043,0.0142173394560814,0.0410940460860729
105370,23.4249989075068,39.5750007629395,0.67130184173584,19.5508518218994,14.3352737426758,7.27591800689697,8.11019325256348,0.0326003730297089,0.0610174983739853,21.0244235992432,16.1991634368896,8.25429725646973,8.0228271484375,0.0319921560585499,0.0720644444227219
105381,23.9749988888848,39.5750007629395,0.689658045768738,19.2980899810791,14.0338125228882,10.0565872192383,8.1100435256958,0.0211085435003042,0.0745277553796768,20.7556743621826,15.0692663192749,11.3469753265381,8.02316379547119,0.0250936504453421,0.0784698724746704
105392,24.5249988702627,39.5750007629395,0.738385438919067,19.1738948822021,13.3298988342285,10.4817094802856,8.10890960693359,0.0450719371438026,0.276928097009659,20.6559200286865,15.2268390655518,10.8756799697876,8.02129173278809,0.0461470559239388,0.408713608980179
105439,26.8749987906958,39.5750007629395,0.495192438364029,18.9675788879395,13.9536905288696,2.87899804115295,8.09972286224365,0.0126284025609493,0.0109496070072055,20.2749328613281,15.9579172134399,4.08064365386963,8.01623344421387,0.0120644317939878,0.00529603566974401
105744,-0.125000295131164,39.5250007629395,0.742214739322662,19.6978874206543,14.7171754837036,2.25113034248352,8.06137943267822,0.0165852773934603,0.119419038295746,20.6697654724121,16.9671249389648,2.83095240592957,7.97375631332397,0.00348739302717149,0.155285596847534
105755,0.424999686246793,39.5250007629395,0.69087427854538,19.7170677185059,14.4572038650513,2.09592032432556,8.05570697784424,0.0287518240511417,0.0545977577567101,20.6849746704102,16.6813507080078,2.64621138572693,7.96737480163574,0.0104651963338256,0.0262247044593096
105766,0.974999667624751,39.5250007629395,0.742023408412933,19.680606842041,14.790810585022,2.2144181728363,8.05238723754883,0.0428404398262501,0.0495162270963192,20.6307468414307,16.8273143768311,3.2252254486084,7.96358823776245,0.0310361385345459,0.0188185218721628
105778,1.57499964730979,39.5250007629395,0.750441551208496,19.6636962890625,15.0698232650757,2.04897522926331,8.05294895172119,0.0771942213177681,0.107194602489471,20.6434116363525,16.9461193084717,2.90243411064148,7.96429014205933,0.0765154957771301,0.103366643190384
105789,2.12499962868775,39.5250007629395,0.671183824539185,19.7702655792236,15.0082654953003,1.76250457763672,8.05520915985107,0.0565166734158993,0.0452811717987061,20.8010902404785,17.068904876709,2.31031703948975,7.96661424636841,0.0599269233644009,0.0616614781320095
105813,3.32499958805784,39.5250007629395,0.675401449203491,19.8071613311768,15.1928977966309,1.45527923107147,8.0575008392334,0.0178191792219877,0.056969728320837,20.8429203033447,16.9900207519531,2.09720015525818,7.9692440032959,0.0189303141087294,0.0514173321425915
105825,3.92499956774288,39.5250007629395,0.618849098682404,19.8195915222168,14.6040534973145,1.37850821018219,8.05861759185791,0.0345567539334297,0.110994033515453,20.8904323577881,16.4818801879883,2.03012776374817,7.97057867050171,0.0301923677325249,0.0707008317112923
105851,5.22499952372715,39.5250007629395,0.65841680765152,19.691349029541,14.5678806304932,1.40068030357361,8.06182765960693,0.0828842446208,0.253166377544403,20.7835750579834,16.4747562408447,1.69298541545868,7.97407817840576,0.0562061071395874,0.14275535941124
105907,8.02499942892402,39.5250007629395,0.627141833305359,19.2837867736816,14.2860813140869,1.32140529155731,8.06396007537842,0.130326822400093,0.26706600189209,20.4069595336914,16.165454864502,1.66661942005157,7.97553539276123,0.108066268265247,0.234559699892998
105970,11.1749993222705,39.5250007629395,0.641124486923218,19.7354927062988,15.0146064758301,1.23230242729187,8.05872058868408,0.0207807198166847,0.0806969329714775,20.9122066497803,17.1359634399414,1.68922305107117,7.97089433670044,0.0325314551591873,0.131236344575882
105981,11.7249993036485,39.5250007629395,0.623003542423248,19.7742614746094,15.1207733154297,1.21005070209503,8.05818176269531,0.0279979389160872,0.0489190109074116,20.9646873474121,17.2229957580566,1.57620680332184,7.97009992599487,0.0171965267509222,0.0863572955131531
106013,13.3249992494752,39.5250007629395,0.545100510120392,19.9556503295898,14.9794130325317,1.05869972705841,8.06133460998535,0.0259232837706804,0.0294477175921202,21.1573810577393,17.4292755126953,1.59816956520081,7.97256278991699,0.0312040708959103,0.0409731157124043
106142,19.7749990310895,39.5250007629395,0.276997357606888,19.6831970214844,12.3988847732544,1.43238484859467,8.08874702453613,0.00924334861338139,0.0341665111482143,21.1053047180176,14.6776294708252,1.84902036190033,8.00197887420654,0.00984049681574107,0.0399190112948418
106209,23.1249989176643,39.5250007629395,0.643007874488831,19.7686958312988,15.0069608688354,5.9877724647522,8.11246585845947,0.0185226909816265,0.0193765517324209,21.237512588501,17.2332572937012,7.22674608230591,8.02499485015869,0.0177485998719931,0.019926754757762
106221,23.7249988973493,39.5250007629395,0.685684561729431,19.4093780517578,14.0684671401978,9.00245380401611,8.10941123962402,0.0274341087788343,0.0585447363555431,20.8746356964111,15.5350112915039,9.99748420715332,8.02235794067383,0.0273255631327629,0.0588354840874672
106232,24.2749988787273,39.5250007629395,0.681702017784119,19.2231216430664,13.4259481430054,11.0008306503296,8.10898590087891,0.042574517428875,0.208289623260498,20.7090873718262,15.0230913162231,12.3326425552368,8.02200031280518,0.0461368411779404,0.339658409357071
106586,-0.275000290052425,39.4750007629395,0.809185981750488,19.7189350128174,15.421778678894,2.51914000511169,8.06051540374756,0.00491021946072578,0.0604784786701202,20.6976547241211,17.4533767700195,3.2545473575592,7.97284650802612,0.00415617460384965,0.0649806931614876
106598,0.324999689632619,39.4750007629395,0.672301530838013,19.7163467407227,14.4270544052124,2.09562635421753,8.05694580078125,0.0335686020553112,0.0490515790879726,20.6805305480957,16.6392135620117,2.61757302284241,7.96883869171143,0.0146614741533995,0.0310829803347588
106609,0.874999671010577,39.4750007629395,0.716100931167603,19.697940826416,14.6905889511108,2.08663487434387,8.05288600921631,0.0365180484950542,0.040482122451067,20.6468963623047,16.8396873474121,3.02502131462097,7.96421575546265,0.0273099467158318,0.00160027784295382
106620,1.42499965238853,39.4750007629395,0.75267082452774,19.6674308776855,15.0675058364868,2.08330488204956,8.05269813537598,0.0723155364394188,0.0963821113109589,20.6326160430908,16.9272651672363,2.92881417274475,7.96412754058838,0.0701667070388794,0.0421174205839634
106632,2.02499963207358,39.4750007629395,0.698780477046967,19.7433910369873,15.0274772644043,1.78884935379028,8.05457592010498,0.062155619263649,0.0830491557717323,20.7659473419189,17.0456047058105,2.46750712394714,7.96600914001465,0.0672335848212242,0.119465127587318
106644,2.62499961175862,39.4750007629395,0.708416283130646,19.8424167633057,15.3468389511108,1.56253683567047,8.05513477325439,0.0105679538100958,0.0324868857860565,20.9079093933105,17.1421813964844,2.04583930969238,7.96690320968628,0.00826492067426442,0.0280104763805866
106667,3.77499957282162,39.4750007629395,0.631235897541046,19.8229160308838,14.6990432739258,1.31067550182343,8.0584774017334,0.037779439240694,0.135271012783051,20.8806819915771,16.5626926422119,1.86926424503326,7.97038793563843,0.0310782045125961,0.0691613107919693
106694,5.12499952711297,39.4750007629395,0.659662365913391,19.6958789825439,14.5536708831787,1.41864895820618,8.06153011322021,0.076844722032547,0.244718953967094,20.7940788269043,16.3652019500732,1.72356235980988,7.97369956970215,0.0509676821529865,0.111225567758083
106750,7.92499943230984,39.4750007629395,0.624291956424713,19.3432636260986,14.2686357498169,1.32558536529541,8.0635871887207,0.10558595508337,0.248000502586365,20.4627475738525,16.0977039337158,1.68029427528381,7.97512531280518,0.0874241515994072,0.245060563087463
106794,10.1249993578217,39.4750007629395,0.553725838661194,19.614953994751,14.9102020263672,1.06674373149872,8.06453800201416,0.0159060265868902,0.0169916693121195,20.8079605102539,16.7541103363037,1.57020914554596,7.97632503509521,0.0177986621856689,0.0184826664626598
106812,11.0249993273492,39.4750007629395,0.621336400508881,19.7213840484619,14.9195785522461,1.18993866443634,8.05905818939209,0.0272427015006542,0.0831497758626938,20.8962669372559,17.0252723693848,1.66672885417938,7.97126579284668,0.0352961532771587,0.0733795762062073
106824,11.6249993070343,39.4750007629395,0.6303790807724,19.7633666992188,15.1331911087036,1.23939692974091,8.05819225311279,0.0222591012716293,0.0415546521544457,20.9524173736572,17.2421321868896,1.59693670272827,7.97018384933472,0.00488433055579663,0.0744939967989922
106853,13.0749992579398,39.4750007629395,0.606255412101746,19.9490070343018,15.1761379241943,1.14742887020111,8.06105327606201,0.0249324925243855,0.0829052105545998,21.1220855712891,17.5386428833008,1.56858313083649,7.97258329391479,0.0318118967115879,0.124017760157585
106952,18.0249990903414,39.4750007629395,0.386828929185867,20.0121955871582,14.4719438552856,1.11116421222687,8.08440685272217,0.0601812079548836,0.128998562693596,21.3013648986816,16.6722850799561,1.70179629325867,7.99691772460938,0.0592940337955952,0.138507142663002
107064,23.6249989007352,39.4750007629395,0.680818140506744,19.4658889770508,14.0947675704956,8.66202068328857,8.10966110229492,0.0322954468429089,0.0653073266148567,20.9400978088379,15.6696977615356,9.70960426330566,8.02248859405518,0.0313818268477917,0.0631814152002335
107076,24.2249988804202,39.4750007629395,0.662162184715271,19.241792678833,13.4722471237183,10.9171123504639,8.10900020599365,0.0441416837275028,0.171414121985435,20.7308712005615,14.9449405670166,12.3092679977417,8.02204513549805,0.0473713241517544,0.278141468763351
107430,-0.325000288359512,39.4250007629395,0.828955352306366,19.7720394134521,15.9292812347412,2.63987565040588,8.06014919281006,0.0100568328052759,0.0115558998659253,20.7405643463135,17.836088180542,3.39241600036621,7.97260570526123,0.010046161711216,0.0277977418154478
107441,0.224999693018445,39.4250007629395,0.655827164649963,19.714864730835,14.3892650604248,2.1035623550415,8.05715179443359,0.0386070050299168,0.0343030095100403,20.6713733673096,16.6133460998535,2.65285563468933,7.96910953521729,0.0200205985456705,0.0171653106808662
107453,0.824999672703489,39.4250007629395,0.714992821216583,19.7078418731689,14.6758232116699,1.94656097888947,8.05300712585449,0.0260377246886492,0.0539333857595921,20.6517868041992,16.9152660369873,2.77585434913635,7.96444797515869,0.0199638791382313,0.0283832456916571
107464,1.37499965408145,39.4250007629395,0.77227908372879,19.6888618469238,15.091365814209,1.94559144973755,8.05257797241211,0.0821742787957191,0.167599231004715,20.6448459625244,16.9719390869141,2.66127395629883,7.96416568756104,0.0873244255781174,0.123649798333645
107475,1.9249996354594,39.4250007629395,0.713326275348663,19.7295951843262,15.0724439620972,1.80590403079987,8.05411148071289,0.0632947459816933,0.0924012064933777,20.7373962402344,17.0709457397461,2.55374121665955,7.96567296981812,0.0654359608888626,0.126068562269211
107487,2.52499961514445,39.4250007629395,0.688986241817474,19.8385105133057,15.0646686553955,1.60287308692932,8.05478954315186,0.0110560953617096,0.0300311669707298,20.8880653381348,16.9256973266602,2.09049344062805,7.96663093566895,0.00837823748588561,0.0230182539671659
107509,3.62499957790036,39.4250007629395,0.632097363471985,19.8346195220947,14.7873735427856,1.35704481601715,8.05797481536865,0.0473036505281925,0.124735467135906,20.8743228912354,16.6437931060791,1.93558049201965,7.96993589401245,0.0371132120490074,0.0803759694099426
107520,4.17499955927832,39.4250007629395,0.61299329996109,19.8207263946533,14.5230112075806,1.38284015655518,8.0586404800415,0.0408693887293339,0.122924439609051,20.8998374938965,16.3935298919678,2.08812856674194,7.97099208831787,0.0375711657106876,0.115054167807102
107555,5.92499950002636,39.4250007629395,0.616102993488312,19.686243057251,14.3720273971558,1.2759758234024,8.06192684173584,0.0192955899983644,0.153194725513458,20.7614612579346,16.3122234344482,1.62497413158417,7.97467422485352,0.0122497314587235,0.114986881613731
107565,6.42499948309723,39.4250007629395,0.550903677940369,19.6374187469482,14.5265731811523,1.16876232624054,8.06149864196777,0.0457969419658184,0.070740133523941,20.7089786529541,16.5082778930664,1.55815076828003,7.97367763519287,0.0288077462464571,0.0871838629245758
107602,8.27499942045946,39.4250007629395,0.694180905818939,19.0873126983643,14.3735046386719,1.14492225646973,8.06500816345215,0.119522526860237,0.35541108250618,20.2052803039551,16.229133605957,1.39816629886627,7.97647571563721,0.106221958994865,0.355686843395233
107663,11.3249993171918,39.4250007629395,0.660801708698273,19.7427253723145,15.1101560592651,1.25903272628784,8.05826187133789,0.0223015174269676,0.0927667692303658,20.9239501953125,17.318489074707,1.66226160526276,7.97048187255859,0.0305744279175997,0.0916394144296646
107675,11.9249992968768,39.4250007629395,0.635303199291229,19.8169231414795,15.1144514083862,1.16451990604401,8.05822658538818,0.0275774076581001,0.0889597460627556,21.0019130706787,17.171911239624,1.60889494419098,7.97006702423096,0.0196750648319721,0.122861035168171
107738,15.0749991902233,39.4250007629395,0.507172465324402,20.0858554840088,14.7286462783813,0.973815262317657,8.06355381011963,0.00820077490061522,0.0352210663259029,21.293399810791,16.8990955352783,1.51032721996307,7.97583675384521,0.00519684050232172,0.0341101996600628
107905,23.4249989075068,39.4250007629395,0.657914996147156,19.6034603118896,14.1670618057251,7.55582284927368,8.11001110076904,0.0377974770963192,0.0688770487904549,21.0855331420898,16.0485191345215,8.61495018005371,8.02272510528564,0.0369730480015278,0.0755240172147751
107916,23.9749988888848,39.4250007629395,0.650835692882538,19.3694877624512,13.7736711502075,10.0230283737183,8.1097240447998,0.0149517562240362,0.0418949276208878,20.838062286377,14.9847202301025,11.57408618927,8.0229434967041,0.0180050395429134,0.0763682648539543
107929,24.6249988668769,39.4250007629395,0.641755878925323,19.1955490112305,12.5212745666504,10.0461807250977,8.10887241363525,0.0555770099163055,0.239619627594948,20.6591453552246,14.3391561508179,10.5337953567505,8.02134323120117,0.0566120781004429,0.327518582344055
107965,26.424998805932,39.4250007629395,0.4236960709095,19.2792739868164,11.1936283111572,6.05887460708618,8.10324001312256,0.0595370233058929,0.0909372046589851,20.6114253997803,13.7387008666992,7.36496448516846,8.0168924331665,0.0543560944497585,0.0797666534781456
108282,0.0249996997900972,39.3750007629395,0.665891587734222,19.7228260040283,14.3152980804443,2.18878364562988,8.05949401855469,0.0342754982411861,0.0707480981945992,20.6767559051514,16.6485900878906,2.54002785682678,7.97182321548462,0.0146293835714459,0.089458130300045
108293,0.574999681168054,39.3750007629395,0.708919048309326,19.7198143005371,14.5150356292725,1.86480116844177,8.05413818359375,0.0227838307619095,0.0946720167994499,20.6733779907227,16.8433132171631,2.59314274787903,7.96584177017212,0.0136906281113625,0.0398348607122898
108305,1.1749996608531,39.3750007629395,0.757205605506897,19.6945343017578,14.9360027313232,1.86201763153076,8.05229091644287,0.0614770837128162,0.150609046220779,20.6358547210693,16.8796253204346,2.57859539985657,7.96391153335571,0.0628437027335167,0.155626103281975
108316,1.72499964223106,39.3750007629395,0.752544343471527,19.7148208618164,15.1331834793091,1.8356739282608,8.05293369293213,0.0852936953306198,0.158793762326241,20.7024955749512,17.085901260376,2.57523107528687,7.96457386016846,0.0860903263092041,0.252650201320648
108327,2.27499962360901,39.3750007629395,0.67839515209198,19.8045902252197,14.8541193008423,1.78140640258789,8.05486106872559,0.0169913694262505,0.01300248503685,20.8270874023438,16.7904739379883,2.23983645439148,7.96662330627441,0.019122913479805,0.0159582141786814
108348,3.32499958805784,39.3750007629395,0.64994341135025,19.8316993713379,14.9274806976318,1.41070294380188,8.05636692047119,0.0348665714263916,0.0839132219552994,20.8638038635254,16.7857723236084,1.99411725997925,7.96842098236084,0.0301195047795773,0.0749885886907578
108359,3.8749995694358,39.3750007629395,0.620069980621338,19.8561878204346,14.5861444473267,1.34031760692596,8.05759906768799,0.0437588952481747,0.132112041115761,20.9106693267822,16.4510517120361,1.98395025730133,7.969886302948,0.0373701974749565,0.0972379967570305
108388,5.32499952034132,39.3750007629395,0.644325852394104,19.7399578094482,14.507194519043,1.37978911399841,8.06070709228516,0.06400166451931,0.21776095032692,20.8199157714844,16.4555397033691,1.72585296630859,7.97329378128052,0.0383216738700867,0.0816236957907677
108444,8.12499942553819,39.3750007629395,0.720395565032959,19.2003002166748,14.316255569458,1.27012515068054,8.06414794921875,0.148659512400627,0.402589648962021,20.3213310241699,16.1873531341553,1.62156081199646,7.97563600540161,0.12509086728096,0.389675885438919
108506,11.2249993205776,39.3750007629395,0.663568913936615,19.7341823577881,15.0146684646606,1.22018587589264,8.05803394317627,0.0252303313463926,0.121313028037548,20.9146747589111,17.2289638519287,1.63791179656982,7.97033643722534,0.0367050543427467,0.158292040228844
108517,11.7749993019555,39.3750007629395,0.612824201583862,19.7968292236328,15.0908317565918,1.20238149166107,8.05766010284424,0.0254230350255966,0.0295759160071611,20.9847564697266,17.1258392333984,1.61693906784058,7.96958541870117,0.00941366702318192,0.021475886926055
108544,13.1249992562469,39.3750007629395,0.582585334777832,19.9813899993896,15.1766271591187,1.12162339687347,8.06007957458496,0.0217746291309595,0.0336371660232544,21.1544971466064,17.44384765625,1.54191303253174,7.97150564193726,0.0269748400896788,0.031931571662426
108677,19.7749990310895,39.3750007629395,0.277763247489929,19.8679046630859,12.8121700286865,1.32527410984039,8.08785915374756,0.0254028718918562,0.0433880239725113,21.2827186584473,14.9152460098267,1.76646459102631,8.00107574462891,0.0324407853186131,0.0465733930468559
108746,23.2249989142785,39.3750007629395,0.657925307750702,19.7760238647461,14.8075504302979,6.41232824325562,8.1112756729126,0.0207654535770416,0.038475077599287,21.2458515167236,16.9645290374756,7.81673002243042,8.02386856079102,0.0200617965310812,0.0436933971941471
108757,23.7749988956564,39.3750007629395,0.643113553524017,19.4733066558838,13.8510770797729,8.89432239532471,8.10961055755615,0.0221861246973276,0.0189168844372034,20.9412651062012,15.2913036346436,10.2673206329346,8.02264881134033,0.022926015779376,0.0411645472049713
108768,24.3249988770344,39.3750007629395,0.684748589992523,19.254077911377,12.9876861572266,9.92580032348633,8.10951614379883,0.0620553679764271,0.260140031576157,20.7408466339111,14.621750831604,10.8529739379883,8.02260780334473,0.0644362643361092,0.384606838226318
108783,25.0749988516407,39.3750007629395,0.628923058509827,19.0712070465088,12.1251792907715,12.412055015564,8.1075439453125,0.111028090119362,0.431140929460526,20.5177879333496,13.4152565002441,12.938928604126,8.01971435546875,0.114108197391033,0.5304034948349
109131,0.224999693018445,39.3250007629395,0.657963514328003,19.7125358581543,14.4127130508423,2.03711795806885,8.0560245513916,0.0413857623934746,0.0380903631448746,20.6587524414062,16.6476173400879,2.6658239364624,7.96796369552612,0.0221047345548868,0.0151050053536892
109142,0.774999674396402,39.3250007629395,0.746296048164368,19.719066619873,14.6620464324951,1.84797728061676,8.05257129669189,0.0112951500341296,0.103366017341614,20.6526832580566,16.9926242828369,2.57381343841553,7.9641547203064,0.00610456150025129,0.0837936103343964
109154,1.37499965408145,39.3250007629395,0.773321688175201,19.7205619812012,15.0489339828491,1.84911417961121,8.05231475830078,0.0990206226706505,0.21259517967701,20.672492980957,16.9130382537842,2.53728079795837,7.96408128738403,0.111031003296375,0.201180726289749
109165,1.9249996354594,39.3250007629395,0.736278891563416,19.7479076385498,15.0753889083862,1.80059480667114,8.05338382720947,0.0596892610192299,0.122976265847683,20.7485103607178,17.0829296112061,2.51080870628357,7.96516036987305,0.0558854080736637,0.174853771924973
109176,2.47499961683736,39.3250007629395,0.668572008609772,19.8251724243164,14.8451175689697,1.60056567192078,8.05420112609863,0.0201749633997679,0.0367590449750423,20.8584671020508,16.6940574645996,2.09881210327148,7.96619510650635,0.0155407004058361,0.0200801622122526
109191,3.22499959144367,39.3250007629395,0.657299995422363,19.8477764129639,14.935980796814,1.39950954914093,8.05566596984863,0.0347657762467861,0.0919969230890274,20.8838806152344,16.811653137207,1.95340800285339,7.96781635284424,0.0302610453218222,0.0894606783986092
109202,3.77499957282162,39.3250007629395,0.63550329208374,19.874568939209,14.6210861206055,1.40496921539307,8.05698204040527,0.0491995066404343,0.143460795283318,20.9171562194824,16.4874572753906,2.0849883556366,7.96938419342041,0.0399404801428318,0.104211255908012
109230,5.17499952542006,39.3250007629395,0.652381539344788,19.749885559082,14.4880590438843,1.43488204479218,8.0598726272583,0.0657876655459404,0.217585027217865,20.8408317565918,16.3090133666992,1.77599883079529,7.97245359420776,0.0356823094189167,0.0190200246870518
109249,6.12499949325471,39.3250007629395,0.607700109481812,19.701847076416,14.492823600769,1.1936674118042,8.06020259857178,0.0197362694889307,0.122096672654152,20.7667655944824,16.5307159423828,1.55982232093811,7.9728741645813,0.0127052282914519,0.1198525801301
109291,8.22499942215237,39.3250007629395,0.717397630214691,19.0775547027588,14.3026094436646,1.16878402233124,8.06472969055176,0.130045771598816,0.394803613424301,20.1928730010986,16.0866527557373,1.42289733886719,7.97621202468872,0.114541366696358,0.393009781837463
109331,10.2249993544358,39.3250007629395,0.571576237678528,19.5821666717529,14.766508102417,1.10533773899078,8.06278419494629,0.02584458142519,0.0564486160874367,20.7623310089111,16.6412601470947,1.54618525505066,7.97491645812988,0.0228291563689709,0.0841238498687744
109353,11.3249993171918,39.3250007629395,0.668780922889709,19.7438049316406,15.0410223007202,1.2315526008606,8.05765342712402,0.0248840004205704,0.120386026799679,20.9225521087646,17.2611389160156,1.606405377388,7.96999740600586,0.0357392728328705,0.148814901709557
109366,11.9749992951839,39.3250007629395,0.657183885574341,19.8330783843994,15.0721254348755,1.14862239360809,8.05755233764648,0.0240561384707689,0.125091925263405,21.0079021453857,17.0447597503662,1.69107258319855,7.96933889389038,0.0142047042027116,0.0717504173517227
109377,12.5249992765619,39.3250007629395,0.607798874378204,19.9178352355957,15.0541534423828,1.072545170784,8.05846881866455,0.0209043398499489,0.0784541815519333,21.0948276519775,17.2791996002197,1.44157028198242,7.97009563446045,0.0186850167810917,0.0970381796360016
109493,18.3249990801839,39.3250007629395,0.349167197942734,20.0473823547363,14.3111486434937,1.14004266262054,8.08405780792236,0.0324813202023506,0.0213491749018431,21.3375663757324,16.630973815918,1.74276387691498,7.9964714050293,0.0363497883081436,0.0125519670546055
109602,23.7749988956564,39.3250007629395,0.625974535942078,19.5135879516602,13.7334957122803,8.50277233123779,8.1097297668457,0.0248240269720554,0.0203392785042524,20.9800262451172,15.2278966903687,9.97904777526855,8.02279281616211,0.0246894955635071,0.0195300243794918
109615,24.4249988736486,39.3250007629395,0.680589258670807,19.2467384338379,12.7783937454224,9.46723175048828,8.10970115661621,0.0610929392278194,0.270115941762924,20.7243309020996,14.4496183395386,10.406533241272,8.02270126342773,0.0648597404360771,0.37833696603775
109968,-0.175000293438251,39.2750007629395,0.75829005241394,19.7425975799561,14.9914855957031,2.42343187332153,8.05840301513672,0.0130877615883946,0.0396386459469795,20.7025489807129,17.1530513763428,2.99506044387817,7.97083234786987,0.0101467370986938,0.0469186268746853
109979,0.374999687939706,39.2750007629395,0.699254751205444,19.713041305542,14.5123538970947,1.93606698513031,8.05484962463379,0.0395859591662884,0.0993574485182762,20.6619243621826,16.7516746520996,2.67773985862732,7.96671915054321,0.0191468801349401,0.00844188034534453
109991,0.974999667624751,39.2750007629395,0.72719019651413,19.7108116149902,14.7530469894409,1.72897481918335,8.05214691162109,0.0388541854918003,0.118732914328575,20.6343154907227,16.7801723480225,2.4558379650116,7.96375417709351,0.0437646135687828,0.0700379982590675
110002,1.52499964900271,39.2750007629395,0.745133638381958,19.7462482452393,15.0188417434692,1.76822102069855,8.05239009857178,0.0958438143134117,0.185545638203621,20.7056884765625,16.9028587341309,2.50797891616821,7.96425008773804,0.0992133095860481,0.215442806482315
110013,2.07499963038067,39.2750007629395,0.714418292045593,19.7862510681152,14.8811588287354,1.81592333316803,8.05361747741699,0.0379221588373184,0.0870757028460503,20.7891941070557,16.8314208984375,2.3824942111969,7.9654974937439,0.0321422033011913,0.0948900058865547
110025,2.67499961006571,39.2750007629395,0.638268411159515,19.83518409729,14.78857421875,1.39190244674683,8.05433177947998,0.0270008035004139,0.0518991462886333,20.877893447876,16.604305267334,1.90629005432129,7.96648454666138,0.0206240843981504,0.0707383900880814
110037,3.27499958975075,39.2750007629395,0.636571228504181,19.850414276123,14.7258157730103,1.40726101398468,8.05570793151855,0.0539598613977432,0.117904148995876,20.8893337249756,16.6174564361572,1.97839653491974,7.96786594390869,0.0444771684706211,0.115760609507561
110048,3.82499957112871,39.2750007629395,0.631607830524445,19.884614944458,14.5610551834106,1.34964823722839,8.05681324005127,0.0507144667208195,0.158659353852272,20.9310073852539,16.405797958374,2.01371550559998,7.96932077407837,0.0469162426888943,0.142671510577202
110073,5.07499952880589,39.2750007629395,0.618013560771942,19.768913269043,14.4609575271606,1.42939054965973,8.05923938751221,0.0593941807746887,0.156551688909531,20.8607482910156,16.2572116851807,1.79059433937073,7.97177362442017,0.0322469621896744,0.00278780632652342
110084,5.62499951018384,39.2750007629395,0.629554867744446,19.7610702514648,14.3897562026978,1.33862400054932,8.05992698669434,0.0361319705843925,0.175950944423676,20.8320980072021,16.3772411346436,1.72097384929657,7.9726734161377,0.0336445346474648,0.125641033053398
110119,7.37499945093189,39.2750007629395,0.535065770149231,19.5445518493652,14.2199783325195,1.34271955490112,8.0598087310791,0.0617370456457138,0.0407487899065018,20.6416625976562,15.8734140396118,1.79350531101227,7.97106027603149,0.0642165020108223,0.0752783715724945
110130,7.92499943230984,39.2750007629395,0.636196196079254,19.341869354248,14.1472263336182,1.3403981924057,8.06323146820068,0.132357612252235,0.296750158071518,20.4545631408691,15.9189176559448,1.74759447574615,7.97477054595947,0.110285311937332,0.252329885959625
110194,11.1249993239634,39.2750007629395,0.647165596485138,19.710054397583,14.8105688095093,1.15863251686096,8.05782222747803,0.0351911373436451,0.146982088685036,20.8878192901611,16.8535213470459,1.56803178787231,7.97025060653687,0.0403469875454903,0.170123070478439
110205,11.6749993053414,39.2750007629395,0.612167835235596,19.7924537658691,15.0251302719116,1.16854977607727,8.05718231201172,0.021074291318655,0.0323338098824024,20.966100692749,17.0162105560303,1.57884621620178,7.9691424369812,0.00927898474037647,0.0512278415262699
110217,12.2749992850264,39.2750007629395,0.616374015808105,19.8855285644531,15.087287902832,1.16610741615295,8.05777072906494,0.0182472392916679,0.0486467815935612,21.0645008087158,17.2447929382324,1.63263976573944,7.9693865776062,0.00974750798195601,0.0157600603997707
110316,17.224999117428,39.2750007629395,0.427808701992035,20.0402145385742,15.1394491195679,1.25771808624268,8.0851411819458,0.0578051656484604,0.0880486518144608,21.2687206268311,17.5266933441162,1.8533627986908,7.99823045730591,0.0581240504980087,0.0386243090033531
110444,23.6249989007352,39.2750007629395,0.604972541332245,19.605504989624,13.843222618103,7.74616098403931,8.10987854003906,0.0341180488467216,0.0110383741557598,21.0731754302979,15.4794425964355,9.19471168518066,8.02285957336426,0.034168753772974,0.0172097217291594
110455,24.1749988821131,39.2750007629395,0.660225927829742,19.3285675048828,13.2877788543701,10.1409282684326,8.11002349853516,0.0720245912671089,0.217925891280174,20.805383682251,14.5359334945679,11.7656965255737,8.02322483062744,0.0749282240867615,0.302385538816452
110466,24.7249988634911,39.2750007629395,0.60563451051712,19.191032409668,12.1216077804565,10.7342567443848,8.1084451675415,0.0598341561853886,0.2677963078022,20.641185760498,13.6989259719849,11.1423940658569,8.02128982543945,0.062410868704319,0.398132115602493
110823,0.324999689632619,39.2250007629395,0.687844216823578,19.7134914398193,14.4916429519653,1.96849274635315,8.05513763427734,0.0412058867514133,0.0822381675243378,20.6575546264648,16.72509765625,2.68177914619446,7.96711540222168,0.0192589238286018,0.00218714843504131
110834,0.874999671010577,39.2250007629395,0.720886528491974,19.7146320343018,14.7040510177612,1.72414660453796,8.05228424072266,0.0218219384551048,0.0900965631008148,20.6312999725342,16.8744735717773,2.42891812324524,7.9639139175415,0.0237388722598553,0.0339237488806248
110845,1.42499965238853,39.2250007629395,0.734422564506531,19.7554054260254,14.9169158935547,1.72068870067596,8.0523099899292,0.0915488749742508,0.186745941638947,20.7039070129395,16.8105411529541,2.48652958869934,7.96420431137085,0.0980267077684402,0.20164829492569
110857,2.02499963207358,39.2250007629395,0.716820001602173,19.7807769775391,14.9200296401978,1.81687390804291,8.0533275604248,0.0445382334291935,0.0913662016391754,20.7801265716553,16.8718929290771,2.43467378616333,7.9652214050293,0.0364651344716549,0.107235945761204
110868,2.57499961345153,39.2250007629395,0.65672904253006,19.8383407592773,14.7310934066772,1.49157559871674,8.05406856536865,0.0270657632499933,0.0703626051545143,20.8706951141357,16.574031829834,2.01811790466309,7.96620798110962,0.0201301444321871,0.0571803562343121
110879,3.12499959482949,39.2250007629395,0.640484273433685,19.8545703887939,14.7971467971802,1.36004447937012,8.05505752563477,0.0408184304833412,0.0965454056859016,20.901798248291,16.6664962768555,1.88090658187866,7.9672966003418,0.0347302705049515,0.104699537158012
110891,3.72499957451454,39.2250007629395,0.641149699687958,19.8931751251221,14.5551834106445,1.38139832019806,8.05669403076172,0.0528090335428715,0.171535804867744,20.9329795837402,16.3712787628174,2.0671534538269,7.96920871734619,0.0491428337991238,0.148548573255539
110902,4.27499955589249,39.2250007629395,0.610225021839142,19.843807220459,14.401291847229,1.34956526756287,8.05713272094727,0.0377291217446327,0.125085175037384,20.9216938018799,16.1445293426514,1.90541756153107,7.96987676620483,0.0350518114864826,0.128014728426933
110914,4.87499953557754,39.2250007629395,0.583988189697266,19.776554107666,14.5166397094727,1.36448860168457,8.05867290496826,0.0428323522210121,0.073849268257618,20.871997833252,16.2472591400146,1.7986581325531,7.97128200531006,0.0269436463713646,0.0587523803114891
110926,5.47499951526258,39.2250007629395,0.620575308799744,19.7788143157959,14.4011898040771,1.35463643074036,8.05976963043213,0.0443545617163181,0.170000120997429,20.8491382598877,16.3811111450195,1.7600564956665,7.97251319885254,0.0341743640601635,0.115797497332096
110973,7.82499943569567,39.2250007629395,0.619470059871674,19.3967456817627,14.1049280166626,1.40861558914185,8.06159210205078,0.110993131995201,0.240289092063904,20.5037536621094,15.8670654296875,1.84482252597809,7.97308588027954,0.0952299162745476,0.231277018785477
111001,9.22499938829411,39.2250007629395,0.703838884830475,19.306266784668,16.45458984375,0.929556310176849,8.06594562530518,0.0133408885449171,0.0306693315505981,20.4270133972168,18.0807132720947,1.47152364253998,7.97834825515747,0.0151956453919411,0.0332658626139164
111046,11.474999312113,39.2250007629395,0.630989134311676,19.768705368042,14.9123315811157,1.19755935668945,8.05721759796143,0.0220578443259001,0.0765230059623718,20.9400005340576,16.9174480438232,1.53723013401031,7.96940422058105,0.0293349847197533,0.101932495832443
111060,12.1749992884122,39.2250007629395,0.625870585441589,19.8700008392334,15.0804328918457,1.2081390619278,8.05758476257324,0.0176068209111691,0.0513993687927723,21.0406913757324,17.1352386474609,1.71186435222626,7.96927690505981,0.00815597735345364,0.00726648233830929
111111,14.7249992020737,39.2250007629395,0.556121945381165,20.1053943634033,14.8164281845093,1.03778553009033,8.05999088287354,0.0178696792572737,0.0759650468826294,21.3311595916748,16.9902210235596,1.587162733078,7.97144269943237,0.0166058726608753,0.107777208089828
111286,23.4749989058139,39.2250007629395,0.629755318164825,19.7074508666992,14.2496862411499,7.19855928421021,8.11000823974609,0.0352917350828648,0.0318718329071999,21.1693019866943,16.1470737457275,8.54740142822266,8.02291870117188,0.0359154082834721,0.0517438463866711
111299,24.124998883806,39.2250007629395,0.650876641273499,19.3705787658691,13.3110303878784,9.91417407989502,8.11005878448486,0.0614450238645077,0.186000481247902,20.8412628173828,14.563982963562,11.578577041626,8.02326965332031,0.0639796331524849,0.234453335404396
111311,24.7249988634911,39.2250007629395,0.606478750705719,19.1907348632812,12.1557159423828,10.8004169464111,8.10846614837646,0.0573757588863373,0.265010416507721,20.6417789459229,13.711238861084,11.2229785919189,8.02132415771484,0.0608167685568333,0.393502861261368
111321,25.224998846562,39.2250007629395,0.406859308481216,19.2205085754395,11.7285957336426,13.0749549865723,8.10557746887207,0.0603102184832096,0.162242069840431,20.6525592803955,13.0338363647461,13.8608283996582,8.01774787902832,0.0547160096466541,0.179907500743866
111667,0.274999691325532,39.1750007629395,0.661438703536987,19.7172241210938,14.386157989502,1.98761177062988,8.05537700653076,0.0415415838360786,0.0519637539982796,20.6513595581055,16.6896724700928,2.59199810028076,7.96752309799194,0.0150002911686897,0.056074358522892
111678,0.824999672703489,39.1750007629395,0.722429037094116,19.7205677032471,14.6818017959595,1.71283543109894,8.05239486694336,0.0256489031016827,0.107361517846584,20.6301612854004,16.8761329650879,2.4134464263916,7.96405029296875,0.0275811348110437,0.085841678082943
111690,1.42499965238853,39.1750007629395,0.698989033699036,19.7796077728271,14.7123079299927,1.71591544151306,8.05223751068115,0.0478097200393677,0.104273326694965,20.7263965606689,16.7127361297607,2.56164765357971,7.96414852142334,0.0489355884492397,0.0753962248563766
111701,1.97499963376649,39.1750007629395,0.69963526725769,19.7886867523193,14.8709754943848,1.79755210876465,8.05313491821289,0.0465452559292316,0.0743209719657898,20.7835350036621,16.8172283172607,2.44127821922302,7.96507930755615,0.0352853573858738,0.0569257587194443
111712,2.52499961514445,39.1750007629395,0.675231873989105,19.8429489135742,14.7011947631836,1.57285308837891,8.05398273468018,0.0286699328571558,0.0932923182845116,20.8673191070557,16.5439262390137,2.12677764892578,7.96616220474243,0.0206741038709879,0.0537643134593964
111727,3.27499958975075,39.1750007629395,0.628167867660522,19.8760299682617,14.5210838317871,1.46076774597168,8.05545711517334,0.0709136798977852,0.148263916373253,20.9165382385254,16.4396076202393,2.10650324821472,7.96775150299072,0.0605020262300968,0.125405892729759
111738,3.82499957112871,39.1750007629395,0.614563286304474,19.8996448516846,14.5147714614868,1.29820156097412,8.05642890930176,0.0546309985220432,0.151579916477203,20.9464130401611,16.3509769439697,1.89229679107666,7.96906089782715,0.0584630332887173,0.13185341656208
111764,5.12499952711297,39.1750007629395,0.615025639533997,19.7941703796387,14.4139652252197,1.4154679775238,8.05881690979004,0.0581659525632858,0.15883095562458,20.8781986236572,16.2342147827148,1.80690729618073,7.97139072418213,0.0319504737854004,0.00601783534511924
111777,5.7749995051051,39.1750007629395,0.625591993331909,19.7827053070068,14.3581075668335,1.2745475769043,8.05948734283447,0.0237030033022165,0.166022539138794,20.8481769561768,16.4152793884277,1.7362357378006,7.97224140167236,0.0196671951562166,0.141892552375793
111826,8.22499942215237,39.1750007629395,0.643163621425629,19.0014114379883,14.4290103912354,1.11326229572296,8.0646333694458,0.113937042653561,0.263497024774551,20.1144866943359,16.235408782959,1.35937213897705,7.97616195678711,0.0995262339711189,0.247273921966553
111886,11.2249993205776,39.1750007629395,0.632223725318909,19.7235488891602,14.7103452682495,1.18235075473785,8.05736637115479,0.0353781022131443,0.129674017429352,20.8940029144287,16.6895790100098,1.53443133831024,7.96974468231201,0.0444566868245602,0.187465935945511
111902,12.024999293491,39.1750007629395,0.627265691757202,19.846586227417,15.019718170166,1.1761440038681,8.05715274810791,0.0146576203405857,0.0562322810292244,21.0062980651855,16.9564723968506,1.7089478969574,7.96890449523926,0.00603227131068706,0.0188884995877743
111913,12.5749992748689,39.1750007629395,0.610115170478821,19.9625663757324,15.0835084915161,1.14098417758942,8.05803394317627,0.0155524825677276,0.0550458431243896,21.1378746032715,17.2569675445557,1.56533396244049,7.96963310241699,0.0152079286053777,0.0834892839193344
111914,12.624999273176,39.1750007629395,0.603628695011139,19.9716567993164,15.0942258834839,1.13674223423004,8.05822849273682,0.014997947961092,0.0453237742185593,21.1446399688721,17.2671089172363,1.55876278877258,7.96986198425293,0.0145972594618797,0.0709823742508888
112047,19.2749990480186,39.1750007629395,0.34198847413063,20.0612735748291,13.7499017715454,1.36492896080017,8.08559513092041,0.0121572967618704,0.0300733745098114,21.3798484802246,16.1380062103271,1.6934072971344,7.99811840057373,0.011501032859087,0.0423445925116539
112142,24.0249988871919,39.1750007629395,0.627642154693604,19.4824142456055,13.3220653533936,8.80212020874023,8.11010551452637,0.0412660948932171,0.116226218640804,20.9406185150146,14.699122428894,10.3134927749634,8.02329349517822,0.0425543934106827,0.127214342355728
112154,24.6249988668769,39.1750007629395,0.633120596408844,19.1971664428711,12.4965753555298,10.4948043823242,8.10920238494873,0.0509407296776772,0.24487279355526,20.6561088562012,14.1329307556152,11.0427589416504,8.02214050292969,0.0562676191329956,0.362273305654526
112508,0.0749996980971845,39.1250007629395,0.631905138492584,19.7299289703369,14.3814287185669,2.01082897186279,8.05746936798096,0.0309554189443588,0.00260659703053534,20.6603698730469,16.6925277709961,2.37393140792847,7.96993684768677,0.00572543544694782,0.00294025242328645
112519,0.624999679475141,39.1250007629395,0.707497477531433,19.7171192169189,14.5534839630127,1.79778289794922,8.05294227600098,0.029029231518507,0.0955632850527763,20.6462707519531,16.8400173187256,2.56362748146057,7.96462202072144,0.0129845421761274,0.0704900324344635
112531,1.22499965916019,39.1250007629395,0.717890620231628,19.7921047210693,14.6719951629639,1.69993817806244,8.05199432373047,0.0681209713220596,0.172686845064163,20.7234840393066,16.6348419189453,2.53646898269653,7.96390724182129,0.0795810893177986,0.148110762238503
112542,1.77499964053814,39.1250007629395,0.675763070583344,19.7984619140625,14.7915449142456,1.6803822517395,8.05228805541992,0.0393380858004093,0.0475129932165146,20.7691268920898,16.7105922698975,2.4299099445343,7.96419668197632,0.0278275310993195,0.0445042662322521
112553,2.3249996219161,39.1250007629395,0.696072638034821,19.8316173553467,14.6871099472046,1.7293621301651,8.0536470413208,0.0357795841991901,0.106291092932224,20.839376449585,16.6192626953125,2.23351001739502,7.96586227416992,0.0271983630955219,0.10637878626585
112569,3.12499959482949,39.1250007629395,0.628458201885223,19.8668823242188,14.5121507644653,1.35720670223236,8.05460357666016,0.0604958273470402,0.145804852247238,20.9129257202148,16.4353160858154,1.9056259393692,7.96704483032227,0.0540043972432613,0.15694323182106
112580,3.67499957620745,39.1250007629395,0.644695162773132,19.9116344451904,14.5077819824219,1.33896577358246,8.05590629577637,0.0568077191710472,0.191694438457489,20.9495677947998,16.3259544372559,1.95396590232849,7.96858692169189,0.0623527988791466,0.179952576756477
112606,4.97499953219171,39.1250007629395,0.629377424716949,19.8013000488281,14.4349365234375,1.40290486812592,8.05776786804199,0.051308911293745,0.161504819989204,20.887752532959,16.1885967254639,1.81641530990601,7.97035312652588,0.0287865232676268,0.0229115802794695
112618,5.57499951187676,39.1250007629395,0.628237068653107,19.8076457977295,14.4196176528931,1.29087400436401,8.05835819244385,0.0351882576942444,0.167576298117638,20.8805618286133,16.4854965209961,1.73765337467194,7.9710168838501,0.0306136589497328,0.133406847715378
112655,7.42499944923897,39.1250007629395,0.532207667827606,19.5672435760498,14.0744409561157,1.30805253982544,8.05930614471436,0.065432220697403,0.0700298473238945,20.6600894927979,15.7891654968262,1.80696702003479,7.97060251235962,0.0686645060777664,0.0935461074113846
112667,8.02499942892402,39.1250007629395,0.707126975059509,19.2410583496094,14.1701946258545,1.39232504367828,8.06313896179199,0.172701075673103,0.39121001958847,20.3503894805908,15.9103593826294,1.73839151859283,7.97475051879883,0.146543636918068,0.430724918842316
112726,10.9749993290422,39.1250007629395,0.605351984500885,19.6612110137939,14.6842031478882,1.26603150367737,8.05770206451416,0.0534978248178959,0.0921158492565155,20.8394546508789,16.586877822876,1.66470336914062,7.97025918960571,0.0478842034935951,0.0377903655171394
112742,11.7749993019555,39.1250007629395,0.606683552265167,19.8092498779297,14.9412336349487,1.17411744594574,8.05660057067871,0.0178907848894596,0.0244415383785963,20.9574337005615,16.886251449585,1.69045877456665,7.96853160858154,0.0138740288093686,0.0400359556078911
112753,12.3249992833335,39.1250007629395,0.628743588924408,19.9161415100098,15.082465171814,1.23803544044495,8.05718803405762,0.0163529049605131,0.0502774827182293,21.0856800079346,17.2019844055176,1.72148513793945,7.96877908706665,0.0130671625956893,0.0187047030776739
112826,15.9749991597509,39.1250007629395,0.407788187265396,20.1212615966797,13.9467363357544,0.866330981254578,8.06527614593506,0.0111016761511564,0.0197350773960352,21.2509021759033,15.8585729598999,1.3167028427124,7.97873258590698,0.0138696720823646,0.0449580661952496
112973,23.3249989108926,39.1250007629395,0.636378943920135,19.8894481658936,14.7282085418701,6.31341600418091,8.11126041412354,0.0225520841777325,0.0418627709150314,21.3325786590576,16.8559398651123,7.85102224349976,8.02395057678223,0.0227086562663317,0.060678381472826
112991,24.2249988804202,39.1250007629395,0.646221816539764,19.3015804290771,12.8854084014893,9.6931095123291,8.11027717590332,0.0893000736832619,0.255521476268768,20.7752876281738,14.2056732177734,11.1018714904785,8.02347087860107,0.0946410149335861,0.320392936468124
113002,24.7749988617982,39.1250007629395,0.605716407299042,19.1913356781006,12.3232755661011,10.8675260543823,8.10815238952637,0.0499182380735874,0.232690751552582,20.6487941741943,13.9360647201538,11.4399938583374,8.02108192443848,0.052343524992466,0.300062417984009
113358,0.324999689632619,39.0750007629395,0.677139043807983,19.7221546173096,14.4153518676758,1.9968147277832,8.05502319335938,0.0425547994673252,0.0719790011644363,20.6572418212891,16.7465724945068,2.56326270103455,7.96712160110474,0.0142445592209697,0.0846210867166519
113370,0.924999669317663,39.0750007629395,0.738362789154053,19.7302398681641,14.7083215713501,1.72862458229065,8.05191802978516,0.0607616007328033,0.176330357789993,20.6387634277344,16.7771339416504,2.4446268081665,7.9636549949646,0.0670274794101715,0.184673100709915
113385,1.67499964392397,39.0750007629395,0.66892796754837,19.8565711975098,14.7346000671387,1.62774312496185,8.05203342437744,0.0170664843171835,0.0222691763192415,20.8171005249023,16.5228614807129,2.36476111412048,7.96398162841797,0.0137857235968113,0.00754017010331154
113396,2.22499962530193,39.0750007629395,0.704093992710114,19.8290309906006,14.6410474777222,1.6868189573288,8.05337333679199,0.040289144963026,0.138727843761444,20.8281669616699,16.5992946624756,2.24563550949097,7.96567296981812,0.0289695151150227,0.146544516086578
113409,2.87499960329406,39.0750007629395,0.584343791007996,19.860631942749,14.5613508224487,1.32382667064667,8.05380916595459,0.0391980446875095,0.0245074983686209,20.8995342254639,16.4504814147949,1.77966451644897,7.96640825271606,0.0314790979027748,0.0274821016937494
113413,3.0749995965224,39.0750007629395,0.617281556129456,19.870548248291,14.4394235610962,1.30976605415344,8.05422019958496,0.0606145486235619,0.14417576789856,20.9152221679688,16.3859004974365,1.82608115673065,7.96677446365356,0.0548323355615139,0.17094674706459
113424,3.62499957790036,39.0750007629395,0.644456088542938,19.9180679321289,14.4904317855835,1.32851374149323,8.0554256439209,0.0583677291870117,0.193675741553307,20.9524803161621,16.3214359283447,1.91538178920746,7.96818876266479,0.067199744284153,0.183727249503136
113450,4.92499953388463,39.0750007629395,0.642811477184296,19.812707901001,14.4478044509888,1.40280675888062,8.05694103240967,0.0462590269744396,0.166784062981606,20.899486541748,16.1608028411865,1.85001277923584,7.96954393386841,0.0260943789035082,0.0254885219037533
113462,5.52499951356967,39.0750007629395,0.631414711475372,19.8218975067139,14.4405574798584,1.28550803661346,8.05732440948486,0.0382889844477177,0.16632054746151,20.8967552185059,16.5020656585693,1.7133971452713,7.96989774703979,0.0317505747079849,0.147959426045418
113510,7.92499943230984,39.0750007629395,0.654464304447174,19.3301963806152,14.0867576599121,1.42017817497253,8.0623025894165,0.153807148337364,0.320050090551376,20.4402351379395,15.8058385848999,1.8297678232193,7.97394895553589,0.132397964596748,0.342201501131058
113571,10.9749993290422,39.0750007629395,0.605723798274994,19.6519451141357,14.6506309509277,1.28582346439362,8.05747032165527,0.0576760284602642,0.0957446843385696,20.8316173553467,16.5230255126953,1.67402684688568,7.97007656097412,0.0521314740180969,0.0458734147250652
113587,11.7749993019555,39.0750007629395,0.611243307590485,19.8094081878662,14.9194564819336,1.18656647205353,8.05620765686035,0.0181841440498829,0.0293865092098713,20.9517059326172,16.8438949584961,1.71594381332397,7.9681282043457,0.0180775448679924,0.0509589351713657
113598,12.3249992833335,39.0750007629395,0.636721730232239,19.9230194091797,15.067063331604,1.25948548316956,8.0568323135376,0.0170280244201422,0.0605258755385876,21.0903339385986,17.1753997802734,1.7461256980896,7.96839666366577,0.0155109753832221,0.050482839345932
113609,12.8749992647115,39.0750007629395,0.610004246234894,20.0421199798584,15.1385583877563,1.13809442520142,8.05777454376221,0.0103552853688598,0.0471065528690815,21.2107791900635,17.2229499816895,1.55980813503265,7.96941423416138,0.00856058765202761,0.0492614395916462
113625,13.6749992376249,39.0750007629395,0.537694156169891,20.0913181304932,15.03537940979,0.959821939468384,8.05792999267578,0.0348048992455006,0.0262745823711157,21.3088111877441,17.2977294921875,1.49778127670288,7.96907091140747,0.0357999391853809,0.033685851842165
113757,20.2749990141603,39.0750007629395,0.299072533845901,20.1351680755615,13.2062635421753,1.29340255260468,8.08762454986572,0.0121681913733482,0.0634222850203514,21.5451526641846,15.3650951385498,1.77061235904694,8.00114631652832,0.0131920361891389,0.0778106227517128
113824,23.6249989007352,39.0750007629395,0.620582759380341,19.7252559661865,14.0919485092163,6.7218279838562,8.11056423187256,0.0344258062541485,0.0744380727410316,21.1657371520996,16.033447265625,8.34982109069824,8.0235652923584,0.0360042005777359,0.105962887406349
113842,24.5249988702627,39.0750007629395,0.629418313503265,19.2118110656738,12.7450857162476,9.9511775970459,8.11010837554932,0.0467716418206692,0.19052192568779,20.6730365753174,14.3911981582642,10.5950012207031,8.02323913574219,0.0509588234126568,0.235510513186455
114199,0.124999696404271,39.0250007629395,0.645391464233398,19.7319183349609,14.4545125961304,1.94628036022186,8.05648994445801,0.029929893091321,0.0153875490650535,20.6637210845947,16.779260635376,2.37371063232422,7.96888256072998,0.00520986830815673,0.0147759011015296
114211,0.724999676089316,39.0250007629395,0.714356660842896,19.7171936035156,14.6021499633789,1.70808804035187,8.05216217041016,0.0376570820808411,0.122657790780067,20.6293468475342,16.7973499298096,2.42737007141113,7.96384572982788,0.0324372090399265,0.156130567193031
114222,1.27499965746727,39.0250007629395,0.694126307964325,19.826717376709,14.5915822982788,1.68421113491058,8.05175113677979,0.0457101799547672,0.119347281754017,20.7652320861816,16.5789585113525,2.53449511528015,7.9637451171875,0.0546501018106937,0.111795522272587
114239,2.12499962868775,39.0250007629395,0.686180293560028,19.8293762207031,14.5579147338867,1.59873378276825,8.05301380157471,0.0401859767735004,0.133907631039619,20.8200664520264,16.492977142334,2.24736833572388,7.96530151367188,0.0268922857940197,0.13293918967247
114251,2.7249996083728,39.0250007629395,0.60660994052887,19.8669395446777,14.5023422241211,1.4093713760376,8.05341911315918,0.0414129197597504,0.0564446188509464,20.8926773071289,16.2594375610352,1.90298390388489,7.96612739562988,0.0309119261801243,0.0877232626080513
114268,3.57499957959327,39.0250007629395,0.649828732013702,19.9287166595459,14.4025411605835,1.3116819858551,8.05518054962158,0.0600886605679989,0.218418449163437,20.9602241516113,16.2310466766357,1.85506999492645,7.96800661087036,0.073794387280941,0.191736847162247
114297,5.0249995304988,39.0250007629395,0.664139330387115,19.8310623168945,14.3607482910156,1.45432937145233,8.05656719207764,0.0563687235116959,0.21513669192791,20.9177227020264,16.1205539703369,1.86796259880066,7.96908855438232,0.0338588543236256,0.0882520601153374
114309,5.62499951018384,39.0250007629395,0.623899102210999,19.8356647491455,14.4203243255615,1.28413534164429,8.05707359313965,0.0268487259745598,0.138961538672447,20.9117412567139,16.4926071166992,1.74823760986328,7.96968269348145,0.0238977838307619,0.093658410012722
114349,7.62499944246732,39.0250007629395,0.552242338657379,19.5101737976074,13.8900651931763,1.41081893444061,8.05929660797119,0.092352606356144,0.137731283903122,20.6108665466309,15.6504049301147,1.93569099903107,7.97062826156616,0.09127576649189,0.0678688883781433
114358,8.07499942723111,39.0250007629395,0.63553911447525,19.180627822876,14.1538257598877,1.37551939487457,8.06302833557129,0.164395540952682,0.28578582406044,20.2968254089355,15.8634338378906,1.61376106739044,7.97475624084473,0.138554081320763,0.305715203285217
114419,11.1249993239634,39.0250007629395,0.616244554519653,19.6737384796143,14.5806159973145,1.28469550609589,8.05704402923584,0.0523027032613754,0.115462005138397,20.8484477996826,16.4465198516846,1.6780914068222,7.96959924697876,0.0545665062963963,0.057161845266819
114437,12.024999293491,39.0250007629395,0.630934834480286,19.8573722839355,14.9642734527588,1.17974936962128,8.05615520477295,0.0102670677006245,0.052404060959816,21.0027980804443,16.9562397003174,1.74589824676514,7.96785020828247,0.00905509665608406,0.0212981645017862
114448,12.5749992748689,39.0250007629395,0.654344916343689,19.9949111938477,15.0854759216309,1.25351822376251,8.05710887908936,0.0187883265316486,0.108122497797012,21.1676864624023,17.2512798309326,1.76638913154602,7.96865224838257,0.0177540667355061,0.159036427736282
114516,15.9749991597509,39.0250007629395,0.400473892688751,20.1740417480469,14.025710105896,0.851412296295166,8.06486129760742,0.0153321111574769,0.0057866582646966,21.3108234405518,15.9131298065186,1.29045867919922,7.97821140289307,0.0182317532598972,0.0181561522185802
114666,23.4749989058139,39.0250007629395,0.629342138767242,19.8380680084229,14.5868644714355,6.46416330337524,8.11110877990723,0.0300524532794952,0.0444565191864967,21.2747383117676,16.7312126159668,8.13984203338623,8.02403545379639,0.0302196461707354,0.0806590691208839
114678,24.0749988854989,39.0250007629395,0.620146155357361,19.4287509918213,13.0917854309082,9.06575679779053,8.11044979095459,0.077608123421669,0.184465125203133,20.8941783905029,14.4054136276245,10.8524217605591,8.02359104156494,0.0804396942257881,0.19545915722847
114718,26.0749988177824,39.0250007629395,0.259455323219299,19.7220458984375,10.911979675293,3.02201890945435,8.0950231552124,0.0284141954034567,0.0359624922275543,21.0557460784912,13.3966302871704,4.32455062866211,8.00758743286133,0.0267346557229757,0.0230542365461588
115040,-0.0750002968240766,38.9750007629395,0.756652891635895,19.7603931427002,15.1815757751465,2.25335645675659,8.05769538879395,0.00845710188150405,0.0229536518454552,20.6885662078857,17.2996768951416,2.72698402404785,7.97026491165161,0.0110024865716696,0.0326751992106438
115051,0.474999684553881,38.9750007629395,0.69388747215271,19.7151565551758,14.44127368927,1.78239154815674,8.05370712280273,0.0424700863659382,0.122227512300014,20.6510105133057,16.7592010498047,2.49609565734863,7.96565008163452,0.0206928085535765,0.127391919493675
115063,1.07499966423892,38.9750007629395,0.765460789203644,19.7952747344971,14.6984891891479,1.71414732933044,8.05176448822021,0.0834845006465912,0.258627146482468,20.713134765625,16.6600322723389,2.55911207199097,7.96366786956787,0.0957401767373085,0.329428255558014
115079,1.87499963715232,38.9750007629395,0.648702561855316,19.8362598419189,14.5769281387329,1.59262275695801,8.05228424072266,0.0249129571020603,0.0329990871250629,20.806978225708,16.5337448120117,2.33540034294128,7.96440410614014,0.0188548769801855,0.0483068153262138
115090,2.42499961853027,38.9750007629395,0.688826203346252,19.8499279022217,14.6116323471069,1.53891777992249,8.05313110351562,0.044040035456419,0.152205720543861,20.8580951690674,16.4588718414307,2.15360450744629,7.965744972229,0.0291525088250637,0.176893442869186
115108,3.32499958805784,38.9750007629395,0.646547853946686,19.9283294677734,14.3789720535278,1.34937274456024,8.0546407699585,0.0659440159797668,0.211389809846878,20.9634017944336,16.2882041931152,1.9652304649353,7.96739101409912,0.0747470408678055,0.21933913230896
115136,4.72499954065628,38.9750007629395,0.613305747509003,19.8400096893311,14.4681129455566,1.36083030700684,8.0560998916626,0.0366974286735058,0.103744946420193,20.9228115081787,16.1325283050537,1.83486914634705,7.96897029876709,0.0246725305914879,0.0390428863465786
115147,5.27499952203423,38.9750007629395,0.637603998184204,19.8451614379883,14.3205223083496,1.34013366699219,8.05675411224365,0.0520718432962894,0.199434787034988,20.9265785217285,16.1815853118896,1.76267635822296,7.96923112869263,0.0355813428759575,0.209118887782097
115159,5.87499950171928,38.9750007629395,0.616575062274933,19.8286972045898,14.3963603973389,1.28660714626312,8.05682182312012,0.00787966605275869,0.092927984893322,20.8984813690186,16.510570526123,1.83298087120056,7.96953248977661,0.00512334099039435,0.095121867954731
115261,10.9749993290422,38.9750007629395,0.611227691173553,19.630880355835,14.6047410964966,1.29574906826019,8.05726623535156,0.0642010048031807,0.113681368529797,20.8145694732666,16.4203052520752,1.66191411018372,7.96986484527588,0.0595838762819767,0.0520577132701874
115269,11.3749993154988,38.9750007629395,0.60079562664032,19.726245880127,14.5864505767822,1.32161295413971,8.05646896362305,0.0363280288875103,0.0561795569956303,20.8773021697998,16.4496459960938,1.72526037693024,7.96882152557373,0.0551844947040081,0.0666625872254372
115278,11.8249993002626,38.9750007629395,0.619128346443176,19.818473815918,14.929575920105,1.17977857589722,8.0560245513916,0.0185021031647921,0.0437916442751885,20.9522953033447,16.8317127227783,1.74471688270569,7.96792459487915,0.0240244641900063,0.022326922044158
115290,12.4249992799477,38.9750007629395,0.671258151531219,19.9592571258545,15.0240354537964,1.28145456314087,8.05682182312012,0.0211474951356649,0.135205149650574,21.1271381378174,17.1600246429443,1.77347874641418,7.96839094161987,0.0192426089197397,0.158447489142418
115424,19.1249990530973,38.9750007629395,0.363238215446472,20.1350727081299,13.8735322952271,1.41867244243622,8.08490180969238,0.00665172189474106,0.0423225611448288,21.4346942901611,16.2969188690186,1.73545670509338,7.9974308013916,0.00760741531848908,0.0532202087342739
115511,23.4749989058139,38.9750007629395,0.631259322166443,19.8627738952637,14.6625480651855,6.42456293106079,8.11111927032471,0.0270098634064198,0.0371262729167938,21.2974109649658,16.8335742950439,8.11576461791992,8.0240421295166,0.0269429292529821,0.0713081434369087
115522,24.0249988871919,38.9750007629395,0.612409591674805,19.5015029907227,13.3280153274536,8.60229015350342,8.11050510406494,0.0612471662461758,0.126695558428764,20.9593906402588,14.8451919555664,10.3574485778809,8.02358818054199,0.0628641173243523,0.129432111978531
115888,0.0749996980971845,38.9250007629395,0.685374200344086,19.7381248474121,14.7495918273926,1.96652472019196,8.05697917938232,0.0130028398707509,0.0119755249470472,20.667896270752,17.046142578125,2.40205097198486,7.96948385238647,0.0112086217850447,0.0129875559359789
115899,0.624999679475141,38.9250007629395,0.704172730445862,19.7091960906982,14.4706754684448,1.70058870315552,8.05274391174316,0.040507085621357,0.136134386062622,20.6313800811768,16.7106075286865,2.38550233840942,7.96462965011597,0.0291926003992558,0.119809620082378
115910,1.1749996608531,38.9250007629395,0.708216667175293,19.8550758361816,14.7346334457397,1.64785695075989,8.05172920227051,0.0290090311318636,0.106831088662148,20.7808418273926,16.7150039672852,2.47251510620117,7.96380805969238,0.0373932272195816,0.142357379198074
115927,2.02499963207358,38.9250007629395,0.653423845767975,19.8407535552979,14.5082979202271,1.51602697372437,8.05260562896729,0.0330669097602367,0.0879311114549637,20.8174648284912,16.4397239685059,2.24351716041565,7.96488046646118,0.0230831988155842,0.127831861376762
115938,2.57499961345153,38.9250007629395,0.660238862037659,19.8678550720215,14.5655794143677,1.46455943584442,8.05303764343262,0.0454034432768822,0.130053997039795,20.8856430053711,16.305383682251,2.03078985214233,7.96579074859619,0.0306757427752018,0.137345507740974
115954,3.37499958636493,38.9250007629395,0.644305884838104,19.938907623291,14.3081836700439,1.32508492469788,8.05463790893555,0.0627974271774292,0.219737634062767,20.9726333618164,16.169246673584,1.9017688035965,7.96751880645752,0.0759681686758995,0.268305063247681
115982,4.77499953896336,38.9250007629395,0.66238796710968,19.849796295166,14.4326324462891,1.39885771274567,8.05589580535889,0.0426488406956196,0.189847573637962,20.9305896759033,16.0947647094727,1.83867406845093,7.9687647819519,0.0274994131177664,0.0775501877069473
115993,5.32499952034132,38.9250007629395,0.66726541519165,19.858959197998,14.3230180740356,1.33589291572571,8.05633926391602,0.0454573296010494,0.233773022890091,20.938081741333,16.2259654998779,1.77400302886963,7.96880054473877,0.034110963344574,0.227695748209953
116005,5.92499950002636,38.9250007629395,0.611902594566345,19.8437194824219,14.4125995635986,1.2961950302124,8.05642032623291,0.00391779420897365,0.070325993001461,20.918176651001,16.5087356567383,1.84047889709473,7.96915340423584,0.00229571643285453,0.0938320681452751
116011,6.22499948986889,38.9250007629395,0.561669111251831,19.827220916748,14.2342710494995,1.21703469753265,8.05649566650391,0.0152613827958703,0.0452581718564034,20.8948612213135,16.2148303985596,1.6652592420578,7.96921682357788,0.010154502466321,0.0867747962474823
116106,10.9749993290422,38.9250007629395,0.60571414232254,19.6151599884033,14.5777225494385,1.29151952266693,8.05721473693848,0.0659969300031662,0.108679480850697,20.8003196716309,16.3667030334473,1.63532900810242,7.96983289718628,0.0627976655960083,0.0169439315795899
116127,12.024999293491,38.9250007629395,0.632952034473419,19.8562793731689,14.9226694107056,1.18353843688965,8.0560302734375,0.0145821431651711,0.0683542937040329,20.9952697753906,16.8894557952881,1.76602017879486,7.96776628494263,0.0211556646972895,0.0194187257438898
116138,12.5749992748689,38.9250007629395,0.653244435787201,20.0096645355225,15.0280590057373,1.31442499160767,8.05687427520752,0.0262753684073687,0.114736244082451,21.1816596984863,17.2123794555664,1.79474091529846,7.96845865249634,0.0196078270673752,0.162393882870674
116165,13.9249992291603,38.9250007629395,0.541569948196411,20.1485080718994,14.9702939987183,1.04022598266602,8.05751800537109,0.0309271793812513,0.0234915148466825,21.3708953857422,17.15576171875,1.62742185592651,7.96873712539673,0.0346313416957855,0.0218241810798645
116293,20.3249990124674,38.9250007629395,0.286109447479248,20.2173957824707,13.2321300506592,1.26672637462616,8.08747386932373,0.00624539284035563,0.030379107221961,21.6246566772461,15.3667192459106,1.72727537155151,8.00103378295898,0.00622720178216696,0.0246436800807714
116362,23.7749988956564,38.9250007629395,0.624045550823212,19.7332859039307,14.3186416625977,6.81516122817993,8.11053371429443,0.0293836183845997,0.0303774978965521,21.1642799377441,16.4943103790283,8.44853115081787,8.02359771728516,0.0315168127417564,0.0513722039759159
116739,0.374999687939706,38.8750007629395,0.667835354804993,19.7280979156494,14.3576383590698,1.88139605522156,8.05406951904297,0.0554753243923187,0.0970016941428185,20.6596450805664,16.7653045654297,2.40074276924133,7.96620225906372,0.022880420088768,0.0703017115592957
116750,0.924999669317663,38.8750007629395,0.732664048671722,19.7490882873535,14.6175289154053,1.7758709192276,8.05169010162354,0.0719240605831146,0.185851275920868,20.6588840484619,16.6252861022949,2.50916624069214,7.96373414993286,0.0709953382611275,0.235701024532318
116764,1.62499964561688,38.8750007629395,0.66456550359726,19.8851547241211,14.6398286819458,1.54257214069366,8.05190658569336,0.0164602436125278,0.0508326068520546,20.8328456878662,16.3600978851318,2.36588835716248,7.96414422988892,0.0207964368164539,0.0610006414353848
116775,2.17499962699484,38.8750007629395,0.677831649780273,19.8430233001709,14.4703817367554,1.43972134590149,8.05271148681641,0.0406423211097717,0.163250595331192,20.8282661437988,16.3435726165771,2.11286687850952,7.96533155441284,0.0293298866599798,0.186020001769066
116791,2.97499959990823,38.8750007629395,0.612337112426758,19.8995380401611,14.2987499237061,1.36691558361053,8.0533561706543,0.0576180219650269,0.136168390512466,20.9390506744385,16.174596786499,1.99495160579681,7.96636438369751,0.0644618198275566,0.13275982439518
116803,3.57499957959327,38.8750007629395,0.633481383323669,19.9513111114502,14.2263555526733,1.22653484344482,8.05450248718262,0.0543675981462002,0.222456872463226,20.9892082214355,15.9767398834229,1.70983386039734,7.96757221221924,0.072074867784977,0.238838121294975
116831,4.97499953219171,38.8750007629395,0.675094306468964,19.8638591766357,14.2808227539062,1.44974172115326,8.05541801452637,0.0581466294825077,0.238544806838036,20.9473342895508,16.0381298065186,1.84337210655212,7.96805810928345,0.0382305979728699,0.16208678483963
116843,5.57499951187676,38.8750007629395,0.606636703014374,19.8681831359863,14.3597297668457,1.32766962051392,8.05559158325195,0.0227076727896929,0.0912802889943123,20.9495735168457,16.2835445404053,1.81848740577698,7.96805334091187,0.0223460886627436,0.0117574967443943
116863,6.5749994780185,38.8750007629395,0.535781860351562,19.8224430084229,13.920464515686,1.17860591411591,8.0560474395752,0.0237701553851366,0.0663542225956917,20.8948764801025,15.7852487564087,1.6103173494339,7.96830177307129,0.0104662170633674,0.0374857746064663
116906,8.72499940522324,38.8750007629395,0.631332218647003,19.0454139709473,14.7047185897827,1.27609634399414,8.06380271911621,0.027497049421072,0.0602299496531487,20.1827278137207,16.4581127166748,1.64211118221283,7.9763708114624,0.0229005869477987,0.0779970437288284
116948,10.8249993341209,38.8750007629395,0.605994760990143,19.5463390350342,14.5302534103394,1.25076484680176,8.05782318115234,0.0669853836297989,0.12214870005846,20.7351379394531,16.1162738800049,1.64626228809357,7.97049379348755,0.0573386922478676,0.0441543124616146
116962,11.5249993104201,38.8750007629395,0.612545192241669,19.7381420135498,14.6179723739624,1.31928896903992,8.05585956573486,0.0289293341338634,0.054625678807497,20.8691425323486,16.3383255004883,1.74810886383057,7.96810913085938,0.0547678507864475,0.0212347377091646
116974,12.1249992901052,38.8750007629395,0.672702372074127,19.8820209503174,14.8881597518921,1.2027416229248,8.05588626861572,0.0216685365885496,0.152050957083702,21.0296077728271,16.8496494293213,1.77742874622345,7.96756649017334,0.0249839033931494,0.183367654681206
116985,12.6749992714831,38.8750007629395,0.648085176944733,20.0337200164795,14.9929656982422,1.31471860408783,8.05687427520752,0.0293006598949432,0.120119854807854,21.2045745849609,17.1803131103516,1.79232215881348,7.96856451034546,0.019484244287014,0.130133911967278
117028,14.8249991986879,38.8750007629395,0.571145415306091,20.1868953704834,14.761739730835,0.987783491611481,8.05794048309326,0.0247862748801708,0.12302553653717,21.3978137969971,17.1325798034668,1.51871192455292,7.96931934356689,0.0270772986114025,0.147976517677307
117155,21.1749989836879,38.8750007629395,0.288698256015778,20.0189914703369,12.9777755737305,1.38757705688477,8.08698749542236,0.0271036773920059,0.0515141673386097,21.4900951385498,15.2463502883911,2.01741766929626,8.00075435638428,0.0296234730631113,0.0646327510476112
117209,23.8749988922706,38.8750007629395,0.61085456609726,19.6846008300781,14.1389198303223,7.24332523345947,8.11057281494141,0.0364527180790901,0.0181689206510782,21.1207294464111,16.3078441619873,8.82074451446533,8.02364158630371,0.0384766086935997,0.0405867658555508
117588,0.574999681168054,38.8250007629395,0.67377120256424,19.71315574646,14.3575010299683,1.69075906276703,8.05256175994873,0.0477778278291225,0.11316541582346,20.6350498199463,16.6625499725342,2.37665152549744,7.96458911895752,0.0330278389155865,0.0558639205992222
117599,1.12499966254601,38.8250007629395,0.708115637302399,19.8220443725586,14.6778516769409,1.63165938854218,8.05160236358643,0.0464965365827084,0.139099061489105,20.7371234893799,16.6266994476318,2.42148184776306,7.96387624740601,0.0538730323314667,0.182946294546127
117611,1.72499964223106,38.8250007629395,0.644866943359375,19.8694591522217,14.4718055725098,1.52440476417542,8.05182838439941,0.0224909707903862,0.0538361072540283,20.8186836242676,16.2773246765137,2.28320860862732,7.96413516998291,0.0245666615664959,0.0719244554638863
117622,2.27499962360901,38.8250007629395,0.681722044944763,19.8471508026123,14.4693946838379,1.42932438850403,8.05251502990723,0.0427522659301758,0.173232540488243,20.8383960723877,16.3017139434814,2.06589341163635,7.96541881561279,0.0330696329474449,0.186648026108742
117639,3.12499959482949,38.8250007629395,0.655362129211426,19.9162883758545,14.2233533859253,1.33330094814301,8.05332374572754,0.0583449453115463,0.224195167422295,20.954174041748,16.0372505187988,2.00051164627075,7.96647596359253,0.0726964473724365,0.225956872105598
117666,4.47499954912084,38.8250007629395,0.620280683040619,19.8768558502197,14.230637550354,1.34042608737946,8.05453205108643,0.0413427241146564,0.150491803884506,20.9512195587158,15.8075952529907,1.70408308506012,7.9677562713623,0.0397320277988911,0.0209210030734539
117677,5.0249995304988,38.8250007629395,0.665869057178497,19.8770618438721,14.2231922149658,1.40958499908447,8.05471611022949,0.059095486998558,0.235635876655579,20.9632225036621,16.0184173583984,1.79182016849518,7.96731948852539,0.0403878688812256,0.174831688404083
117691,5.72499950679802,38.8250007629395,0.61505252122879,19.8736724853516,14.3334922790527,1.34377038478851,8.05485248565674,0.0083493972197175,0.0728932470083237,20.9563808441162,16.2589797973633,1.89451789855957,7.96740341186523,0.011342354118824,0.0747419148683548
117716,6.97499946447519,38.8250007629395,0.50405490398407,19.7697410583496,13.8994445800781,1.23715329170227,8.0560359954834,0.033771388232708,0.00349968089722097,20.8595809936523,15.5237503051758,1.67609894275665,7.96751737594604,0.0279343798756599,0.00216654827818274
117753,8.82499940183741,38.8250007629395,0.647515594959259,19.1221828460693,14.659836769104,1.31335020065308,8.06400108337402,0.0247833952307701,0.0982611104846001,20.2624664306641,16.4001369476318,1.67295849323273,7.97660875320435,0.0207027923315763,0.136354878544807
117791,10.7249993375067,38.8250007629395,0.624352395534515,19.4988994598389,14.4864072799683,1.21946883201599,8.05795478820801,0.0599522851407528,0.149914175271988,20.6834297180176,15.9828310012817,1.64013123512268,7.97066450119019,0.0477928817272186,0.0421245507895947
117802,11.2749993188847,38.8250007629395,0.618303537368774,19.664083480835,14.4507617950439,1.31629621982574,8.05611133575439,0.0459951274096966,0.110509626567364,20.822151184082,16.215518951416,1.65661203861237,7.96866178512573,0.0580906644463539,0.0489354766905308
117814,11.8749992985697,38.8250007629395,0.611494541168213,19.8134479522705,14.7624406814575,1.19619464874268,8.05534362792969,0.0234600026160479,0.0534394644200802,20.9436836242676,16.5576610565186,1.75988411903381,7.9672417640686,0.0389627888798714,0.0473789423704147
117825,12.4249992799477,38.8250007629395,0.629931151866913,19.9685688018799,14.9574708938599,1.2867020368576,8.05617618560791,0.0321345329284668,0.0864025950431824,21.1357402801514,17.0065097808838,1.77722465991974,7.96780967712402,0.0258444137871265,0.0664498656988144
117888,15.5749991732942,38.8250007629395,0.499596297740936,20.2239818572998,14.4033842086792,0.933091163635254,8.06203746795654,0.0067700045183301,0.0852431207895279,21.3869247436523,16.4259624481201,1.40286231040955,7.97482967376709,0.00861094240099192,0.0782832950353622
118048,23.5749989024281,38.8250007629395,0.634220063686371,19.8633689880371,14.6578540802002,6.54551839828491,8.11087322235107,0.0233685448765755,0.0254157446324825,21.2891845703125,16.8786277770996,8.11840152740479,8.02380466461182,0.0242322776466608,0.0504171177744865
118061,24.2249988804202,38.8250007629395,0.535715997219086,19.4106998443604,12.9918231964111,9.16658306121826,8.11020088195801,0.103344015777111,0.0833446159958839,20.8625717163086,14.6239757537842,10.567985534668,8.02346134185791,0.108645021915436,0.129044398665428
118427,0.274999691325532,38.7750007629395,0.697351932525635,19.7398319244385,14.4773187637329,1.94394683837891,8.05393505096436,0.0395247116684914,0.0935299396514893,20.6769695281982,16.8705673217773,2.33461689949036,7.96622610092163,0.0175148751586676,0.0733701810240746
118438,0.824999672703489,38.7750007629395,0.718994677066803,19.7331218719482,14.4839344024658,1.77367842197418,8.05159378051758,0.0602352395653725,0.164438843727112,20.6400508880615,16.4597091674805,2.43552756309509,7.96371841430664,0.0568094067275524,0.19466345012188
118449,1.37499965408145,38.7750007629395,0.662965059280396,19.8539752960205,14.7111511230469,1.58613586425781,8.05178260803223,0.0196783393621445,0.0255233980715275,20.7784099578857,16.6328163146973,2.3401243686676,7.96420860290527,0.020750917494297,0.0236672516912222
118461,1.97499963376649,38.7750007629395,0.657009840011597,19.8525066375732,14.4439210891724,1.43907761573792,8.05221176147461,0.0323735028505325,0.116015009582043,20.8151569366455,16.2962608337402,2.11903476715088,7.96486616134644,0.028243325650692,0.176822975277901
118472,2.52499961514445,38.7750007629395,0.631758689880371,19.8665618896484,14.4628343582153,1.43019652366638,8.05226707458496,0.0434820055961609,0.0923556908965111,20.8735313415527,16.2728729248047,2.09292602539062,7.96541023254395,0.0363764874637127,0.0820702761411667
118484,3.12499959482949,38.7750007629395,0.661411345005035,19.9146556854248,14.1333084106445,1.32270002365112,8.05318450927734,0.0541354380548,0.240283876657486,20.9479351043701,15.862452507019,1.96368050575256,7.96646595001221,0.0684414729475975,0.187286615371704
118512,4.52499954742793,38.7750007629395,0.636868178844452,19.879732131958,14.1897506713867,1.3792587518692,8.05421543121338,0.0465574823319912,0.179947167634964,20.9526176452637,15.8040924072266,1.75692486763,7.96747159957886,0.0379436276853085,0.0539321713149548
118523,5.07499952880589,38.7750007629395,0.629876732826233,19.8953895568848,14.1614322662354,1.35324394702911,8.05452632904053,0.05717758461833,0.197996214032173,20.9790554046631,16.0067005157471,1.7562335729599,7.96707677841187,0.0411455109715462,0.170330092310905
118578,7.82499943569567,38.7750007629395,0.554940581321716,19.4852199554443,13.8470106124878,1.3638596534729,8.05837535858154,0.112395204603672,0.164950132369995,20.6062526702881,15.600679397583,1.82823133468628,7.96990251541138,0.106139197945595,0.222887992858887
118595,8.67499940691615,38.7750007629395,0.61909419298172,19.1181354522705,14.4694519042969,1.43737280368805,8.06381320953369,0.0411424525082111,0.0767310634255409,20.2556476593018,16.1594657897949,1.78641939163208,7.97632694244385,0.0280936025083065,0.0415265448391438
118629,10.3749993493571,38.7750007629395,0.611553072929382,19.3887405395508,14.3913669586182,1.0359650850296,8.05964946746826,0.0191416051238775,0.12012043595314,20.5535469055176,16.0935554504395,1.48177814483643,7.97230768203735,0.0298143122345209,0.0752250105142593
118644,11.1249993239634,38.7750007629395,0.622230172157288,19.6083068847656,14.4672470092773,1.29591917991638,8.05649375915527,0.0538427531719208,0.125943258404732,20.7799797058105,16.2226066589355,1.60961842536926,7.96917676925659,0.056648351252079,0.0616606771945953
118661,11.9749992951839,38.7750007629395,0.610904574394226,19.8275012969971,14.6533613204956,1.21740424633026,8.05519676208496,0.0298419035971165,0.0770960450172424,20.9650440216064,16.4349555969238,1.75636398792267,7.96696710586548,0.0391841791570187,0.054328341037035
118673,12.5749992748689,38.7750007629395,0.630848526954651,20.0126342773438,14.8741092681885,1.31474459171295,8.05627536773682,0.0422078929841518,0.119422502815723,21.1813259124756,16.9226589202881,1.77817392349243,7.96795558929443,0.0282417554408312,0.0985414683818817
118740,15.9249991614438,38.7750007629395,0.412871688604355,20.3099250793457,14.2119054794312,0.848252177238464,8.06346702575684,0.013074598275125,0.00472142081707716,21.4566631317139,16.0701141357422,1.28166055679321,7.97648000717163,0.0154886851087213,0.00848959013819693
118897,23.7749988956564,38.7750007629395,0.648989737033844,19.8760643005371,14.6450576782227,6.81096601486206,8.11063003540039,0.0229995436966419,0.0370035991072655,21.2981834411621,16.9313125610352,8.23770618438721,8.02365493774414,0.0245426204055548,0.0461016185581684
118923,25.0749988516407,38.7750007629395,0.533012747764587,19.4099903106689,11.9282712936401,9.99416255950928,8.10307216644287,0.0308395102620125,0.0801501050591469,20.8703937530518,13.3299179077148,10.5591459274292,8.01579570770264,0.0253064390271902,0.0561050176620483
119273,0.324999689632619,38.7250007629395,0.693709373474121,19.7267513275146,14.3340330123901,1.89078485965729,8.05304145812988,0.0650496035814285,0.144200786948204,20.6646480560303,16.7864456176758,2.30359697341919,7.96527624130249,0.0340492464601994,0.0912633091211319
119285,0.924999669317663,38.7250007629395,0.709420382976532,19.7559013366699,14.4851837158203,1.74926686286926,8.05148124694824,0.0684133544564247,0.165932238101959,20.6681003570557,16.3696613311768,2.44319868087769,7.96380090713501,0.0671520158648491,0.219886168837547
119297,1.52499964900271,38.7250007629395,0.657963275909424,19.873722076416,14.6737585067749,1.5421587228775,8.05193996429443,0.0150902019813657,0.0288605652749538,20.8056774139404,16.4589691162109,2.32681441307068,7.96448087692261,0.0166451092809439,0.0224278215318918
119308,2.07499963038067,38.7250007629395,0.653407096862793,19.8491706848145,14.4228496551514,1.45127844810486,8.0522346496582,0.0370441675186157,0.117851994931698,20.8201293945312,16.2584667205811,2.09038233757019,7.96502351760864,0.0331183560192585,0.113357998430729
119320,2.67499961006571,38.7250007629395,0.621389031410217,19.8722400665283,14.2915363311768,1.39190077781677,8.05228328704834,0.0455485545098782,0.1132468059659,20.8871288299561,16.064811706543,2.07521462440491,7.9656286239624,0.0440800748765469,0.0435102470219135
119331,3.22499959144367,38.7250007629395,0.660185098648071,19.9288482666016,14.0944833755493,1.30808448791504,8.05342197418213,0.0535227097570896,0.249825447797775,20.9635848999023,15.7948350906372,1.8663444519043,7.96679782867432,0.0644606053829193,0.171284511685371
119357,4.52499954742793,38.7250007629395,0.634416818618774,19.8818664550781,14.146110534668,1.3859578371048,8.05415439605713,0.0488991029560566,0.1839409917593,20.9538116455078,15.7940502166748,1.76962101459503,7.96742391586304,0.0369005501270294,0.0667353495955467
119369,5.12499952711297,38.7250007629395,0.626422762870789,19.9031009674072,14.1789779663086,1.33435440063477,8.05441951751709,0.054780151695013,0.190586149692535,20.9836483001709,16.0352611541748,1.75942993164062,7.9669075012207,0.040734238922596,0.160390570759773
119435,8.42499941538071,38.7250007629395,0.554953932762146,19.1497001647949,14.1255598068237,1.3957781791687,8.0628719329834,0.094132736325264,0.0950476229190826,20.2743701934814,15.810489654541,1.69561922550201,7.97527360916138,0.0767789334058762,0.0176239367574453
119442,8.77499940353032,38.7250007629395,0.619074821472168,19.1565952301025,14.4550361633301,1.46575510501862,8.06406021118164,0.0352731570601463,0.0726766809821129,20.2952651977539,16.0583896636963,1.83249282836914,7.97658348083496,0.0273949541151524,0.0715920627117157
119478,10.5749993425855,38.7250007629395,0.605875551700592,19.4202556610107,14.3945789337158,1.13953769207001,8.0586986541748,0.0437837205827236,0.122185751795769,20.5926303863525,15.920841217041,1.53058910369873,7.97141551971436,0.032078318297863,0.0218042675405741
119490,11.1749993222705,38.7250007629395,0.620906949043274,19.617130279541,14.4523468017578,1.29616093635559,8.05614280700684,0.0504508279263973,0.118384800851345,20.784122467041,16.2094802856445,1.60363829135895,7.96875333786011,0.055219829082489,0.0694825202226639
119509,12.1249992901052,38.7250007629395,0.649765372276306,19.863000869751,14.6389846801758,1.22253966331482,8.05542755126953,0.0355219766497612,0.161040991544724,21.007776260376,16.4768676757812,1.76159965991974,7.96719312667847,0.0388203263282776,0.189646333456039
119520,12.6749992714831,38.7250007629395,0.60505485534668,20.0401477813721,14.8260145187378,1.3180615901947,8.05654430389404,0.0438557490706444,0.0921519696712494,21.2067012786865,16.8719177246094,1.77490627765656,7.96838712692261,0.0263396445661783,0.0561069548130035
119603,16.8249991309713,38.7250007629395,0.439946085214615,20.1649932861328,15.1025009155273,1.31145095825195,8.08245754241943,0.018528101965785,0.0295807458460331,21.3296222686768,17.5312900543213,1.74199318885803,7.99532508850098,0.013991211540997,0.0178260449320078
119748,24.0749988854989,38.7250007629395,0.611410140991211,19.6650352478027,14.0587091445923,7.7018609046936,8.11067867279053,0.0618800967931747,0.0548336990177631,21.0884437561035,16.2952709197998,9.28157520294189,8.02386379241943,0.065113827586174,0.0463541783392429
119786,25.9749988211683,38.7250007629395,0.352653622627258,19.7887840270996,11.3914308547974,4.11578559875488,8.09303665161133,0.0335016436874866,0.0318713188171387,21.1470050811768,13.7523498535156,4.81054067611694,8.0056619644165,0.0317938439548016,0.0452804639935493
120117,0.274999691325532,38.6750007629395,0.723601222038269,19.7435779571533,14.4402561187744,1.92402160167694,8.05288410186768,0.0602581314742565,0.166651532053947,20.6930046081543,16.8965015411377,2.28857779502869,7.96511936187744,0.0385738834738731,0.12652699649334
120128,0.824999672703489,38.6750007629395,0.703786373138428,19.7444953918457,14.3626527786255,1.6970089673996,8.05156517028809,0.0663437694311142,0.180415511131287,20.6525287628174,16.3235340118408,2.28752470016479,7.9639139175415,0.0668656229972839,0.218084245920181
120141,1.47499965069562,38.6750007629395,0.650851547718048,19.8949298858643,14.6860847473145,1.50750637054443,8.05186557769775,0.0098992669954896,0.0136581948027015,20.8210048675537,16.4761276245117,2.25402474403381,7.9644775390625,0.0107503095641732,0.00691512646153571
120153,2.07499963038067,38.6750007629395,0.657202661037445,19.8506031036377,14.4413394927979,1.506383061409,8.05210208892822,0.0400892533361912,0.113841995596886,20.822057723999,16.2816734313965,2.16315793991089,7.96494626998901,0.0398809760808945,0.0954734683036804
120164,2.62499961175862,38.6750007629395,0.628854393959045,19.8670997619629,14.2786026000977,1.39797568321228,8.05213832855225,0.0416156426072121,0.118067435920238,20.8764896392822,16.0359115600586,2.07301163673401,7.96547889709473,0.0458751618862152,0.0681316405534744
120176,3.22499959144367,38.6750007629395,0.663966178894043,19.9244709014893,14.0496530532837,1.26156401634216,8.05316543579102,0.0506650060415268,0.2627994120121,20.957218170166,15.7220020294189,1.76025116443634,7.96658658981323,0.0574614740908146,0.172510251402855
120197,4.27499955589249,38.6750007629395,0.605919778347015,19.9055881500244,14.064019203186,1.3755065202713,8.05395984649658,0.0420709475874901,0.143758848309517,20.9712371826172,15.8498544692993,1.77174854278564,7.96709871292114,0.0260907001793385,0.0167131945490837
120208,4.82499953727045,38.6750007629395,0.616194665431976,19.8971538543701,14.0189113616943,1.3607634305954,8.05399703979492,0.0596793107688427,0.193235412240028,20.9762268066406,15.8067741394043,1.75951993465424,7.96694564819336,0.0396602042019367,0.169965848326683
120225,5.67499950849093,38.6750007629395,0.609804093837738,19.9189739227295,14.120415687561,1.27816271781921,8.05402374267578,0.0160604827105999,0.12237574160099,21.0017910003662,16.0835933685303,1.92187774181366,7.96652460098267,0.0143582280725241,0.051256638020277
120307,9.77499936967206,38.6750007629395,0.534915566444397,19.3233451843262,14.5958299636841,1.04102051258087,8.06357765197754,0.0699127465486526,0.0674441158771515,20.4758319854736,16.2278518676758,1.56442296504974,7.97584581375122,0.0711058750748634,0.0980627834796906
120332,11.0249993273492,38.6750007629395,0.644939720630646,19.5374088287354,14.3726758956909,1.34092283248901,8.05677127838135,0.04946368932724,0.154012694954872,20.7084350585938,15.9739036560059,1.70500147342682,7.96956062316895,0.0383369103074074,0.082228384912014
120343,11.5749993087272,38.6750007629395,0.622676908969879,19.708948135376,14.5686874389648,1.3061717748642,8.05528450012207,0.0295488219708204,0.0727962702512741,20.8370666503906,16.1063098907471,1.70271837711334,7.9675726890564,0.0330329164862633,0.07160684466362
120359,12.3749992816406,38.6750007629395,0.610251486301422,19.9394245147705,14.6977195739746,1.27531707286835,8.05585384368896,0.0476336292922497,0.111356519162655,21.095043182373,16.6805477142334,1.76322686672211,7.96761560440063,0.0468481741845608,0.139143168926239
120463,17.5749991055776,38.6750007629395,0.381963968276978,20.1406345367432,14.6344242095947,1.2541755437851,8.08205223083496,0.0353869013488293,0.0147991254925728,21.3766231536865,17.3665542602539,1.72159790992737,7.9954309463501,0.0409931913018227,0.0222266037017107
120607,24.7749988617982,38.6750007629395,0.622630417346954,19.2895526885986,12.4639167785645,9.39822387695312,8.10646820068359,0.0666538327932358,0.204937696456909,20.7245216369629,14.0101566314697,10.0692348480225,8.01975059509277,0.0704420581459999,0.251160234212875
120646,26.7249987957746,38.6750007629395,0.448685377836227,19.5335788726807,13.3529396057129,2.6998770236969,8.09115982055664,0.0275436192750931,0.0691680386662483,20.8543033599854,15.758674621582,4.20718717575073,8.00458812713623,0.0276511292904615,0.0680063888430595
120964,0.374999687939706,38.6250007629395,0.693264722824097,19.7209072113037,14.0661249160767,1.87220573425293,8.05228424072266,0.0835089832544327,0.198830142617226,20.6583518981934,16.4474029541016,2.36728143692017,7.96452331542969,0.0563788302242756,0.139760464429855
120976,0.974999667624751,38.6250007629395,0.673129320144653,19.7760829925537,14.3688650131226,1.63083481788635,8.05143260955811,0.0666606277227402,0.145855754613876,20.6908626556396,16.0537757873535,2.26816844940186,7.96396112442017,0.0694878250360489,0.20675952732563
120987,1.52499964900271,38.6250007629395,0.642783045768738,19.8727989196777,14.538948059082,1.48887884616852,8.05179023742676,0.0235934909433126,0.048845000565052,20.7985782623291,16.3456516265869,2.17380952835083,7.96449184417725,0.0258855782449245,0.0446243919432163
120998,2.07499963038067,38.6250007629395,0.671850681304932,19.850622177124,14.448070526123,1.48921871185303,8.05193519592285,0.0417108833789825,0.14136178791523,20.8199043273926,16.2779750823975,2.15879797935486,7.96486282348633,0.0450261980295181,0.140698537230492
121010,2.67499961006571,38.6250007629395,0.617233693599701,19.8652973175049,14.1868696212769,1.38889181613922,8.05190277099609,0.0384668186306953,0.106295935809612,20.8757495880127,15.9018859863281,2.05741167068481,7.96538591384888,0.0482555069029331,0.0890050977468491
121021,3.22499959144367,38.6250007629395,0.653917849063873,19.919397354126,14.006103515625,1.23108661174774,8.05282402038574,0.0484201423823833,0.252362698316574,20.9504451751709,15.6599397659302,1.727330327034,7.96628141403198,0.0524472631514072,0.173350393772125
121051,4.72499954065628,38.6250007629395,0.610467195510864,19.8954372406006,13.9055061340332,1.37138569355011,8.05349540710449,0.0586116872727871,0.191263377666473,20.9727325439453,15.6877298355103,1.77003800868988,7.96653175354004,0.0357809849083424,0.194324269890785
121066,5.47499951526258,38.6250007629395,0.617367327213287,19.9315643310547,14.14537525177,1.27879273891449,8.05354976654053,0.0234574880450964,0.140183344483376,21.0163459777832,16.0611228942871,1.95738196372986,7.9658670425415,0.0218005366623402,0.123870700597763
121156,9.97499936290041,38.6250007629395,0.566828608512878,19.3148365020752,14.4566631317139,1.02842831611633,8.06202030181885,0.052598163485527,0.104237616062164,20.4737815856934,16.160774230957,1.50365030765533,7.97467422485352,0.0489341355860233,0.138226673007011
121176,10.9749993290422,38.6250007629395,0.658138930797577,19.513011932373,14.3607187271118,1.35375368595123,8.05679798126221,0.0459714308381081,0.166068658232689,20.67893409729,15.9135065078735,1.72857582569122,7.96970176696777,0.0292038340121508,0.0700411275029182
121187,11.5249993104201,38.6250007629395,0.640129745006561,19.6814765930176,14.5158071517944,1.31395745277405,8.05518627166748,0.0328067876398563,0.109511338174343,20.810920715332,16.1339721679688,1.66784083843231,7.96761703491211,0.0312116984277964,0.108170039951801
121201,12.2249992867193,38.6250007629395,0.61932647228241,19.8828887939453,14.5374908447266,1.24311792850494,8.05543994903564,0.0547316521406174,0.153691932559013,21.0261859893799,16.317741394043,1.75304412841797,7.96730518341064,0.0571492500603199,0.173803642392159
121315,17.9249990937272,38.6250007629395,0.382189244031906,20.1920680999756,14.3409109115601,1.13869643211365,8.08199310302734,0.0130204884335399,0.0579733029007912,21.4381256103516,16.870023727417,1.6916811466217,7.99539470672607,0.0158467851579189,0.0429544448852539
121453,24.8249988601053,38.6250007629395,0.622939944267273,19.3018455505371,12.3198051452637,9.38478374481201,8.10605525970459,0.0727307349443436,0.229681953787804,20.7371101379395,13.7503471374512,9.94517040252686,8.01935291290283,0.0757146626710892,0.229797512292862
121809,0.374999687939706,38.5750007629395,0.695342838764191,19.7204132080078,14.0095348358154,1.85528445243835,8.05198764801025,0.083852656185627,0.210066020488739,20.6571979522705,16.3467063903809,2.3712100982666,7.96422529220581,0.0587877109646797,0.154545456171036
121821,0.974999667624751,38.5750007629395,0.668108284473419,19.7796630859375,14.322434425354,1.62265467643738,8.05139636993408,0.0681507587432861,0.148108273744583,20.6919384002686,15.9551239013672,2.25243234634399,7.96402263641357,0.0722923651337624,0.213265717029572
121832,1.52499964900271,38.5750007629395,0.646643221378326,19.857006072998,14.4690284729004,1.48262500762939,8.05171394348145,0.0370559617877007,0.0879414454102516,20.7793006896973,16.2966403961182,2.12726211547852,7.96451807022095,0.0406619422137737,0.0902788639068604
121843,2.07499963038067,38.5750007629395,0.688673317432404,19.8505783081055,14.4536180496216,1.47005271911621,8.05177688598633,0.0432618595659733,0.172206893563271,20.8189754486084,16.2775840759277,2.15369439125061,7.96477794647217,0.050240408629179,0.176537379622459
121855,2.67499961006571,38.5750007629395,0.607573807239532,19.8623828887939,14.1453943252563,1.3776650428772,8.0516242980957,0.0343655981123447,0.0880166962742805,20.8736419677734,15.8387632369995,2.0390522480011,7.96514797210693,0.047554723918438,0.115537866950035
121866,3.22499959144367,38.5750007629395,0.64433765411377,19.9142723083496,13.953272819519,1.19822144508362,8.05250453948975,0.0466189570724964,0.244995981454849,20.9440059661865,15.5897092819214,1.69911432266235,7.96600151062012,0.0476204454898834,0.178473636507988
121882,4.02499956435706,38.5750007629395,0.586482226848602,19.927282333374,13.8630790710449,1.34248745441437,8.05301475524902,0.0317278578877449,0.124776937067509,20.984073638916,15.7946128845215,1.83968603610992,7.9659595489502,0.0123454481363297,0.0237285811454058
121907,5.27499952203423,38.5750007629395,0.644437253475189,19.9447650909424,14.2159376144409,1.28952932357788,8.05310916900635,0.0391931235790253,0.192620769143105,21.0179138183594,15.9982433319092,1.85242867469788,7.96543025970459,0.0346592962741852,0.198307126760483
122007,10.2749993527429,38.5750007629395,0.58685564994812,19.3032169342041,14.3424158096313,1.02498638629913,8.06038570404053,0.0254384987056255,0.0931748300790787,20.46750831604,16.078462600708,1.4462468624115,7.97328424453735,0.00744231697171926,0.0455216020345688
122015,10.6749993391996,38.5750007629395,0.689520359039307,19.3898410797119,14.3726301193237,1.25340938568115,8.05814552307129,0.0460428334772587,0.228474631905556,20.5512084960938,15.8099660873413,1.61119663715363,7.97114229202271,0.0159159209579229,0.0986293107271194
122026,11.2249993205776,38.5750007629395,0.676241934299469,19.592945098877,14.4201803207397,1.35866069793701,8.05570507049561,0.0480856187641621,0.188642993569374,20.7468795776367,16.1427555084229,1.7068737745285,7.96848297119141,0.0443013161420822,0.163900688290596
122037,11.7749993019555,38.5750007629395,0.615786612033844,19.7328395843506,14.629638671875,1.27982461452484,8.05471324920654,0.0386356264352798,0.0690262466669083,20.8576927185059,16.136058807373,1.7230703830719,7.96692514419556,0.0273889862000942,0.0898839309811592
122169,18.374999078491,38.5750007629395,0.353498041629791,20.2421855926514,14.1489582061768,1.10433971881866,8.08231735229492,0.00624469434842467,0.0303058009594679,21.5080280303955,16.5389194488525,1.64627969264984,7.99556636810303,0.00707950210198759,0.0478876866400242
122269,23.3749989091997,38.5750007629395,0.648468971252441,19.8740653991699,15.0350513458252,6.0601544380188,8.1113977432251,0.0182950589805841,0.0235932059586048,21.2966079711914,17.2566890716553,7.55151128768921,8.0242166519165,0.0181427728384733,0.0374712385237217
122298,24.8249988601053,38.5750007629395,0.613575100898743,19.3122539520264,12.3604583740234,9.28476905822754,8.10598278045654,0.072603702545166,0.209001407027245,20.7434139251709,13.7566156387329,9.79267883300781,8.01933193206787,0.0765080824494362,0.204302474856377
122652,0.274999691325532,38.5250007629395,0.728273212909698,19.726598739624,13.9886169433594,1.89086937904358,8.05245113372803,0.0869989618659019,0.265979409217834,20.6733436584473,16.3400249481201,2.4254937171936,7.96467351913452,0.0638929009437561,0.246332347393036
122664,0.874999671010577,38.5250007629395,0.682301998138428,19.7693786621094,14.2374401092529,1.66751003265381,8.05117511749268,0.0741733089089394,0.178539976477623,20.6706829071045,16.0483722686768,2.2274112701416,7.96374845504761,0.0804031640291214,0.24013289809227
122675,1.42499965238853,38.5250007629395,0.651723802089691,19.8321876525879,14.4027805328369,1.47165310382843,8.05167961120605,0.068064384162426,0.149780884385109,20.7453517913818,16.1776103973389,2.14014983177185,7.96452045440674,0.0744049400091171,0.204704537987709
122686,1.97499963376649,38.5250007629395,0.683235287666321,19.8451023101807,14.4398050308228,1.47079575061798,8.05171203613281,0.0485437288880348,0.171325504779816,20.7989196777344,16.2573661804199,2.15447068214417,7.96474075317383,0.0594530627131462,0.206620305776596
122698,2.57499961345153,38.5250007629395,0.616267085075378,19.8542327880859,14.1711053848267,1.31827437877655,8.05137825012207,0.0293568596243858,0.099052369594574,20.8678855895996,15.8373422622681,1.96341371536255,7.96481990814209,0.0430193021893501,0.134039178490639
122731,4.22499955758541,38.5250007629395,0.56811112165451,19.9085597991943,13.7983646392822,1.35154581069946,8.05274772644043,0.039497397840023,0.107748724520206,20.9798030853271,15.7404842376709,1.76254880428314,7.96563529968262,0.0121229682117701,0.0445780158042908
122750,5.17499952542006,38.5250007629395,0.650436341762543,19.958610534668,14.1516904830933,1.32307767868042,8.05300807952881,0.0432457625865936,0.211147889494896,21.030366897583,15.8368320465088,1.83704972267151,7.96540212631226,0.0355096198618412,0.15825155377388
122850,10.1749993561288,38.5250007629395,0.572905540466309,19.2703609466553,14.3569478988647,1.0572247505188,8.06072521209717,0.0388081111013889,0.0801389068365097,20.4281024932861,16.0790500640869,1.517094373703,7.97367334365845,0.0242551155388355,0.065575398504734
122861,10.7249993375067,38.5250007629395,0.70651251077652,19.394006729126,14.4153251647949,1.29071831703186,8.05794429779053,0.0496623106300831,0.244990393519402,20.5429649353027,15.8623142242432,1.63120555877686,7.97106981277466,0.01736144348979,0.137257397174835
122873,11.3249993171918,38.5250007629395,0.656433582305908,19.6076030731201,14.4567832946777,1.36782419681549,8.05546474456787,0.0582271739840508,0.16373099386692,20.7455654144287,16.1886520385742,1.72768878936768,7.96828651428223,0.0555006824433804,0.148228302598
122884,11.8749992985697,38.5250007629395,0.619486749172211,19.750171661377,14.6188535690308,1.26189124584198,8.0548210144043,0.0585924535989761,0.115765310823917,20.870153427124,16.1739711761475,1.70761013031006,7.96706104278564,0.0528884343802929,0.13358037173748
123007,18.0249990903414,38.5250007629395,0.362691432237625,20.2206954956055,14.2141857147217,1.09851622581482,8.08197498321533,0.0123565690591931,0.0467131808400154,21.4690971374512,16.7136249542236,1.64775967597961,7.995445728302,0.0135386791080236,0.0383083857595921
123118,23.5749989024281,38.5250007629395,0.668775677680969,19.7604064941406,15.5483341217041,5.23684358596802,8.11085987091064,0.0163764394819736,0.0225172955542803,21.1740303039551,17.7466411590576,6.57498216629028,8.02384185791016,0.0163708198815584,0.0267770737409592
123490,-0.0750002968240766,38.4750007629395,0.754772186279297,19.7374114990234,14.4560546875,1.97606015205383,8.05249404907227,0.048621766269207,0.186014577746391,20.6907558441162,17.0491466522217,2.43100070953369,7.96469926834106,0.0377421826124191,0.212208867073059
123501,0.474999684553881,38.4750007629395,0.703452169895172,19.7264308929443,14.0296316146851,1.74233281612396,8.05163860321045,0.0827736631035805,0.235333815217018,20.6369915008545,16.1675357818604,2.29151320457458,7.96395587921143,0.0712933912873268,0.262585818767548
123512,1.02499966593184,38.4750007629395,0.664127707481384,19.7933940887451,14.2082748413086,1.58265459537506,8.05135154724121,0.0731352344155312,0.173683121800423,20.6992053985596,15.8328504562378,2.20824694633484,7.96401405334473,0.0790529474616051,0.244034126400948
123524,1.62499964561688,38.4750007629395,0.667332351207733,19.8321170806885,14.3231334686279,1.45285725593567,8.05160617828369,0.0722979828715324,0.194135561585426,20.7592124938965,16.0814075469971,2.07783937454224,7.96447086334229,0.081627830862999,0.196410179138184
123535,2.17499962699484,38.4750007629395,0.67998343706131,19.8497695922852,14.3975706100464,1.43492662906647,8.05144309997559,0.0375938601791859,0.160882890224457,20.8275508880615,16.1468944549561,2.09352588653564,7.96460771560669,0.0568266995251179,0.207250848412514
123550,2.92499960160114,38.4750007629395,0.606277406215668,19.8765773773193,13.9720678329468,1.31667029857635,8.05174160003662,0.0264602154493332,0.115848556160927,20.8990306854248,15.5270090103149,1.86272788047791,7.96535730361938,0.0430202446877956,0.13283908367157
123568,3.82499957112871,38.4750007629395,0.555419147014618,19.9282875061035,13.6869440078735,1.2727062702179,8.05276584625244,0.0262369979172945,0.101025149226189,20.9809112548828,15.6338472366333,1.81712102890015,7.96591854095459,0.0141910277307034,0.00831431895494462
123685,9.67499937305789,38.4750007629395,0.524043679237366,19.2358913421631,14.4700489044189,1.04418182373047,8.06314182281494,0.0506839156150818,0.0165335703641176,20.377613067627,16.1298141479492,1.51670634746552,7.97581624984741,0.0478564985096455,0.0298991836607456
123702,10.5249993442784,38.4750007629395,0.609884202480316,19.3202514648438,14.3578176498413,1.22269403934479,8.05926418304443,0.0583997443318367,0.129113972187042,20.4640789031982,15.9202938079834,1.56915366649628,7.97233772277832,0.0302344392985106,0.0423824079334736
123713,11.0749993256563,38.4750007629395,0.659438788890839,19.5143737792969,14.3410968780518,1.3541351556778,8.05636310577393,0.0539041198790073,0.177503511309624,20.6558456420898,15.9169521331787,1.70537912845612,7.96942806243896,0.038474015891552,0.182417750358582
123724,11.6249993070343,38.4750007629395,0.642184793949127,19.689058303833,14.6263523101807,1.31651043891907,8.05479335784912,0.0565463006496429,0.128546476364136,20.805736541748,16.1910915374756,1.67334759235382,7.96727705001831,0.0497950613498688,0.216212570667267
123741,12.4749992782548,38.4750007629395,0.609367370605469,19.9794330596924,14.5279588699341,1.27389359474182,8.05600452423096,0.0659197717905045,0.168792247772217,21.1198539733887,16.428129196167,1.73514342308044,7.96810913085938,0.076221376657486,0.166687741875648
123849,17.8749990954202,38.4750007629395,0.380838245153427,20.2047748565674,14.3066549301147,1.14476704597473,8.08175277709961,0.0132518485188484,0.0588207542896271,21.4412155151367,16.8262310028076,1.68805968761444,7.99528980255127,0.0195349883288145,0.027105525135994
124329,-0.375000286666599,38.4250007629395,0.740389049053192,19.7697563171387,14.8388156890869,2.00093698501587,8.05224227905273,0.0146866943687201,0.0445462018251419,20.715368270874,17.3820362091064,2.35623574256897,7.96436309814453,0.0130144003778696,0.0554668940603733
124340,0.174999694711358,38.4250007629395,0.751506984233856,19.7212333679199,13.9278507232666,1.84988141059875,8.05193328857422,0.0935957580804825,0.315554887056351,20.6595897674561,16.2204360961914,2.38486051559448,7.96420860290527,0.0744475945830345,0.339086294174194
124352,0.774999674396402,38.4250007629395,0.676204741001129,19.7602729797363,14.1592836380005,1.64369857311249,8.05100250244141,0.0768818333745003,0.184382766485214,20.6426105499268,16.1548709869385,2.21008634567261,7.963538646698,0.0844004303216934,0.272806406021118
124363,1.32499965577436,38.4250007629395,0.609835505485535,19.8174571990967,14.2330942153931,1.44092047214508,8.05146503448486,0.0844465047121048,0.127967864274979,20.7208461761475,15.924485206604,2.19052577018738,7.96429061889648,0.0963172987103462,0.121039979159832
124374,1.87499963715232,38.4250007629395,0.680914521217346,19.8373508453369,14.3678846359253,1.41089618206024,8.05152320861816,0.0564668700098991,0.196744978427887,20.7828502655029,16.1544952392578,2.07635879516602,7.96448755264282,0.0744725912809372,0.248976305127144
124386,2.47499961683736,38.4250007629395,0.622085869312286,19.8470077514648,14.1600675582886,1.25187957286835,8.05117702484131,0.0301274340599775,0.12226539850235,20.8600692749023,15.785059928894,1.90194642543793,7.96456670761108,0.0397331193089485,0.158060893416405
124400,3.17499959313658,38.4250007629395,0.596729516983032,19.8799934387207,13.7848625183105,1.17792224884033,8.05203342437744,0.0363809876143932,0.175064384937286,20.9118137359619,15.3405017852783,1.76672077178955,7.96558237075806,0.0364763513207436,0.191798761487007
124442,5.27499952203423,38.4250007629395,0.640919744968414,19.9765071868896,14.1136350631714,1.3227299451828,8.05267906188965,0.030644878745079,0.18266224861145,21.0413818359375,15.7825174331665,1.92565906047821,7.96507024765015,0.0243999268859625,0.122591070830822
124521,9.22499938829411,38.4250007629395,0.546109259128571,19.2061977386475,13.9754047393799,1.42630994319916,8.06325340270996,0.0460339449346066,0.0426067672669888,20.330623626709,15.579740524292,1.87730395793915,7.97603368759155,0.0520981103181839,6.00263701926312e-05
124555,10.9249993307351,38.4250007629395,0.697095036506653,19.4405822753906,14.3670492172241,1.30755364894867,8.05686092376709,0.0616770200431347,0.245049148797989,20.5691261291504,15.8576774597168,1.62669205665588,7.96997356414795,0.0377022214233875,0.213718459010124
124567,11.5249993104201,38.4250007629395,0.630088150501251,19.6514530181885,14.4481592178345,1.36649882793427,8.05490875244141,0.0712056010961533,0.140289813280106,20.7651958465576,16.1460247039795,1.72933769226074,7.96756792068481,0.0701821222901344,0.234340399503708
124578,12.0749992917981,38.4250007629395,0.616171360015869,19.7980976104736,14.4848670959473,1.27599775791168,8.05521774291992,0.10643070936203,0.195809319615364,20.9069404602051,16.2444496154785,1.71024918556213,7.9674859046936,0.122310236096382,0.300732642412186
124686,17.4749991089635,38.4250007629395,0.390498012304306,20.1808547973633,14.5330820083618,1.3167632818222,8.08145236968994,0.0243723876774311,0.0166886448860168,21.4047775268555,17.1351203918457,1.76800298690796,7.9949803352356,0.0332872904837132,0.00137545191682875
124809,23.6249989007352,38.4250007629395,0.655195474624634,19.6673793792725,16.142915725708,3.90027451515198,8.10864543914795,0.0113927004858851,0.0136673301458359,21.0653419494629,18.2079830169678,5.18737936019897,8.02194213867188,0.0101470435038209,0.0144682507961989
124879,27.1249987822313,38.4250007629395,0.605819940567017,19.5396881103516,16.1158504486084,2.16449165344238,8.09169864654541,0.0189665295183659,0.00782927311956882,20.8484706878662,18.5844345092773,3.48225378990173,8.00531959533691,0.0193576291203499,0.00319611327722669
125184,0.124999696404271,38.3750007629395,0.747320055961609,19.716646194458,13.9304075241089,1.84023094177246,8.05161762237549,0.094807930290699,0.308203458786011,20.6460475921631,16.2376041412354,2.3242359161377,7.96387624740601,0.0780556425452232,0.337492704391479
125195,0.674999677782228,38.3750007629395,0.686939895153046,19.751522064209,14.1165580749512,1.64521014690399,8.05066013336182,0.0763692408800125,0.201430007815361,20.6283740997314,16.1052074432373,2.23649549484253,7.96319913864136,0.0838708579540253,0.280474543571472
125207,1.27499965746727,38.3750007629395,0.609052896499634,19.8207550048828,14.1322689056396,1.44783306121826,8.05127048492432,0.0768785029649734,0.129320740699768,20.7173881530762,15.7132148742676,2.16671943664551,7.96408367156982,0.0907559171319008,0.136997014284134
125218,1.82499963884523,38.3750007629395,0.668683350086212,19.8339500427246,14.3045654296875,1.36958265304565,8.05133819580078,0.0577736087143421,0.193517684936523,20.7749805450439,16.041202545166,2.02280879020691,7.9643177986145,0.0784919336438179,0.226593524217606
125229,2.37499962022319,38.3750007629395,0.632377922534943,19.8447513580322,14.1479253768921,1.31042468547821,8.05097770690918,0.0325227081775665,0.130510821938515,20.8496932983398,15.7750110626221,1.93700528144836,7.96421337127686,0.0413109660148621,0.19058033823967
125235,2.67499961006571,38.3750007629395,0.598462760448456,19.8564414978027,14.0924224853516,1.27887296676636,8.05114841461182,0.0222426317632198,0.0740769430994987,20.8808765411377,15.7460498809814,1.83240222930908,7.96468544006348,0.0283154994249344,0.0981382131576538
125287,5.27499952203423,38.3750007629395,0.625423729419708,19.9862995147705,14.0545740127563,1.3162739276886,8.05214023590088,0.0289618391543627,0.160830840468407,21.0490856170654,15.7216815948486,1.93592703342438,7.9645676612854,0.0210906323045492,0.104084894061089
125353,8.57499941030198,38.3750007629395,0.539864480495453,19.2940368652344,13.8992099761963,1.51422727108002,8.05965423583984,0.125758424401283,0.0986871495842934,20.4129161834717,15.3040390014648,1.89462351799011,7.97239589691162,0.13097956776619,0.120513945817947
125397,10.7749993358138,38.3750007629395,0.704172372817993,19.3851852416992,14.3780832290649,1.30784058570862,8.05791187286377,0.0695628523826599,0.266144394874573,20.5090980529785,15.8446474075317,1.65872406959534,7.97110891342163,0.0408996604382992,0.227649673819542
125408,11.3249993171918,38.3750007629395,0.615494847297668,19.5877113342285,14.3859148025513,1.30274748802185,8.05550575256348,0.0896395370364189,0.157483503222466,20.6991920471191,16.0592041015625,1.624631524086,7.96853542327881,0.0922130942344666,0.200897812843323
125420,11.9249992968768,38.3750007629395,0.618475496768951,19.7509860992432,14.4715852737427,1.28021192550659,8.05506801605225,0.102200537919998,0.187715128064156,20.8566112518311,16.0776863098145,1.7108736038208,7.96752214431763,0.115224994719028,0.285973280668259
125431,12.4749992782548,38.3750007629395,0.632800042629242,19.9918270111084,14.4423370361328,1.27726173400879,8.05700778961182,0.0577460117638111,0.218369364738464,21.1192207336426,16.257022857666,1.70979511737823,7.96941518783569,0.0686317011713982,0.19364270567894
125526,17.224999117428,38.3750007629395,0.412957906723022,20.1966552734375,14.6515216827393,1.4476957321167,8.08111572265625,0.0416914001107216,0.0467728674411774,21.4149036407471,17.1609840393066,1.90516889095306,7.99472188949585,0.0412478409707546,0.0881955251097679
125667,24.2749988787273,38.3750007629395,0.637689769268036,19.7164707183838,13.8035068511963,8.00075626373291,8.10946083068848,0.0365874841809273,0.0891155898571014,21.1259078979492,15.8766279220581,9.63683223724365,8.02309036254883,0.0356141291558743,0.0817524790763855
125705,26.1749988143966,38.3750007629395,0.291218727827072,19.8316020965576,11.7901382446289,2.49166226387024,8.09062004089355,0.0355013757944107,0.0553949922323227,21.1703395843506,14.0419301986694,3.69119381904602,8.00368595123291,0.0314094424247742,0.0335932895541191
126023,-0.175000293438251,38.3250007629395,0.706036031246185,19.700382232666,14.1126537322998,1.71696531772614,8.0522518157959,0.0625118687748909,0.211149156093597,20.6472873687744,16.5629253387451,2.16947603225708,7.96450519561768,0.0507453568279743,0.184180349111557
126034,0.374999687939706,38.3250007629395,0.698546290397644,19.7276229858398,13.8562803268433,1.77714490890503,8.05065631866455,0.0883453264832497,0.241434171795845,20.6245594024658,15.8695201873779,2.26384115219116,7.96293354034424,0.0833344608545303,0.271628826856613
126045,0.924999669317663,38.3250007629395,0.670863330364227,19.7964878082275,14.1054096221924,1.51669120788574,8.05073165893555,0.0838162675499916,0.217085734009743,20.6748752593994,15.7892789840698,2.18342709541321,7.96342468261719,0.0908574461936951,0.247383877635002
126057,1.52499964900271,38.3250007629395,0.618620216846466,19.8264045715332,14.0615797042847,1.42523002624512,8.05107879638672,0.0781926587224007,0.160223409533501,20.7419395446777,15.5746221542358,2.15205264091492,7.96392345428467,0.0973151251673698,0.158230260014534
126068,2.07499963038067,38.3250007629395,0.655336737632751,19.8425388336182,14.24378490448,1.35252130031586,8.05097961425781,0.0340478383004665,0.147734582424164,20.8108749389648,15.9358215332031,1.97087287902832,7.96400785446167,0.0602460913360119,0.178320467472076
126079,2.62499961175862,38.3250007629395,0.607391119003296,19.8552093505859,14.0931434631348,1.27587294578552,8.05087852478027,0.0240061022341251,0.0900122225284576,20.8817901611328,15.771861076355,1.83154714107513,7.96428728103638,0.0264638867229223,0.136402294039726
126185,7.92499943230984,38.3250007629395,0.515004277229309,19.7272663116455,13.9307241439819,1.5124329328537,8.05537033081055,0.103607684373856,0.0460058301687241,20.847505569458,15.3069705963135,1.93826973438263,7.96725940704346,0.0902661085128784,0.0502575933933258
126237,10.5249993442784,38.3250007629395,0.628377497196198,19.3204326629639,14.2962245941162,1.27828228473663,8.05940723419189,0.08069758862257,0.18699723482132,20.4424934387207,15.7708396911621,1.64280068874359,7.97267770767212,0.0538090914487839,0.13793633878231
126248,11.0749993256563,38.3250007629395,0.647028684616089,19.4986515045166,14.3842802047729,1.30603468418121,8.05644416809082,0.0987503901124001,0.21303379535675,20.6118144989014,15.9685192108154,1.59465599060059,7.96963977813721,0.0943486765027046,0.252171605825424
126259,11.6249993070343,38.3250007629395,0.623506188392639,19.6818809509277,14.3739757537842,1.30567264556885,8.0546703338623,0.0798502862453461,0.165289223194122,20.7837295532227,16.0477161407471,1.62983083724976,7.96745014190674,0.0841572731733322,0.251875370740891
126272,12.2749992850264,38.3250007629395,0.60477888584137,19.8874225616455,14.3181800842285,1.25625109672546,8.05679893493652,0.0984139144420624,0.226257145404816,21.0003452301025,16.1006164550781,1.70753347873688,7.96941423416138,0.119314968585968,0.236991584300995
126355,16.4249991445146,38.3250007629395,0.485630393028259,20.2237987518311,15.2330369949341,1.41060698032379,8.08052444458008,0.0194410271942616,0.0661393105983734,21.3401546478271,17.585563659668,1.85567402839661,7.99361515045166,0.0210048798471689,0.0668838024139404
126513,24.3249988770344,38.3250007629395,0.632971227169037,19.6688442230225,13.6997022628784,8.01476097106934,8.10817050933838,0.0454414673149586,0.0880259647965431,21.0779113769531,15.7636022567749,9.62356281280517,8.02185821533203,0.0443602278828621,0.0795935690402985
126526,24.9749988550265,38.3250007629395,0.595623850822449,19.4909038543701,12.5215578079224,8.02955722808838,8.10325908660889,0.0678786262869835,0.151142954826355,20.9062366485596,14.0688676834106,7.8850040435791,8.01653385162354,0.0630307346582413,0.125123709440231
126866,-0.275000290052425,38.2750007629395,0.692429065704346,19.6934757232666,14.1739130020142,1.71705043315887,8.05272006988525,0.0516526401042938,0.170524060726166,20.6415615081787,16.6100826263428,2.18286776542664,7.96498918533325,0.0433011092245579,0.168603286147118
126878,0.324999689632619,38.2750007629395,0.690460920333862,19.7236213684082,13.8625717163086,1.76743519306183,8.05047130584717,0.0885693803429604,0.227828785777092,20.60862159729,15.8673305511475,2.23858737945557,7.96275091171265,0.0883196815848351,0.239198952913284
126889,0.874999671010577,38.2750007629395,0.689046323299408,19.7879314422607,14.0171089172363,1.51687073707581,8.05052280426025,0.0803109183907509,0.249095037579536,20.6551685333252,15.6538162231445,2.20646095275879,7.96313142776489,0.0908835604786873,0.240769118070602
126908,1.82499963884523,38.2750007629395,0.631343305110931,19.8315563201904,14.1270055770874,1.31319332122803,8.05096340179443,0.0425393991172314,0.144581913948059,20.7779140472412,15.7319555282593,1.94667708873749,7.96388959884644,0.0669872462749481,0.109951369464397
126920,2.42499961853027,38.2750007629395,0.635388672351837,19.8463497161865,14.0664548873901,1.29697608947754,8.05075550079346,0.0333482213318348,0.149300619959831,20.8621387481689,15.7456407546997,1.89469766616821,7.96398782730103,0.0289006289094687,0.186317011713982
127006,6.72499947293976,38.2750007629395,0.558918356895447,19.9675693511963,13.9716997146606,1.17966485023499,8.05163955688477,0.0296228490769863,0.0816500931978226,21.0647983551025,15.969033241272,1.78836739063263,7.96391630172729,0.0278133898973465,0.155866131186485
127069,9.87499936628624,38.2750007629395,0.633116066455841,19.23512840271,14.288836479187,1.3006284236908,8.06194305419922,0.0938667878508568,0.219583213329315,20.3669261932373,16.0469722747803,1.79089343547821,7.97496938705444,0.0914650112390518,0.226826965808868
127083,10.5749993425855,38.2750007629395,0.662870645523071,19.3572330474854,14.2498750686646,1.34205365180969,8.05921459197998,0.0949678644537926,0.252422362565994,20.4642295837402,15.7148370742798,1.74377071857452,7.972487449646,0.0697611123323441,0.202523529529572
127095,11.1749993222705,38.2750007629395,0.637899935245514,19.5404624938965,14.3172426223755,1.28084421157837,8.05583000183105,0.128557950258255,0.239629939198494,20.6431617736816,15.975456237793,1.55280232429504,7.96901512145996,0.135322824120522,0.272104024887085
127106,11.7249993036485,38.2750007629395,0.612281382083893,19.7063808441162,14.288646697998,1.28042852878571,8.05446147918701,0.0977121964097023,0.186074867844582,20.8021984100342,15.9794216156006,1.62256598472595,7.96718168258667,0.112598024308681,0.260613828897476
127163,14.5749992071524,38.2750007629395,0.546418309211731,20.4378337860107,14.6006622314453,1.11580288410187,8.05770778656006,0.072999969124794,0.184507012367249,21.6412372589111,16.3967914581299,1.55013132095337,7.96987819671631,0.0747575238347054,0.138310566544533
127291,20.9749989904596,38.2750007629395,0.287162780761719,20.374418258667,13.1267013549805,1.41758179664612,8.08648204803467,0.0238754414021969,0.0653185918927193,21.8396244049072,15.3999118804932,2.00123286247253,8.00025272369385,0.0258434563875198,0.0827997624874115
127358,24.3249988770344,38.2750007629395,0.641123294830322,19.7302703857422,13.7837963104248,8.03211307525635,8.10768032073975,0.0360643453896046,0.077922560274601,21.136157989502,15.915189743042,9.73900985717773,8.0213737487793,0.0353218652307987,0.0709082633256912
127716,-0.0250002985169901,38.2250007629395,0.749591052532196,19.6993637084961,13.8288154602051,1.80596840381622,8.05133056640625,0.108278051018715,0.336548119783401,20.6168575286865,16.1083030700684,2.16595482826233,7.96363353729248,0.0962521210312843,0.367433100938797
127727,0.524999682860967,38.2250007629395,0.676085531711578,19.7356376647949,13.9018688201904,1.68057072162628,8.04978847503662,0.0756443589925766,0.195707321166992,20.6078777313232,15.7526426315308,2.2627260684967,7.96201038360596,0.0891301184892654,0.279748767614365
127738,1.07499966423892,38.2250007629395,0.643694758415222,19.8127689361572,13.9171810150146,1.47724807262421,8.0507287979126,0.0708758309483528,0.195769369602203,20.6885204315186,15.3788719177246,2.17871189117432,7.96340942382812,0.0865766704082489,0.172995075583458
127762,2.27499962360901,38.2250007629395,0.605739295482635,19.8397998809814,14.0070428848267,1.33383119106293,8.05068206787109,0.0365121625363827,0.104354098439217,20.8384761810303,15.6081619262695,1.93161296844482,7.96376085281372,0.0343663245439529,0.149977028369904
127818,5.07499952880589,38.2250007629395,0.550394117832184,20.0123519897461,13.6750841140747,1.22695183753967,8.05140972137451,0.0307504963129759,0.109145052731037,21.0653114318848,15.4076805114746,1.84907901287079,7.96395874023438,0.021444134414196,0.0575553402304649
127846,6.47499948140432,38.2250007629395,0.608655989170074,19.9835414886475,14.0762844085693,1.21715915203094,8.05116844177246,0.0316077843308449,0.143273338675499,21.0875301361084,15.9965887069702,1.76089882850647,7.96364116668701,0.0293171033263206,0.172634154558182
127924,10.3749993493571,38.2250007629395,0.649865925312042,19.3227596282959,14.2594356536865,1.29924607276917,8.06003570556641,0.100807368755341,0.248822867870331,20.4312686920166,15.6885423660278,1.73109889030457,7.9733247756958,0.0791791304945946,0.199009850621223
127936,10.9749993290422,38.2250007629395,0.638302445411682,19.4879932403564,14.2790994644165,1.31459021568298,8.05663776397705,0.145666137337685,0.252482354640961,20.5883522033691,15.8731241226196,1.60350298881531,7.96987581253052,0.14650684595108,0.248473197221756
127947,11.5249993104201,38.2250007629395,0.627555906772614,19.6627578735352,14.1659688949585,1.31383967399597,8.05482482910156,0.0957183912396431,0.21569387614727,20.7595844268799,15.9512548446655,1.68568992614746,7.96786451339722,0.105972588062286,0.282990634441376
127958,12.0749992917981,38.2250007629395,0.611152231693268,19.8163986206055,14.2034206390381,1.2646461725235,8.05585384368896,0.12558402121067,0.25454306602478,20.9195823669434,16.0108013153076,1.73674213886261,7.96850633621216,0.156515881419182,0.31142383813858
127977,13.0249992596327,38.2250007629395,0.541902840137482,20.2293872833252,14.6492748260498,1.21861052513123,8.05768966674805,0.0210248846560717,0.0346116311848164,21.3651599884033,16.3396282196045,1.6504887342453,7.97026824951172,0.0203893892467022,0.0181367807090283
128102,19.2749990480186,38.2250007629395,0.316520690917969,20.3744373321533,13.7943468093872,1.3172619342804,8.08327388763428,0.0236208029091358,0.0158281791955232,21.7186908721924,15.7387828826904,1.53964686393738,7.99654579162598,0.0154189355671406,0.00739730428904296
128557,-0.225000291745338,38.1750007629395,0.74095231294632,19.6725997924805,13.9168109893799,1.6906658411026,8.05235290527344,0.0947331488132477,0.325325012207031,20.6162090301514,16.2931232452393,2.15036916732788,7.96463489532471,0.0833117291331291,0.335680186748505
128568,0.324999689632619,38.1750007629395,0.702455461025238,19.7184371948242,13.8279457092285,1.71725261211395,8.05044460296631,0.0802951529622078,0.249167874455452,20.5901718139648,15.7571067810059,2.22410607337952,7.96271991729736,0.0906192436814308,0.328580349683762
128579,0.874999671010577,38.1750007629395,0.704149186611176,19.7801551818848,13.8917770385742,1.5210953950882,8.05045127868652,0.0713937431573868,0.27529901266098,20.6305103302002,15.4158725738525,2.21910643577576,7.9630069732666,0.0865628346800804,0.30386745929718
128603,2.07499963038067,38.1750007629395,0.606099247932434,19.8356342315674,13.9570465087891,1.33656823635101,8.05064105987549,0.0381205417215824,0.113482162356377,20.809419631958,15.5120401382446,1.9291113615036,7.96352958679199,0.0340869538486004,0.150500804185867
128632,3.52499958128619,38.1750007629395,0.508913576602936,19.8675689697266,13.4340677261353,1.1474050283432,8.05132675170898,0.0246241837739944,0.0534545332193375,20.9333724975586,15.0901031494141,1.70215713977814,7.96474313735962,0.0189873576164246,0.0540228895843029
128745,9.17499938998702,38.1750007629395,0.561267137527466,19.2867031097412,13.986364364624,1.55862855911255,8.06122207641602,0.120431385934353,0.12536633014679,20.409273147583,15.5651397705078,1.90477800369263,7.97402095794678,0.134307339787483,0.262814581394196
128748,9.32499938490828,38.1750007629395,0.614988923072815,19.270206451416,13.8910322189331,1.52469766139984,8.0615930557251,0.118616536259651,0.230548873543739,20.3833084106445,15.5848302841187,1.90873265266418,7.97433710098267,0.134864971041679,0.369764506816864
128770,10.4249993476642,38.1750007629395,0.626647412776947,19.361780166626,14.2236423492432,1.32930934429169,8.0596399307251,0.113464407622814,0.227011457085609,20.4586181640625,15.6039619445801,1.79537034034729,7.97292613983154,0.0932837799191475,0.154791593551636
128782,11.0249993273492,38.1750007629395,0.634263098239899,19.5248184204102,14.193696975708,1.31429922580719,8.05664253234863,0.184258699417114,0.283767104148865,20.6165180206299,15.8778352737427,1.58190178871155,7.96990966796875,0.195762470364571,0.302286058664322
128797,11.7749993019555,38.1750007629395,0.617193400859833,19.7272930145264,14.0789098739624,1.26760280132294,8.05463981628418,0.122165769338608,0.252124965190887,20.8195209503174,15.9104442596436,1.64988946914673,7.96738767623901,0.148360088467598,0.309377759695053
128918,17.8249990971131,38.1750007629395,0.391510486602783,20.2684440612793,14.1464328765869,1.27503526210785,8.08090686798096,0.0213428363204002,0.0941072329878807,21.4942207336426,16.4413280487061,1.81428039073944,7.99490880966187,0.0336523726582527,0.0801031291484833
129096,26.7249987957746,38.1750007629395,0.164983183145523,19.9545993804932,10.5519437789917,1.20407915115356,8.08862209320068,0.0192079730331898,0.0586588829755783,21.2070751190186,13.1187286376953,2.14852714538574,8.00198554992676,0.0209327302873135,0.0776783674955368
129397,-0.475000283280773,38.1250007629395,0.73030298948288,19.7079391479492,14.6340885162354,1.80110800266266,8.05190944671631,0.0234000980854034,0.0998393669724464,20.6649036407471,17.0916023254395,2.18128108978271,7.96399593353271,0.0226385872811079,0.107155248522758
129409,0.124999696404271,38.1250007629395,0.707498252391815,19.7065372467041,13.8037939071655,1.73383319377899,8.05070114135742,0.0950690805912018,0.273239850997925,20.587589263916,15.8456544876099,2.19567155838013,7.96295833587646,0.0965736359357834,0.340453565120697
129420,0.674999677782228,38.1250007629395,0.700510621070862,19.7447986602783,13.9467115402222,1.5610773563385,8.05025196075439,0.067319743335247,0.244304671883583,20.5940971374512,15.6791954040527,2.26110816001892,7.96269607543945,0.0859033688902855,0.270494073629379
129431,1.22499965916019,38.1250007629395,0.607203781604767,19.8175926208496,13.8444061279297,1.46293067932129,8.05042552947998,0.0426918268203735,0.108445316553116,20.698034286499,15.3083381652832,2.13945031166077,7.96302461624146,0.0621968768537045,0.110403202474117
129548,7.07499946108937,38.1250007629395,0.54986035823822,20.0082302093506,13.9271440505981,1.28129935264587,8.05138111114502,0.0571724399924278,0.0979293957352638,21.0889549255371,15.8469343185425,1.88525605201721,7.96341419219971,0.0486831739544868,0.109332107007504
129607,10.0249993612075,38.1250007629395,0.614819407463074,19.3251533508301,14.1123428344727,1.40374779701233,8.06086254119873,0.129829674959183,0.231840431690216,20.4272193908691,15.7345924377441,1.81273150444031,7.97403240203857,0.121667236089706,0.178699150681496
129623,10.8249993341209,38.1250007629395,0.700922966003418,19.499080657959,14.1598129272461,1.34440839290619,8.05790042877197,0.19902291893959,0.387138038873672,20.5821189880371,15.7908868789673,1.63344419002533,7.97111320495605,0.20601761341095,0.43233534693718
129634,11.3749993154988,38.1250007629395,0.60583907365799,19.6574535369873,14.0022859573364,1.34562408924103,8.05534934997559,0.130520194768906,0.235493138432503,20.7463417053223,15.9306907653809,1.71186339855194,7.96853303909302,0.147731214761734,0.323041051626205
129697,14.5249992088453,38.1250007629395,0.550482153892517,20.5520648956299,14.8304138183594,1.13708019256592,8.05772018432617,0.0460981540381908,0.134839802980423,21.7498226165771,16.5735569000244,1.56426429748535,7.96994781494141,0.0476946793496609,0.13092514872551
129904,24.8749988584123,38.1250007629395,0.569054245948792,19.4793701171875,12.6256237030029,7.80226516723633,8.10297775268555,0.121551424264908,0.152005985379219,20.8823776245117,14.0806093215942,8.19009971618652,8.01656150817871,0.126462653279305,0.1832175552845
130242,-0.475000283280773,38.0750007629395,0.721285939216614,19.6873416900635,14.3929948806763,1.77324450016022,8.05196094512939,0.0401695966720581,0.15008108317852,20.6460666656494,16.8805198669434,2.15549612045288,7.96407079696655,0.0380863696336746,0.157646030187607
130253,0.0749996980971845,38.0750007629395,0.709633409976959,19.7022171020508,13.766206741333,1.71814393997192,8.05082893371582,0.0956062600016594,0.284941405057907,20.5827369689941,15.7856426239014,2.19436144828796,7.96310138702393,0.0979127213358879,0.357972949743271
130264,0.624999679475141,38.0750007629395,0.68957793712616,19.7393531799316,13.9265737533569,1.55952537059784,8.05031299591064,0.0608210526406765,0.222634345293045,20.5887966156006,15.6816854476929,2.25614476203918,7.96271228790283,0.0799930468201637,0.274297177791595
130303,2.57499961345153,38.0750007629395,0.60923308134079,19.8441753387451,13.7908802032471,1.34902679920197,8.05016422271729,0.0260426830500364,0.117834039032459,20.8831405639648,15.4586715698242,1.98194396495819,7.96311950683594,0.0177760738879442,0.174756035208702
130347,4.77499953896336,38.0750007629395,0.512664020061493,20.0173377990723,13.3635473251343,1.12460482120514,8.0502347946167,0.0368023850023746,0.109127178788185,21.061056137085,15.2216691970825,1.58532810211182,7.96267366409302,0.024842469021678,0.0928936302661896
130464,10.6249993408925,38.0750007629395,0.639875769615173,19.4721927642822,14.1605520248413,1.34991896152496,8.05847072601318,0.185080349445343,0.300512909889221,20.5500202178955,15.6553659439087,1.67593204975128,7.97160243988037,0.182228699326515,0.297268480062485
130475,11.1749993222705,38.0750007629395,0.63379955291748,19.6185684204102,14.1053218841553,1.36089813709259,8.05620098114014,0.183044865727425,0.294138997793198,20.6993465423584,15.973030090332,1.68096053600311,7.96953916549683,0.203069224953651,0.396787583827972
130482,11.5249993104201,38.0750007629395,0.589382171630859,19.6980743408203,13.9770479202271,1.34611093997955,8.05489444732666,0.12057588249445,0.206796705722809,20.7889976501465,15.9320249557495,1.72675263881683,7.9680118560791,0.14016318321228,0.265380650758743
130640,19.4249990429399,38.0750007629395,0.338090837001801,20.4065418243408,13.8528604507446,1.39580821990967,8.08354473114014,0.0369336158037186,0.075768269598484,21.7500381469727,15.8858394622803,1.69121432304382,7.99667167663574,0.0286053214222193,0.046017836779356
130746,24.7249988634911,38.0750007629395,0.759449064731598,19.5166454315186,13.0079183578491,7.84233713150024,8.10336971282959,0.158235788345337,0.411771565675735,20.9246711730957,14.6973752975464,8.68157577514648,8.01702976226807,0.162928864359856,0.50720226764679
131092,-0.225000291745338,38.0250007629395,0.714173197746277,19.6723499298096,13.7252149581909,1.72037017345428,8.05138683319092,0.119299307465553,0.318358540534973,20.6017932891846,15.9968957901001,2.1067066192627,7.96368217468262,0.107922896742821,0.313174605369568
131103,0.324999689632619,38.0250007629395,0.730197370052338,19.704288482666,13.7529296875,1.64357244968414,8.05053997039795,0.0593071095645428,0.287395685911179,20.5658588409424,15.6013879776001,2.17613220214844,7.9627947807312,0.0771326497197151,0.312234193086624
131115,0.924999669317663,38.0250007629395,0.666128039360046,19.7793941497803,13.7642498016357,1.47346198558807,8.05017185211182,0.0474724397063255,0.211299225687981,20.6278991699219,15.2335548400879,2.14703822135925,7.96269750595093,0.0567116104066372,0.258120805025101
131145,2.42499961853027,38.0250007629395,0.588787198066711,19.8363494873047,13.7118330001831,1.31446588039398,8.05003547668457,0.0276790261268616,0.102195486426353,20.8627166748047,15.2773923873901,1.91383445262909,7.9628734588623,0.00830016005784272,0.0604060292243958
131256,7.97499943061693,38.0250007629395,0.517498373985291,19.9011344909668,14.1081600189209,1.36432671546936,8.05328750610352,0.108529262244701,0.0639761388301849,20.9896125793457,15.718822479248,1.86906516551971,7.96526193618774,0.0890157893300056,0.118853017687798
131290,9.67499937305789,38.0250007629395,0.635085642337799,19.3960781097412,13.8121175765991,1.47488498687744,8.06012535095215,0.173279568552971,0.31689453125,20.4961071014404,15.6000118255615,1.97089564800262,7.97279691696167,0.172998070716858,0.272393316030502
131301,10.2249993544358,38.0250007629395,0.610971033573151,19.4474010467529,14.0914573669434,1.50961673259735,8.05970096588135,0.167886793613434,0.240808963775635,20.5231437683105,15.4666967391968,1.82464230060577,7.97288751602173,0.16079743206501,0.177919939160347
131325,11.4249993138059,38.0250007629395,0.612668097019196,19.7056293487549,13.9622993469238,1.37154376506805,8.05508041381836,0.123856961727142,0.245002821087837,20.79416847229,15.9567365646362,1.69480180740356,7.9682765007019,0.142463728785515,0.302618116140366
131463,18.3249990801839,38.0250007629395,0.358154296875,20.348518371582,14.0741453170776,1.35933637619019,8.08108234405518,0.0273307450115681,0.0388792008161545,21.5945243835449,16.2988147735596,1.73253452777863,7.99491739273071,0.0314988382160664,0.0483152940869331
131589,24.6249988668769,38.0250007629395,0.76962423324585,19.5934448242188,13.319616317749,7.91121053695679,8.1039342880249,0.169054299592972,0.408216953277588,21.0017337799072,15.2081079483032,9.14433670043945,8.01771831512451,0.173526272177696,0.463061213493347
131636,26.97499878731,38.0250007629395,0.183742389082909,20.2005729675293,11.479076385498,1.36311411857605,8.09102630615234,0.0277312658727169,0.0380197428166866,21.4415225982666,13.7987413406372,2.29924011230469,8.00441741943359,0.0290078949183226,0.0464066788554192
131935,-0.325000288359512,37.9750007629395,0.720801889896393,19.6659851074219,13.7479648590088,1.73103106021881,8.0514669418335,0.1095861941576,0.315169245004654,20.61008644104,16.0284004211426,2.11727929115295,7.96369695663452,0.0988031104207039,0.301083922386169
131947,0.274999691325532,37.9750007629395,0.719153523445129,19.6949710845947,13.7907619476318,1.5981125831604,8.05062484741211,0.0596337988972664,0.273788392543793,20.5574283599854,15.7086534500122,2.15313076972961,7.96286630630493,0.0751762911677361,0.307653933763504
131958,0.824999672703489,37.9750007629395,0.647745370864868,19.7633876800537,13.7724542617798,1.49362659454346,8.05031108856201,0.0461005009710789,0.174990400671959,20.604959487915,15.298246383667,2.16328978538513,7.9628267288208,0.0543559901416302,0.208212092518806
132071,6.47499948140432,37.9750007629395,0.579165577888489,20.0426769256592,14.075400352478,1.21324622631073,8.0498161315918,0.0419093780219555,0.104837097227573,21.1370525360107,15.8464326858521,1.73452591896057,7.96236896514893,0.0404840297996998,0.181318640708923
132129,9.37499938321537,37.9750007629395,0.647566437721252,19.4439849853516,13.9541254043579,1.53590750694275,8.05886840820312,0.188751131296158,0.307463347911835,20.555326461792,15.5351724624634,2.0480432510376,7.97132635116577,0.192499965429306,0.354224234819412
132141,9.97499936290041,37.9750007629395,0.63271564245224,19.4459209442139,13.9204893112183,1.51698160171509,8.05992984771729,0.177749305963516,0.299850314855576,20.5263538360596,15.4963607788086,1.85835182666779,7.9729790687561,0.172034159302711,0.24918469786644
132158,10.8249993341209,37.9750007629395,0.73437112569809,19.623291015625,13.9583129882812,1.39447057247162,8.05781078338623,0.23819674551487,0.466161996126175,20.6846466064453,15.6162414550781,1.65314018726349,7.97102022171021,0.262204349040985,0.513787925243378
132187,12.2749992850264,37.9750007629395,0.627048075199127,19.931022644043,14.2700700759888,1.19224846363068,8.05958461761475,0.175677642226219,0.361344635486603,21.0395908355713,15.9644632339478,1.60354483127594,7.97242069244385,0.175210580229759,0.395609080791473
132291,17.4749991089635,37.9750007629395,0.444244742393494,20.3126850128174,14.4268226623535,1.41156756877899,8.07982635498047,0.0318635627627373,0.139661893248558,21.5529880523682,16.6045360565186,1.87064719200134,7.99389982223511,0.0398047938942909,0.148041412234306
132463,26.0749988177824,37.9750007629395,0.263028353452682,20.1796493530273,11.7127103805542,2.26941084861755,8.08705043792725,0.0230672881007195,0.0233696512877941,21.4472846984863,13.3738441467285,2.89934158325195,8.00040721893311,0.0236741080880165,0.0217604786157608
132777,-0.475000283280773,37.9250007629395,0.705299198627472,19.6646747589111,13.9258699417114,1.77661144733429,8.05179500579834,0.0723097994923592,0.227198138833046,20.6184978485107,16.2662410736084,2.18487906455994,7.9639573097229,0.0671752318739891,0.229593798518181
132788,0.0749996980971845,37.9250007629395,0.73389607667923,19.6718902587891,13.9066905975342,1.56803071498871,8.0507869720459,0.0716451331973076,0.297980666160583,20.5470008850098,15.9689149856567,2.11422681808472,7.9630560874939,0.0805009454488754,0.362975835800171
132799,0.624999679475141,37.9250007629395,0.639957070350647,19.7385444641113,13.8089323043823,1.6270124912262,8.0503511428833,0.0366612039506435,0.113480567932129,20.5843620300293,15.5111541748047,2.21152329444885,7.96276569366455,0.0457052700221539,0.0787594318389893
132888,5.07499952880589,37.9250007629395,0.530845642089844,20.0408916473389,13.5516223907471,1.20963454246521,8.04996395111084,0.0288595296442509,0.0818662941455841,21.0743713378906,15.3211183547974,1.69127929210663,7.96241044998169,0.00872829090803862,0.0811427757143974
132973,9.32499938490828,37.9250007629395,0.640040159225464,19.5440921783447,13.9633541107178,1.54012501239777,8.0579776763916,0.217911675572395,0.308330625295639,20.6577816009521,15.5315132141113,2.09134435653687,7.97035455703735,0.216213300824165,0.316347718238831
132985,9.92499936459333,37.9250007629395,0.624211311340332,19.5110569000244,13.858302116394,1.56584990024567,8.05878353118896,0.203666746616364,0.294966369867325,20.5853462219238,15.5419521331787,1.91663527488708,7.97165584564209,0.2009357213974,0.288121908903122
133003,10.8249993341209,37.9250007629395,0.666467905044556,19.6849517822266,13.835976600647,1.41876351833344,8.05770492553711,0.197319209575653,0.388679772615433,20.7401065826416,15.5581188201904,1.69447731971741,7.97090911865234,0.220754519104958,0.410110116004944
133035,12.4249992799477,37.9250007629395,0.541164636611938,19.5918674468994,13.9643087387085,1.11749470233917,8.06148147583008,0.0861973538994789,0.195568606257439,20.6839542388916,15.6623210906982,1.54740810394287,7.97435903549194,0.0898984372615814,0.224856585264206
133208,21.0749989870737,37.9250007629395,0.302976161241531,20.6046714782715,13.0958614349365,1.75699830055237,8.08582401275635,0.0209055654704571,0.0667086765170097,22.0676593780518,15.11865234375,2.20066022872925,7.99985122680664,0.0212713181972504,0.0791879445314407
133620,-0.575000279894947,37.8750007629395,0.704538583755493,19.6785640716553,14.2175912857056,1.82436156272888,8.0513277053833,0.0420306287705898,0.132601678371429,20.6325225830078,16.549446105957,2.19480443000793,7.96343374252319,0.040582999587059,0.134281188249588
133631,-0.0250002985169901,37.8750007629395,0.756774246692657,19.6612720489502,13.9352722167969,1.57632887363434,8.05083084106445,0.0828026458621025,0.337062180042267,20.552453994751,16.0438022613525,2.08419847488403,7.9631085395813,0.0875054821372032,0.386974185705185
133642,0.524999682860967,37.8750007629395,0.706213116645813,19.7219696044922,13.8327054977417,1.69007194042206,8.0504207611084,0.0318979434669018,0.197034254670143,20.5767517089844,15.6809978485107,2.20260310173035,7.96282291412354,0.0430671945214272,0.166479587554932
133689,2.87499960329406,37.8750007629395,0.547920405864716,19.8393154144287,13.51389503479,1.21193277835846,8.04959774017334,0.0385166928172112,0.0964084044098854,20.8786506652832,15.3103799819946,1.80216944217682,7.96244192123413,0.0266038458794355,0.0682808458805084
133803,8.57499941030198,37.8750007629395,0.543836653232574,19.7473888397217,13.9620685577393,1.53418159484863,8.05372142791748,0.154680088162422,0.120463863015175,20.8623657226562,15.2819976806641,2.11588287353516,7.96596431732178,0.148763492703438,0.188687071204185
133814,9.12499939167993,37.8750007629395,0.609701931476593,19.629976272583,13.9597043991089,1.58963227272034,8.0558910369873,0.22661280632019,0.250161170959473,20.7473907470703,15.5583057403564,2.15601539611816,7.96809720993042,0.221757426857948,0.274062246084213
133827,9.77499936967206,37.8750007629395,0.623844146728516,19.5775051116943,13.8236141204834,1.58216214179993,8.0571985244751,0.2220718562603,0.294170528650284,20.653284072876,15.5230617523193,1.94881212711334,7.96968269348145,0.221307978034019,0.305465370416641
133843,10.5749993425855,37.8750007629395,0.668624579906464,19.6607723236084,13.99147605896,1.36803293228149,8.05746459960938,0.226794689893723,0.382678031921387,20.7112274169922,15.6206045150757,1.69237613677979,7.97044467926025,0.244567394256592,0.395430058240891
134001,18.4749990751052,37.8750007629395,0.355719864368439,20.3971843719482,14.0109987258911,1.39175069332123,8.08115768432617,0.0302821807563305,0.0509740598499775,21.6465187072754,16.0842094421387,1.73223519325256,7.99474334716797,0.0340805537998676,0.101656213402748
134169,26.8749987906958,37.8750007629395,0.176727399230003,20.3598861694336,11.4503831863403,1.37898576259613,8.08928871154785,0.0282065160572529,0.0166249498724937,21.5902881622314,13.7972507476807,2.37997603416443,8.00258159637451,0.0318065360188484,0.0363917462527752
134462,-0.725000274816208,37.8250007629395,0.73477965593338,19.8133983612061,15.036244392395,1.85110533237457,8.05084991455078,0.00608567008748651,0.00460603460669518,20.7613391876221,17.1657085418701,2.20717000961304,7.96277713775635,0.00652807578444482,0.0018880187999457
134473,-0.175000293438251,37.8250007629395,0.751789391040802,19.6493682861328,13.9018430709839,1.66522455215454,8.05108833312988,0.108014218509197,0.343894720077515,20.5648365020752,16.1257953643799,1.99540042877197,7.96338701248169,0.10532720386982,0.378289371728897
134484,0.374999687939706,37.8250007629395,0.76680314540863,19.6943187713623,13.8642711639404,1.55647051334381,8.05044364929199,0.0308461505919695,0.30389940738678,20.5600090026855,15.8821086883545,2.14961504936218,7.96281814575195,0.0452239513397217,0.301741927862167
134593,5.82499950341219,37.8250007629395,0.551605701446533,20.0706577301025,13.8929252624512,1.21693861484528,8.04950904846191,0.0160626769065857,0.0398299805819988,21.1180171966553,15.6312313079834,1.72639775276184,7.96251106262207,0.00826784502714873,0.0177249312400818
134658,9.07499939337285,37.8250007629395,0.627004504203796,19.6948184967041,13.8941507339478,1.57854700088501,8.05403995513916,0.235560342669487,0.277506172657013,20.8093433380127,15.483959197998,2.18688297271729,7.96607112884521,0.227338075637817,0.313510209321976
134677,10.0249993612075,37.8250007629395,0.642937004566193,19.6456279754639,13.888653755188,1.58203840255737,8.05538177490234,0.23455399274826,0.306221842765808,20.7023239135742,15.344069480896,1.93993759155273,7.96781826019287,0.239811018109322,0.27203294634819
134788,15.5749991732942,37.8250007629395,0.42885223031044,20.249849319458,14.5440702438354,1.42847156524658,8.07706260681152,0.0813728719949722,0.118707105517387,21.360803604126,16.661111831665,1.85489797592163,7.99151515960693,0.0913008973002434,0.0703234449028969
134943,23.3249989108926,37.8250007629395,0.412242114543915,20.3965892791748,13.3388624191284,4.15074777603149,8.10223770141602,0.0164238568395376,0.0293352194130421,21.8179340362549,14.7411298751831,4.87785959243774,8.01706218719482,0.0139636537060142,0.0198632646352053
134963,24.3249988770344,37.8250007629395,0.627674877643585,19.820348739624,12.8840703964233,7.49133920669556,8.103684425354,0.0668047070503235,0.215605571866035,21.2444648742676,14.5935697555542,8.81057929992676,8.01729583740234,0.064328670501709,0.219379395246506
135310,-0.575000279894947,37.7750007629395,0.725409805774689,19.6563625335693,14.0599927902222,1.82785797119141,8.05097007751465,0.0658206641674042,0.213934391736984,20.6071739196777,16.2904243469238,2.23612570762634,7.96309232711792,0.0614383071660995,0.194684728980064
135321,-0.0250002985169901,37.7750007629395,0.78421539068222,19.6389141082764,13.9397163391113,1.57388460636139,8.05078125,0.070648267865181,0.361210882663727,20.5345134735107,16.0906429290771,2.05923247337341,7.96305847167969,0.0759927034378052,0.376828730106354
135332,0.524999682860967,37.7750007629395,0.720862805843353,19.7149772644043,13.8476343154907,1.57409191131592,8.05027866363525,0.0247883088886738,0.225565180182457,20.5783538818359,15.7603960037231,2.19865036010742,7.96269798278809,0.0342405028641224,0.191494077444077
135385,3.17499959313658,37.7750007629395,0.560067415237427,19.8498630523682,13.3029384613037,1.2262270450592,8.04898166656494,0.034448079764843,0.134646341204643,20.8964061737061,15.2202730178833,1.85534417629242,7.96171188354492,0.0262946262955666,0.158180177211761
135496,8.72499940522324,37.7750007629395,0.566990494728088,19.822904586792,13.8002624511719,1.59434080123901,8.05190563201904,0.156650930643082,0.164366498589516,20.9172534942627,15.2561988830566,2.18429660797119,7.96393442153931,0.153980925679207,0.145735248923302
135515,9.67499937305789,37.7750007629395,0.612525403499603,19.7407722473145,13.7034664154053,1.57886207103729,8.05470943450928,0.234947323799133,0.293782502412796,20.7997951507568,15.2768583297729,1.97902476787567,7.96694326400757,0.237833708524704,0.287974983453751
135532,10.5249993442784,37.7750007629395,0.610429525375366,19.782735824585,13.831561088562,1.3391969203949,8.0558500289917,0.199372187256813,0.323706120252609,20.8254547119141,15.6225709915161,1.76869642734528,7.96852922439575,0.220236390829086,0.374716609716415
135683,18.0749990886485,37.7750007629395,0.354672223329544,20.3918895721436,13.8585805892944,1.36532819271088,8.07954120635986,0.03035743907094,0.0585800185799599,21.6213436126709,15.9288578033447,1.84441459178925,7.99370718002319,0.0413205102086067,0.0204813908785581
135850,26.424998805932,37.7750007629395,0.198635160923004,20.3327865600586,11.3983001708984,1.41193401813507,8.08489513397217,0.0169576909393072,0.0259240958839655,21.5616245269775,13.6390752792358,2.44015526771545,7.99821329116821,0.0155009189620614,0.0123374052345753
136150,-0.825000271430382,37.7250007629395,0.792628109455109,19.961799621582,15.7402601242065,1.93271100521088,8.05081748962402,0.00691899238154292,0.013612411916256,20.8909492492676,17.627534866333,2.19658827781677,7.96242952346802,0.00575241446495056,0.00771759683266282
136162,-0.225000291745338,37.7250007629395,0.79246997833252,19.6285495758057,13.7989816665649,1.68307638168335,8.05113887786865,0.113186247646809,0.413208782672882,20.5486183166504,16.0225353240967,1.98190271854401,7.96347284317017,0.108516722917557,0.411454856395721
136173,0.324999689632619,37.7250007629395,0.772698938846588,19.6785984039307,13.8588199615479,1.49848282337189,8.05043029785156,0.0251354705542326,0.313098281621933,20.5521907806396,15.8983001708984,2.11095428466797,7.9627513885498,0.0402605831623077,0.353557705879211
136282,5.7749995051051,37.7250007629395,0.531044125556946,20.0767555236816,13.787802696228,1.18809497356415,8.04940891265869,0.016911868005991,0.0261524245142937,21.1075687408447,15.5302724838257,1.6834808588028,7.96246480941772,0.00862342491745949,0.0213831476867199
136345,8.92499939845159,37.7250007629395,0.640893876552582,19.8416404724121,13.7548952102661,1.57262229919434,8.05252456665039,0.187222421169281,0.309108406305313,20.9306335449219,15.2906904220581,2.17827033996582,7.96455001831055,0.181513115763664,0.358728021383286
136398,11.5749993087272,37.7250007629395,0.614745855331421,19.8838272094727,13.615382194519,1.16588568687439,8.05534362792969,0.136440813541412,0.361968964338303,20.9906024932861,15.5963973999023,1.57078945636749,7.96855497360229,0.160160675644875,0.372879475355148
136407,12.024999293491,37.7250007629395,0.378079891204834,19.9556560516357,13.7384052276611,1.0821795463562,8.05823993682861,0.146040990948677,0.00771516002714635,21.0793800354004,15.4430627822876,1.46854078769684,7.97141075134277,0.13825535774231,0.00420899596065283
136572,20.2749990141603,37.7250007629395,0.270772874355316,20.5159034729004,13.2500610351562,1.13343584537506,8.08610916137695,0.0119926407933235,0.0598580203950405,21.9425964355469,15.3399686813354,1.56828832626343,7.99995136260986,0.0140134086832404,0.127387419342995
136997,-0.725000274816208,37.6750007629395,0.749023377895355,19.7951374053955,14.982702255249,1.88254964351654,8.0508451461792,0.0057948180474341,0.0315193422138691,20.7285842895508,17.0213623046875,2.2093677520752,7.96259069442749,0.00520908553153276,0.0417045131325722
137008,-0.175000293438251,37.6750007629395,0.787806510925293,19.6147575378418,13.7854061126709,1.58520829677582,8.05111312866211,0.091579794883728,0.402911245822906,20.5244235992432,16.0381565093994,1.97237169742584,7.9633994102478,0.0914807915687561,0.396369457244873
137020,0.424999686246793,37.6750007629395,0.702795803546906,19.6939716339111,13.7897434234619,1.55250024795532,8.0503454208374,0.0203811544924974,0.200104936957359,20.5724105834961,15.7548332214355,2.23817253112793,7.96271753311157,0.0330695733428001,0.217751160264015
137062,2.52499961514445,37.6750007629395,0.604742169380188,19.8219203948975,13.3156471252441,1.33329486846924,8.04868221282959,0.0167325623333454,0.148798212409019,20.8334407806396,15.0043869018555,1.9095813035965,7.96119785308838,0.0107209412381053,0.196352526545525
137071,2.97499959990823,37.6750007629395,0.527058601379395,19.8234691619873,13.2620220184326,1.19867205619812,8.04857540130615,0.0421982109546661,0.0925701111555099,20.8484077453613,15.2351922988892,1.86471092700958,7.96111869812012,0.0289587639272213,0.0586331710219383
137181,8.4749994136878,37.6750007629395,0.501929700374603,19.9639549255371,13.832691192627,1.46225714683533,8.05151176452637,0.105392910540104,0.0431805513799191,21.0361480712891,15.30748462677,1.97937047481537,7.96360540390015,0.101451180875301,0.0820258930325508
137351,16.9749991258926,37.6750007629395,0.445023834705353,20.4083957672119,14.4099397659302,1.44363462924957,8.0776252746582,0.0319149605929852,0.12765109539032,21.6316814422607,16.6058387756348,1.88060128688812,7.99177026748657,0.037697970867157,0.0979940369725227
137502,24.5249988702627,37.6750007629395,0.666840970516205,19.7467155456543,13.0034561157227,6.86193418502808,8.10282325744629,0.0907915160059929,0.288365960121155,21.1669006347656,14.674241065979,7.85712432861328,8.01656150817871,0.0923459604382515,0.324820697307587
137511,24.9749988550265,37.6750007629395,0.530424535274506,19.817813873291,12.8478927612305,5.50691366195679,8.09727001190186,0.025872116908431,0.0441475473344326,21.1577167510986,14.4127769470215,6.46369791030884,8.01122951507568,0.0246124025434256,0.0501178875565529
137852,-0.225000291745338,37.6250007629395,0.807325065135956,19.613597869873,13.7498588562012,1.62467432022095,8.05119705200195,0.100049324333668,0.436864107847214,20.5252819061279,15.9954862594604,1.99006271362305,7.96344327926636,0.0982581600546837,0.451319545507431
137863,0.324999689632619,37.6250007629395,0.709350645542145,19.6754093170166,13.8246622085571,1.55197417736053,8.05048370361328,0.0187504235655069,0.201867401599884,20.5584030151367,15.8327779769897,2.22038054466248,7.96281051635742,0.0322387553751469,0.258934140205383
137949,4.6249995440421,37.6250007629395,0.492822974920273,20.0263862609863,13.2830753326416,1.21911025047302,8.04811668395996,0.0274608600884676,0.0233038458973169,21.0594139099121,15.2785530090332,1.62669038772583,7.96035051345825,0.0242827516049147,0.000153364395373501
138059,10.1249993578217,37.6250007629395,0.59135240316391,19.9499416351318,13.8155794143677,1.38453423976898,8.05284595489502,0.213506042957306,0.288961559534073,20.9793968200684,15.4983320236206,1.80452859401703,7.96517562866211,0.233034312725067,0.349877446889877
138222,18.2749990818769,37.6250007629395,0.362204134464264,20.4460544586182,13.8368711471558,1.40483510494232,8.07979965209961,0.0309637133032084,0.0841104239225388,21.6946239471436,15.8123273849487,1.84215819835663,7.99371528625488,0.0452873781323433,0.0513425916433334
138338,24.0749988854989,37.6250007629395,0.620042264461517,20.0118427276611,12.8484916687012,6.89716720581055,8.10227489471436,0.0858638063073158,0.265349507331848,21.4512615203857,14.3707914352417,8.26853466033936,8.01587390899658,0.0843067094683647,0.223095715045929
138389,26.6249987991604,37.6250007629395,0.197538524866104,20.215238571167,11.4468717575073,1.29023921489716,8.08492851257324,0.0151425311341882,0.0172062758356333,21.4445724487305,14.1391077041626,2.28161716461182,7.99817657470703,0.0107238311320543,0.012253905646503
138686,-0.775000273123295,37.5750007629395,0.734988570213318,19.67258644104,14.3384208679199,1.89352285861969,8.05086994171143,0.0695532932877541,0.185109630227089,20.6259288787842,16.4176998138428,2.29565024375916,7.96240329742432,0.0540114007890224,0.186676278710365
138697,-0.225000291745338,37.5750007629395,0.809369027614594,19.6090888977051,13.7279090881348,1.61589252948761,8.05130958557129,0.0915782302618027,0.436812996864319,20.5183162689209,15.9529027938843,2.02773213386536,7.96348142623901,0.0922150462865829,0.482725769281387
138708,0.324999689632619,37.5750007629395,0.685291230678558,19.674919128418,13.7943887710571,1.57429230213165,8.05051898956299,0.0160271413624287,0.159406006336212,20.5606288909912,15.7850732803345,2.26907730102539,7.96285724639893,0.0284202694892883,0.207749709486961
138816,5.72499950679802,37.5750007629395,0.545426845550537,20.0961685180664,13.7235870361328,1.16354703903198,8.0486421585083,0.0194146856665611,0.0680134147405624,21.1088008880615,15.3449153900146,1.64067280292511,7.96161079406738,0.00772939622402191,0.0937759801745415
138848,7.3249994526248,37.5750007629395,0.610303699970245,20.2257061004639,14.0724582672119,1.31067895889282,8.04846668243408,0.0299836304038763,0.132633745670319,21.250940322876,15.8892593383789,1.88614976406097,7.9606728553772,0.0343750268220901,0.14870411157608
138905,10.1749993561288,37.5750007629395,0.622887849807739,20.0548858642578,13.817777633667,1.36183857917786,8.05141830444336,0.191248893737793,0.330171883106232,21.077220916748,15.6044921875,1.7825266122818,7.96361017227173,0.212260469794273,0.418455123901367
138943,12.0749992917981,37.5750007629395,0.451260298490524,19.9927310943604,13.6622142791748,1.16310667991638,8.06037521362305,0.130630970001221,0.169932052493095,21.116813659668,15.4055404663086,1.63094425201416,7.97380590438843,0.12308095395565,0.16954231262207
139099,19.8749990277036,37.5750007629395,0.312532633543015,20.5074844360352,13.8341665267944,1.27254283428192,8.08449840545654,0.0397013202309608,0.0755339115858078,21.8792839050293,15.8048982620239,1.82898831367493,7.998122215271,0.0317742116749287,0.0200340617448092
139522,-1.22500025788708,37.5250007629395,0.764184594154358,19.5847702026367,14.1274433135986,1.96069478988647,8.05085945129395,0.0751284062862396,0.243539750576019,20.549373626709,16.311840057373,2.38848233222961,7.96162462234497,0.0585823468863964,0.297843992710114
139534,-0.625000278202034,37.5250007629395,0.768463611602783,19.6015644073486,13.6908769607544,1.87343215942383,8.05084896087646,0.147955417633057,0.381391435861588,20.5509510040283,15.9321966171265,2.3768424987793,7.96260166168213,0.116587474942207,0.334783464670181
139545,-0.0750002968240766,37.5250007629395,0.754085123538971,19.6027145385742,13.5847597122192,1.56714522838593,8.0510082244873,0.0478412955999374,0.332986831665039,20.5089359283447,15.7002620697021,2.1827347278595,7.96319580078125,0.05833500623703,0.312882393598557
139556,0.474999684553881,37.5250007629395,0.620449125766754,19.6872825622559,13.6057748794556,1.58969688415527,8.05042743682861,0.0137620782479644,0.0721621438860893,20.567174911499,15.4874610900879,2.355623960495,7.9628381729126,0.0225314516574144,0.0573616102337837
139573,1.32499965577436,37.5250007629395,0.5693119764328,19.7744903564453,13.418890953064,1.14667546749115,8.04927921295166,0.010866891592741,0.101164907217026,20.6545124053955,14.8972616195679,1.56912612915039,7.96123456954956,0.018394710496068,0.159563437104225
139683,6.82499946955393,37.5250007629395,0.56499445438385,20.2189636230469,14.1150569915771,1.20577800273895,8.04785823822021,0.0286581180989742,0.059015054255724,21.2191181182861,15.7149667739868,1.71597480773926,7.96037101745605,0.0238596126437187,0.0575082488358021
139747,10.0249993612075,37.5250007629395,0.610408544540405,20.1614189147949,13.8797807693481,1.30781733989716,8.04999542236328,0.162712886929512,0.302265822887421,21.169900894165,15.707781791687,1.67027771472931,7.96214914321899,0.180237710475922,0.36339470744133
139850,15.1749991868375,37.5250007629395,0.414941638708115,20.465446472168,14.7276668548584,1.2622457742691,8.07748031616211,0.0398170091211796,0.0775393098592758,21.5967712402344,16.5939998626709,1.85448634624481,7.99162197113037,0.0371304601430893,0.0612451918423176
139960,20.674999000617,37.5250007629395,0.285409390926361,20.6141471862793,13.0584392547607,1.74242615699768,8.0859899520874,0.0217355508357286,0.0331757217645645,22.0103702545166,15.0334005355835,1.79908239841461,8.0001163482666,0.0245457291603088,0.0535678081214428
140365,-1.32500025450125,37.4750007629395,0.761112689971924,19.5840892791748,14.2368898391724,1.92775690555573,8.05052185058594,0.0593144223093987,0.20660525560379,20.5495586395264,16.4479465484619,2.43015623092651,7.96120166778564,0.0470181964337826,0.259184569120407
140376,-0.775000273123295,37.4750007629395,0.770458161830902,19.5918579101562,13.8366403579712,1.93202257156372,8.05090618133545,0.142926126718521,0.354562520980835,20.5505561828613,16.0536441802979,2.39821004867554,7.96219921112061,0.106054775416851,0.32325479388237
140388,-0.175000293438251,37.4750007629395,0.773908317089081,19.5998668670654,13.5665664672852,1.59583079814911,8.05127906799316,0.0595805123448372,0.374766886234283,20.5072345733643,15.6802139282227,2.20920634269714,7.9632773399353,0.0701863765716553,0.354145467281342
140399,0.374999687939706,37.4750007629395,0.638190090656281,19.6712341308594,13.5327415466309,1.59485423564911,8.05053043365479,0.0117383636534214,0.108288832008839,20.554048538208,15.4203681945801,2.33035159111023,7.96284675598145,0.0197580959647894,0.0987041741609573
140428,1.82499963884523,37.4750007629395,0.560895144939423,19.8273735046387,13.4388780593872,1.26739263534546,8.04829406738281,0.0343219600617886,0.0951289385557175,20.7471389770508,15.0076541900635,1.85705578327179,7.96038055419922,0.0287281405180693,0.0810397639870644
140538,7.3249994526248,37.4750007629395,0.591034412384033,20.2566699981689,14.0793142318726,1.35044813156128,8.04814052581787,0.0146518843248487,0.0646955370903015,21.2779369354248,15.9075984954834,1.98327052593231,7.96039628982544,0.0177952479571104,0.0773560032248497
140651,12.9749992613256,37.4750007629395,0.394584894180298,19.1318130493164,12.8176336288452,1.02994310855865,8.0659008026123,0.0453685149550438,0.0364613197743893,20.3063716888428,14.855486869812,1.59399092197418,7.97911787033081,0.0492793805897236,0.0293993875384331
140799,20.3749990107745,37.4750007629395,0.282903462648392,20.5737457275391,13.1688213348389,1.40882289409637,8.08614444732666,0.0175785087049007,0.0670174956321716,21.9894199371338,15.2637357711792,1.68032383918762,8.00021076202393,0.01667738892138,0.0656097456812859
140896,25.224998846562,37.4750007629395,0.626038432121277,19.7551097869873,12.6972761154175,6.79520225524902,8.09354972839355,0.0655223205685616,0.148633152246475,21.0814781188965,14.188422203064,7.44089651107788,8.00740242004395,0.0658211559057236,0.14285372197628
141216,-1.02500026465873,37.4250007629395,0.784391164779663,19.5721836090088,13.7718162536621,1.96232712268829,8.050368309021,0.119723044335842,0.354733109474182,20.5106048583984,15.8723278045654,2.38024759292603,7.96137714385986,0.0911783203482628,0.384688466787338
141227,-0.475000283280773,37.4250007629395,0.828883349895477,19.5843505859375,13.6127147674561,1.78017497062683,8.05106163024902,0.101595610380173,0.458090543746948,20.5023880004883,15.8317041397095,2.34499311447144,7.96277379989624,0.0909874141216278,0.429671406745911
141238,0.0749996980971845,37.4250007629395,0.670032143592834,19.6109619140625,13.2943878173828,1.6127792596817,8.05092239379883,0.02664665132761,0.210296273231506,20.5100917816162,15.1857767105103,2.32136106491089,7.96301412582397,0.0421035774052143,0.218696430325508
141261,1.22499965916019,37.4250007629395,0.628652989864349,19.75559425354,13.3477392196655,1.21971607208252,8.04941082000732,0.0186114870011806,0.205011606216431,20.6354064941406,14.825382232666,1.69169747829437,7.96140289306641,0.0237403474748135,0.261638581752777
141272,1.77499964053814,37.4250007629395,0.577519774436951,19.8195781707764,13.3956871032715,1.26149272918701,8.04829120635986,0.0415317825973034,0.141356483101845,20.7326374053955,14.9697780609131,1.82439434528351,7.96033668518066,0.0357532054185867,0.136196449398994
141382,7.27499945431771,37.4250007629395,0.556387364864349,20.2792186737061,14.0679988861084,1.27636504173279,8.04795455932617,0.0169853009283543,0.024823609739542,21.2921657562256,15.8449878692627,1.87741005420685,7.960289478302,0.00931607838720083,0.0127546666190028
141495,12.9249992630185,37.4250007629395,0.391129791736603,19.2871589660645,12.7809724807739,1.03441655635834,8.06533145904541,0.0557829290628433,0.0701205730438232,20.4599514007568,14.8260374069214,1.51706075668335,7.97860765457153,0.0624323189258575,0.0642495825886726
141643,20.3249990124674,37.4250007629395,0.265717834234238,20.5816192626953,13.1486186981201,1.34413206577301,8.08595180511475,0.0293216090649366,0.0555684454739094,21.9935035705566,15.2317247390747,1.72679615020752,8.00003337860107,0.028647493571043,0.0705180317163467
142052,-1.47500024942251,37.3750007629395,0.739537358283997,19.5673713684082,14.1326837539673,1.74467635154724,8.04964733123779,0.0650386661291122,0.213479667901993,20.5255222320557,16.4447574615479,2.40516138076782,7.9603796005249,0.052269846200943,0.249521672725677
142063,-0.925000268044556,37.3750007629395,0.744161486625671,19.572790145874,13.6429357528687,1.92644703388214,8.0496768951416,0.11006123572588,0.302628874778748,20.4987716674805,15.7970390319824,2.35562086105347,7.96096420288086,0.0798204988241196,0.306367367506027
142075,-0.325000288359512,37.3750007629395,0.787774920463562,19.5860862731934,13.3983297348022,1.64506685733795,8.050950050354,0.0609158053994179,0.403558492660522,20.4870319366455,15.3840141296387,2.20725321769714,7.96273803710938,0.0778775364160538,0.435905903577805
142086,0.224999693018445,37.3750007629395,0.629444241523743,19.63161277771,13.1815023422241,1.61259722709656,8.05076694488525,0.0201792865991592,0.153688907623291,20.5165996551514,14.938250541687,2.32849907875061,7.96293926239014,0.032320111989975,0.155326679348946
142099,0.874999671010577,37.3750007629395,0.572518587112427,19.7052192687988,13.2352666854858,1.32946121692657,8.05008029937744,0.0176500976085663,0.10649723559618,20.5940971374512,14.8007955551147,1.91456234455109,7.9623007774353,0.024205332621932,0.0135088097304106
142216,6.72499947293976,37.3750007629395,0.583592593669891,20.2731952667236,14.038911819458,1.1956262588501,8.04721260070801,0.0135335633531213,0.0811904296278954,21.2708358764648,15.6340160369873,1.62421214580536,7.95988273620605,0.0125441495329142,0.110900081694126
142231,7.47499944754606,37.3750007629395,0.615655541419983,20.310525894165,14.0469083786011,1.47987544536591,8.04775142669678,0.0217190999537706,0.10268796980381,21.3294162750244,15.8389329910278,2.26860404014587,7.96006298065186,0.0212175790220499,0.125755965709686
142335,12.6749992714831,37.3750007629395,0.392951369285583,19.4110546112061,13.0109720230103,0.960441648960114,8.06410312652588,0.0412764027714729,0.0364655405282974,20.5564479827881,15.1363401412964,1.33630645275116,7.97734689712524,0.044670581817627,0.0462897084653378
142482,20.0249990226249,37.3750007629395,0.327137798070908,20.5641841888428,13.6725854873657,1.17608439922333,8.08477973937988,0.0274732913821936,0.147806584835052,21.9451999664307,15.5199661254883,1.69007396697998,7.99873352050781,0.0201839841902256,0.121460296213627
142621,26.97499878731,37.3750007629395,0.203056380152702,20.3643798828125,12.06911277771,1.05012249946594,8.08555316925049,0.0147353122010827,0.0232116691768169,21.6544055938721,14.1809844970703,1.83190190792084,7.99867391586304,0.0109482891857624,0.00550230639055373
142897,-1.47500024942251,37.3250007629395,0.732556879520416,19.5518474578857,13.9341487884521,1.68607568740845,8.04964447021484,0.0797713175415993,0.254296272993088,20.4975147247314,16.290735244751,2.37901639938354,7.96033668518066,0.0644433200359344,0.282834738492966
142908,-0.925000268044556,37.3250007629395,0.722199141979218,19.5750675201416,13.5598011016846,1.91443252563477,8.04894065856934,0.0879202410578728,0.254690527915955,20.4880466461182,15.7182970046997,2.35445070266724,7.96030616760254,0.0613288320600986,0.245069265365601
142919,-0.375000286666599,37.3250007629395,0.770133912563324,19.5784225463867,13.3090896606445,1.61333870887756,8.05041027069092,0.0554668717086315,0.382078886032104,20.4694690704346,15.2076377868652,2.12113833427429,7.96213245391846,0.0753766596317291,0.445735782384872
142931,0.224999693018445,37.3250007629395,0.625658988952637,19.6245574951172,13.0866212844849,1.60123002529144,8.05086612701416,0.0233330186456442,0.168574810028076,20.5046424865723,14.7886409759521,2.31082653999329,7.9630126953125,0.0376356989145279,0.181745126843452
143043,5.82499950341219,37.3250007629395,0.536769568920135,20.1559867858887,13.5971364974976,1.17940163612366,8.04763317108154,0.0326103232800961,0.0897623375058174,21.1601066589355,15.0703563690186,1.66210830211639,7.96062326431274,0.0376836992800236,0.178650915622711
143077,7.52499944585315,37.3250007629395,0.639598608016968,20.339672088623,14.0136127471924,1.48126137256622,8.04739284515381,0.0233774781227112,0.150686532258987,21.3545932769775,15.7686138153076,2.25554132461548,7.95975637435913,0.0205396451056004,0.233620315790176
143172,12.2749992850264,37.3250007629395,0.477956563234329,19.9164752960205,13.5272569656372,1.11404800415039,8.06176471710205,0.174401804804802,0.273562341928482,21.0286655426025,15.4401836395264,1.52541899681091,7.97535943984985,0.174006551504135,0.294918805360794
143317,19.524999039554,37.3250007629395,0.321575164794922,20.5474071502686,13.8003873825073,1.35811352729797,8.08245754241943,0.0453131981194019,0.0763244926929474,21.8828678131104,15.6018705368042,1.92199862003326,7.99576663970947,0.0401302091777325,0.0636361688375473
143455,26.424998805932,37.3250007629395,0.189177274703979,20.5181102752686,11.2961845397949,1.24983501434326,8.08250522613525,0.0126480991020799,0.0368125848472118,21.7541904449463,13.5626983642578,2.20399284362793,7.99585342407227,0.00654248613864183,0.0444543585181236
143737,-1.72500024095795,37.2750007629395,0.709856152534485,19.5535316467285,14.1369314193726,1.67156934738159,8.05012512207031,0.0410028621554375,0.148003071546555,20.5129318237305,16.5790710449219,2.43336033821106,7.96063089370728,0.0349913537502289,0.150224387645721
143749,-1.1250002612729,37.2750007629395,0.716994047164917,19.5720729827881,13.4830760955811,1.88362991809845,8.04876327514648,0.0678551271557808,0.237470269203186,20.4659805297852,15.6581430435181,2.37509655952454,7.95968055725098,0.0481558106839657,0.19432245194912
143760,-0.575000279894947,37.2750007629395,0.711170077323914,19.5718669891357,13.2316579818726,1.66720533370972,8.0497407913208,0.0471699722111225,0.281822353601456,20.4485321044922,15.1428155899048,2.16191554069519,7.96139860153198,0.0538271218538284,0.37703412771225
143771,-0.0250002985169901,37.2750007629395,0.660329341888428,19.5801639556885,12.9898157119751,1.43948113918304,8.05104064941406,0.0378123670816422,0.279373914003372,20.4676742553711,14.6931781768799,1.90915203094482,7.96292400360107,0.0609317980706692,0.292910069227219
143872,5.0249995304988,37.2750007629395,0.545617818832397,20.0765933990479,13.4828882217407,1.23572099208832,8.04700183868408,0.0309953819960356,0.0881467387080193,21.0827331542969,15.0605754852295,1.62855732440948,7.95960807800293,0.0458460636436939,0.0563581213355064
143902,6.52499947971141,37.2750007629395,0.61753261089325,20.2882900238037,13.9001808166504,1.17279648780823,8.04662132263184,0.0307545103132725,0.187244817614555,21.2881317138672,15.5389032363892,1.60287415981293,7.95948505401611,0.0391563922166824,0.220674395561218
143924,7.62499944246732,37.2750007629395,0.618776917457581,20.3731269836426,13.9980297088623,1.48692858219147,8.04739761352539,0.0183492656797171,0.114264465868473,21.3822460174561,15.7234907150269,2.24113655090332,7.95977354049683,0.00807652436196804,0.160544142127037
144012,12.024999293491,37.2750007629395,0.507260978221893,19.9917106628418,13.7019653320312,1.10133624076843,8.06022834777832,0.0901202335953712,0.229817196726799,21.1032485961914,15.410304069519,1.57064974308014,7.97406721115112,0.083268478512764,0.233049124479294
144156,19.2249990497115,37.2750007629395,0.320166379213333,20.5589809417725,13.8424301147461,1.41109704971313,8.08152484893799,0.038758397102356,0.0339212156832218,21.8538513183594,15.6686697006226,1.91318452358246,7.9946141242981,0.0447045750916004,0.0199451595544815
144290,25.9249988228612,37.2750007629395,0.259073168039322,20.3915023803711,11.5559864044189,2.1050021648407,8.08478546142578,0.0194084160029888,0.071588933467865,21.6724433898926,13.7155141830444,2.62599182128906,7.99844455718994,0.0227596256881952,0.100732915103436
144583,-1.67500024265086,37.2250007629395,0.700370311737061,19.5405139923096,13.9122915267944,1.65076434612274,8.04991912841797,0.0523037388920784,0.18075156211853,20.4903964996338,16.3484363555908,2.41297626495361,7.96040010452271,0.0435171872377396,0.184570789337158
144595,-1.07500026296582,37.2250007629395,0.712517082691193,19.5774459838867,13.3890953063965,1.89471209049225,8.04834175109863,0.052617609500885,0.218775719404221,20.465030670166,15.5092267990112,2.36997056007385,7.95934677124023,0.0324137769639492,0.179132297635078
144606,-0.52500028158786,37.2250007629395,0.695066511631012,19.5649242401123,13.1238622665405,1.61009800434113,8.04969882965088,0.0417564660310745,0.273405432701111,20.4296913146973,14.9109497070312,2.07331156730652,7.96127557754517,0.0601973347365856,0.402517825365067
144617,0.0249996997900972,37.2250007629395,0.658547222614288,19.5767955780029,12.9598770141602,1.42063009738922,8.05102634429932,0.0368116050958633,0.281971871852875,20.460391998291,14.6487455368042,1.86644196510315,7.96287679672241,0.0602422654628754,0.315643578767776
144704,4.37499955250667,37.2250007629395,0.493740141391754,19.9618625640869,13.2100667953491,1.22377812862396,8.04697704315186,0.0361187495291233,0.0260805375874043,20.9614162445068,14.9549446105957,1.56077337265015,7.95964288711548,0.0538506247103214,0.03822036460042
144763,7.3249994526248,37.2250007629395,0.610653162002563,20.4103450775146,13.8432464599609,1.35951840877533,8.04715251922607,0.021287078037858,0.157189458608627,21.3997383117676,15.6422147750854,1.97664451599121,7.95962476730347,0.022683147341013,0.208904594182968
144796,8.97499939675867,37.2250007629395,0.621239423751831,20.4715061187744,14.0775585174561,1.44876682758331,8.04761409759521,0.0835168212652206,0.222329452633858,21.4802417755127,15.921238899231,1.93454670906067,7.95981073379517,0.0851606950163841,0.269444346427917
144848,11.5749993087272,37.2250007629395,0.472261667251587,20.1142826080322,13.4613075256348,1.10444235801697,8.05501556396484,0.0408636629581451,0.102009676396847,21.2058525085449,15.2379112243652,1.48441696166992,7.96838903427124,0.0377685241401196,0.108541682362556
144990,18.6749990683336,37.2250007629395,0.347831219434738,20.590051651001,13.9668922424316,1.25893998146057,8.0800724029541,0.0489357188344002,0.117575950920582,21.8494453430176,15.9694080352783,1.81023585796356,7.99346494674683,0.0541270449757576,0.0891846939921379
145127,25.5249988364045,37.2250007629395,0.429609030485153,19.9969139099121,12.1091537475586,3.89302110671997,8.09074020385742,0.0623530186712742,0.163715153932571,21.3297824859619,14.1753482818604,4.42977523803711,8.00429821014404,0.0612731389701366,0.166240513324738
145435,-1.32500025450125,37.1750007629395,0.704385697841644,19.5473728179932,13.2510805130005,1.81731426715851,8.04880619049072,0.0661964192986488,0.255279213190079,20.4389934539795,15.4364433288574,2.31776285171509,7.95938634872437,0.0521569773554802,0.20468857884407
145447,-0.725000274816208,37.1750007629395,0.632519483566284,19.5677452087402,13.0818014144897,1.66926229000092,8.04859256744385,0.0247113630175591,0.136048570275307,20.4291744232178,14.9678401947021,2.08885502815247,7.96016693115234,0.0243726652115583,0.124248661100864
145458,-0.175000293438251,37.1750007629395,0.66075736284256,19.5416202545166,12.8975019454956,1.44862568378448,8.05052661895752,0.042087733745575,0.285730957984924,20.4129581451416,14.6188039779663,1.86664116382599,7.9620418548584,0.077065147459507,0.460408985614777
145534,3.62499957790036,37.1750007629395,0.450293987989426,19.7932167053223,12.8795804977417,1.17467200756073,8.04733562469482,0.073953241109848,0.0398396253585815,20.8230457305908,14.7817974090576,1.57147037982941,7.96005392074585,0.0761776566505432,0.0472435913980007
145634,8.62499940860906,37.1750007629395,0.625014126300812,20.4553623199463,14.0992879867554,1.45874583721161,8.04787445068359,0.0647141188383102,0.201434582471848,21.4698047637939,15.8182897567749,2.00142121315002,7.96015787124634,0.0611668862402439,0.266431957483292
145673,10.5749993425855,37.1750007629395,0.464530736207962,20.3459949493408,13.6511316299438,1.24550545215607,8.05108451843262,0.0426868014037609,0.0189121458679438,21.3896522521973,15.4652462005615,1.61889255046844,7.9632511138916,0.041330523788929,0.00416850950568914
145813,17.5749991055776,37.1750007629395,0.362972497940063,20.5851802825928,14.0433330535889,1.15131211280823,8.07627868652344,0.0277321487665176,0.0836398378014565,21.8337383270264,16.2381763458252,1.64732182025909,7.9907603263855,0.0217489395290613,0.0394266322255135
145953,24.5749988685698,37.1750007629395,0.488212138414383,19.9939517974854,12.4311227798462,5.22027730941772,8.09962558746338,0.0604705139994621,0.16876745223999,21.3797092437744,13.9668970108032,5.9923882484436,8.01409244537354,0.0644398257136345,0.182986184954643
146276,-1.5250002477296,37.1250007629395,0.691011726856232,19.5177135467529,13.1298027038574,1.6972017288208,8.04924774169922,0.0839064866304398,0.291069716215134,20.426176071167,15.4545621871948,2.33802700042725,7.95968198776245,0.0692677721381187,0.262154340744019
146287,-0.975000266351643,37.1250007629395,0.727100849151611,19.5743846893311,13.1903991699219,1.88419270515442,8.04776954650879,0.0201045442372561,0.217836126685143,20.4429740905762,15.2422466278076,2.39451670646667,7.95897436141968,0.00753056397661567,0.180264994502068
146298,-0.425000284973686,37.1250007629395,0.615775108337402,19.5355472564697,12.7794008255005,1.46052920818329,8.04908084869385,0.038284569978714,0.212794929742813,20.3869132995605,14.3049955368042,1.87415659427643,7.96066379547119,0.0745585486292839,0.412540346384048
146360,2.67499961006571,37.1250007629395,0.464378774166107,19.7853622436523,12.7933683395386,1.22259414196014,8.046799659729,0.103347726166248,0.100307248532772,20.7730140686035,14.8128280639648,1.80973339080811,7.95938730239868,0.0716195106506348,0.0081693371757865
146474,8.37499941707363,37.1250007629395,0.613942205905914,20.48095703125,14.0645771026611,1.50008916854858,8.04803276062012,0.0436853840947151,0.158059701323509,21.4954242706299,15.8039035797119,2.11220335960388,7.96024656295776,0.0390392728149891,0.224994361400604
146483,8.82499940183741,37.1250007629395,0.602041363716125,20.5399379730225,14.1088390350342,1.47950863838196,8.04761695861816,0.0436317138373852,0.140586152672768,21.5451049804688,15.9179553985596,1.97454512119293,7.95988702774048,0.0421575643122196,0.17737503349781
146644,16.8749991292784,37.1250007629395,0.415423154830933,20.5555534362793,14.2263479232788,1.4161274433136,8.07472515106201,0.0108838491141796,0.0564799755811691,21.7837028503418,16.2789916992188,1.89586496353149,7.98957395553589,0.00254259328357875,0.0173521675169468
146782,23.7749988956564,37.1250007629395,0.423913717269897,20.3757286071777,12.2474889755249,5.28524208068848,8.09946918487549,0.0454785972833633,0.108442284166813,21.834379196167,13.9193143844604,6.04496574401855,8.0130558013916,0.0468666963279247,0.0651248916983604
147117,-1.72500024095795,37.0750007629395,0.659329295158386,19.4939479827881,13.5106792449951,1.57082736492157,8.04972743988037,0.0666047409176826,0.196994230151176,20.4278392791748,15.9281778335571,2.31137728691101,7.96007871627808,0.0545466691255569,0.190209969878197
147128,-1.17500025957999,37.0750007629395,0.733449757099152,19.5622711181641,13.2449226379395,1.78176510334015,8.04782199859619,0.0244401656091213,0.243107378482819,20.435022354126,15.4081678390503,2.20659518241882,7.95844602584839,0.0036317843478173,0.148511216044426
147147,-0.225000291745338,37.0750007629395,0.609316229820251,19.5212879180908,12.7068901062012,1.37764370441437,8.04951000213623,0.0432989783585072,0.237193271517754,20.3843154907227,14.3442077636719,1.81648230552673,7.96106576919556,0.0809385403990746,0.435531347990036
147188,1.82499963884523,37.0750007629395,0.469092756509781,19.7978839874268,12.9973745346069,1.15820276737213,8.04703235626221,0.0983319133520126,0.0904012694954872,20.719575881958,14.7540054321289,1.58221781253815,7.95928239822388,0.0744319930672646,0.0491169653832912
147304,7.62499944246732,37.0750007629395,0.559263288974762,20.5866317749023,13.9169654846191,1.48715448379517,8.04731273651123,0.0102325482293963,0.0410487614572048,21.564115524292,15.7702293395996,2.09288120269775,7.95984220504761,0.00952467136085033,0.0129566332325339
147323,8.57499941030198,37.0750007629395,0.638851702213287,20.5372428894043,14.1149015426636,1.4711366891861,8.04771614074707,0.0402997992932796,0.195856124162674,21.5417766571045,15.9068374633789,1.99463951587677,7.95997047424316,0.0356356911361217,0.267537832260132
147473,16.074999156365,37.0750007629395,0.432011812925339,20.4628601074219,13.9937305450439,1.36505889892578,8.07350921630859,0.00991429481655359,0.106227152049541,21.6587066650391,15.9031963348389,2.13328337669373,7.98859643936157,0.0154811786487699,0.109657168388367
147612,23.0249989210501,37.0750007629395,0.434183299541473,20.655855178833,13.1424703598022,5.00359916687012,8.10183525085449,0.0203002858906984,0.0489882118999958,22.0504283905029,15.1076374053955,6.22658586502075,8.01549625396729,0.0170622430741787,0.0461760684847832
147966,-1.5250002477296,37.0250007629395,0.699193358421326,19.4930839538574,13.0044326782227,1.67192888259888,8.04880619049072,0.0731785744428635,0.30384224653244,20.396369934082,15.2339954376221,2.30020356178284,7.95913553237915,0.0597363822162151,0.289163768291473
147978,-0.925000268044556,37.0250007629395,0.624023020267487,19.5556221008301,12.958065032959,1.84951841831207,8.04727268218994,0.0176508668810129,0.0758397579193115,20.4140930175781,14.8588542938232,2.41448616981506,7.95847988128662,0.0210255719721317,0.0514633879065514
148012,0.774999674396402,37.0250007629395,0.557854771614075,19.6679763793945,12.8121337890625,1.41322302818298,8.04976463317871,0.0622728690505028,0.185935005545616,20.5330486297607,14.3133106231689,1.9639527797699,7.96155738830566,0.0465602427721024,0.20307756960392
148129,6.62499947632558,37.0250007629395,0.540719985961914,20.5037975311279,13.7020177841187,1.26833534240723,8.04661464691162,0.00753817800432444,0.0619242191314697,21.4839038848877,15.3665800094604,1.83784759044647,7.95955324172974,0.0103684347122908,0.0826768204569817
148276,13.9749992274674,37.0250007629395,0.461164146661758,19.5380802154541,13.8001222610474,1.08641111850739,8.06665992736816,0.075958639383316,0.124866411089897,20.7043209075928,15.4470195770264,1.52265632152557,7.98167991638184,0.0847378075122833,0.105296961963177
148406,20.4749990073887,37.0250007629395,0.268452793359756,20.6635208129883,13.2839956283569,1.46047675609589,8.0861177444458,0.0422555655241013,0.0542030297219753,22.0330848693848,15.1721286773682,1.58685696125031,8.00046157836914,0.0357102081179619,0.0290831308811903
148811,-1.5250002477296,36.9750007629395,0.697152674198151,19.4817771911621,12.9675750732422,1.6513866186142,8.04878902435303,0.0712635815143585,0.305165082216263,20.3840446472168,15.1894121170044,2.28494358062744,7.95909357070923,0.0577542223036289,0.296353220939636
148822,-0.975000266351643,36.9750007629395,0.660379827022552,19.5533885955811,12.9946098327637,1.84663701057434,8.04711723327637,0.0195120051503181,0.134058147668839,20.4142894744873,14.9418840408325,2.38279962539673,7.95816516876221,0.019381407648325,0.090120367705822
148828,-0.675000276509121,36.9750007629395,0.567614257335663,19.5299739837646,12.7942056655884,1.52320086956024,8.04746437072754,0.0297125037759542,0.0877807587385178,20.377685546875,14.5033226013184,1.98286259174347,7.95906352996826,0.055170938372612,0.145430877804756
148938,4.82499953727045,36.9750007629395,0.576452195644379,19.9985942840576,12.9675693511963,1.23019349575043,8.04701614379883,0.0194483194500208,0.18667408823967,20.980281829834,14.4559154510498,1.56237196922302,7.95973300933838,0.0316706150770187,0.262748599052429
149097,12.7749992680973,36.9750007629395,0.422316491603851,19.8519191741943,13.1642589569092,1.13489532470703,8.05981254577637,0.122074313461781,0.159727931022644,20.9479026794434,15.1193323135376,1.56355965137482,7.97383069992065,0.11307030916214,0.140348359942436
149225,19.1749990514044,36.9750007629395,0.291939109563828,20.6248722076416,13.7728633880615,1.26872205734253,8.08101081848145,0.0588451735675335,0.0398169793188572,21.8902797698975,15.7715549468994,1.80622327327728,7.99420404434204,0.0756493881344795,0.029288848862052
149365,26.1749988143966,36.9750007629395,0.187710747122765,20.5543422698975,11.0807495117188,1.50710487365723,8.08177089691162,0.0261513106524944,0.0316113755106926,21.8035869598389,13.4355325698853,2.23872327804565,7.99524068832397,0.0266536697745323,0.0185067877173424
149656,-1.5250002477296,36.9250007629395,0.688255727291107,19.4599552154541,12.9150371551514,1.60679888725281,8.0487060546875,0.0693129673600197,0.300634801387787,20.3615379333496,15.1461448669434,2.26651883125305,7.95900249481201,0.0542600490152836,0.287456214427948
149667,-0.975000266351643,36.9250007629395,0.626814603805542,19.5440158843994,12.9366025924683,1.83477389812469,8.04719543457031,0.0177427772432566,0.0844102948904037,20.4013385772705,14.8587961196899,2.38536667823792,7.95820045471191,0.0190708171576262,0.0484723523259163
149742,2.77499960667988,36.9250007629395,0.48380783200264,19.6348037719727,12.1519651412964,1.11966753005981,8.04683494567871,0.146049216389656,0.259857565164566,20.602855682373,14.3077306747437,1.64187014102936,7.95958232879639,0.136007070541382,0.236156895756721
149925,11.9249992968768,36.9250007629395,0.42928272485733,20.1711311340332,13.4529724121094,1.05496799945831,8.05749702453613,0.0536782369017601,0.0891091749072075,21.2311725616455,15.3759794235229,1.54772222042084,7.97201347351074,0.0471523404121399,0.0521675907075405
150050,18.1749990852627,36.9250007629395,0.343439996242523,20.6909561157227,13.9583759307861,1.12694907188416,8.07803726196289,0.0569473430514336,0.14098285138607,21.94850730896,15.9705562591553,1.79221606254578,7.99195861816406,0.0523676462471485,0.154342710971832
150184,24.8749988584123,36.9250007629395,0.418007701635361,20.0266017913818,11.9495258331299,4.00469207763672,8.09434223175049,0.076648622751236,0.211684256792068,21.4147815704346,13.6769542694092,4.73104238510132,8.0089807510376,0.0779752731323242,0.276339501142502
150498,-1.67500024265086,36.8750007629395,0.726905405521393,19.4111595153809,12.9475393295288,1.48919606208801,8.04930305480957,0.0835288539528847,0.3825703561306,20.3041286468506,15.2218408584595,2.22598767280579,7.95958709716797,0.0662148594856262,0.388323992490768
150510,-1.07500026296582,36.8750007629395,0.65613842010498,19.5313587188721,12.9242334365845,1.82072460651398,8.04727935791016,0.022954024374485,0.146399483084679,20.3936004638672,14.9952726364136,2.30973649024963,7.95796155929565,0.017888018861413,0.0721832066774368
150559,1.37499965408145,36.8750007629395,0.534744739532471,19.7187061309814,12.6033172607422,1.34551894664764,8.04731750488281,0.12207417935133,0.236442983150482,20.6227073669434,14.3543405532837,1.91339302062988,7.95959281921387,0.115246430039406,0.234292417764664
150788,12.8249992664044,36.8750007629395,0.411180675029755,20.0122356414795,13.2119331359863,1.07357275485992,8.05901050567627,0.104045070707798,0.142253994941711,21.0820217132568,15.1912412643433,1.53761744499207,7.97343301773071,0.096881240606308,0.10009428113699
150912,19.0249990564832,36.8750007629395,0.292693853378296,20.6579322814941,13.9154586791992,1.22895169258118,8.08025074005127,0.0668469220399857,0.0357070453464985,21.9131050109863,15.896824836731,1.82710659503937,7.99366235733032,0.0825012996792793,0.0168238878250122
151044,25.6249988330186,36.8750007629395,0.281926095485687,20.2804546356201,11.8537607192993,2.4582302570343,8.08639812469482,0.0286950375884771,0.038713451474905,21.5831489562988,14.2984838485718,2.91968417167664,8.000244140625,0.0259124543517828,0.0353118777275085
151330,-2.32500022064299,36.8250007629395,0.661674678325653,19.1469573974609,12.940505027771,1.54324400424957,8.05092334747314,0.108474664390087,0.288861632347107,19.9611911773682,15.3275156021118,2.25129699707031,7.96052074432373,0.110392086207867,0.333614349365234
151346,-1.5250002477296,36.8250007629395,0.733936786651611,19.4249210357666,12.8383932113647,1.61119163036346,8.04839992523193,0.0751696527004242,0.371628642082214,20.3220062255859,15.0719165802002,2.26080942153931,7.95870780944824,0.056996326893568,0.355823487043381
151422,2.27499962360901,36.8250007629395,0.491602182388306,19.6928958892822,12.5244941711426,1.10383570194244,8.04712390899658,0.103305354714394,0.200989872217178,20.6794757843018,14.7452754974365,1.52152359485626,7.95999431610107,0.0936414375901222,0.176146239042282
151583,10.32499935105,36.8250007629395,0.697196841239929,20.6345691680908,15.9459943771362,1.5027369260788,8.05138397216797,0.0277422554790974,0.0485679432749748,21.6565208435059,17.4332218170166,1.88654029369354,7.96364688873291,0.0254474505782127,0.0403659269213676
151663,14.324999215617,36.8250007629395,0.394441187381744,19.7733268737793,14.0615091323853,1.18801212310791,8.06716060638428,0.117780342698097,0.0194565337151289,20.9299430847168,15.5031805038452,1.56901824474335,7.98321628570557,0.127831071615219,0.0265279468148947
151787,20.5249990056958,36.8250007629395,0.262948572635651,20.713565826416,13.2602033615112,1.39902329444885,8.08591842651367,0.0499065481126308,0.0736890584230423,22.0658016204834,15.1860160827637,1.56067669391632,8.00040531158447,0.0416160151362419,0.0210639256983995
151924,27.3749987737667,36.8250007629395,0.134061738848686,21.1145725250244,11.1000471115112,0.809891700744629,8.08128547668457,0.0273015052080154,0.0332812964916229,22.4114952087402,12.8728218078613,1.4560421705246,7.99470853805542,0.0289419870823622,0.00887419469654561
152176,-2.27500022233591,36.7750007629395,0.680261433124542,19.1848526000977,13.0613012313843,1.54279029369354,8.05089473724365,0.127547949552536,0.320013612508774,20.0030155181885,15.4810314178467,2.25563979148865,7.96053314208984,0.127799764275551,0.363832592964172
152191,-1.5250002477296,36.7750007629395,0.715467989444733,19.3998394012451,12.7871065139771,1.6075804233551,8.04822444915771,0.0895673781633377,0.362388074398041,20.287073135376,15.0145797729492,2.25180530548096,7.95855951309204,0.0719208568334579,0.395136177539825
152203,-0.925000268044556,36.7750007629395,0.619225144386292,19.5170841217041,12.8732986450195,1.68927228450775,8.04720783233643,0.0162611939013004,0.103171065449715,20.3712139129639,14.8559770584106,2.25609850883484,7.95814323425293,0.0167541801929474,0.0758506208658218
152285,3.17499959313658,36.7750007629395,0.417512387037277,19.4330883026123,11.4325008392334,1.14045345783234,8.04742908477783,0.0162365417927504,0.0609697885811329,20.4163455963135,13.4229793548584,1.72306668758392,7.96007966995239,0.0151111586019397,0.0937676802277565
152551,16.4749991428217,36.7750007629395,0.419902741909027,20.5566749572754,14.0750503540039,1.28285813331604,8.07260417938232,0.070820190012455,0.184204563498497,21.7476139068604,15.9281482696533,1.90309655666351,7.98737192153931,0.0694948211312294,0.168848857283592
152664,22.1249989515226,36.7750007629395,0.365580260753632,20.6963558197021,13.282509803772,2.97197675704956,8.09148693084717,0.018359400331974,0.0402288921177387,22.1415996551514,15.0790882110596,3.76512312889099,8.00581932067871,0.0179533828049898,0.0367920137941837
152843,31.0749986484911,36.7750007629395,0.209486111998558,22.2191867828369,13.4098348617554,0.883960366249084,8.07444477081299,0.0228413715958595,0.0636634454131126,23.5199279785156,15.0713939666748,1.40069174766541,7.99065160751343,0.0323116295039654,0.0717614740133286
153004,-3.12500019355638,36.7250007629395,0.623478174209595,18.9374752044678,12.806978225708,1.60817611217499,8.05045986175537,0.0731902122497559,0.166533812880516,19.7106475830078,15.3722581863403,2.30670833587646,7.9594521522522,0.0693833902478218,0.209632530808449
153022,-2.22500022402882,36.7250007629395,0.704031229019165,19.1926879882812,13.0390815734863,1.52970886230469,8.05087089538574,0.152247577905655,0.373937964439392,20.010612487793,15.5132598876953,2.24509763717651,7.96052026748657,0.15205354988575,0.409820407629013
153034,-1.62500024434377,36.7250007629395,0.734483242034912,19.3491706848145,12.7903079986572,1.42359936237335,8.0485897064209,0.126013875007629,0.441348522901535,20.2127285003662,15.0427627563477,2.17826652526855,7.95895004272461,0.111890219151974,0.493767559528351
153045,-1.07500026296582,36.7250007629395,0.622688353061676,19.5081577301025,12.7879161834717,1.8415961265564,8.04718494415283,0.0370879322290421,0.12540939450264,20.3742790222168,14.9328956604004,2.38721108436584,7.95788955688477,0.0358861498534679,0.0626877695322037
153176,5.47499951526258,36.7250007629395,0.442897588014603,20.0801734924316,12.4423828125,1.28329586982727,8.04794502258301,0.00582729745656252,0.0133046554401517,21.0511226654053,14.064154624939,1.76617288589478,7.96094989776611,0.00311044510453939,0.0205384865403175
153404,16.8749991292784,36.7250007629395,0.422899186611176,20.6354656219482,14.2735185623169,1.24025940895081,8.07299613952637,0.0658719763159752,0.17949640750885,21.8357105255127,16.4057521820068,1.69016373157501,7.98785018920898,0.0621545948088169,0.203967154026031
153521,22.7249989312076,36.7250007629395,0.405405938625336,20.61865234375,13.4406032562256,3.59820675849915,8.09409713745117,0.0160116534680128,0.014965396374464,22.0784549713135,14.998610496521,4.73135805130005,8.00798416137695,0.0151079194620252,0.0132696265354752
153692,31.2749986417195,36.7250007629395,0.208685800433159,22.3623275756836,13.39537525177,0.939192473888397,8.07217693328857,0.0166603103280067,0.0354190692305565,23.6563415527344,15.1188764572144,1.44377398490906,7.98836421966553,0.0240371283143759,0.00409876415506005
153843,-3.42500018339891,36.6750007629395,0.614448606967926,18.9539127349854,12.2958002090454,1.50091481208801,8.05024528503418,0.101849392056465,0.272813618183136,19.6778526306152,15.0918035507202,2.26502895355225,7.95924139022827,0.0937852710485458,0.279427111148834
153855,-2.82500020371386,36.6750007629395,0.713152945041656,18.9409255981445,12.8387327194214,1.59671413898468,8.05099391937256,0.0898421034216881,0.32170495390892,19.7336330413818,15.2407903671265,2.32113432884216,7.9600567817688,0.0870775356888771,0.372400671243668
153866,-2.27500022233591,36.6750007629395,0.751030087471008,19.160961151123,12.8372631072998,1.50523626804352,8.05074882507324,0.187164679169655,0.472411245107651,19.9663314819336,15.383810043335,2.22952771186829,7.9603099822998,0.189313530921936,0.501535356044769
153878,-1.67500024265086,36.6750007629395,0.756861329078674,19.2985572814941,12.7762031555176,1.32605540752411,8.04878520965576,0.180407583713531,0.509292602539062,20.1401958465576,15.0578317642212,2.15268492698669,7.9591383934021,0.17733433842659,0.599868059158325
153955,2.17499962699484,36.6750007629395,0.4356429874897,19.4625186920166,11.6175889968872,1.05165457725525,8.04723167419434,0.0476415418088436,0.141704067587852,20.4186687469482,13.7276983261108,1.58729922771454,7.96015453338623,0.0509788542985916,0.164150238037109
154132,11.0249993273492,36.6750007629395,0.641425251960754,20.5259609222412,14.7555732727051,1.53353428840637,8.04823398590088,0.00634703738614916,0.0372668392956257,21.5645732879639,16.2427845001221,1.75254511833191,7.96130657196045,0.00247843796387315,0.0389432720839977
154226,15.7249991682154,36.6750007629395,0.359683662652969,20.4460678100586,14.0652017593384,1.32231783866882,8.07312870025635,0.0596457570791245,0.0240855794399977,21.5806102752686,15.8661727905273,1.83905148506165,7.98862171173096,0.0501069836318493,0.0369580313563347
154337,21.2749989803021,36.6750007629395,0.263432770967484,20.7997913360596,12.8354520797729,1.78443562984467,8.08573532104492,0.0401223115622997,0.0589796453714371,22.173433303833,14.5949001312256,2.7240138053894,8.00031661987305,0.0331609472632408,0.0681085661053658
154465,27.6749987636092,36.6750007629395,0.130529552698135,21.1085948944092,11.1105356216431,0.694216907024384,8.07939147949219,0.0310433823615313,0.0219789780676365,22.4339351654053,12.8969974517822,1.23490560054779,7.99296855926514,0.0292545408010483,0.0160510540008545
154694,-3.12500019355638,36.6250007629395,0.614784479141235,18.9994373321533,12.3244228363037,1.42937588691711,8.05048847198486,0.11812536418438,0.304373145103455,19.7420768737793,15.0444593429565,2.14059066772461,7.95946884155273,0.110920362174511,0.343033343553543
154706,-2.52500021387134,36.6250007629395,0.745039105415344,19.0786228179932,12.4813394546509,1.49485433101654,8.05116748809814,0.152946621179581,0.484269052743912,19.8781490325928,14.828145980835,2.22350025177002,7.96034479141235,0.157624930143356,0.557100355625153
154717,-1.97500023249338,36.6250007629395,0.830500662326813,19.2295322418213,12.8472900390625,1.46486103534698,8.0495548248291,0.261705100536346,0.588302433490753,20.0532817840576,15.4320201873779,2.22603273391724,7.95947742462158,0.268796890974045,0.660692036151886
154728,-1.42500025111543,36.6250007629395,0.624738752841949,19.3912162780762,12.7276582717896,1.64523029327393,8.04728603363037,0.122889369726181,0.256178855895996,20.2469692230225,14.9415407180786,2.25554347038269,7.95779085159302,0.117282502353191,0.287368953227997
154761,0.224999693018445,36.6250007629395,0.436979055404663,19.5725402832031,12.4462194442749,1.44349920749664,8.04834842681885,0.10052664577961,0.0327024385333061,20.4340400695801,14.1835708618164,2.10074615478516,7.96011161804199,0.0671399012207985,0.0104551473632455
155043,14.324999215617,36.6250007629395,0.369523078203201,20.0981941223145,13.826473236084,1.39356780052185,8.066237449646,0.193245157599449,0.0584700666368008,21.2751560211182,15.163348197937,1.88506722450256,7.98252391815186,0.199940726161003,0.102713882923126
155153,19.8249990293966,36.6250007629395,0.270935982465744,20.7162113189697,13.4967746734619,1.21814048290253,8.08224678039551,0.0358712263405323,0.0306416340172291,22.0158500671387,15.6203670501709,1.82690465450287,7.99601459503174,0.0491507984697819,0.0204668398946524
155273,25.824998826247,36.6250007629395,0.232517868280411,20.5351696014404,11.2463321685791,2.26484417915344,8.08349132537842,0.0247519817203283,0.0257012583315372,21.8367862701416,13.6938924789429,3.02769994735718,7.99714279174805,0.0246848072856665,0.028817281126976
155476,35.9749984825857,36.6250007629395,0.165081560611725,22.5556621551514,14.7730579376221,2.33689403533936,8.12480545043945,0.0244702715426683,0.0339573360979557,23.8096714019775,16.6150684356689,2.94307899475098,8.04356288909912,0.0254709310829639,0.0344521403312683
155520,-4.07500016139104,36.5750007629395,0.616393208503723,18.827564239502,10.655740737915,1.26802694797516,8.04904651641846,0.104988940060139,0.481282651424408,19.4831867218018,12.8861379623413,2.15008306503296,7.9581561088562,0.125525549054146,0.631209552288055
155544,-2.87500020202095,36.5750007629395,0.642024159431458,19.0172805786133,12.308910369873,1.46571207046509,8.05086708068848,0.148238435387611,0.36407533288002,19.7727127075195,14.764440536499,2.22372198104858,7.95988464355469,0.139543429017067,0.481906861066818
155555,-2.32500022064299,36.5750007629395,0.826949298381805,19.1650733947754,12.4825649261475,1.43884408473969,8.05028247833252,0.210564285516739,0.617995321750641,19.9543514251709,14.9163808822632,2.17524886131287,7.95972967147827,0.217756941914558,0.70547354221344
155567,-1.72500024095795,36.5750007629395,0.754349648952484,19.308744430542,12.7016124725342,1.27677440643311,8.04757595062256,0.215319201350212,0.52200722694397,20.1340293884277,15.0745267868042,2.10544657707214,7.95806121826172,0.230999112129211,0.572403192520142
155578,-1.17500025957999,36.5750007629395,0.66271698474884,19.4680404663086,12.8152589797974,1.78019237518311,8.04662799835205,0.0929437950253487,0.254097431898117,20.326789855957,15.0415878295898,2.35975980758667,7.95716524124146,0.0939497053623199,0.211502820253372
155846,12.2249992867193,36.5750007629395,0.45950311422348,20.3404560089111,13.2488927841187,1.18276369571686,8.05543804168701,0.0161886252462864,0.0942809879779816,21.390998840332,15.1213884353638,1.67088615894318,7.97038269042969,0.0151673089712858,0.062496792525053
155956,17.7249991004989,36.5750007629395,0.364256232976913,20.7656593322754,14.0153436660767,1.25818431377411,8.07584476470947,0.0622439570724964,0.144877478480339,22.0000686645508,16.0554885864258,2.01941275596619,7.99036359786987,0.0567085407674313,0.137904465198517
156072,23.524998904121,36.5750007629395,0.378849238157272,20.447624206543,12.223123550415,4.56898641586304,8.0959529876709,0.0435216911137104,0.0633178800344467,21.8989906311035,13.7849235534668,5.95139837265015,8.00923442840576,0.0393897891044617,0.0759103745222092
156221,30.974998651877,36.5750007629395,0.260931670665741,22.4833087921143,13.0586795806885,1.01662826538086,8.07240676879883,0.0695697069168091,0.313868701457977,23.7796401977539,14.9124841690063,1.52901494503021,7.9887547492981,0.0432527177035809,0.375756412744522
156363,-4.17500015800521,36.5250007629395,0.693070650100708,18.7716388702393,10.2790670394897,1.0763213634491,8.04881954193115,0.142578229308128,0.648247599601746,19.4417533874512,12.7008647918701,1.81134569644928,7.95793104171753,0.174371168017387,0.688220977783203
156394,-2.62500021048551,36.5250007629395,0.685493469238281,19.0923347473145,12.1746673583984,1.35829472541809,8.05101585388184,0.158713653683662,0.46670189499855,19.8702335357666,14.4322652816772,2.14710545539856,7.96004390716553,0.157659187912941,0.525402724742889
156405,-2.07500022910756,36.5250007629395,0.71419095993042,19.2770729064941,12.800537109375,1.45865345001221,8.04904556274414,0.213438868522644,0.442750602960587,20.0800819396973,15.422043800354,2.19623756408691,7.95889616012573,0.233290463685989,0.515338242053986
156420,-1.32500025450125,36.5250007629395,0.638363659381866,19.4295101165771,12.6859197616577,1.60076820850372,8.04651927947998,0.130955621600151,0.292577475309372,20.2686767578125,15.0483665466309,2.24651741981506,7.95704030990601,0.137424200773239,0.259370684623718
156455,0.424999686246793,36.5250007629395,0.479765057563782,19.5698947906494,12.138090133667,1.24131846427917,8.04728603363037,0.15811450779438,0.236151605844498,20.394811630249,13.9934196472168,1.90579175949097,7.95933103561401,0.148754239082336,0.320649981498718
156759,15.6249991716012,36.5250007629395,0.398544788360596,20.415735244751,14.0377960205078,1.34443271160126,8.07287883758545,0.0638245418667793,0.108194567263126,21.5351066589355,15.7691516876221,1.85471796989441,7.98858308792114,0.0463884212076664,0.0986291468143463
156870,21.1749989836879,36.5250007629395,0.265500158071518,20.8499088287354,12.9534158706665,1.4334214925766,8.0875997543335,0.0465507172048092,0.156390324234962,22.1959114074707,14.5409154891968,2.54411458969116,8.00215244293213,0.0380982048809528,0.215516746044159
156987,27.0249987856171,36.5250007629395,0.14862397313118,21.0900993347168,11.1948385238647,0.805305540561676,8.07934665679932,0.0425329208374023,0.0908472016453743,22.3877258300781,13.1583919525146,1.43595385551453,7.99269199371338,0.037346426397562,0.0763713195919991
157193,-4.92500013261152,36.4750007629395,0.453608512878418,18.5528831481934,10.6042404174805,0.9205641746521,8.04894542694092,0.050906952470541,0.230338335037231,19.167875289917,12.8775215148926,1.56614434719086,7.95850896835327,0.0675758123397827,0.266149163246155
157205,-4.32500015292647,36.4750007629395,0.643845796585083,18.7288780212402,10.1065340042114,0.98890495300293,8.04867649078369,0.161010190844536,0.627074778079987,19.4017848968506,12.6740884780884,1.67112588882446,7.95778274536133,0.194046929478645,0.657300651073456
157216,-3.77500017154852,36.4750007629395,0.605522453784943,18.8348236083984,10.2529439926147,1.15696728229523,8.04998874664307,0.116791523993015,0.543663740158081,19.5091896057129,12.4442481994629,1.90236246585846,7.95908355712891,0.142542868852615,0.596692025661469
157248,-2.17500022572173,36.4750007629395,0.719758927822113,19.2737884521484,12.7607765197754,1.45219099521637,8.049635887146,0.18951515853405,0.453343957662582,20.0723552703857,15.3834018707275,2.19932985305786,7.95919179916382,0.207882672548294,0.541565656661987
157509,10.874999332428,36.4750007629395,0.655929267406464,20.5940265655518,14.966534614563,1.60468435287476,8.04735279083252,0.00922443438321352,0.0197939015924931,21.6217002868652,16.4007129669189,1.76163756847382,7.96027517318726,0.00438972003757954,0.0224954672157764
157537,12.2749992850264,36.4750007629395,0.439654022455215,20.3718185424805,13.3014192581177,1.20336508750916,8.05503177642822,0.0217645615339279,0.0523864328861237,21.4257564544678,15.1100559234619,1.74274373054504,7.97007894515991,0.0192251857370138,0.054386131465435
157648,17.8249990971131,36.4750007629395,0.354635298252106,20.8061199188232,14.0307321548462,1.24488627910614,8.07588481903076,0.0549739673733711,0.121389120817184,22.0351829528809,16.0405654907227,2.02160716056824,7.99027395248413,0.0489846989512444,0.0717753246426582
157764,23.6249989007352,36.4750007629395,0.38512259721756,20.472526550293,12.2395887374878,4.25983905792236,8.09567737579346,0.0411061830818653,0.109603457152843,21.9255123138428,13.8614234924316,5.18115329742432,8.00900077819824,0.0419540889561176,0.137720853090286
157903,30.5749986654203,36.4750007629395,0.215974599123001,22.3718414306641,13.1580791473389,0.858345091342926,8.07287406921387,0.0370680131018162,0.159141600131989,23.6609840393066,15.0017204284668,1.34213054180145,7.98919868469238,0.0249868128448725,0.114212445914745
158052,-4.2250001563123,36.4250007629395,0.626878142356873,18.7468643188477,9.82375049591064,0.898099660873413,8.04855251312256,0.224381983280182,0.695753812789917,19.4546089172363,12.417929649353,1.55034172534943,7.95763826370239,0.259456247091293,0.744552373886108
158095,-2.07500022910756,36.4250007629395,0.623279631137848,19.3456954956055,12.7959604263306,1.41053295135498,8.04878044128418,0.145942807197571,0.309917390346527,20.1472873687744,15.3441543579102,2.11911606788635,7.95851993560791,0.168005153536797,0.348957926034927
158098,-1.9250002341863,36.4250007629395,0.536036610603333,19.3797473907471,12.6900854110718,1.3257749080658,8.04836177825928,0.150797560811043,0.214377611875534,20.178653717041,15.2028512954712,2.09259462356567,7.95838737487793,0.173404946923256,0.272936195135117
158408,13.5749992410107,36.4250007629395,0.372573465108871,20.544750213623,13.1408653259277,1.27712023258209,8.06030464172363,0.0555014535784721,0.0684223100543022,21.6633968353271,15.1683330535889,1.87904214859009,7.9763617515564,0.0543744079768658,0.0938693359494209
158519,19.1249990530973,36.4250007629395,0.276505827903748,20.7443065643311,13.7555112838745,1.12457370758057,8.08020496368408,0.0645245239138603,0.0513609051704407,22.0063285827637,15.6253776550293,1.79754221439362,7.99404859542847,0.0707290470600128,0.0146222030743957
158630,24.674998865184,36.4250007629395,0.347327619791031,20.3969306945801,12.0643215179443,3.37757039070129,8.08867740631104,0.0402524881064892,0.081333227455616,21.7937488555908,13.6505680084229,3.98782253265381,8.00343322753906,0.0448483228683472,0.107826262712479
158774,31.8749986214045,36.4250007629395,0.197619646787643,22.5836772918701,12.9321804046631,1.07656371593475,8.06810569763184,0.0333919301629066,0.0568132512271404,23.8376140594482,14.6174278259277,1.56539154052734,7.98466920852661,0.0222675409168005,0.00868011731654406
158895,-4.32500015292647,36.3750007629395,0.611128449440002,18.7378520965576,9.79079914093018,0.855721354484558,8.04809474945068,0.266104817390442,0.655518174171448,19.4557819366455,12.5072050094604,1.49749338626862,7.95715093612671,0.297208189964294,0.731937944889069
158957,-1.22500025788708,36.3750007629395,0.498583734035492,19.4783458709717,12.7513418197632,1.44601130485535,8.04624462127686,0.129507333040237,0.0935992300510406,20.3027095794678,15.0703411102295,2.28086376190186,7.95682954788208,0.144275933504105,0.0516902804374695
159268,14.324999215617,36.3750007629395,0.356902301311493,20.4105815887451,13.5783424377441,1.33789539337158,8.06483459472656,0.104067951440811,0.0459280982613563,21.5886383056641,15.2002429962158,1.90532088279724,7.98147583007812,0.102738313376904,0.0921864286065102
159378,19.8249990293966,36.3750007629395,0.283344775438309,20.7725028991699,13.5527544021606,1.1324223279953,8.08198738098145,0.0442533567547798,0.0959999784827232,22.078462600708,15.6638841629028,1.76045787334442,7.99589776992798,0.0585608817636967,0.166377425193787
159492,25.5249988364045,36.3750007629395,0.258003145456314,20.5542411804199,11.4810266494751,2.56657338142395,8.08376502990723,0.0269948653876781,0.0210431907325983,21.8935489654541,13.5491619110107,3.31197810173035,7.99750995635986,0.0254091359674931,0.0182443838566542
159673,34.5749985299872,36.3750007629395,0.216496005654335,22.9073295593262,12.6856422424316,1.377321600914,8.06688117980957,0.0349006652832031,0.13709931075573,24.1552352905273,14.6747512817383,1.852818608284,7.98425149917603,0.0366262421011925,0.155204847455025
159735,-4.57500014446191,36.3250007629395,0.614171206951141,18.7028484344482,9.550124168396,0.867683887481689,8.04767417907715,0.307953834533691,0.669028282165527,19.4041233062744,11.9014930725098,1.50930082798004,7.95684099197388,0.336390197277069,0.78715044260025
159809,-0.875000269737469,36.3250007629395,0.49958199262619,19.5254459381104,12.7646903991699,1.41359281539917,8.04617691040039,0.106478847563267,0.083761565387249,20.3927459716797,14.9445104598999,2.19426417350769,7.9570951461792,0.099629133939743,0.0122929122298956
160122,14.7749992003808,36.3250007629395,0.357846319675446,20.2764492034912,13.7566823959351,1.630038022995,8.06813716888428,0.160622000694275,0.0260532665997744,21.4727554321289,15.1706972122192,2.37430381774902,7.98487663269043,0.165631383657455,0.0261131729930639
160233,20.3249990124674,36.3250007629395,0.227366656064987,20.8425178527832,13.0521717071533,1.01107323169708,8.08411121368408,0.017193179577589,0.0260720271617174,22.14306640625,14.7732934951782,1.61036598682404,7.99853801727295,0.0163110196590424,0.0283578056842089
160346,25.9749988211683,36.3250007629395,0.20754337310791,20.6915950775146,10.9385032653809,2.08863353729248,8.08098125457764,0.0274531487375498,0.0252732615917921,22.019998550415,13.0537080764771,2.93667459487915,7.99446678161621,0.0208265818655491,0.0018156673759222
160524,34.8749985198297,36.3250007629395,0.252416610717773,22.9082717895508,12.8004093170166,1.49931454658508,8.06644058227539,0.0408544912934303,0.204507812857628,24.1633777618408,14.7296581268311,1.94648730754852,7.98378944396973,0.0407731272280216,0.2336715310812
160659,-0.625000278202034,36.2750007629395,0.525211334228516,19.540922164917,12.5581541061401,1.36064422130585,8.04632663726807,0.141351133584976,0.204534247517586,20.3755474090576,14.3935327529907,2.00061464309692,7.95748805999756,0.160387754440308,0.304369866847992
160971,14.9749991936091,36.2750007629395,0.40138053894043,20.2223930358887,13.8512344360352,1.57840406894684,8.06942272186279,0.190857529640198,0.140336841344833,21.4098834991455,15.3500852584839,2.29454803466797,7.98613882064819,0.202529832720757,0.113828979432583
161082,20.5249990056958,36.2750007629395,0.239475145936012,20.8797340393066,13.0092878341675,1.05896353721619,8.08522987365723,0.0239060968160629,0.0936972498893738,22.1833248138428,14.7449188232422,1.74754881858826,7.9997124671936,0.0229325946420431,0.134157463908195
161196,26.2249988127037,36.2750007629395,0.187061503529549,20.7470645904541,10.7252235412598,1.86879539489746,8.08020782470703,0.0369203686714172,0.0438817925751209,22.0717735290527,12.9637851715088,2.67235517501831,7.99354457855225,0.0345894582569599,0.0544669777154922
161364,34.6249985282943,36.2750007629395,0.216960206627846,22.8679370880127,12.5691003799438,1.37759649753571,8.06534385681152,0.0612450502812862,0.170535027980804,24.1101684570312,14.5399837493896,1.89683997631073,7.98254346847534,0.0614263564348221,0.202166453003883
161418,-4.92500013261152,36.2250007629395,0.613149523735046,18.6577777862549,9.31832313537598,0.823367834091187,8.04798221588135,0.368690639734268,0.774278521537781,19.3152313232422,11.3575229644775,1.40589618682861,7.95752429962158,0.395458877086639,0.807472050189972
161500,-0.825000271430382,36.2250007629395,0.488373428583145,19.5306015014648,12.7441759109497,1.37440717220306,8.04598236083984,0.129697531461716,0.0964569672942162,20.3880653381348,14.8269519805908,2.1028733253479,7.9569616317749,0.132851377129555,0.0612979270517826
161815,14.924999195302,36.2250007629395,0.380507558584213,20.2584629058838,13.7337656021118,1.59387147426605,8.06922054290771,0.179596558213234,0.110499203205109,21.4563369750977,15.1839170455933,2.32116055488586,7.98603916168213,0.184984669089317,0.0920230075716972
161925,20.4249990090816,36.2250007629395,0.236644670367241,20.881706237793,12.9719486236572,1.0559276342392,8.08493041992188,0.0183765068650246,0.078511118888855,22.1756248474121,14.6951913833618,1.74553692340851,7.99946212768555,0.0172678474336863,0.125942334532738
162039,26.1249988160895,36.2250007629395,0.197997435927391,20.73410987854,10.7982988357544,2.04250240325928,8.080397605896,0.0395786017179489,0.0436397716403007,22.068941116333,12.9893465042114,2.7935209274292,7.99381875991821,0.0357446074485779,0.0329518988728523
162198,34.0749985469164,36.2250007629395,0.231062531471252,22.7737293243408,12.8362979888916,1.36075127124786,8.06665897369385,0.0638670325279236,0.180828303098679,24.0160446166992,14.7280550003052,1.79457652568817,7.98428440093994,0.0639675483107567,0.200156807899475
162264,-4.87500013430443,36.1750007629395,0.627614259719849,18.8232383728027,9.08734226226807,0.864180684089661,8.04773426055908,0.434822410345078,0.752897500991821,19.5040588378906,11.3229598999023,1.43817412853241,7.95717000961304,0.446888536214828,0.80093240737915
162334,-1.37500025280834,36.1750007629395,0.503192901611328,19.5539169311523,12.8153810501099,1.19621074199677,8.046217918396,0.0937782153487206,0.118873938918114,20.3126029968262,15.1960515975952,2.07312345504761,7.95687294006348,0.126504346728325,0.0701706781983376
162650,14.4249992122312,36.1750007629395,0.371573269367218,20.511194229126,13.5882406234741,1.34569442272186,8.06597423553467,0.0401186980307102,0.0160856451839208,21.6994190216064,15.4131345748901,2.14162373542786,7.98292636871338,0.038833811879158,0.0198767594993114
162761,19.9749990243178,36.1750007629395,0.261930823326111,20.8329105377197,13.4439926147461,1.11203384399414,8.08244323730469,0.0398747175931931,0.0663092359900475,22.1200294494629,15.4764442443848,1.76082539558411,7.99675989151001,0.0490650311112404,0.114727213978767
162873,25.5749988347116,36.1750007629395,0.23090161383152,20.7077770233154,11.2334690093994,2.3261239528656,8.08234882354736,0.028109023347497,0.0324900597333908,22.0433216094971,13.2384977340698,3.03929471969604,7.99601221084595,0.0257812980562449,0.0476317815482616
162994,31.6249986298691,36.1750007629395,0.181048899888992,22.4583969116211,13.0360279083252,1.07623553276062,8.06821441650391,0.0922512039542198,0.0426861718297005,23.7102203369141,14.7572422027588,1.57682204246521,7.98488616943359,0.0706248357892036,0.062883660197258
163106,-5.02500012922569,36.1250007629395,0.732721149921417,18.828296661377,8.98959159851074,0.881761789321899,8.047776222229,0.543375372886658,0.906967103481293,19.4882335662842,11.1374111175537,1.45760548114777,7.95732736587524,0.556350231170654,0.957626104354858
163154,-2.62500021048551,36.1250007629395,0.466090828180313,19.1784515380859,11.9503936767578,1.09554374217987,8.04901504516602,0.0469573736190796,0.113570407032967,19.9556770324707,14.5655059814453,1.88894486427307,7.95782279968262,0.0717605650424957,0.180808916687965
163472,13.2749992511682,36.1250007629395,0.418165802955627,20.728723526001,13.3061847686768,1.30421817302704,8.0574369430542,0.0206743683665991,0.072823591530323,21.7806701660156,15.3020324707031,1.81696236133575,7.97346878051758,0.0188663192093372,0.0754429474473
163583,18.8249990632548,36.1250007629395,0.300183326005936,20.8643264770508,13.7387475967407,1.18364858627319,8.07834625244141,0.0544677786529064,0.0878196433186531,22.1081790924072,15.4721899032593,1.83576440811157,7.99280595779419,0.0388499274849892,0.0886779651045799
163693,24.3249988770344,36.1250007629395,0.362200409173965,20.6075916290283,11.9774570465088,3.07889556884766,8.08542346954346,0.0449261292815208,0.175273701548576,22.0286598205566,13.3052396774292,3.29528856277466,7.99982452392578,0.0404496192932129,0.111910596489906
163812,30.2749986755777,36.1250007629395,0.274228513240814,22.3433418273926,12.9359731674194,0.961582899093628,8.07072639465332,0.115633003413677,0.37674668431282,23.632396697998,14.7610864639282,1.62501049041748,7.98703956604004,0.106441274285316,0.388603061437607
163948,-5.17500012414695,36.0750007629395,0.851637661457062,18.8078956604004,8.63586235046387,0.892789840698242,8.04760551452637,0.706616640090942,0.9429851770401,19.4607772827148,10.9639511108398,1.489337682724,7.95725393295288,0.726055383682251,0.993386745452881
163956,-4.77500013769026,36.0750007629395,0.491387486457825,18.9935779571533,9.45815181732178,0.837438225746155,8.04706478118896,0.29404404759407,0.57213020324707,19.6898403167725,11.995530128479,1.40139758586884,7.95626974105835,0.295855730772018,0.644491195678711
164276,11.2249993205776,36.0750007629395,0.494836866855621,20.7346458435059,13.7117023468018,1.40731871128082,8.04826259613037,0.0242875944823027,0.033439889550209,21.7808933258057,15.1575622558594,1.91461730003357,7.96227931976318,0.0177901666611433,0.0110360207036138
164387,16.7749991326642,36.0750007629395,0.38856241106987,20.7659378051758,13.8400630950928,1.13993918895721,8.06932926177979,0.0144200474023819,0.0982087776064873,21.977222442627,15.589373588562,1.79080426692963,7.98427772521973,0.0134506430476904,0.0336972698569298
164498,22.3249989447509,36.0750007629395,0.317838847637177,20.8568210601807,12.7593946456909,3.13845014572144,8.08984661102295,0.115644745528698,0.128046572208405,22.2305889129639,14.4237670898438,4.31035852432251,8.00439071655273,0.0948737263679504,0.11590276658535
164614,28.124998748373,36.0750007629395,0.213195785880089,21.7015914916992,12.331805229187,0.785216331481934,8.07588386535645,0.0965571478009224,0.285078495740891,23.0290584564209,14.088846206665,1.38843643665314,7.99030256271362,0.105042241513729,0.337540596723557
164731,33.9749985503022,36.0750007629395,0.290864229202271,22.8152770996094,12.6099662780762,1.3628271818161,8.06513214111328,0.136527687311172,0.406630873680115,24.0519561767578,14.5129289627075,1.79953622817993,7.98256969451904,0.133907318115234,0.459852278232574
164789,-5.3750001173753,36.0250007629395,0.780886709690094,18.8726100921631,8.82625484466553,0.904812216758728,8.04722499847412,0.644302725791931,0.570955634117126,19.5050354003906,11.0181512832642,1.4953727722168,7.95689821243286,0.651812255382538,0.664445519447327
164858,-1.9250002341863,36.0250007629395,0.516458749771118,19.546817779541,12.74147605896,1.1224023103714,8.04750633239746,0.0392383337020874,0.108371011912823,20.3478775024414,15.287899017334,1.893918633461,7.95744752883911,0.0312796607613564,0.140837401151657
165180,14.1749992206957,36.0250007629395,0.335916310548782,20.5963306427002,13.3943939208984,1.0933872461319,8.06412315368652,0.0401336252689362,0.0117103215306997,21.7827777862549,15.4690284729004,1.78658831119537,7.98133325576782,0.0366143137216568,0.0061989505775273
165292,19.7749990310895,36.0250007629395,0.275050669908524,20.8575286865234,13.5678482055664,1.19315302371979,8.08128452301025,0.0443585142493248,0.0634656697511673,22.1267280578613,15.5945644378662,1.85307025909424,7.99576139450073,0.0621576309204102,0.0761192068457603
165403,25.3249988431761,36.0250007629395,0.261090368032455,20.733980178833,11.5311279296875,2.40387797355652,8.08168315887451,0.0417069755494595,0.0832860842347145,22.066276550293,13.3242664337158,2.82303667068481,7.99552249908447,0.0437077693641186,0.0905849039554596
165518,31.0749986484911,36.0250007629395,0.193697765469551,22.2439708709717,13.1309928894043,0.943486869335175,8.07016658782959,0.0538752488791943,0.0407792143523693,23.5639991760254,14.6296281814575,1.68575656414032,7.98658752441406,0.0631680190563202,0.0318983271718025
165631,-5.52500011229656,35.9750007629395,0.611726224422455,18.9878749847412,8.80960750579834,0.949361801147461,8.04679298400879,0.62105131149292,0.415482878684998,19.6353816986084,10.9761409759521,1.54827761650085,7.95648050308228,0.621171832084656,0.488248586654663
165642,-4.9750001309186,35.9750007629395,0.381613522768021,19.1037120819092,9.30719089508057,0.897907853126526,8.04751586914062,0.279200881719589,0.450731664896011,19.7814254760742,11.7080869674683,1.46387350559235,7.95695304870605,0.265439629554749,0.500231325626373
165955,10.6749993391996,35.9750007629395,0.614272236824036,20.890531539917,14.9952630996704,1.58670365810394,8.04915523529053,0.0184179078787565,0.0341663062572479,21.906063079834,16.2815570831299,1.90747153759003,7.9618968963623,0.0152291432023048,0.0309284012764692
165965,11.1749993222705,35.9750007629395,0.512390673160553,20.8218517303467,13.9268245697021,1.44181513786316,8.04799652099609,0.0208903644233942,0.0298958495259285,21.8592662811279,15.343316078186,1.97211372852325,7.96188974380493,0.0148504748940468,0.0217615999281406
166076,16.7249991343572,35.9750007629395,0.405867367982864,20.7896671295166,13.7432661056519,1.16587829589844,8.06912136077881,0.0116125196218491,0.139030784368515,21.9958896636963,15.4381284713745,1.91145944595337,7.98409366607666,0.0149114271625876,0.128866225481033
166187,22.2749989464438,35.9750007629395,0.312527567148209,20.910472869873,12.7543907165527,2.76108455657959,8.08942031860352,0.12902595102787,0.190144598484039,22.2530059814453,14.4246015548706,3.87875318527222,8.00410652160645,0.11331108212471,0.161880791187286
166300,27.9249987551446,35.9750007629395,0.178507059812546,21.5458984375,11.95578956604,0.782825767993927,8.07647323608398,0.0925916060805321,0.208156958222389,22.8849830627441,13.816535949707,1.39219617843628,7.99064254760742,0.0986325517296791,0.212443932890892
166411,33.4749985672313,35.9750007629395,0.293763101100922,22.7598838806152,12.6361303329468,1.33952748775482,8.0649356842041,0.110898703336716,0.386088341474533,23.9860706329346,14.5177459716797,1.77926635742188,7.98238039016724,0.105685114860535,0.384059727191925
166527,-2.97500019863512,35.9250007629395,0.346308946609497,19.013126373291,11.0825176239014,1.02086305618286,8.04831123352051,0.079914003610611,0.0263388995081186,19.7702255249023,13.5259017944336,1.70996344089508,7.9571418762207,0.0831295102834702,0.0310017298907042
166853,13.3249992494752,35.9250007629395,0.425532788038254,20.866189956665,13.5002202987671,1.20962762832642,8.05600929260254,0.0288719646632671,0.0976744517683983,21.9119453430176,15.6046047210693,1.63315320014954,7.97180414199829,0.0232475679367781,0.059772964566946
166966,18.9749990581761,35.9250007629395,0.320527821779251,20.8836555480957,13.7566986083984,1.22834026813507,8.0786247253418,0.0596422702074051,0.138900578022003,22.115327835083,15.5703811645508,1.92887353897095,7.99347400665283,0.0450448244810104,0.120289221405983
167077,24.5249988702627,35.9250007629395,0.281401753425598,20.6643238067627,11.7778253555298,2.77303051948547,8.08251285552979,0.0558654628694057,0.0555354282259941,22.0766067504883,13.1613912582397,3.1818425655365,7.99679040908813,0.0607037544250488,0.0690584480762482
167189,30.1249986806565,35.9250007629395,0.289092272520065,22.2276248931885,13.0431680679321,0.930243849754333,8.07109928131104,0.175811797380447,0.423635393381119,23.5392112731934,14.7937059402466,1.58082807064056,7.98728847503662,0.160701274871826,0.417416423559189
167300,35.6749984927431,35.9250007629395,0.242650911211967,23.0206298828125,12.721549987793,1.58624684810638,8.06964015960693,0.0477883480489254,0.232627615332603,24.3065757751465,14.4710597991943,2.01184296607971,7.98773860931396,0.0463690496981144,0.239991709589958
167421,-0.52500028158786,35.8750007629395,0.425110578536987,19.4945201873779,11.2422800064087,1.07709670066833,8.04715538024902,0.101992428302765,0.239733442664146,20.2705249786377,13.2099266052246,1.62901616096497,7.9587926864624,0.119833514094353,0.279715001583099
167757,16.2749991495934,35.8750007629395,0.426572531461716,20.7063961029053,13.673734664917,1.25342428684235,8.06994915008545,0.0176476575434208,0.177121162414551,21.8636627197266,15.4934959411621,1.98621380329132,7.98526382446289,0.0053884475491941,0.188711673021317
167868,21.82499896168,35.8750007629395,0.252243548631668,21.0356578826904,12.7612638473511,2.0074474811554,8.08783626556396,0.0606426633894444,0.090036928653717,22.3302154541016,14.4875192642212,3.25440263748169,8.00294303894043,0.0608458779752254,0.11828226596117
167979,27.3749987737667,35.8750007629395,0.14087338745594,21.2047557830811,11.2452163696289,0.774928510189056,8.07796478271484,0.0657519623637199,0.0902192145586014,22.5574226379395,12.9533958435059,1.44543361663818,7.99182415008545,0.0758049786090851,0.114637970924377
168090,32.9249985858534,35.8750007629395,0.285246014595032,22.6833000183105,12.6828193664551,1.29348194599152,8.06545448303223,0.132788762450218,0.382403910160065,23.9052047729492,14.4556884765625,1.83106827735901,7.982985496521,0.122951723635197,0.39908966422081
168215,-3.0750001952493,35.8250007629395,0.349049389362335,18.9847106933594,10.8951225280762,0.93927001953125,8.04753875732422,0.141874954104424,0.133676588535309,19.7431545257568,13.2713079452515,1.65262961387634,7.95637655258179,0.142606511712074,0.129760608077049
168491,10.7249993375067,35.8250007629395,0.634423851966858,20.9477481842041,15.5563325881958,1.54657769203186,8.05015563964844,0.0163345709443092,0.00466792425140737,21.9585037231445,16.7562656402588,1.88469409942627,7.96281051635742,0.0138932419940829,0.00591010600328444
168550,13.6749992376249,35.8250007629395,0.387140959501266,20.9126396179199,13.6233825683594,1.23219883441925,8.05913543701172,0.0189978126436472,0.0185520760715008,22.000358581543,15.6670036315918,1.62565767765045,7.97570371627808,0.0185102578252554,0.0206528641283512
168662,19.2749990480186,35.8250007629395,0.336680442094803,20.8871440887451,13.8018836975098,1.19781875610352,8.0791482925415,0.0493322350084782,0.1663488894701,22.1219596862793,15.698055267334,1.888840675354,7.99414587020874,0.0478090383112431,0.130403682589531
168774,24.8749988584123,35.8250007629395,0.273191004991531,20.7260208129883,11.6837272644043,2.63933396339417,8.08067321777344,0.050889864563942,0.0518064461648464,22.1244564056396,13.3318452835083,2.84888434410095,7.99485635757446,0.0575030669569969,0.0385510846972466
168885,30.424998670499,35.8250007629395,0.297781318426132,22.1491851806641,13.1649875640869,0.87415736913681,8.0694751739502,0.137550264596939,0.392008721828461,23.4690322875977,14.9155712127686,1.43412661552429,7.98565864562988,0.122628971934319,0.380799800157547
169018,-5.17500012414695,35.7750007629395,0.301473796367645,19.2705574035645,9.68251609802246,0.873096406459808,8.04700756072998,0.0983607620000839,0.213300615549088,19.9298400878906,12.1700305938721,1.48888552188873,7.95618391036987,0.109904587268829,0.206579610705376
169359,11.8749992985697,35.7750007629395,0.443219482898712,20.7659397125244,13.3810968399048,1.23376548290253,8.04797649383545,0.0335704684257507,0.0417441837489605,21.8140907287598,14.9084758758545,1.78953540325165,7.9626784324646,0.0293132271617651,0.0427839607000351
169470,17.4249991106564,35.7750007629395,0.344450026750565,20.9951915740967,13.5413179397583,1.14948320388794,8.06996917724609,0.0162275414913893,0.0937588885426521,22.1837902069092,15.2021255493164,1.83785510063171,7.98537015914917,0.00864412449300289,0.172740891575813
169580,22.924998924436,35.7750007629395,0.337236374616623,20.6934223175049,12.4206781387329,3.00878572463989,8.08748435974121,0.0545371025800705,0.117107920348644,22.0844593048096,14.1411380767822,4.27228212356567,8.00203418731689,0.0554794929921627,0.131076365709305
169692,28.5249987348297,35.7750007629395,0.25658106803894,21.4541645050049,13.0485734939575,0.772915601730347,8.07655620574951,0.15603905916214,0.325137823820114,22.7519416809082,14.937647819519,1.38101541996002,7.99191379547119,0.147131994366646,0.333433449268341
169802,34.0249985486093,35.7750007629395,0.220016121864319,22.5691356658936,12.6110057830811,1.23740291595459,8.06407928466797,0.0801176726818085,0.166222468018532,23.8141555786133,14.5302486419678,1.55789613723755,7.98092460632324,0.0649310871958733,0.0349135398864746
169934,-1.62500024434377,35.7250007629395,0.404210597276688,19.6048278808594,12.1561689376831,0.948418498039246,8.04617118835449,0.0699356719851494,0.0612188875675201,20.4079284667969,14.2475900650024,1.5187851190567,7.95660877227783,0.0492925271391869,0.0226941648870707
170183,10.8249993341209,35.7250007629395,0.694115459918976,21.0050926208496,16.27805519104,1.52792739868164,8.04996204376221,0.0135095221921802,0.00018199859187007,22.0115833282471,17.5362796783447,1.89733815193176,7.96287107467651,0.0111376764252782,0.00488072959706186
170281,15.7249991682154,35.7250007629395,0.379857867956161,20.5223369598389,13.6646375656128,1.4156049489975,8.07139587402344,0.0490480065345764,0.0902872979640961,21.6369457244873,15.7285671234131,2.1316351890564,7.98792457580566,0.0455375052988529,0.122619777917862
170392,21.2749989803021,35.7250007629395,0.262249737977982,21.0259056091309,12.8181638717651,1.60479199886322,8.08652210235596,0.0460047274827957,0.148890018463135,22.3097991943359,14.3500604629517,2.53581500053406,8.00171184539795,0.039289616048336,0.108867943286896
170503,26.8249987923887,35.7250007629395,0.154961049556732,20.7946014404297,10.8872804641724,0.970802307128906,8.07930660247803,0.0382403619587421,0.0747111961245537,22.1410102844238,12.7941961288452,1.46399915218353,7.99290180206299,0.0369339883327484,0.0113644450902939
170614,32.3749986044754,35.7250007629395,0.224886029958725,22.5450191497803,12.9293460845947,1.24388313293457,8.06578063964844,0.0981845259666443,0.168989300727844,23.7734565734863,14.7526531219482,1.84482085704803,7.98305368423462,0.0842090621590614,0.162754476070404
170747,-3.22500019017056,35.6750007629395,0.297403782606125,18.9835624694824,10.7463731765747,0.829201519489288,8.04698181152344,0.186398237943649,0.0801350250840187,19.7253875732422,13.2174959182739,1.43494820594788,7.95574378967285,0.184480831027031,0.130042299628258
171099,14.3749992139241,35.6750007629395,0.338340371847153,20.7531604766846,13.4657917022705,1.14774405956268,8.06527423858643,0.0617968738079071,0.0700690150260925,21.916145324707,15.4994449615479,1.7571234703064,7.98298740386963,0.0672256126999855,0.0364045612514019
171210,19.9249990260107,35.6750007629395,0.253649860620499,20.9508876800537,13.1788721084595,1.15820395946503,8.08121490478516,0.0386812537908554,0.0770826041698456,22.2043113708496,14.7900514602661,1.73280167579651,7.99615716934204,0.0541536435484886,0.0236530508846045
171320,25.4249988397903,35.6750007629395,0.263056546449661,20.7854518890381,11.8493747711182,2.09258460998535,8.07975482940674,0.0230804439634085,0.0507448241114616,22.1202907562256,13.7711505889893,2.90312600135803,7.99362897872925,0.0315817669034004,0.0225333329290152
171433,31.0749986484911,35.6750007629395,0.264347761869431,22.1488552093506,13.4944934844971,1.06202757358551,8.06801795959473,0.0419757626950741,0.125904932618141,23.4548873901367,15.3477096557617,1.83033633232117,7.98417091369629,0.0507627911865711,0.170927301049232
171569,-4.37500015123356,35.6250007629395,0.308121502399445,19.2048530578613,10.3986778259277,1.01071643829346,8.04647922515869,0.0750092566013336,0.0488195717334747,19.9576282501221,12.8838024139404,1.74514520168304,7.95531606674194,0.0849135741591454,0.021265160292387
171924,13.3749992477823,35.6250007629395,0.44258850812912,20.9979286193848,13.5401468276978,1.33976352214813,8.05324745178223,0.0077014584094286,0.0481002666056156,22.0377044677734,15.4010372161865,1.70413517951965,7.96879386901855,0.00904960185289383,0.0420918613672256
172034,18.8749990615619,35.6250007629395,0.31714391708374,20.9862651824951,13.7192296981812,1.26617121696472,8.07685470581055,0.0610659644007683,0.127079501748085,22.1900196075439,15.4695072174072,1.82104218006134,7.99250507354736,0.0442652329802513,0.106287829577923
172146,24.4749988719556,35.6250007629395,0.29109513759613,20.7638111114502,12.0239858627319,2.54911255836487,8.0802698135376,0.0358594357967377,0.0395926982164383,22.1816883087158,13.7402973175049,2.90201306343079,7.99463748931885,0.0375530086457729,0.0337028242647648
172257,30.0249986840423,35.6250007629395,0.231499403715134,21.917760848999,13.1430215835571,0.83144074678421,8.07042694091797,0.0987475365400314,0.196803286671638,23.223331451416,14.7080459594727,1.45084416866302,7.98631620407104,0.0944164022803307,0.151476338505745
172371,35.7249984910502,35.6250007629395,0.238872483372688,23.0884571075439,12.9557371139526,1.83789205551147,8.06554985046387,0.0217248015105724,0.0652601271867752,24.3876113891602,14.6854381561279,2.43683838844299,7.98371601104736,0.0247130673378706,0.112157337367535
172751,12.4749992782548,35.5750007629395,0.443328827619553,20.8377132415771,13.3294668197632,1.22579300403595,8.0460376739502,0.0306595508009195,0.0355172865092754,21.8929672241211,14.9571304321289,1.75815534591675,7.96061038970947,0.02759307064116,0.00668743206188083
172862,18.0249990903414,35.5750007629395,0.316933035850525,21.0897922515869,13.667781829834,1.1545557975769,8.07199096679688,0.0255773086100817,0.0626499131321907,22.2756195068359,15.2745304107666,1.82607924938202,7.98742198944092,0.0198807567358017,0.0325431488454342
172973,23.5749989024281,35.5750007629395,0.275400251150131,20.6663074493408,12.0599155426025,2.06984376907349,8.08225727081299,0.0525417067110538,0.114834271371365,22.098087310791,14.1293354034424,2.82681441307068,7.99635887145996,0.0524012669920921,0.142035737633705
173091,29.4749987026644,35.5750007629395,0.219371691346169,21.6529369354248,13.1501808166504,0.866148471832275,8.0728759765625,0.119825303554535,0.160353660583496,22.955846786499,14.7023143768311,1.54121732711792,7.98888874053955,0.114202700555325,0.199768796563148
173205,35.1749985096723,35.5750007629395,0.263561338186264,22.7487411499023,12.5121278762817,1.50005638599396,8.06078243255615,0.0565807707607746,0.212059512734413,24.0373268127441,14.5983257293701,1.83454430103302,7.97833967208862,0.0589339099824429,0.203720808029175
173588,12.0749992917981,35.5250007629395,0.463479429483414,20.9355087280273,13.617582321167,1.2311646938324,8.04541778564453,0.0215581804513931,0.0204003229737282,21.9847965240479,15.2789440155029,1.81403315067291,7.96001482009888,0.0178627911955118,0.0122533673420548
173700,17.6749991021918,35.5250007629395,0.332973688840866,21.0837707519531,13.6126184463501,1.20044994354248,8.06994724273682,0.0431206151843071,0.104284167289734,22.2481727600098,15.1671543121338,1.85697782039642,7.98540544509888,0.022898081690073,0.0148322293534875
173810,23.1749989159714,35.5250007629395,0.28112855553627,20.6440868377686,11.98646068573,2.19281029701233,8.08371257781982,0.0799671187996864,0.167602628469467,22.0391044616699,13.8671998977661,2.90703773498535,7.99810266494751,0.0868859961628914,0.195163562893867
173930,29.1749987128218,35.5250007629395,0.214189201593399,21.3776226043701,12.9943885803223,0.751011371612549,8.07463073730469,0.10397382825613,0.152732864022255,22.700325012207,14.5661573410034,1.38335978984833,7.99050903320312,0.0970868915319443,0.153275027871132
174044,34.8749985198297,35.5250007629395,0.250840067863464,22.6424140930176,12.4156513214111,1.44555759429932,8.0623083114624,0.0603898018598557,0.208234444260597,23.9132232666016,14.5621032714844,1.89084374904633,7.97928810119629,0.0548394992947578,0.231295719742775
174413,11.0749993256563,35.4750007629395,0.624544501304626,21.0832004547119,15.3482427597046,1.40148746967316,8.04652881622314,0.0224692728370428,0.0436587557196617,22.1104221343994,16.6286392211914,2.05838489532471,7.96029710769653,0.0187483448535204,0.0324948318302631
174430,11.9249992968768,35.4750007629395,0.470917254686356,20.9755554199219,13.7439184188843,1.2652792930603,8.04527187347412,0.0215825717896223,0.0116479257121682,22.0191707611084,15.4020547866821,1.88748216629028,7.95986127853394,0.0185989160090685,0.00311771943233907
174540,17.4249991106564,35.4750007629395,0.351457446813583,21.0678577423096,13.6022748947144,1.28536522388458,8.06811237335205,0.0483789071440697,0.114386327564716,22.2265491485596,15.3634300231934,2.0194935798645,7.98397970199585,0.0129421399906278,0.0934316590428352
174651,22.974998922743,35.4750007629395,0.323842763900757,20.663480758667,12.0084028244019,2.47868680953979,8.08407878875732,0.0756989866495132,0.21674844622612,22.0326690673828,13.8280515670776,3.6599326133728,7.99865055084229,0.0793904662132263,0.21048192679882
174774,29.1249987145147,35.4750007629395,0.219526663422585,21.3159027099609,12.9364709854126,0.7409827709198,8.07538890838623,0.0955660045146942,0.169629454612732,22.6405506134033,14.5477046966553,1.37627589702606,7.99122142791748,0.0903275460004807,0.149799853563309
174889,34.8749985198297,35.4750007629395,0.254109233617783,22.6424579620361,12.4048595428467,1.4675772190094,8.06225299835205,0.0603301785886288,0.213482439517975,23.9111404418945,14.5531749725342,1.93219614028931,7.9792308807373,0.0553064532577991,0.219595953822136
175275,11.9249992968768,35.4250007629395,0.484555721282959,21.0140590667725,13.9184894561768,1.3030868768692,8.04509735107422,0.0199759248644114,0.00254791835322976,22.059232711792,15.6348361968994,1.98584592342377,7.9596996307373,0.0180429425090551,0.00644234335049987
175386,17.4749991089635,35.4250007629395,0.349929839372635,21.0913715362549,13.6028661727905,1.28892755508423,8.06808376312256,0.0544263198971748,0.122511640191078,22.2403583526611,15.3668527603149,1.99656629562378,7.98400068283081,0.0184724107384682,0.0835929811000824
175497,23.0249989210501,35.4250007629395,0.327204644680023,20.6485614776611,11.9374656677246,2.35046482086182,8.08389377593994,0.0768683850765228,0.250466257333755,22.015552520752,13.8184471130371,3.45326113700867,7.99844932556152,0.0801883563399315,0.245668396353722
175623,29.3249987077431,35.4250007629395,0.206027269363403,21.3437767028809,13.1009473800659,0.751302778720856,8.07433891296387,0.0905845686793327,0.0855371132493019,22.6684970855713,14.7731237411499,1.40851783752441,7.9902491569519,0.0843558087944984,0.0504628159105778
175739,35.1249985113652,35.4250007629395,0.272375345230103,22.7250633239746,12.5140857696533,1.5652676820755,8.06081295013428,0.0523194819688797,0.212949365377426,24.0081348419189,14.7170400619507,2.03708910942078,7.97822284698486,0.0531829819083214,0.218302845954895
176125,12.1749992884122,35.3750007629395,0.488479673862457,20.9822330474854,13.735743522644,1.28476810455322,8.04448318481445,0.0199646856635809,0.0324344262480736,22.035737991333,15.4485788345337,1.93250715732574,7.9589376449585,0.0178615525364876,0.0389995202422142
176236,17.7249991004989,35.3750007629395,0.335728049278259,21.117883682251,13.5747852325439,1.24302864074707,8.06940650939941,0.0532272942364216,0.121945589780807,22.2646350860596,15.1873435974121,1.95739936828613,7.98525714874268,0.0293260142207146,0.0368932299315929
176346,23.2249989142785,35.3750007629395,0.263221114873886,20.6091480255127,11.9333381652832,1.93373870849609,8.08299827575684,0.0633448883891106,0.140972211956978,21.9942436218262,13.8522033691406,2.68261384963989,7.99742126464844,0.0621355064213276,0.176145076751709
176484,30.1249986806565,35.3750007629395,0.279359817504883,21.7713317871094,13.7270536422729,0.784152328968048,8.06958675384521,0.0714445933699608,0.188391730189323,23.0739822387695,15.1252374649048,1.42931973934174,7.98551654815674,0.0719893351197243,0.179474145174026
176632,-4.72500013938317,35.3250007629395,0.335425823926926,19.48606300354,10.7426414489746,1.14015293121338,8.04631805419922,0.044438574463129,0.0317495800554752,20.2007503509521,13.3465976715088,1.87120139598846,7.95520734786987,0.0459292680025101,0.0665212497115135
176997,13.5249992427036,35.3250007629395,0.431848376989365,21.1375179290771,13.5926761627197,1.25648105144501,8.05045986175537,0.0123451817780733,0.0342835560441017,22.2056980133057,15.5032148361206,1.70501637458801,7.96569442749023,0.00983874034136534,0.0432567819952965
177107,19.0249990564832,35.3250007629395,0.297455906867981,21.0418109893799,13.4042854309082,1.27924144268036,8.07577323913574,0.0701514631509781,0.133029863238335,22.2397632598877,15.0252962112427,1.81684637069702,7.9924693107605,0.0514821484684944,0.150511190295219
177259,26.6249987991604,35.3250007629395,0.187420830130577,20.8669967651367,11.1959524154663,1.06083869934082,8.07977485656738,0.0493248365819454,0.17149256169796,22.2129459381104,12.9638977050781,1.5701721906662,7.99359750747681,0.0387387648224831,0.162675336003304
177369,32.12499861294,35.3250007629395,0.240985259413719,22.2471466064453,12.8011980056763,1.02420723438263,8.06761932373047,0.0369882844388485,0.174171775579453,23.5286045074463,14.5523710250854,1.8620628118515,7.98403263092041,0.0309809725731611,0.13189634680748
177538,-1.67500024265086,35.2750007629395,0.402145981788635,19.598482131958,11.4981498718262,1.05225646495819,8.04520225524902,0.0320997796952724,0.0670173764228821,20.3887386322021,14.0905590057373,1.73891496658325,7.95570802688599,0.0348817855119705,0.057475570589304
177797,11.2749993188847,35.2750007629395,0.636468589305878,21.2879657745361,15.612003326416,1.46798992156982,8.04528713226318,0.014221073128283,0.0112825306132436,22.3326396942139,17.1230506896973,2.21153020858765,7.95920848846436,0.010403836145997,0.00821803975850345
177907,16.7749991326642,35.2750007629395,0.381660968065262,21.0876960754395,13.4473886489868,1.3053811788559,8.06523323059082,0.0674981996417046,0.19292426109314,22.157377243042,15.2157096862793,2.20012187957764,7.98107862472534,0.0409692004323006,0.211248353123665
178018,22.3249989447509,35.2750007629395,0.358943819999695,20.7944068908691,12.1205158233643,2.19141507148743,8.08266544342041,0.125218167901039,0.361717194318771,22.0667400360107,14.009539604187,3.34344935417175,7.99722671508789,0.118775613605976,0.317768961191177
178172,30.0249986840423,35.2750007629395,0.254715442657471,21.621374130249,13.5907878875732,0.757351696491241,8.07040309906006,0.0564208254218102,0.115319475531578,22.9177093505859,14.9916868209839,1.47087800502777,7.98624515533447,0.055540781468153,0.0938921868801117
178334,-4.12500015969812,35.2250007629395,0.370341956615448,19.5361061096191,10.9696702957153,1.13333654403687,8.04515171051025,0.0145681714639068,0.0202701613306999,20.2539367675781,13.3304748535156,1.827272772789,7.95421171188354,0.005834492854774,0.0176828447729349
178647,11.5249993104201,35.2250007629395,0.607279300689697,21.2256889343262,15.1042375564575,1.43463695049286,8.04465198516846,0.0125668169930577,0.0275726746767759,22.2614784240723,16.6237201690674,2.2145209312439,7.95890235900879,0.00950350612401963,0.0324020087718964
178720,15.1749991868375,35.2250007629395,0.305040270090103,20.8824634552002,13.6666841506958,1.28050887584686,8.06555843353271,0.132643699645996,0.0350912287831306,22.0380115509033,15.5432147979736,1.99258053302765,7.98254442214966,0.141760811209679,0.0199282877147198
178830,20.674999000617,35.2250007629395,0.260767221450806,21.0037631988525,12.6942749023438,1.46767139434814,8.08141613006592,0.0445023514330387,0.12742555141449,22.2460403442383,14.1852560043335,2.26555323600769,7.99600887298584,0.0488860085606575,0.19612829387188
178980,28.1749987466801,35.2250007629395,0.205123126506805,20.8409900665283,12.209210395813,0.708205878734589,8.08114051818848,0.0953401476144791,0.224484801292419,22.1358261108398,14.153208732605,1.37460267543793,7.99668741226196,0.0862288922071457,0.233597218990326
179110,34.6749985266014,35.2250007629395,0.278989791870117,22.6008987426758,12.441873550415,1.45044362545013,8.0624828338623,0.0553742684423923,0.261643707752228,23.8416213989258,14.4132213592529,2.00618577003479,7.979163646698,0.0629407465457916,0.323067307472229
179494,11.6249993070343,35.1750007629395,0.634347796440125,21.2006912231445,15.3205471038818,1.45839095115662,8.04440116882324,0.0130987204611301,0.029914315789938,22.232048034668,16.9833011627197,2.24955224990845,7.95870876312256,0.0101619428023696,0.0308863501995802
179554,14.6249992054595,35.1750007629395,0.382975190877914,21.2263011932373,13.602840423584,1.35184419155121,8.0573616027832,0.0694378539919853,0.100468903779984,22.3451061248779,15.2106523513794,2.13355183601379,7.97408819198608,0.0753773078322411,0.196023628115654
179664,20.1249990192391,35.1750007629395,0.265329718589783,21.050895690918,12.9991617202759,1.2563134431839,8.08004570007324,0.0593939870595932,0.150229051709175,22.26833152771,14.5169277191162,2.00259876251221,7.99502801895142,0.0746633782982826,0.175070941448212
179809,27.3749987737667,35.1750007629395,0.176352947950363,21.0443305969238,11.8595962524414,0.753801584243774,8.07975578308105,0.160471484065056,0.237202018499374,22.3764019012451,13.6113605499268,1.41770112514496,7.99420928955078,0.173046588897705,0.184367686510086
179942,34.0249985486093,35.1750007629395,0.23043230175972,22.2712459564209,12.6249809265137,1.17971777915955,8.05957317352295,0.0149239525198936,0.00632480718195438,23.5331840515137,14.4127416610718,1.72810709476471,7.97567272186279,0.0178670696914196,0.00752705009654164
180337,11.5249993104201,35.1250007629395,0.701680481433868,21.3153629302979,15.9276447296143,1.60815596580505,8.04448413848877,0.0171295274049044,0.0500796958804131,22.350736618042,17.4630222320557,2.44974136352539,7.95853424072266,0.0147064542397857,0.053483571857214
180395,14.4249992122312,35.1250007629395,0.365315228700638,21.2932662963867,13.4386014938354,1.27862453460693,8.05330562591553,0.0444568060338497,0.0273397732526064,22.378231048584,15.1913738250732,1.92947161197662,7.96942329406738,0.0537279583513737,0.0289471801370382
180505,19.9249990260107,35.1250007629395,0.271334409713745,21.0513286590576,13.0308618545532,1.25190615653992,8.07915496826172,0.0539193600416183,0.144852876663208,22.2553615570068,14.475492477417,1.95435786247253,7.99419260025024,0.0644666999578476,0.15109384059906
180649,27.1249987822313,35.1250007629395,0.214067295193672,21.0277671813965,11.775239944458,0.789075195789337,8.07989978790283,0.15440346300602,0.349095404148102,22.3791828155518,13.3983383178711,1.44252347946167,7.99426317214966,0.171734929084778,0.430974185466766
180788,34.0749985469164,35.1250007629395,0.227053552865982,22.3391265869141,12.5527219772339,1.25452840328217,8.05982398986816,0.0155853247269988,0.0060150222852826,23.597864151001,14.367431640625,1.84529554843903,7.97598218917847,0.0194073580205441,0.00557690300047398
181178,11.3249993171918,35.0750007629395,0.776019215583801,21.4499359130859,16.7104797363281,1.84314942359924,8.0451831817627,0.017657283693552,0.0475485324859619,22.4904804229736,18.1652641296387,2.67291355133057,7.95892381668091,0.0148801784962416,0.0545988865196705
181260,15.4249991783729,35.0750007629395,0.334928065538406,21.0751628875732,13.6868982315063,1.29374992847443,8.06180000305176,0.12288061529398,0.0820874944329262,22.2200927734375,15.4008598327637,1.9062956571579,7.97795343399048,0.135821834206581,0.119957752525806
181370,20.9249989921525,35.0750007629395,0.257536917924881,20.96213722229,12.6372966766357,1.63157093524933,8.08052444458008,0.045700442045927,0.0785795375704765,22.1875247955322,14.2120332717896,2.50150871276855,7.99506664276123,0.0442075617611408,0.121018320322037
181511,27.9749987534517,35.0750007629395,0.214828565716743,20.7659168243408,12.3896732330322,0.724036753177643,8.0820140838623,0.0957090482115746,0.224331080913544,22.056266784668,13.8906650543213,1.40815854072571,7.9972562789917,0.0893961265683174,0.197004824876785
181653,35.0749985130581,35.0750007629395,0.258338123559952,22.7505512237549,12.7789831161499,1.58056533336639,8.06074619293213,0.0758950561285019,0.170653253793716,24.0234432220459,14.9526853561401,2.04622840881348,7.97808647155762,0.0883396118879318,0.269721657037735
182018,11.0749993256563,35.0250007629395,0.862074971199036,21.418514251709,17.731372833252,1.98973047733307,8.04613780975342,0.0196921210736036,0.0483550876379013,22.4372043609619,19.2273406982422,2.74546504020691,7.95981025695801,0.0161139462143183,0.03137132152915
182030,11.6749993053414,35.0250007629395,0.694460034370422,21.2122077941895,15.8234195709229,1.53552198410034,8.04388046264648,0.0215419325977564,0.0523439645767212,22.2443046569824,17.5145988464355,2.3219735622406,7.95790243148804,0.0189505759626627,0.0522855408489704
182128,16.5749991394359,35.0250007629395,0.342124551534653,21.1781120300293,13.3013153076172,1.10180151462555,8.06408596038818,0.0779742896556854,0.187634110450745,22.1864109039307,15.1401615142822,1.6596485376358,7.98020219802856,0.0723819509148598,0.162229537963867
182239,22.1249989515226,35.0250007629395,0.339996010065079,20.7665557861328,12.1586399078369,1.88325107097626,8.08116626739502,0.113775834441185,0.343402981758118,22.0258941650391,13.9349336624146,2.9205117225647,7.99591207504272,0.108070433139801,0.30260705947876
182376,28.9749987195935,35.0250007629395,0.194660305976868,20.7554607391357,12.4366064071655,0.782601058483124,8.07868003845215,0.0369058586657047,0.0162962656468153,22.0660743713379,14.1398019790649,1.57026052474976,7.99433517456055,0.0401661358773708,0.0182206984609366
182867,11.2749993188847,34.9750007629395,0.817273080348969,21.4536533355713,17.1991081237793,1.88157892227173,8.04538154602051,0.0233670845627785,0.0585321225225925,22.4803485870361,18.6842994689941,2.683837890625,7.95910120010376,0.0202980935573578,0.0618622712790966
182878,11.8249993002626,34.9750007629395,0.630406677722931,21.0993614196777,15.1476583480835,1.46059310436249,8.0436954498291,0.0168903414160013,0.0316343195736408,22.1342601776123,16.986930847168,2.16428685188293,7.95776891708374,0.0131237991154194,0.0271023642271757
182887,12.2749992850264,34.9750007629395,0.541439354419708,21.0323390960693,14.1445846557617,1.32575917243958,8.04330539703369,0.0177435576915741,0.047648698091507,22.0884037017822,15.9908208847046,1.96714973449707,7.95766973495483,0.0143685862421989,0.0589256323873997
182997,17.774999098806,34.9750007629395,0.322474032640457,21.2339000701904,13.3727226257324,1.1987498998642,8.06642246246338,0.0603149496018887,0.125754863023758,22.3343830108643,15.248384475708,1.92146098613739,7.98336791992188,0.0415497869253159,0.0627971962094307
183108,23.3249989108926,34.9750007629395,0.228977248072624,20.5860824584961,11.7591514587402,1.32794296741486,8.08167743682861,0.06363595277071,0.167601838707924,21.9466609954834,13.5817222595215,1.87076508998871,7.99599170684814,0.0593814663589001,0.113501682877541
183229,29.3749987060502,34.9750007629395,0.205545231699944,20.9523983001709,12.5566864013672,0.776953339576721,8.07602596282959,0.0379445143043995,0.0424783639609814,22.2798614501953,14.3340339660645,1.58766496181488,7.99163341522217,0.036608811467886,0.0614821687340736
183715,11.4249993138059,34.9250007629395,0.799132645130157,21.3633403778076,16.9997272491455,1.75108230113983,8.04449462890625,0.0230318736284971,0.0528477318584919,22.3905620574951,18.5205001831055,2.58933043479919,7.95838117599487,0.0209831614047289,0.0649215057492256
183737,12.5249992765619,34.9250007629395,0.498314380645752,21.0300979614258,13.6720924377441,1.25966310501099,8.04402256011963,0.0487041212618351,0.117442078888416,22.1090679168701,15.4879446029663,1.88925004005432,7.958655834198,0.0420019142329693,0.1101463586092
183847,18.0249990903414,34.9250007629395,0.291146665811539,21.2302112579346,13.4963092803955,1.24620652198792,8.06766223907471,0.0527260266244411,0.0176677238196135,22.3542728424072,15.2098798751831,1.88145589828491,7.98462677001953,0.0416490994393826,0.0278942417353392
183958,23.5749989024281,34.9250007629395,0.192932516336441,20.6769943237305,11.5450010299683,1.31755065917969,8.08138465881348,0.0486640371382236,0.0723094120621681,22.0452518463135,13.4875154495239,1.84979939460754,7.99562454223633,0.0520455650985241,0.00399355357512832
184069,29.1249987145147,34.9250007629395,0.194397777318954,20.7873992919922,12.3455600738525,0.794481337070465,8.07776641845703,0.0452942922711372,0.0362833328545094,22.093240737915,14.1022109985352,1.59672057628632,7.99335098266602,0.0457045137882233,0.0343924537301064
184550,10.9249993307351,34.8750007629395,0.904815852642059,21.36643409729,18.3673896789551,1.9710339307785,8.04605007171631,0.0257783122360706,0.0637698546051979,22.3666706085205,19.9040203094482,2.64909315109253,7.95996999740601,0.0215781386941671,0.0532221496105194
184561,11.474999312113,34.8750007629395,0.784530818462372,21.2975044250488,16.8505897521973,1.64571273326874,8.04433345794678,0.0230014622211456,0.0561946853995323,22.3232135772705,18.3897190093994,2.44910526275635,7.95822095870972,0.0210661198943853,0.071835957467556
184572,12.024999293491,34.8750007629395,0.586251556873322,21.0634021759033,14.5946474075317,1.42019188404083,8.04336166381836,0.0144895231351256,0.0358022302389145,22.0997848510742,16.4204216003418,2.0582070350647,7.95759391784668,0.0121395522728562,0.0446812063455582
184682,17.5249991072706,34.8750007629395,0.321866750717163,21.2680072784424,13.4747552871704,1.27769875526428,8.06295299530029,0.0516828559339046,0.0427311211824417,22.3501682281494,15.3814554214478,1.99972009658813,7.98057699203491,0.0298780295997858,0.0433753877878189
184793,23.0749989193572,34.8750007629395,0.211363554000854,20.5305423736572,11.7176761627197,1.20250415802002,8.08096599578857,0.0772924646735191,0.145765572786331,21.8483142852783,13.5836210250854,1.8620148897171,7.99528884887695,0.0670522004365921,0.0588058829307556
184905,28.674998729751,34.8750007629395,0.218467846512794,20.6306228637695,12.3895769119263,0.847265005111694,8.07994937896729,0.0548330619931221,0.117188483476639,21.9203319549561,13.9687728881836,1.56413817405701,7.99559116363525,0.0577555149793625,0.129398703575134
185041,35.4749984995148,34.8750007629395,0.254271119832993,22.9506912231445,12.7178544998169,1.68343532085419,8.05909538269043,0.0310652311891317,0.097237154841423,24.2415237426758,14.7124547958374,2.024409532547,7.9772891998291,0.0353733748197556,0.0385566763579845
185396,10.9749993290422,34.8250007629395,0.87894195318222,21.4059448242188,18.1001472473145,1.86337494850159,8.04610919952393,0.0326705873012543,0.0767879262566566,22.4103603363037,19.653190612793,2.55317854881287,7.96000289916992,0.0277515426278114,0.0628123953938484
185407,11.5249993104201,34.8250007629395,0.780923426151276,21.244010925293,16.7705860137939,1.5973482131958,8.04409408569336,0.0240996275097132,0.0621162354946136,22.2690696716309,18.3358306884766,2.36824941635132,7.95802021026611,0.0221616737544537,0.0788666605949402
185518,17.0749991225068,34.8250007629395,0.356851369142532,21.2917652130127,13.3572635650635,1.25401246547699,8.06044673919678,0.0395873412489891,0.10463809967041,22.3187103271484,15.2872695922852,1.91936469078064,7.9778470993042,0.0267506390810013,0.0539515838027
185628,22.5749989362863,34.8250007629395,0.291467607021332,20.5804290771484,11.8946781158447,1.80574357509613,8.08016490936279,0.087914951145649,0.2335474640131,21.8584632873535,13.4656219482422,2.81043410301208,7.99475574493408,0.0790779590606689,0.210358008742332
185739,28.124998748373,34.8250007629395,0.187432646751404,20.600154876709,12.0174970626831,0.75325483083725,8.08166980743408,0.0737030580639839,0.128475233912468,21.8923320770264,13.6920719146729,1.44330382347107,7.99680614471436,0.0612223111093044,0.0712248235940933
185873,34.8249985215227,34.8250007629395,0.264525234699249,22.7360744476318,12.8767948150635,1.58640396595001,8.06187343597412,0.0865365713834763,0.193980619311333,23.9782390594482,14.9651851654053,2.11951160430908,7.97888040542603,0.087637186050415,0.171167224645615
186240,10.9249993307351,34.7750007629395,0.886838614940643,21.3837909698486,18.2542896270752,1.85163509845734,8.0460844039917,0.0338517986238003,0.073039710521698,22.3845710754395,19.7979393005371,2.52468943595886,7.96009540557861,0.029129795730114,0.0644316226243973
186254,11.6249993070343,34.7750007629395,0.732978522777557,21.0979614257812,16.0713844299316,1.54485547542572,8.04382228851318,0.02741389721632,0.0717451646924019,22.1260719299316,17.7651290893555,2.29829549789429,7.95791530609131,0.0247814394533634,0.0883605405688286
186348,16.3249991479005,34.7750007629395,0.277580052614212,21.3298301696777,13.1176843643188,0.9942666888237,8.06191349029541,0.0761000066995621,0.0806119292974472,22.3125190734863,14.8000144958496,1.47180700302124,7.97828674316406,0.0852096602320671,0.0948698297142982
186458,21.82499896168,34.7750007629395,0.308219522237778,20.7656707763672,12.4233322143555,1.50795459747314,8.07861995697021,0.0813870877027512,0.25439590215683,22.0207653045654,14.0223913192749,2.44262623786926,7.99436950683594,0.0705021172761917,0.217672005295753
186569,27.3749987737667,34.7750007629395,0.172504290938377,20.7416591644287,11.8766374588013,0.768172025680542,8.08179759979248,0.0940447524189949,0.138567760586739,22.0349731445312,13.7888498306274,1.45668542385101,7.99614810943604,0.0883993208408356,0.12113169580698
186700,33.9249985519951,34.7750007629395,0.228151276707649,22.4012641906738,12.1892747879028,1.27831757068634,8.06087684631348,0.0405726060271263,0.129624977707863,23.6442737579346,13.9134569168091,2.00103139877319,7.97741651535034,0.0539553910493851,0.133830204606056
187088,11.0749993256563,34.7250007629395,0.877054154872894,21.3785533905029,18.1086578369141,1.74912917613983,8.04575252532959,0.0288206972181797,0.0782745257019997,22.3831481933594,19.6641368865967,2.42647552490234,7.95970869064331,0.0251184087246656,0.0706198439002037
187101,11.7249993036485,34.7250007629395,0.656331062316895,21.0544471740723,15.2652196884155,1.48962914943695,8.04384326934814,0.0293319933116436,0.0700127482414246,22.0828342437744,17.0401248931885,2.19227647781372,7.95801544189453,0.0258606225252151,0.085736945271492
187174,15.3749991800658,34.7250007629395,0.355071514844894,21.3631553649902,13.188588142395,1.23788285255432,8.05297470092773,0.0469851791858673,0.065778948366642,22.4922351837158,14.9348964691162,1.78880763053894,7.96785545349121,0.0474344789981842,0.0644385293126106
187284,20.8749989938454,34.7250007629395,0.261422663927078,21.0269317626953,12.737398147583,1.51356792449951,8.0778169631958,0.0270780045539141,0.0455472469329834,22.2517967224121,14.2304077148438,2.50194883346558,7.99248027801514,0.0211480874568224,0.0126740429550409
187395,26.424998805932,34.7250007629395,0.153280690312386,21.0585460662842,11.8086929321289,1.07066214084625,8.08017063140869,0.113901607692242,0.0545984096825123,22.2635669708252,13.7131462097168,1.50777673721313,7.99435329437256,0.123701341450214,0.0822734981775284
187505,31.9249986197116,34.7250007629395,0.194104716181755,21.9994869232178,12.4943828582764,0.950770080089569,8.06790351867676,0.0508337654173374,0.0700441524386406,23.3453674316406,14.2164697647095,1.9670991897583,7.98426866531372,0.044678159058094,0.0601146556437016
187936,11.2249993205776,34.6750007629395,0.845987498760223,21.2138061523438,17.7171993255615,1.63730478286743,8.04463958740234,0.0159211419522762,0.0242570154368877,22.211597442627,19.2579345703125,2.34532976150513,7.95859670639038,0.0121772680431604,0.0238841511309147
187947,11.7749993019555,34.6750007629395,0.615992367267609,21.0653553009033,14.8911199569702,1.45975160598755,8.04361629486084,0.0362785495817661,0.0754003971815109,22.0946388244629,16.6841373443604,2.11844563484192,7.95791625976562,0.0317077897489071,0.0911542177200317
187996,14.2249992190028,34.6750007629395,0.357114762067795,21.6268978118896,13.1640815734863,1.18993973731995,8.04804515838623,0.0716366022825241,0.106130436062813,22.7183284759521,14.6055755615234,1.69553637504578,7.96315097808838,0.0753863975405693,0.0123512223362923
188106,19.7249990327824,34.6750007629395,0.28133699297905,21.1633968353271,13.3644742965698,1.30654549598694,8.07553577423096,0.0445025339722633,0.0711757391691208,22.344331741333,14.8195190429688,1.99329721927643,7.99113082885742,0.0397415533661842,0.014509622938931
188217,25.274998844869,34.6750007629395,0.175331696867943,21.1380805969238,11.5506830215454,1.15098321437836,8.08035659790039,0.0152623075991869,0.0464243292808533,22.3714294433594,14.0112342834473,1.83552300930023,7.99498653411865,0.0265978444367647,0.0729664713144302
188328,30.8249986569557,34.6750007629395,0.193064123392105,21.6487007141113,12.6212673187256,0.765284597873688,8.06832599639893,0.0654463246464729,0.0565156489610672,22.9516983032227,13.8156547546387,1.66217911243439,7.9846715927124,0.0758093819022179,0.107779674232006
188780,11.1749993222705,34.6250007629395,0.831411957740784,21.1539039611816,17.3623752593994,1.67160212993622,8.04419040679932,0.0199858713895082,0.0339277312159538,22.1515083312988,18.9333229064941,2.38257074356079,7.95838165283203,0.0170865338295698,0.0298200622200966
188808,12.5749992748689,34.6250007629395,0.454094022512436,21.1121482849121,13.4860801696777,1.28521370887756,8.04433155059814,0.0386932715773582,0.0587153658270836,22.2100582122803,15.4029693603516,1.92288267612457,7.95924520492554,0.0294931121170521,0.051411397755146
188919,18.1249990869556,34.6250007629395,0.366012990474701,21.2656230926514,13.5743560791016,1.25670337677002,8.06266212463379,0.0575719736516476,0.138798400759697,22.398609161377,15.4094829559326,1.84691560268402,7.98012447357178,0.0423160307109356,0.0879872366786003
189029,23.6249989007352,34.6250007629395,0.221803814172745,20.7234039306641,11.8510303497314,1.16150629520416,8.07972717285156,0.0718133449554443,0.175994202494621,22.0460681915283,13.8419065475464,1.8427734375,7.99369668960571,0.07028479129076,0.0949411988258362
189140,29.1749987128218,34.6250007629395,0.184559941291809,20.8240604400635,11.7237539291382,0.895390689373016,8.07709217071533,0.0506900437176228,0.0819477736949921,22.113338470459,13.6077251434326,1.77350795269012,7.99243259429932,0.053601935505867,0.0379637219011784
189252,34.7749985232156,34.6250007629395,0.257022738456726,22.7920818328857,13.0096836090088,1.67743444442749,8.06167984008789,0.0741142854094505,0.12931489944458,24.0366516113281,14.9907417297363,2.33511114120483,7.97885131835938,0.0668227449059486,0.17368783056736
189614,10.6249993408925,34.5750007629395,0.891712486743927,21.3607406616211,18.5336952209473,1.90201711654663,8.0467643737793,0.0248553100973368,0.0183885227888823,22.3403606414795,20.3323955535889,2.56067442893982,7.96132707595825,0.020502895116806,0.0214023794978857
189625,11.1749993222705,34.5750007629395,0.830962657928467,21.1269226074219,17.2601985931396,1.68024718761444,8.0435209274292,0.0209911484271288,0.0368544049561024,22.1242008209229,18.8394947052002,2.40107178688049,7.95788860321045,0.0182802937924862,0.032095905393362
189722,16.0249991580579,34.5750007629395,0.331663489341736,21.4448566436768,13.203498840332,1.06226706504822,8.05693626403809,0.0578930303454399,0.123640328645706,22.451623916626,15.0278062820435,1.56499576568604,7.97295951843262,0.0664051026105881,0.0766604840755463
189832,21.5249989718375,34.5750007629395,0.279247641563416,20.8635635375977,12.5669746398926,1.67323672771454,8.07538986206055,0.052575770765543,0.0757942944765091,22.0848560333252,14.0174608230591,2.86661100387573,7.99135446548462,0.0422809757292271,0.0268915090709925
189943,27.0749987839242,34.5750007629395,0.185033529996872,20.7897644042969,12.2281179428101,0.946261942386627,8.08131408691406,0.106944017112255,0.111021064221859,22.0038890838623,14.0251426696777,1.57750678062439,7.99542284011841,0.0874230042099953,0.0756591111421585
190053,32.5749985977037,34.5750007629395,0.176406681537628,22.0411739349365,12.0030488967896,0.898569285869598,8.06798934936523,0.0548937767744064,0.104892402887344,23.3703079223633,13.9223480224609,1.73758447170258,7.98466777801514,0.0724768191576004,0.151744171977043
190457,10.5249993442784,34.5250007629395,0.893543541431427,21.3803825378418,18.5716953277588,1.97201108932495,8.0477294921875,0.0211410243064165,0.0112098455429077,22.359203338623,20.3769454956055,2.6569504737854,7.96230602264404,0.0173953026533127,0.0160230807960033
190469,11.1249993239634,34.5250007629395,0.807592988014221,21.1183052062988,16.9102993011475,1.70253419876099,8.04355049133301,0.0249436721205711,0.0450257211923599,22.1136589050293,18.5211086273193,2.40233731269836,7.95796918869019,0.0225563663989305,0.0384085327386856
190524,13.8749992308532,34.5250007629395,0.366401255130768,21.673755645752,13.1725730895996,1.18139350414276,8.04745292663574,0.0907431244850159,0.150841638445854,22.7967567443848,14.8753681182861,1.87292277812958,7.96225214004517,0.103307321667671,0.217175364494324
190634,19.3749990446328,34.5250007629395,0.279415190219879,21.2529373168945,13.4571504592896,1.3522185087204,8.07136917114258,0.0467976443469524,0.00729358987882733,22.4324760437012,15.2015361785889,1.95340800285339,7.98813962936401,0.0401809215545654,0.010465950705111
190745,24.9249988567194,34.5250007629395,0.178238108754158,21.0830192565918,11.4548273086548,1.17520034313202,8.08057689666748,0.0302600786089897,0.088522806763649,22.3484859466553,13.8622798919678,1.98265039920807,7.9951605796814,0.0154635841026902,0.130408450961113
190855,30.424998670499,34.5250007629395,0.242262527346611,21.4581127166748,12.4104652404785,0.783525824546814,8.0702657699585,0.0597767308354378,0.223543360829353,22.7755165100098,13.7278881072998,1.70177555084229,7.98662281036377,0.0593738667666912,0.195455014705658
190966,35.9749984825857,34.5250007629395,0.301761776208878,23.1865291595459,13.5405492782593,2.0682053565979,8.0600643157959,0.0379119068384171,0.0837972909212112,24.4678401947021,15.5971088409424,2.76334190368652,7.97851133346558,0.0381406657397747,0.0916141718626022
191300,10.4249993476642,34.4750007629395,0.905378401279449,21.4145889282227,18.7609519958496,2.05389904975891,8.04805278778076,0.0180198606103659,0.00101201713550834,22.391471862793,20.5650253295898,2.73460006713867,7.96259498596191,0.0146092567592859,0.000915446784347296
191311,10.9749993290422,34.4750007629395,0.826294362545013,21.1741981506348,17.2480907440186,1.79333102703094,8.04410839080811,0.0209581777453423,0.019600423052907,22.1642246246338,18.8778820037842,2.49047422409058,7.95866203308105,0.0196824856102467,0.00866589602082969
191323,11.5749993087272,34.4750007629395,0.621879935264587,21.12255859375,14.8381681442261,1.50185418128967,8.04250240325928,0.0313410088419914,0.0732757598161697,22.146354675293,16.6058521270752,2.10982537269592,7.95714616775513,0.0287046525627375,0.0769146084785461
191435,17.1749991191209,34.4750007629395,0.328484028577805,21.400260925293,13.7014303207397,1.01530086994171,8.05726718902588,0.0390644557774067,0.01316805370152,22.417106628418,15.4823913574219,1.59576547145844,7.97518396377563,0.0487475842237473,0.0200945362448692
191545,22.6749989329005,34.4750007629395,0.241306692361832,20.5502281188965,11.8603391647339,1.25017631053925,8.07898330688477,0.0704650282859802,0.177807182073593,21.7721309661865,13.3446311950684,1.9297239780426,7.99389934539795,0.0679738745093346,0.15904900431633
191656,28.2249987449872,34.4750007629395,0.183013543486595,20.6136741638184,11.7694940567017,0.875054717063904,8.07976341247559,0.0925662815570831,0.126704171299934,21.9022026062012,13.5993366241455,1.75688195228577,7.99446392059326,0.0925564542412758,0.142160594463348
191766,33.7249985587667,34.4750007629395,0.232850477099419,22.4821968078613,12.3628635406494,1.23817563056946,8.06289482116699,0.0525911226868629,0.178154796361923,23.7508697509766,13.8787574768066,2.10313105583191,7.97977876663208,0.0630833730101585,0.157121405005455
192154,10.874999332428,34.4250007629395,0.810913026332855,21.2710857391357,17.1234741210938,1.85321152210236,8.04493141174316,0.0236341245472431,0.0262882243841887,22.251766204834,18.8541431427002,2.54434084892273,7.95950651168823,0.0233001969754696,0.0186324957758188
192165,11.4249993138059,34.4250007629395,0.616491317749023,21.1935062408447,14.9105195999146,1.57671475410461,8.04226303100586,0.0419324636459351,0.0630397722125053,22.2099018096924,16.6439247131348,2.1694929599762,7.95690870285034,0.0395706705749035,0.0619452446699142
192235,14.924999195302,34.4250007629395,0.31660994887352,21.631275177002,13.2065544128418,1.01653492450714,8.0482120513916,0.0558207109570503,0.0195523016154766,22.6997413635254,14.5995931625366,1.49578297138214,7.96293354034424,0.0730555206537247,0.00838809553533792
192345,20.4249990090816,34.4250007629395,0.265180587768555,21.1604595184326,13.1894845962524,1.21729302406311,8.07430839538574,0.0527148991823196,0.0708447471261024,22.3641700744629,14.586932182312,2.10557079315186,7.98946094512939,0.0503596663475037,0.0501808859407902
192456,25.9749988211683,34.4250007629395,0.159053936600685,21.26096534729,11.7377223968506,1.05164361000061,8.08019638061523,0.0660329386591911,0.071094311773777,22.3939609527588,13.7686767578125,1.77352595329285,7.99463844299316,0.0725125968456268,0.042574118822813
192566,31.4749986349478,34.4250007629395,0.237858816981316,21.8703174591064,12.6597213745117,0.970736265182495,8.06637096405029,0.0895045027136803,0.194750085473061,23.2153377532959,13.9219522476196,2.04622960090637,7.98259925842285,0.0980300605297089,0.280467867851257
192996,10.7249993375067,34.3750007629395,0.820730626583099,21.3391437530518,17.309362411499,1.90459215641022,8.04585552215576,0.0221524927765131,0.0267865359783173,22.3136920928955,19.0822811126709,2.62068748474121,7.96048212051392,0.0200781896710396,0.0232988186180592
193007,11.2749993188847,34.3750007629395,0.669904828071594,21.1971321105957,15.3457250595093,1.65419507026672,8.04197406768799,0.0401291139423847,0.0665179044008255,22.206371307373,17.0528163909912,2.28070902824402,7.95664167404175,0.0367472767829895,0.058558963239193
193035,12.6749992714831,34.3750007629395,0.439828813076019,21.2365036010742,13.2860727310181,1.36049449443817,8.04636096954346,0.0501558445394039,0.108946032822132,22.3628597259521,15.4514474868774,2.00462508201599,7.96113061904907,0.0374393053352833,0.0852833762764931
193145,18.1749990852627,34.3750007629395,0.369841277599335,21.3353099822998,13.6104583740234,1.19058883190155,8.05958843231201,0.0585743971168995,0.132893368601799,22.4869422912598,15.2685899734497,1.83008563518524,7.97664165496826,0.0435918010771275,0.15837387740612
193256,23.7249988973493,34.3750007629395,0.212753042578697,20.7430782318115,11.8824186325073,1.08141100406647,8.07826709747314,0.0131837017834187,0.0547919534146786,22.0293140411377,14.0201244354248,1.94538247585297,7.99177551269531,0.0194172561168671,0.0460293628275394
193366,29.2249987111289,34.3750007629395,0.173040837049484,20.9308815002441,11.4584169387817,0.906966269016266,8.0754337310791,0.111966677010059,0.150500670075417,22.2226581573486,13.2670192718506,1.89298748970032,7.99053049087524,0.126045614480972,0.162620812654495
193477,34.7749985232156,34.3750007629395,0.243066370487213,22.8710079193115,12.9149150848389,1.72978818416595,8.06099510192871,0.0498386137187481,0.0626432821154594,24.1364860534668,14.8596410751343,2.47087597846985,7.9785852432251,0.0450147427618504,0.113058269023895
193837,10.5249993442784,34.3250007629395,0.846964538097382,21.4408054351807,17.7799110412598,2.00980854034424,8.04813861846924,0.0216482058167458,0.0321106165647507,22.4169692993164,19.5792140960693,2.68527340888977,7.96269178390503,0.0185442101210356,0.0262966677546501
193849,11.1249993239634,34.3250007629395,0.724802136421204,21.2281017303467,15.8797702789307,1.76052784919739,8.0422477722168,0.0325294323265553,0.0541586726903915,22.2262897491455,17.5961151123047,2.39828443527222,7.95694589614868,0.0294840447604656,0.0415473207831383
193946,15.9749991597509,34.3250007629395,0.309242159128189,21.5893039703369,13.0446720123291,1.00172758102417,8.05339431762695,0.0603520423173904,0.0935321003198624,22.6126461029053,14.5146141052246,1.52434575557709,7.96933174133301,0.0649696439504623,0.0270486567169428
194057,21.5249989718375,34.3250007629395,0.274595648050308,20.9413280487061,12.6833791732788,1.12394058704376,8.07180881500244,0.0535883083939552,0.131608814001083,22.1450634002686,14.1389818191528,1.92759323120117,7.98738956451416,0.0493036471307278,0.0851261764764786
194168,27.0749987839242,34.3250007629395,0.203721791505814,20.8588066101074,12.365291595459,1.05831098556519,8.08091735839844,0.119927704334259,0.151758655905724,22.0778579711914,14.1978282928467,1.83588290214539,7.99521732330322,0.104158237576485,0.00513504724949598
194278,32.5749985977037,34.3250007629395,0.215226799249649,22.2581329345703,12.5328350067139,0.941682040691376,8.06637668609619,0.0508898682892323,0.162193551659584,23.6011753082275,14.2727251052856,1.91495442390442,7.9833083152771,0.0521295890212059,0.190662652254105
194678,10.32499935105,34.2750007629395,0.860038757324219,21.4485168457031,18.1987133026123,2.16458344459534,8.05182647705078,0.0201346538960934,0.00674655754119158,22.4309692382812,20.0059280395508,2.81006741523743,7.96629762649536,0.0169122684746981,0.00320884981192648
194689,10.874999332428,34.2750007629395,0.77309775352478,21.4262752532959,16.7332553863525,1.86972594261169,8.04453563690186,0.011809098534286,0.0083024175837636,22.3997421264648,18.4469509124756,2.46404886245728,7.95916366577148,0.00964551977813244,0.00503580970689654
194749,13.8749992308532,34.2750007629395,0.346904754638672,21.7593212127686,12.9947910308838,1.05021440982819,8.0469217300415,0.0995640084147453,0.179183527827263,22.874755859375,14.7529678344727,1.75410687923431,7.96175003051758,0.108307637274265,0.215559065341949
194859,19.3749990446328,34.2750007629395,0.304333716630936,21.3326969146729,13.2148141860962,1.38628888130188,8.06702136993408,0.0525497309863567,0.0779751241207123,22.5129070281982,14.8982963562012,2.00782084465027,7.98365211486816,0.0467777214944363,0.0731943547725677
194970,24.9249988567194,34.2750007629395,0.184002742171288,21.0939960479736,11.4139251708984,1.05940341949463,8.07988262176514,0.0279277712106705,0.131440222263336,22.3676109313965,13.6176357269287,2.00713157653809,7.99386310577393,0.019109170883894,0.171880438923836
195080,30.424998670499,34.2750007629395,0.199249297380447,21.4728012084961,12.1334962844849,0.78773820400238,8.06986522674561,0.0725227743387222,0.148014962673187,22.7846431732178,14.0192785263062,1.85964500904083,7.98638916015625,0.0745132640004158,0.20114441215992
195518,10.0749993595146,34.2250007629395,0.870942056179047,21.5323467254639,18.6132183074951,2.24359202384949,8.05590915679932,0.0130551001057029,0.00038993899943307,22.5127334594727,20.4807949066162,2.86895394325256,7.97007274627686,0.0102402167394757,0.000191533734323457
195529,10.6249993408925,34.2250007629395,0.802696704864502,21.4486923217773,17.2783031463623,1.93658220767975,8.04785633087158,0.0151161188259721,0.0170383844524622,22.4246425628662,19.007963180542,2.56058359146118,7.96237564086914,0.0108212856575847,0.00894042756408453
195540,11.1749993222705,34.2250007629395,0.702503740787506,21.3096122741699,15.6134395599365,1.81659030914307,8.04146671295166,0.0255697630345821,0.0388073921203613,22.3064575195312,17.3528594970703,2.36634397506714,7.95633506774902,0.0216143596917391,0.0333151072263718
195552,11.7749993019555,34.2250007629395,0.52008593082428,21.346284866333,14.1560115814209,1.44974851608276,8.0420503616333,0.0283359307795763,0.0359125137329102,22.3912487030029,16.0667533874512,1.98829233646393,7.95740556716919,0.0277296528220177,0.0551230311393738
195662,17.2749991157351,34.2250007629395,0.342575341463089,21.4565353393555,13.7328519821167,1.04892230033875,8.05496597290039,0.0479018352925777,0.0316198132932186,22.5052452087402,15.5258893966675,1.65667569637299,7.9726734161377,0.0565970093011856,0.0352624282240868
195773,22.8249989278218,34.2250007629395,0.217678144574165,20.5784034729004,11.738091468811,1.16595613956451,8.0775318145752,0.0648218020796776,0.123291075229645,21.7806282043457,13.3769903182983,1.92626345157623,7.99236154556274,0.0621944963932037,0.090775303542614
195883,28.3249987416013,34.2250007629395,0.179012715816498,20.7613658905029,11.7733154296875,0.93089634180069,8.0767183303833,0.0957134366035461,0.0909169986844063,22.0362453460693,13.7208251953125,1.82736837863922,7.99070835113525,0.098775751888752,0.173885092139244
195994,33.874998553688,34.2250007629395,0.250079184770584,22.6343212127686,12.4650182723999,1.24374878406525,8.061692237854,0.0537198632955551,0.220734804868698,23.9364337921143,14.0948238372803,2.13337564468384,7.97952747344971,0.0559974759817123,0.215346664190292
196368,10.32499935105,34.1750007629395,0.847692489624023,21.4736976623535,17.9595470428467,2.18811893463135,8.05255794525146,0.0167538616806269,0.0195679999887943,22.4586715698242,19.6780490875244,2.81986093521118,7.96700859069824,0.0139505602419376,0.0139143345877528
196379,10.874999332428,34.1750007629395,0.772411525249481,21.5254325866699,16.841495513916,1.89544749259949,8.04512500762939,0.00982190296053886,0.00421839207410812,22.4998149871826,18.5511322021484,2.43297958374023,7.95972537994385,0.00614955322816969,0.000146860853419639
196390,11.4249993138059,34.1750007629395,0.619410216808319,21.3182544708252,14.8955783843994,1.74693262577057,8.04143905639648,0.0213913079351187,0.0119441589340567,22.3215942382812,16.5905380249023,2.19845724105835,7.95648908615112,0.0185957737267017,0.0242896471172571
196465,15.1749991868375,34.1750007629395,0.315987974405289,21.7335147857666,13.1177253723145,0.945091366767883,8.04799175262451,0.0516394078731537,0.058038130402565,22.7547512054443,14.6908473968506,1.44929683208466,7.96276617050171,0.0618136189877987,0.0812997445464134
196576,20.7249989989241,34.1750007629395,0.265212863683701,21.231466293335,12.959174156189,1.06434762477875,8.06949901580811,0.0595844760537148,0.105625592172146,22.4277153015137,14.4951257705688,1.75335729122162,7.98477792739868,0.0576796382665634,0.0395487062633038
196686,26.2249988127037,34.1750007629395,0.156142100691795,21.2787017822266,11.8829822540283,1.09468984603882,8.08055400848389,0.0920502245426178,0.0671155899763107,22.434383392334,13.9286270141602,1.95230782032013,7.99492406845093,0.102166794240475,0.10496698319912
196797,31.7749986247903,34.1750007629395,0.184178575873375,22.0077476501465,12.0546503067017,0.96871680021286,8.06580543518066,0.0982152596116066,0.136868104338646,23.3331432342529,14.0221843719482,2.16514849662781,7.98210477828979,0.110761940479279,0.0778181999921799
197218,10.5749993425855,34.1250007629395,0.803864181041718,21.5211696624756,17.4438724517822,2.05774331092834,8.05101776123047,0.00664322730153799,0.00232281908392906,22.5076007843018,19.1527900695801,2.62010526657104,7.9654335975647,0.00287756114266812,0.000362099410267547
197229,11.1249993239634,34.1250007629395,0.717640936374664,21.4327335357666,16.0122623443604,1.83339977264404,8.04260063171387,0.0188472885638475,0.0181353911757469,22.4155693054199,17.7077770233154,2.28743052482605,7.95734262466431,0.014526229351759,0.0180145595222712
197269,13.1249992562469,34.1250007629395,0.39302185177803,21.5062808990479,13.2680940628052,1.27109479904175,8.04738998413086,0.0121184960007668,0.025982178747654,22.6271877288818,15.4032459259033,2.01363587379456,7.96171092987061,0.015933146700263,0.0303561296314001
197380,18.6749990683336,34.1250007629395,0.362186133861542,21.3978042602539,13.5144491195679,1.25995290279388,8.05815887451172,0.0613028444349766,0.11420527100563,22.5675296783447,15.0993204116821,1.78722834587097,7.97472095489502,0.0496553257107735,0.162609100341797
197491,24.2249988804202,34.1250007629395,0.235842078924179,20.916353225708,11.6685037612915,1.08456826210022,8.07679462432861,0.0392716601490974,0.210779190063477,22.1796398162842,13.9344272613525,1.99238514900208,7.98926877975464,0.0376726649701595,0.411283582448959
197601,29.7249986941998,34.1250007629395,0.199481084942818,21.3148021697998,11.6708660125732,0.970554292201996,8.07224559783936,0.157130867242813,0.255863070487976,22.6040649414062,13.4034624099731,2.0529727935791,7.98773813247681,0.174947649240494,0.375209540128708
197712,35.2749985062864,34.1250007629395,0.309821903705597,23.1307792663574,13.1080417633057,2.03874945640564,8.0579891204834,0.0489542558789253,0.158673301339149,24.4353179931641,15.33864402771,2.76445150375366,7.97640800476074,0.0411548614501953,0.147780701518059
198056,10.2249993544358,34.0750007629395,0.839764535427094,21.5360641479492,18.0667934417725,2.25068044662476,8.05609798431396,0.0127638066187501,0.0182512998580933,22.5218715667725,19.7934856414795,2.81742763519287,7.97046804428101,0.00916459690779448,0.0132177555933595
198068,10.8249993341209,34.0750007629395,0.769308745861053,21.5760555267334,17.1146335601807,1.91886603832245,8.04833602905273,0.0140804704278708,0.00494917295873165,22.5556049346924,18.8236789703369,2.40466618537903,7.96271848678589,0.010251154191792,0.00290253502316773
198079,11.3749993154988,34.0750007629395,0.647126078605652,21.3612823486328,15.1484432220459,1.78641498088837,8.04172134399414,0.0288636181503534,0.0351332984864712,22.3589267730713,16.8085498809814,2.2257559299469,7.9566445350647,0.0248371195048094,0.0354175195097923
198185,16.6749991360501,34.0750007629395,0.310333073139191,21.6166400909424,13.1995429992676,1.04147660732269,8.05340194702148,0.0629669204354286,0.0713880211114883,22.6317729949951,14.8220844268799,1.50122249126434,7.97063398361206,0.0868770480155945,0.129452168941498
198296,22.2249989481367,34.0750007629395,0.237025529146194,20.7996006011963,12.2921028137207,1.01723039150238,8.07098770141602,0.0558413825929165,0.0781286060810089,21.9883594512939,13.8090667724609,1.83790969848633,7.98650312423706,0.0657380744814873,0.0478924326598644
198406,27.7249987619163,34.0750007629395,0.192695140838623,20.8008499145508,11.7858533859253,1.10041117668152,8.07761764526367,0.0870185941457748,0.110051296651363,22.0732536315918,13.5503129959106,1.87385284900665,7.99136781692505,0.0991373881697655,0.0867519751191139
198517,33.274998574003,34.0750007629395,0.191456094384193,22.4978504180908,12.5552177429199,1.10696983337402,8.06261348724365,0.0635877996683121,0.0542818754911423,23.8074378967285,14.1374158859253,2.02218341827393,7.9805645942688,0.0641043558716774,0.0658186599612236
198905,10.4249993476642,34.0250007629395,0.823081016540527,21.5413246154785,17.7690391540527,2.22503900527954,8.05502414703369,0.00322345690801739,0.00328299892134964,22.5311985015869,19.4577770233154,2.74318671226501,7.96929788589478,0.000828572781756513,0.00311236223205923
198917,11.0249993273492,34.0250007629395,0.751853823661804,21.5405044555664,16.7224864959717,1.8419064283371,8.04540729522705,0.0149789378046989,0.0106719639152288,22.508996963501,18.3872566223145,2.36827182769775,7.9598536491394,0.0107172643765807,0.00760405696928503
198928,11.5749993087272,34.0250007629395,0.606271386146545,21.4167137145996,14.7208242416382,1.73278176784515,8.04172039031982,0.0136653641238809,0.0233796164393425,22.4289150238037,16.4425926208496,2.22952032089233,7.9568977355957,0.00990411546081305,0.00974965561181307
198991,14.7249992020737,34.0250007629395,0.316556334495544,21.7940711975098,12.9633340835571,1.00432956218719,8.04719543457031,0.0327579118311405,0.0401312075555325,22.8364925384521,14.5125436782837,1.60453224182129,7.96198177337646,0.0375286713242531,0.00117429601959884
199102,20.2749990141603,34.0250007629395,0.270009785890579,21.3587036132812,13.2783737182617,1.09988784790039,8.06512260437012,0.0614493973553181,0.0315886847674847,22.535551071167,14.6953773498535,1.76710271835327,7.98065423965454,0.0633142217993736,0.0389326587319374
199212,25.7749988279399,34.0250007629395,0.175398349761963,21.2698650360107,11.7605457305908,1.25543093681335,8.07993030548096,0.0420998521149158,0.0537792034447193,22.4353446960449,13.8599996566772,2.39530730247498,7.99427556991577,0.0487791411578655,0.110019259154797
199323,31.3249986400266,34.0250007629395,0.194317191839218,21.9106597900391,12.1714696884155,0.915866851806641,8.06580638885498,0.067375972867012,0.113981537520885,23.2306308746338,14.3473091125488,2.12069582939148,7.98206377029419,0.0766817554831505,0.162214532494545
199753,10.5749993425855,33.9750007629395,0.811647176742554,21.5633602142334,17.6477470397949,2.16597414016724,8.05446147918701,0.00212278938852251,0.00716058164834976,22.5551090240479,19.3476715087891,2.6917552947998,7.96876430511475,0.00450995471328497,0.000649265071842819
199765,11.1749993222705,33.9750007629395,0.723832190036774,21.5004997253418,16.2091903686523,1.79972457885742,8.04277515411377,0.0224109496921301,0.025107754394412,22.476749420166,17.9021472930908,2.23563933372498,7.95758676528931,0.017289973795414,0.0111301802098751
199798,12.8249992664044,33.9750007629395,0.369207680225372,21.4974384307861,13.2224473953247,1.21875905990601,8.04822540283203,0.0264412015676498,0.026781652122736,22.6175842285156,15.3123588562012,1.88317203521729,7.96279525756836,0.0221345741301775,0.00278520816937089
199909,18.374999078491,33.9750007629395,0.35128465294838,21.4387187957764,13.5542125701904,1.24081528186798,8.05422973632812,0.066600427031517,0.0551707111299038,22.5965232849121,15.218581199646,1.788210272789,7.97051858901978,0.0586089342832565,0.0673003345727921
200019,23.8749988922706,33.9750007629395,0.230484962463379,20.8714065551758,11.7067413330078,1.10439026355743,8.07599067687988,0.0412164367735386,0.174225181341171,22.0745658874512,13.8125238418579,2.031094789505,7.98848867416382,0.0451622530817986,0.218609273433685
200130,29.4249987043573,33.9750007629395,0.188213437795639,21.338586807251,11.2941217422485,1.0422614812851,8.07176208496094,0.182536646723747,0.268769830465317,22.6371078491211,13.2566871643066,2.20765089988708,7.98665523529053,0.194893136620522,0.313977241516113
200241,34.9749985164439,33.9750007629395,0.286545187234879,23.0489616394043,12.91126537323,1.9755642414093,8.05779266357422,0.0403824336826801,0.114828668534756,24.3500709533691,14.6706171035767,2.68492913246155,7.97621297836304,0.05413668602705,0.147482812404633
200591,10.2249993544358,33.9250007629395,0.847719490528107,21.5821762084961,18.2005386352539,2.3733241558075,8.05733489990234,0.0108071947470307,0.0101682348176837,22.56862449646,19.9531478881836,2.90700817108154,7.97175598144531,0.00650930544361472,0.0105629563331604
200602,10.7749993358138,33.9250007629395,0.8129643201828,21.6081008911133,17.6569175720215,2.00288724899292,8.05044937133789,0.0173988770693541,0.0272753648459911,22.5873279571533,19.3610305786133,2.50694274902344,7.96480798721313,0.0149090522900224,0.0240192692726851
200614,11.3749993154988,33.9250007629395,0.675131857395172,21.4473934173584,15.5895500183105,1.78913617134094,8.04194450378418,0.0285164676606655,0.0302765611559153,22.4393653869629,17.3140392303467,2.22305011749268,7.95692825317383,0.0243801176548004,0.0261332150548697
200717,16.5249991411288,33.9250007629395,0.311696648597717,21.6937561035156,13.1380996704102,1.02869236469269,8.05231761932373,0.0491971895098686,0.066583551466465,22.7204627990723,14.6531534194946,1.47579121589661,7.9693751335144,0.0636271461844444,0.117602147161961
200828,22.0749989532155,33.9250007629395,0.248960539698601,20.9484825134277,12.4665498733521,1.09826648235321,8.06710910797119,0.0667122527956963,0.0634547472000122,22.1295337677002,14.1840124130249,1.94204473495483,7.98237133026123,0.0745005309581757,0.0182473435997963
200938,27.574998766995,33.9250007629395,0.193627268075943,20.9041290283203,11.8616695404053,1.13822221755981,8.07725524902344,0.10525444149971,0.127045080065727,22.1813049316406,13.6019897460938,2.0036153793335,7.99115037918091,0.108932957053185,0.0583826564252377
201049,33.1249985790817,33.9250007629395,0.181282564997673,22.4958610534668,12.3719835281372,1.17095601558685,8.06285285949707,0.0643390044569969,0.0326446071267128,23.8141765594482,14.1612110137939,2.18694567680359,7.98079967498779,0.0624732561409473,0.0570649467408657
201440,10.4249993476642,33.8750007629395,0.818644642829895,21.6028423309326,17.8058643341064,2.31473708152771,8.05687999725342,0.00352719938382506,0.00429980969056486,22.5898170471191,19.5079345703125,2.84012365341187,7.97121143341064,0.00437241280451417,0.00294585013762115
201454,11.1249993239634,33.8750007629395,0.761805713176727,21.5248699188232,16.7524967193604,1.78144872188568,8.04394435882568,0.0189485531300306,0.0249672643840313,22.4957389831543,18.4713973999023,2.28042030334473,7.95864820480347,0.0142206866294146,0.00763998366892338
201525,14.6749992037666,33.8750007629395,0.312772214412689,21.8141040802002,12.944806098938,1.01141154766083,8.04722690582275,0.0269400291144848,0.024962205439806,22.8588886260986,14.5972032546997,1.6092187166214,7.9623818397522,0.0277242586016655,0.0264279898256063
201636,20.2249990158532,33.8750007629395,0.275475770235062,21.4123840332031,13.2462816238403,1.11207592487335,8.06174468994141,0.0694252848625183,0.0292334482073784,22.581018447876,14.609974861145,1.7881406545639,7.97737216949463,0.0713116303086281,0.0324671976268291
201746,25.7249988296328,33.8750007629395,0.177625492215157,21.2893142700195,11.7279119491577,1.32662296295166,8.07789039611816,0.0404460430145264,0.0276656411588192,22.4541931152344,13.8618183135986,2.54519033432007,7.99206304550171,0.0321817807853222,0.053923886269331
201857,31.2749986417195,33.8750007629395,0.186475962400436,21.9400787353516,11.9434490203857,0.932032406330109,8.06564712524414,0.0505753085017204,0.0954254642128944,23.2615222930908,13.8729085922241,2.24203062057495,7.98199892044067,0.0551894269883633,0.142246946692467
202282,10.2749993527429,33.8250007629395,0.842983543872833,21.6020431518555,18.263786315918,2.40741920471191,8.05865287780762,0.0108551839366555,0.00139489059802145,22.5855560302734,20.0418872833252,2.92993927001953,7.97295141220093,0.00694908341392875,0.00392611837014556
202299,11.1249993239634,33.8250007629395,0.772021293640137,21.5446357727051,16.88352394104,1.76948201656342,8.04423427581787,0.0188113488256931,0.0330868698656559,22.515474319458,18.6127834320068,2.27297949790955,7.95887804031372,0.014162109233439,0.0148451570421457
202310,11.6749993053414,33.8250007629395,0.610433101654053,21.4710941314697,15.0021295547485,1.71204388141632,8.04203796386719,0.0299744550138712,0.0325912460684776,22.4813232421875,16.7171821594238,2.2216100692749,7.95729112625122,0.0244537461549044,0.0334397628903389
202336,12.9749992613256,33.8250007629395,0.351374298334122,21.6066570281982,13.1258039474487,1.1816211938858,8.04732131958008,0.0316466651856899,0.0260881166905165,22.7470264434814,15.2162866592407,1.78326785564423,7.96188592910767,0.0370190516114235,0.0520350523293018
202447,18.5249990734123,33.8250007629395,0.366693437099457,21.4837055206299,13.5188627243042,1.21936941146851,8.05221557617188,0.0632101893424988,0.0794307142496109,22.6447925567627,15.1136493682861,1.7332751750946,7.96826028823853,0.0474224947392941,0.120312035083771
202557,24.0249988871919,33.8250007629395,0.201956540346146,20.9528999328613,11.6533670425415,1.0990217924118,8.0739860534668,0.0313174873590469,0.0654172897338867,22.1455631256104,13.7838001251221,2.09465026855469,7.98598575592041,0.0210904385894537,0.0894621908664703
202668,29.5749986992785,33.8250007629395,0.165905773639679,21.4660301208496,11.3762054443359,0.975308120250702,8.07040119171143,0.170554831624031,0.192281395196915,22.7691287994385,13.3791389465332,2.27425360679626,7.98557567596436,0.183490261435509,0.238464742898941
202778,35.0749985130581,33.8250007629395,0.316505908966064,23.1762523651123,13.1308212280273,2.04861164093018,8.05755424499512,0.0782467499375343,0.208566009998322,24.4541683197021,14.819766998291,2.80082583427429,7.97618293762207,0.0841667950153351,0.253289312124252
203144,11.1249993239634,33.7750007629395,0.779928267002106,21.5610961914062,16.9895038604736,1.77888834476471,8.04431915283203,0.0186490677297115,0.033134188503027,22.5328540802002,18.7200946807861,2.29274582862854,7.95895481109619,0.0140551552176476,0.0158658195286989
203155,11.6749993053414,33.7750007629395,0.626927196979523,21.4593143463135,15.207612991333,1.71184623241425,8.04203987121582,0.0304252244532108,0.0276602003723383,22.4646778106689,16.9211711883545,2.24980020523071,7.95728445053101,0.0256940014660358,0.0300172977149487
203258,16.8249991309713,33.7750007629395,0.34518563747406,21.6672611236572,13.3786849975586,1.15348219871521,8.05098724365234,0.0582940764725208,0.0756205394864082,22.7069911956787,15.174430847168,1.63993740081787,7.96809244155884,0.0746319442987442,0.0882813483476639
203369,22.374998943058,33.7750007629395,0.243988811969757,20.9111309051514,12.2022705078125,1.1571239233017,8.06581115722656,0.0770402029156685,0.0699385032057762,22.0966167449951,13.7516260147095,2.04497528076172,7.98086881637573,0.0951614752411842,0.00538746546953917
203479,27.8749987568376,33.7750007629395,0.185013249516487,21.0733242034912,11.708911895752,1.05763471126556,8.07316112518311,0.106787361204624,0.117889016866684,22.3772125244141,13.7241306304932,2.10898947715759,7.98663187026978,0.112121559679508,0.0708276331424713
203590,33.4249985689242,33.7750007629395,0.197258651256561,22.6102752685547,12.3913888931274,1.33918273448944,8.06137847900391,0.049021489918232,0.0324473716318607,23.9255485534668,14.0895900726318,2.16222500801086,7.97980260848999,0.0429977290332317,0.0264119282364845
203987,11.0249993273492,33.7250007629395,0.823841035366058,21.5493545532227,17.6299324035645,1.90098369121552,8.04610061645508,0.0149202356114984,0.00672699976712465,22.5187721252441,19.3729267120361,2.46032285690308,7.96065664291382,0.010597369633615,0.0042617148719728
203999,11.6249993070343,33.7250007629395,0.655651807785034,21.4514389038086,15.4445066452026,1.72450494766235,8.04222297668457,0.0273976717144251,0.0341854877769947,22.4505672454834,17.155179977417,2.25958776473999,7.95724439620972,0.0232026651501656,0.029818806797266
204071,15.2249991851445,33.7250007629395,0.358626335859299,21.8068828582764,13.224175453186,0.999701678752899,8.04751491546631,0.0191198345273733,0.0829593613743782,22.8488368988037,14.9579610824585,1.62466847896576,7.96314811706543,0.0251403842121363,0.054843582212925
204182,20.7749989972312,33.7250007629395,0.259961843490601,21.4136905670166,12.8638324737549,1.08043336868286,8.05836868286133,0.0870140939950943,0.0366552509367466,22.5575580596924,14.2708587646484,1.90137755870819,7.97361373901367,0.0684076622128487,0.0234938766807318
204292,26.2749988110108,33.7250007629395,0.186946228146553,21.3254795074463,11.7089586257935,1.30126082897186,8.07672309875488,0.0680330693721771,0.107918545603752,22.5307064056396,13.7709531784058,2.32860445976257,7.99141359329224,0.0619146600365639,0.0305200275033712
204403,31.8249986230974,33.7250007629395,0.183753937482834,22.1883277893066,12.0005702972412,1.05877423286438,8.06505489349365,0.0389111116528511,0.0630674138665199,23.4876098632812,13.7862768173218,2.41392922401428,7.98194742202759,0.0423526503145695,0.0781141668558121
204830,10.9249993307351,33.6750007629395,0.892922759056091,21.5840358734131,18.29221534729,2.08112525939941,8.04668235778809,0.0090920627117157,0.0336221382021904,22.5516662597656,20.0741939544678,2.68025302886963,7.96134090423584,0.00757653312757611,0.0264523196965456
204841,11.474999312113,33.6750007629395,0.715646684169769,21.4861469268799,16.0326919555664,1.71751749515533,8.0425386428833,0.00843521393835545,0.0241652652621269,22.4763050079346,17.7365913391113,2.28662824630737,7.95727014541626,0.00568797718733549,0.019177844747901
204885,13.6749992376249,33.6750007629395,0.326415717601776,21.8226051330566,13.1115798950195,1.20758354663849,8.04561710357666,0.0759785920381546,0.0477457791566849,22.9211349487305,15.1359376907349,1.80437028408051,7.96115207672119,0.0801766738295555,0.0951164364814758
204996,19.2249990497115,33.6750007629395,0.331424236297607,21.482141494751,13.248161315918,1.14631175994873,8.0536937713623,0.0726505592465401,0.0872030556201935,22.6738357543945,14.7611608505249,1.81375730037689,7.97014379501343,0.05013158172369,0.128443598747253
205106,24.7249988634911,33.6750007629395,0.208200022578239,21.1131629943848,11.4038190841675,1.09419775009155,8.07226276397705,0.0103603349998593,0.097082182765007,22.3183917999268,13.5636157989502,2.23281502723694,7.98405075073242,0.00877224747091532,0.159199520945549
205217,30.2749986755777,33.6750007629395,0.138539016246796,21.5654125213623,11.4792547225952,0.899300098419189,8.06791687011719,0.118005037307739,0.0150122400373221,22.8461093902588,13.4810247421265,2.32962918281555,7.98452758789062,0.121719256043434,0.0302027333527803
205678,11.0749993256563,33.6250007629395,0.831448912620544,21.5346775054932,17.664529800415,1.91170716285706,8.04501533508301,0.0180286858230829,0.00552619248628616,22.5068778991699,19.4003582000732,2.48282051086426,7.95960426330566,0.0137735530734062,0.00663773017004132
205689,11.6249993070343,33.6250007629395,0.682058453559875,21.4582366943359,15.6785669326782,1.69304859638214,8.04294013977051,0.0203327126801014,0.0481573231518269,22.4537830352783,17.342737197876,2.27701330184937,7.95763826370239,0.0168321821838617,0.0443396866321564
205700,12.1749992884122,33.6250007629395,0.421254873275757,21.5374660491943,13.4512786865234,1.30203533172607,8.04403305053711,0.0487953722476959,0.0785714164376259,22.6384410858154,15.3141345977783,1.89153242111206,7.95943117141724,0.0332609564065933,0.0656553134322166
205811,17.7249991004989,33.6250007629395,0.341844290494919,21.6234436035156,13.3941602706909,1.04805016517639,8.05029201507568,0.0392008535563946,0.042508240789175,22.7301330566406,15.2020864486694,1.49599373340607,7.96672344207764,0.0453193262219429,0.0343652255833149
205921,23.2249989142785,33.6250007629395,0.232049837708473,20.8066883087158,11.6585569381714,1.15532803535461,8.07069969177246,0.0524945259094238,0.123692363500595,21.954345703125,13.0515832901001,2.189448595047,7.98422574996948,0.052430234849453,0.0570698715746403
206032,28.7749987263651,33.6250007629395,0.184297546744347,21.5201206207275,11.3456010818481,1.19804358482361,8.06940269470215,0.147391155362129,0.202147334814072,22.8080940246582,13.4036493301392,2.42761588096619,7.98381567001343,0.151687458157539,0.180482015013695
206142,34.2749985401447,33.6250007629395,0.231262937188148,22.8576831817627,12.4441051483154,1.64651310443878,8.0596923828125,0.0177925638854504,0.0452982373535633,24.1451930999756,13.9360151290894,2.65689945220947,7.97819852828979,0.0310070868581533,0.076039545238018
206526,11.2249993205776,33.5750007629395,0.813874363899231,21.5956268310547,17.4236640930176,1.88601422309875,8.04494667053223,0.0150089832022786,0.0164269935339689,22.5736255645752,19.107364654541,2.46099710464478,7.95933771133423,0.0113137234002352,0.00396530097350478
206626,16.2249991512863,33.5750007629395,0.342661321163177,21.7642784118652,13.2384204864502,0.993076860904694,8.04835033416748,0.0289745982736349,0.0653100460767746,22.8101100921631,14.7292919158936,1.3782662153244,7.96456384658813,0.0426899492740631,0.0903322696685791
206737,21.7749989633729,33.5750007629395,0.250271648168564,21.2509765625,12.4229097366333,1.25248682498932,8.058424949646,0.1126679033041,0.0439675450325012,22.4329490661621,13.8158893585205,2.15106129646301,7.97405576705933,0.124829240143299,0.0199019126594067
206847,27.2749987771525,33.5750007629395,0.177358269691467,21.2460117340088,11.610013961792,1.25335586071014,8.0711030960083,0.0993578881025314,0.0565650835633278,22.5391445159912,13.4100141525269,2.32747721672058,7.98515510559082,0.0982416570186615,0.106670781970024
206958,32.8249985892392,33.5750007629395,0.206316694617271,22.4831504821777,12.1693267822266,1.16979920864105,8.06295585632324,0.0305617619305849,0.105461061000824,23.782621383667,13.8577117919922,2.40784239768982,7.98090982437134,0.0206934455782175,0.0676604881882668
207361,10.7249993375067,33.5250007629395,0.916735529899597,21.6080684661865,18.7903079986572,2.55299210548401,8.05311012268066,0.00394552061334252,0.00482161203399301,22.577033996582,20.6476440429688,3.14407873153687,7.96784019470215,0.000880310253705829,0.00124817667528987
207376,11.474999312113,33.5250007629395,0.734963953495026,21.5462551116943,16.4729690551758,1.70527446269989,8.04425048828125,0.00893129222095013,0.0234105139970779,22.5301647186279,18.1078968048096,2.35575890541077,7.95849800109863,0.00864535570144653,0.021569823846221
207441,14.7249992020737,33.5250007629395,0.355015397071838,21.8116111755371,13.3368892669678,1.12176334857941,8.04728698730469,0.023944478482008,0.0351450629532337,22.8557929992676,15.2305183410645,1.83894336223602,7.9628791809082,0.0262609925121069,0.0596093460917473
207552,20.2749990141603,33.5250007629395,0.288302659988403,21.548921585083,12.963249206543,1.10914266109467,8.05448818206787,0.0828031003475189,0.0653752237558365,22.6963768005371,14.506854057312,1.8293479681015,7.97043800354004,0.0500706098973751,0.00311900209635496
207662,25.7749988279399,33.5250007629395,0.222920849919319,21.363395690918,11.5682573318481,1.45384454727173,8.07040309906006,0.0155551647767425,0.0724828839302063,22.552619934082,13.6670045852661,2.67650175094604,7.98420333862305,0.0148675171658397,0.0602240785956383
207773,31.3249986400266,33.5250007629395,0.179317206144333,22.0734024047852,11.6734046936035,0.970427274703979,8.06529903411865,0.0234388802200556,0.0748558193445206,23.3863258361816,13.5636301040649,2.4331841468811,7.98251247406006,0.0167907848954201,0.014944233931601
208218,11.3249993171918,33.4750007629395,0.810237109661102,21.6280918121338,17.2997150421143,1.89776158332825,8.0449743270874,0.00992156006395817,0.023085368797183,22.605224609375,18.9320735931396,2.48964643478394,7.95925378799438,0.00753572164103389,0.0189950000494719
208257,13.2749992511682,33.4750007629395,0.343366771936417,21.7555351257324,13.1641139984131,1.19114971160889,8.04437065124512,0.0446672849357128,0.00909187458455561,22.9103965759277,15.1169033050537,1.79271125793457,7.95947408676147,0.0535921677947044,0.00686276936903596
208368,18.8249990632548,33.4750007629395,0.345102459192276,21.5685997009277,13.3637542724609,1.12199306488037,8.0502290725708,0.0504285506904125,0.0467068254947662,22.7348499298096,14.7706308364868,1.67480981349945,7.96585559844971,0.0271789357066154,0.0103907948359847
208478,24.3249988770344,33.4750007629395,0.192723274230957,21.0878467559814,11.3685169219971,1.12141895294189,8.07032585144043,0.0462305508553982,0.0751098990440369,22.2577037811279,13.3586778640747,2.22305488586426,7.98223400115967,0.0325072072446346,0.0305992793291807
208589,29.874998689121,33.4750007629395,0.166626513004303,21.607780456543,11.478084564209,1.00687670707703,8.06754302978516,0.102639578282833,0.10879909992218,22.8863067626953,13.6319351196289,2.4046094417572,7.98379898071289,0.114528983831406,0.106712237000465
209061,11.2249993205776,33.4250007629395,0.881446838378906,21.6444835662842,18.0974102020264,2.09336161613464,8.04522514343262,0.0131378285586834,0.0320461019873619,22.6144104003906,19.8260726928711,2.60572147369385,7.95953893661499,0.0102094523608685,0.0301436055451632
209072,11.7749993019555,33.4250007629395,0.637902557849884,21.468448638916,15.4543771743774,1.56611692905426,8.04289627075195,0.0214317906647921,0.0343399792909622,22.4729080200195,17.1022281646729,2.21509265899658,7.95744276046753,0.0160510092973709,0.0314319543540478
209074,11.8749992985697,33.4250007629395,0.560442209243774,21.528787612915,14.7245769500732,1.45547926425934,8.04269218444824,0.0280264746397734,0.0560770221054554,22.5654754638672,16.4418907165527,2.06980538368225,7.95746374130249,0.0229422990232706,0.068590983748436
209185,17.4249991106564,33.4250007629395,0.35296842455864,21.6595878601074,13.3207960128784,1.04649603366852,8.04903888702393,0.02926822938025,0.0552877932786942,22.7454280853271,15.0689544677734,1.61937284469604,7.96546697616577,0.0317300409078598,0.0673242285847664
209295,22.924998924436,33.4250007629395,0.207903191447258,20.8900165557861,11.4955244064331,1.24702179431915,8.0659008026123,0.101138785481453,0.0718733966350555,22.0415782928467,12.8794164657593,2.2637894153595,7.98038578033447,0.117781929671764,0.127820298075676
209406,28.4749987365226,33.4250007629395,0.199960589408875,21.6037254333496,11.3219451904297,1.23407304286957,8.06820869445801,0.144043818116188,0.246390759944916,22.8676586151123,13.7527046203613,2.55276942253113,7.98271131515503,0.138496086001396,0.231867998838425
209517,34.0249985486093,33.4250007629395,0.23450630903244,22.7949981689453,12.3813104629517,1.59247875213623,8.05971813201904,0.0274361856281757,0.0842693150043488,24.0856342315674,13.8881216049194,2.55100917816162,7.97835206985474,0.0347079150378704,0.034978125244379
209914,11.6249993070343,33.3750007629395,0.721141278743744,21.4898300170898,16.3881397247314,1.66984903812408,8.04428768157959,0.0123282549902797,0.0156102171167731,22.4766426086426,18.040563583374,2.33227372169495,7.95858001708984,0.00931181851774455,0.00916626956313847
210003,16.074999156365,33.3750007629395,0.377168089151382,21.7976341247559,13.2217826843262,1.06797659397125,8.0471715927124,0.034372940659523,0.12885570526123,22.86279296875,14.6977863311768,1.62729001045227,7.96336221694946,0.0456518307328224,0.128478452563286
210114,21.6249989684517,33.3750007629395,0.253126889467239,21.4009189605713,12.4379510879517,1.20274102687836,8.05605316162109,0.109678857028484,0.0548148527741432,22.6053295135498,13.8428916931152,2.03259539604187,7.97205448150635,0.117506921291351,0.0812197029590607
210224,27.1249987822313,33.3750007629395,0.171595901250839,21.4110622406006,11.4539957046509,1.20520544052124,8.0693187713623,0.0789806991815567,0.0487567186355591,22.6914463043213,13.3595161437988,2.33772039413452,7.98372840881348,0.0761036053299904,0.0660476982593536
210335,32.6749985943179,33.3750007629395,0.190662279725075,22.4954624176025,12.0782270431519,1.12113618850708,8.06289672851562,0.0202914047986269,0.0569796189665794,23.7717189788818,13.8941459655762,2.51907324790955,7.98093557357788,0.0202248394489288,0.0741446688771248
210759,11.6249993070343,33.3250007629395,0.748139023780823,21.4895172119141,16.7306308746338,1.72727119922638,8.04458236694336,0.0138836447149515,0.00471606152132154,22.4731998443604,18.3648109436035,2.41117811203003,7.9588360786438,0.0115594109520316,0.00962041225284338
210821,14.7249992020737,33.3250007629395,0.331981956958771,21.8259983062744,13.3704652786255,1.07947325706482,8.0466365814209,0.068113848567009,0.0503275357186794,22.8757057189941,15.2917308807373,1.76940059661865,7.96235370635986,0.0708105266094208,0.0315095484256744
210932,20.2749990141603,33.3250007629395,0.301102876663208,21.6329765319824,12.7857065200806,1.13318884372711,8.05208778381348,0.0548789240419865,0.0680846571922302,22.7608528137207,14.4983215332031,1.90598821640015,7.96830224990845,0.0330389551818371,0.0645385012030602
211042,25.7749988279399,33.3250007629395,0.219810426235199,21.4177894592285,11.4842004776001,1.36460185050964,8.06746387481689,0.0403048694133759,0.110534220933914,22.628719329834,13.5653667449951,2.58649039268494,7.98143577575684,0.043820533901453,0.152585566043854
211153,31.3249986400266,33.3250007629395,0.181709468364716,22.0895690917969,11.649284362793,1.1413471698761,8.06497287750244,0.0303450040519238,0.0606578812003136,23.3815212249756,13.6804285049438,2.662029504776,7.98244428634644,0.0243867393583059,0.0350449085235596
211602,11.5249993104201,33.2750007629395,0.856648027896881,21.5379390716553,17.6989555358887,2.00686049461365,8.04544830322266,0.0169916544109583,0.0440661832690239,22.5138931274414,19.3408622741699,2.69585776329041,7.95951271057129,0.0163781940937042,0.03946328535676
211640,13.4249992460894,33.2750007629395,0.387710064649582,21.7985591888428,13.1296262741089,1.21516036987305,8.04286479949951,0.0281521920114756,0.0736779421567917,22.9387912750244,15.0152530670166,1.81314635276794,7.95806074142456,0.0268467254936695,0.0565660186111927
211751,18.9749990581761,33.2750007629395,0.34973481297493,21.6146278381348,13.0179061889648,1.14797413349152,8.04909324645996,0.0340856835246086,0.0750070512294769,22.7681045532227,14.3326387405396,1.76598823070526,7.96464920043945,0.0243348218500614,0.035285659134388
211861,24.4749988719556,33.2750007629395,0.201625540852547,21.1666965484619,11.4325561523438,1.20355010032654,8.06773948669434,0.0692949071526527,0.0961700156331062,22.3277549743652,13.3683071136475,2.38027286529541,7.98011636734009,0.0612776018679142,0.0882833823561668
211972,30.0249986840423,33.2750007629395,0.202131032943726,21.6967468261719,11.688214302063,1.02668476104736,8.06573581695557,0.087062232196331,0.179003596305847,22.947286605835,13.8832836151123,2.54526710510254,7.98251485824585,0.101284511387348,0.259095728397369
212444,11.3749993154988,33.2250007629395,0.895831882953644,21.6046085357666,18.2261085510254,2.20837879180908,8.04511642456055,0.0152733065187931,0.0232640597969294,22.5773906707764,19.9638404846191,2.82897615432739,7.9592924118042,0.0133883627131581,0.0175634697079659
212461,12.2249992867193,33.2250007629395,0.410799503326416,21.6676921844482,13.4072093963623,1.29960548877716,8.04161930084229,0.0352607294917107,0.034950066357851,22.7545986175537,15.2505683898926,1.94376254081726,7.95679903030396,0.0240856725722551,0.051677905023098
212572,17.774999098806,33.2250007629395,0.347449153661728,21.7015075683594,13.2966175079346,0.964900255203247,8.04801082611084,0.0299208424985409,0.0606368370354176,22.7933292388916,15.0091228485107,1.40733432769775,7.96391916275024,0.0386226437985897,0.059472817927599
212683,23.3249989108926,33.2250007629395,0.198449030518532,21.0181179046631,11.3949670791626,1.23293769359589,8.06557369232178,0.135564997792244,0.10918240249157,22.1475257873535,13.1205644607544,2.47166323661804,7.97963523864746,0.151786848902702,0.0032929517328739
212793,28.8249987246722,33.2250007629395,0.180931851267815,21.6895179748535,11.1575689315796,1.24986588954926,8.06723690032959,0.0720126777887344,0.134794190526009,22.9205760955811,13.3508443832397,2.61931419372559,7.9826831817627,0.0599320270121098,0.145028680562973
212904,34.3749985367589,33.2250007629395,0.25848925113678,22.9350357055664,12.4418573379517,1.90924954414368,8.05767822265625,0.019424194470048,0.0682922303676605,24.2221393585205,14.0836658477783,2.8503041267395,7.97655630111694,0.0184262450784445,0.0658912435173988
213293,11.5749993087272,33.1750007629395,0.839278936386108,21.512170791626,17.5608921051025,1.95955312252045,8.0449686050415,0.0181732177734375,0.0271584782749414,22.490213394165,19.1581134796143,2.6868462562561,7.95913600921631,0.0170341823250055,0.0266978163272142
213394,16.624999137743,33.1750007629395,0.360701978206635,21.7771301269531,13.3068370819092,1.21081686019897,8.0470027923584,0.0403193384408951,0.0525632463395596,22.8621730804443,15.1016092300415,1.57431888580322,7.96322631835938,0.0492219515144825,0.0510576032102108
213505,22.1749989498296,33.1750007629395,0.292000979185104,21.4377288818359,11.8400583267212,1.39053988456726,8.05683898925781,0.196697801351547,0.276561319828033,22.6063232421875,13.2334241867065,2.40694355964661,7.97307109832764,0.18706864118576,0.271056324243546
213615,27.6749987636092,33.1750007629395,0.176456823945045,21.6353054046631,11.4374351501465,1.21598851680756,8.0668478012085,0.108884833753109,0.112986229360104,22.8418064117432,13.800329208374,2.36900734901428,7.98139619827271,0.0964280441403389,0.040032796561718
213726,33.2249985756959,33.1750007629395,0.185380086302757,22.6328544616699,12.0554723739624,1.17625057697296,8.06082344055176,0.0357659123837948,0.0529175475239754,23.9146823883057,13.6817054748535,2.34659695625305,7.97944974899292,0.0339448936283588,0.0271432418376207
214142,11.7749993019555,33.1250007629395,0.788075625896454,21.4526290893555,17.1211566925049,1.82513964176178,8.04405117034912,0.0281752366572618,0.0130470134317875,22.4348831176758,18.6343841552734,2.55801153182983,7.95844078063965,0.0254589803516865,0.0116909183561802
214216,15.47499917668,33.1250007629395,0.387668758630753,21.8469753265381,13.2699451446533,1.45696866512299,8.04642391204834,0.0534038953483105,0.0908364951610565,22.9110336303711,15.1026248931885,2.05033206939697,7.96249628067017,0.0543207041919231,0.0606391839683056
214327,21.0249989887666,33.1250007629395,0.292056322097778,21.6763153076172,12.3768129348755,1.17208671569824,8.05216884613037,0.0596681348979473,0.115337833762169,22.8507080078125,13.8245515823364,2.03765726089478,7.96843242645264,0.0529411844909191,0.165768876671791
214437,26.5249988025462,33.1250007629395,0.209637820720673,21.5399761199951,11.5199003219604,1.47896778583527,8.06581878662109,0.0513010583817959,0.0644920691847801,22.7618541717529,13.4876708984375,2.58225178718567,7.98116683959961,0.05615359172225,0.0846928879618645
214548,32.0749986146329,33.1250007629395,0.194346234202385,22.4043560028076,11.9469509124756,1.22897660732269,8.0642147064209,0.0205762889236212,0.0692353248596191,23.6532535552979,13.7426242828369,2.64181160926819,7.98180341720581,0.0184086337685585,0.0391563177108765
215041,14.4749992105382,33.0750007629395,0.378834873437881,21.9455509185791,13.2929716110229,1.39459490776062,8.04366207122803,0.10327972471714,0.129729464650154,23.0047378540039,15.2735223770142,1.86665201187134,7.95926570892334,0.112173780798912,0.145496025681496
215152,20.0249990226249,33.0750007629395,0.314588963985443,21.7425079345703,12.5217180252075,1.20929491519928,8.05002498626709,0.0341447666287422,0.0882009044289589,22.8357086181641,14.2569932937622,1.82800388336182,7.96671581268311,0.0324806980788708,0.127355113625526
215262,25.5249988364045,33.0750007629395,0.209741801023483,21.4830799102783,11.4007177352905,1.35763585567474,8.06568717956543,0.0919740572571754,0.151784047484398,22.6596984863281,13.5302619934082,2.64105749130249,7.98037004470825,0.0950203090906143,0.243810653686523
215373,31.0749986484911,33.0750007629395,0.182215228676796,22.0448589324951,11.7235832214355,1.15673184394836,8.06434631347656,0.0637631043791771,0.0853482484817505,23.3481025695801,13.6139097213745,2.77707672119141,7.98223686218262,0.0660143345594406,0.103230386972427
215868,13.5749992410107,33.0250007629395,0.382826149463654,21.8714466094971,13.333740234375,1.18265068531036,8.04286861419678,0.0121358493342996,0.0193989705294371,22.9839286804199,14.9827375411987,1.81769979000092,7.95802068710327,0.00064366270089522,0.0139926392585039
215979,19.1249990530973,33.0250007629395,0.340014845132828,21.6785888671875,12.7224903106689,1.27791965007782,8.0489673614502,0.0318590514361858,0.0761771723628044,22.7994022369385,14.068941116333,1.72601211071014,7.9650182723999,0.0111057544127107,0.0548380091786385
216090,24.674998865184,33.0250007629395,0.214217588305473,21.3070411682129,11.5893278121948,1.16279542446136,8.06587314605713,0.0822682753205299,0.141040340065956,22.4428977966309,13.513689994812,2.51120376586914,7.97973585128784,0.0820331647992134,0.103035680949688
216200,30.1749986789636,33.0250007629395,0.184900373220444,21.8388233184814,11.8240900039673,1.18417739868164,8.06459808349609,0.0430153571069241,0.00795711856335402,23.0723876953125,13.9396677017212,2.93778848648071,7.98222732543945,0.0498456433415413,0.00071926182135941
216683,12.0749992917981,32.9750007629395,0.648534655570984,21.5724506378174,15.7055969238281,1.54822790622711,8.04255867004395,0.0172870941460133,0.0221223421394825,22.5859355926514,17.2566547393799,2.26116394996643,7.95721673965454,0.0121284248307347,0.0289747472852468
216697,12.7749992680973,32.9750007629395,0.402756929397583,21.7405548095703,13.3364286422729,1.28921413421631,8.04196929931641,0.0452367179095745,0.0646768137812614,22.811990737915,14.9333076477051,2.02483868598938,7.957106590271,0.0336252115666866,0.059293370693922
216807,18.2749990818769,32.9750007629395,0.389572948217392,21.7067794799805,13.2646570205688,0.911226630210876,8.04756450653076,0.0462690405547619,0.187677010893822,22.8277568817139,14.8946685791016,1.33329153060913,7.96338319778442,0.0483187958598137,0.182294026017189
216918,23.8249988939635,32.9750007629395,0.179213151335716,21.2457542419434,11.4985723495483,1.1921215057373,8.06447982788086,0.118315406143665,0.0360197313129902,22.3195362091064,13.2989854812622,2.58835244178772,7.97897148132324,0.121653735637665,0.0274854637682438
217028,29.3249987077431,32.9750007629395,0.187517032027245,21.745153427124,11.2996053695679,1.24411344528198,8.06584167480469,0.113424755632877,0.178435266017914,23.0046062469482,13.3676462173462,2.87191534042358,7.98258686065674,0.11990724503994,0.144703447818756
217139,34.8749985198297,32.9750007629395,0.484097421169281,23.4438228607178,13.8129510879517,2.87042236328125,8.05879592895508,0.143961876630783,0.392048329114914,24.6821918487549,15.462685585022,3.88723158836365,7.97759580612183,0.144426271319389,0.39398318529129
217635,17.4249991106564,32.9250007629395,0.336128801107407,21.7627601623535,13.2358589172363,0.953422963619232,8.04681587219238,0.0471094287931919,0.0705289468169212,22.8334865570068,14.9210805892944,1.44230401515961,7.96305418014526,0.0726666301488876,0.0853604897856712
217750,23.1749989159714,32.9250007629395,0.208091646432877,21.4046974182129,11.5110263824463,1.22082817554474,8.05920505523682,0.195355698466301,0.153091907501221,22.4661388397217,13.2459840774536,2.6636061668396,7.97512626647949,0.206860452890396,0.153457000851631
217860,28.674998729751,32.9250007629395,0.17294317483902,21.8084716796875,11.129373550415,1.2512104511261,8.06637477874756,0.0789836049079895,0.126175761222839,23.0198020935059,13.4602203369141,2.64006328582764,7.98295831680298,0.0648605674505234,0.130572259426117
217971,34.2249985418376,32.9250007629395,0.239143460988998,22.9003753662109,12.3172369003296,1.73820376396179,8.05703067779541,0.0344211421906948,0.0765109062194824,24.1770362854004,13.9681930541992,2.61534595489502,7.97594404220581,0.0375137254595757,0.0552643723785877
218475,17.1749991191209,32.8750007629395,0.318251252174377,21.7857112884521,13.0969686508179,1.02341055870056,8.04655838012695,0.0693750008940697,0.0672052502632141,22.8619480133057,14.8187675476074,1.54659688472748,7.96289873123169,0.103348836302757,0.0750686898827553
218599,23.3749989091997,32.8750007629395,0.206583112478256,21.3658332824707,11.4072866439819,1.16244304180145,8.05980205535889,0.177086889743805,0.167226165533066,22.4079742431641,13.2743511199951,2.61203813552856,7.97580242156982,0.193605303764343,0.145126968622208
218709,28.8749987229793,32.8750007629395,0.187394127249718,21.7959575653076,11.0325412750244,1.21564197540283,8.06595993041992,0.0971874296665192,0.213362038135529,23.0095863342285,13.2195043563843,2.74634027481079,7.98301458358765,0.0909752398729324,0.201925426721573
218820,34.424998535066,32.8750007629395,0.275619000196457,22.9759502410889,12.6295909881592,2.12866687774658,8.05606555938721,0.0596334412693977,0.0976346507668495,24.2419185638428,13.906795501709,2.94714331626892,7.97484397888184,0.0524085201323032,0.0136930998414755
219333,17.8249990971131,32.8250007629395,0.330691069364548,21.755241394043,13.2103471755981,0.923607349395752,8.04684066772461,0.0413918979465961,0.0579867511987686,22.8305511474609,14.8633880615234,1.42453861236572,7.96310043334961,0.0519950725138187,0.0619691461324692
219462,24.2749988787273,32.8250007629395,0.202733650803566,21.3291511535645,11.4379434585571,1.21260595321655,8.0634880065918,0.0899012163281441,0.100853361189365,22.4250659942627,13.2714033126831,2.63268661499023,7.97879314422607,0.087554931640625,0.10916843265295
219573,29.824998690814,32.8250007629395,0.209678575396538,21.852201461792,11.6543855667114,1.26386225223541,8.06400966644287,0.0557261817157269,0.125347584486008,23.0714664459229,13.7545738220215,3.12550926208496,7.98158025741577,0.0658117458224297,0.179980978369713
220107,14.2749992173099,32.7750007629395,0.412603884935379,21.9989166259766,13.521146774292,1.38876378536224,8.04121589660645,0.0117857083678246,0.0141393756493926,23.1017646789551,15.3639144897461,1.78092694282532,7.95651721954346,0.0161069594323635,0.026321567595005
220218,19.8249990293966,32.7750007629395,0.265940010547638,21.828197479248,11.9550542831421,1.25861763954163,8.04924488067627,0.0349720977246761,0.0431827381253242,22.9050483703613,13.4630479812622,1.80013310909271,7.9663143157959,0.0401849187910557,0.0537117309868336
220353,26.5749988008533,32.7750007629395,0.199155673384666,21.6614398956299,11.4103136062622,1.4238463640213,8.06421566009521,0.0709967613220215,0.0862619951367378,22.8312358856201,13.4793186187744,2.53240752220154,7.9811840057373,0.0759078115224838,0.0679522305727005
220464,32.12499861294,32.7750007629395,0.180953174829483,22.4397411346436,11.7426404953003,1.26623797416687,8.06315517425537,0.0398823022842407,0.0682783275842667,23.6877613067627,13.7124853134155,2.98741507530212,7.98125600814819,0.0441750437021255,0.0625005811452866
221001,16.7249991343572,32.7250007629395,0.356777727603912,21.8581142425537,13.0763063430786,1.08959662914276,8.04631233215332,0.0316895954310894,0.0980288311839104,22.9471073150635,14.7710065841675,1.59670233726501,7.96276807785034,0.0480865091085434,0.169328734278679
221148,24.0749988854989,32.7250007629395,0.193061888217926,21.3536396026611,11.35133934021,1.22345364093781,8.06221485137939,0.109830737113953,0.0891355127096176,22.4407806396484,13.1649761199951,2.56764340400696,7.97784852981567,0.121042497456074,0.147025391459465
221258,29.5749986992785,32.7250007629395,0.197831377387047,21.841121673584,11.4519119262695,1.20848405361176,8.06414127349854,0.0792150273919106,0.157795265316963,23.0656108856201,13.4253673553467,3.069669008255,7.98158550262451,0.0883647575974464,0.258970022201538
221800,14.4249992122312,32.6750007629395,0.424349576234818,22.0170516967773,13.5296325683594,1.48887872695923,8.04130172729492,0.0109586892649531,0.0174839496612549,23.1127147674561,15.3287830352783,1.80747509002686,7.95675230026245,0.0160398632287979,0.0293433088809252
221910,19.9249990260107,32.6750007629395,0.252256602048874,21.8643569946289,11.8081922531128,1.23903441429138,8.04952716827393,0.0233843401074409,0.018996162340045,22.9217891693115,13.386905670166,1.7822892665863,7.96671533584595,0.0305673405528069,0.0155133306980133
222061,27.4749987703809,32.6750007629395,0.212836444377899,21.8482666015625,11.4178676605225,1.26280045509338,8.06460094451904,0.0801344588398933,0.206606775522232,23.0123844146729,13.6094703674316,2.31102991104126,7.9813084602356,0.0978186279535294,0.221912026405334
222171,32.9749985841604,32.6750007629395,0.195580586791039,22.6873798370361,11.9647731781006,1.30766463279724,8.06092548370361,0.0315997786819935,0.0810908302664757,23.916675567627,13.8401441574097,2.81325626373291,7.97977209091187,0.0509092435240746,0.156274452805519
222715,17.9249990937272,32.6250007629395,0.316259652376175,21.7664356231689,13.1351900100708,0.94991409778595,8.04689693450928,0.0526595897972584,0.048567857593298,22.8484210968018,14.9351491928101,1.43460202217102,7.96326351165771,0.0597064346075058,0.00664218422025442
222873,25.824998826247,32.6250007629395,0.18841578066349,21.6716957092285,11.4459772109985,1.40006363391876,8.06403160095215,0.0723141729831696,0.0463116019964218,22.8550491333008,13.3873567581177,2.69234919548035,7.98125982284546,0.0482752025127411,0.0465389266610146
222983,31.3249986400266,32.6250007629395,0.223499685525894,22.2345676422119,11.5003185272217,1.3078898191452,8.06269836425781,0.055179301649332,0.223404169082642,23.5025596618652,13.3735380172729,3.22259473800659,7.98117017745972,0.0583491511642933,0.279102921485901
223529,16.3749991462075,32.5750007629395,0.36038938164711,21.9178276062012,13.2785091400146,1.44655394554138,8.04636096954346,0.0790115222334862,0.0790322050452232,22.9836540222168,15.2646713256836,1.80912005901337,7.96290493011475,0.0735688060522079,0.0787726268172264
223688,24.3249988770344,32.5750007629395,0.218473643064499,21.4468288421631,11.3207235336304,1.20655250549316,8.06098556518555,0.0991881117224693,0.171656176447868,22.5385055541992,13.1014165878296,2.63274550437927,7.97739553451538,0.109284430742264,0.130325719714165
223799,29.874998689121,32.5750007629395,0.24345238506794,21.9486999511719,11.6725130081177,1.2563841342926,8.06237602233887,0.0305753648281097,0.185297071933746,23.1696014404297,13.7762804031372,3.3140287399292,7.98006820678711,0.0256210323423147,0.0483526065945625
224345,14.924999195302,32.5250007629395,0.442435830831528,22.1184597015381,13.2561349868774,1.90290439128876,8.04134845733643,0.00805038306862116,0.0246915016323328,23.1878414154053,15.0055246353149,2.2373046875,7.9570689201355,0.0147458603605628,0.026598921045661
224456,20.4749990073887,32.5250007629395,0.270356595516205,21.8452568054199,11.8898649215698,1.49160599708557,8.05226516723633,0.010553078725934,0.0100672757253051,22.865873336792,13.3331813812256,2.34794163703918,7.9697322845459,0.0112746730446816,0.00187104183714838
224617,28.5249987348297,32.5250007629395,0.211867243051529,21.9090270996094,11.0999011993408,1.25644659996033,8.06508255004883,0.104770980775356,0.285580575466156,23.1210803985596,13.1540126800537,2.63081550598145,7.98273134231567,0.103842407464981,0.28984746336937
224728,34.0749985469164,32.5250007629395,0.228142708539963,22.9077434539795,11.9622077941895,1.8309497833252,8.0576343536377,0.0536427572369576,0.117435097694397,24.1470222473145,13.6797761917114,3.06218862533569,7.97658824920654,0.0583851672708988,0.152018159627914
225278,19.3249990463257,32.4750007629395,0.303830981254578,21.8014087677002,11.9671154022217,1.4816882610321,8.04957294464111,0.0259448662400246,0.0809560716152191,22.9110260009766,13.4206428527832,1.91122317314148,7.96684646606445,0.0265291128307581,0.0742752775549889
225443,27.574998766995,32.4750007629395,0.223494216799736,21.8978443145752,11.4920825958252,1.31708896160126,8.06420803070068,0.0527355223894119,0.18635068833828,23.0669994354248,13.3848495483398,2.41386747360229,7.98134708404541,0.0693957433104515,0.13487021625042
225553,33.0749985807746,32.4750007629395,0.194774121046066,22.7206192016602,11.8906221389771,1.44018876552582,8.06103610992432,0.0287500265985727,0.0634112060070038,23.9368476867676,13.6522750854492,3.08365201950073,7.97993469238281,0.0455287992954254,0.107869021594524
226110,18.6749990683336,32.4250007629395,0.318453639745712,21.7309436798096,12.7216815948486,1.12114465236664,8.0484447479248,0.0467926003038883,0.0852935165166855,22.8326683044434,14.309136390686,1.53637003898621,7.96490669250488,0.0456051044166088,0.105480290949345
226275,26.9249987890029,32.4250007629395,0.217485219240189,21.828929901123,11.7916469573975,1.28934919834137,8.06362533569336,0.034151267260313,0.0833022743463516,22.9571399688721,13.9351663589478,2.4792172908783,7.98105621337891,0.0310121160000563,0.138103038072586
226386,32.4749986010896,32.4250007629395,0.176453933119774,22.6058292388916,11.7261362075806,1.24974358081818,8.06177616119385,0.0338024832308292,0.0574217960238457,23.8456439971924,13.6318702697754,3.04286074638367,7.98014497756958,0.0433009080588818,0.0879523977637291
226948,18.3249990801839,32.3750007629395,0.305245816707611,21.7619647979736,12.8912696838379,1.03294265270233,8.04760932922363,0.0482173822820187,0.0413501150906086,22.8457050323486,14.5218753814697,1.49624335765839,7.96418714523315,0.0536638684570789,0.000212100028875284
227114,26.6249987991604,32.3750007629395,0.200433120131493,21.7894439697266,11.7760715484619,1.38068568706512,8.06320190429688,0.0467794090509415,0.0128659112378955,22.9261569976807,13.8981037139893,2.61904048919678,7.98090696334839,0.0458259060978889,0.0237767808139324
227225,32.174998611247,32.3750007629395,0.177799582481384,22.5008716583252,11.5435953140259,1.41175293922424,8.06130695343018,0.0501356795430183,0.0603395812213421,23.7654895782471,13.5551385879517,3.53518915176392,7.98029804229736,0.045145396143198,0.059270478785038
227788,18.0749990886485,32.3250007629395,0.32589253783226,21.7877674102783,12.863317489624,1.08849549293518,8.04732894897461,0.0524438768625259,0.0932056829333305,22.8665447235107,14.6632223129272,1.58443236351013,7.96401596069336,0.0584316812455654,0.0283183064311743
227956,26.4749988042391,32.3250007629395,0.20677849650383,21.7824172973633,11.7023010253906,1.42030894756317,8.06294441223145,0.0665719732642174,0.0667472779750824,22.9233379364014,13.8170537948608,2.62264919281006,7.980881690979,0.0667754933238029,0.0434542633593082
228066,31.9749986180187,32.3250007629395,0.181889042258263,22.4669437408447,11.5396165847778,1.45388698577881,8.06050872802734,0.0650970414280891,0.0757008641958237,23.7357025146484,13.5403738021851,3.67045927047729,7.97979307174683,0.0582056567072868,0.0223980657756329
228631,17.9749990920343,32.2750007629395,0.30644428730011,21.7994041442871,12.737340927124,1.11368489265442,8.04730319976807,0.0570425949990749,0.0677394345402718,22.8794746398926,14.3300352096558,1.56424307823181,7.96410179138184,0.0643717274069786,0.00359215121716261
228801,26.4749988042391,32.2750007629395,0.207755997776985,21.7991981506348,11.7318019866943,1.40525794029236,8.06276702880859,0.0648099482059479,0.0668700262904167,22.9400959014893,13.846866607666,2.59024882316589,7.98089742660522,0.063079297542572,0.012842221185565
228912,32.0249986163258,32.2750007629395,0.184957504272461,22.4887161254883,11.5560474395752,1.59065115451813,8.06008815765381,0.0710187256336212,0.0633247792720795,23.7637882232666,13.5067472457886,3.98373007774353,7.97956228256226,0.0589390806853771,0.0366503074765205
229476,17.9749990920343,32.2250007629395,0.310528337955475,21.8027172088623,12.6572580337524,1.14655864238739,8.04732322692871,0.0572229661047459,0.0846793428063393,22.8835983276367,14.2159547805786,1.57591462135315,7.96415138244629,0.0639582201838493,0.0383292324841022
229649,26.6249987991604,32.2250007629395,0.21364825963974,21.8260631561279,11.820707321167,1.3420227766037,8.06265926361084,0.0451820753514767,0.0600963830947876,22.9632778167725,13.9480247497559,2.57412123680115,7.98075246810913,0.0436131022870541,0.0694672986865044
229759,32.12499861294,32.2250007629395,0.175149008631706,22.5190296173096,11.5785512924194,1.53108978271484,8.06015014648438,0.0701407641172409,0.0367582738399506,23.7992553710938,13.5132160186768,3.90988326072693,7.97969532012939,0.0539949908852577,0.0319180823862553
230326,18.2249990835698,32.1750007629395,0.324821501970291,21.785177230835,12.7348794937134,1.17059683799744,8.04780673980713,0.0467018373310566,0.0892346203327179,22.8591461181641,14.362886428833,1.52996051311493,7.96468162536621,0.0486812591552734,0.0440325662493706
230503,27.0749987839242,32.1750007629395,0.222847864031792,21.9126663208008,11.5986413955688,1.27776825428009,8.06325531005859,0.0454857684671879,0.158653989434242,23.0590724945068,13.7256565093994,2.4547221660614,7.9812707901001,0.0603459775447845,0.238235041499138
230614,32.6249985960108,32.1750007629395,0.190023273229599,22.6569366455078,11.7436294555664,1.42143440246582,8.06061458587646,0.0547623634338379,0.0991482511162758,23.924467086792,13.5859775543213,3.38510513305664,7.98009586334229,0.0346123427152634,0.0658912137150764
231180,18.6749990683336,32.1250007629395,0.302183508872986,21.753963470459,12.5957927703857,1.21211040019989,8.04881286621094,0.0506168864667416,0.0580861382186413,22.8373794555664,14.10032081604,1.67165064811707,7.96584177017212,0.0477324463427067,0.0197488758713007
231367,28.0249987517588,32.1250007629395,0.189101621508598,21.9986953735352,11.2821054458618,1.2426472902298,8.06428623199463,0.0440141893923283,0.123665228486061,23.1937103271484,13.2193698883057,2.57177495956421,7.98253393173218,0.037133302539587,0.0331177264451981
231478,33.5749985638455,32.1250007629395,0.209294259548187,22.8415184020996,12.1162118911743,1.57646858692169,8.06021595001221,0.0329532399773598,0.0689201354980469,24.0468616485596,13.9985809326172,3.03221750259399,7.97977924346924,0.0368516072630882,0.020665105432272
232044,19.6249990361682,32.0750007629395,0.275095164775848,21.9115352630615,11.4249124526978,1.71046304702759,8.05021667480469,0.0215759333223104,0.0609961785376072,22.9479198455811,12.9805498123169,2.20102095603943,7.96786737442017,0.0271027274429798,0.0164006054401398
232233,29.0749987162077,32.0750007629395,0.166510567069054,21.9954452514648,11.4551420211792,1.27332711219788,8.06356334686279,0.0940145775675774,0.060532633215189,23.222053527832,13.3477144241333,2.97961592674255,7.9819130897522,0.087470144033432,0.119382947683334
232343,34.5749985299872,32.0750007629395,0.490644872188568,23.5100841522217,14.204568862915,3.97881889343262,8.05974292755127,0.14037649333477,0.234456866979599,24.7128753662109,16.0274772644043,5.04451608657837,7.97849464416504,0.143440753221512,0.238322481513023
232993,24.8249988601053,32.0250007629395,0.272230833768845,22.0759582519531,12.2669897079468,1.73464787006378,8.05811214447021,0.0586975067853928,0.0965067893266678,23.2053508758545,14.3289422988892,3.25048565864563,7.9754753112793,0.0567205548286438,0.0957929119467735
233103,30.3249986738848,32.0250007629395,0.278769433498383,22.3951320648193,11.6446895599365,2.10780930519104,8.0585994720459,0.130692213773727,0.265228539705276,23.6684150695801,13.6245536804199,4.34659671783447,7.97701215744019,0.122338965535164,0.255989044904709
233672,16.5249991411288,31.9750007629395,0.299151867628098,21.9973964691162,12.6439561843872,1.62116873264313,8.04689788818359,0.109389320015907,0.0507959686219692,23.0174388885498,14.2021417617798,2.07825040817261,7.96445608139038,0.121888414025307,0.020427918061614
233882,27.0249987856171,31.9750007629395,0.238597199320793,21.9686470031738,11.5175666809082,1.26153683662415,8.06221675872803,0.042304951697588,0.21098555624485,23.1195755004883,13.6305265426636,2.4649350643158,7.98059940338135,0.0524945296347141,0.177077606320381
233993,32.5749985977037,31.9750007629395,0.187834188342094,22.7020111083984,11.6737937927246,1.59065198898315,8.05902767181396,0.107256107032299,0.122928068041801,23.9861221313477,13.6881847381592,3.87676692008972,7.97965478897095,0.075365349650383,0.0232453271746635
234564,18.8749990615619,31.9250007629395,0.278637766838074,21.7702217102051,12.0149545669556,1.38571643829346,8.04889106750488,0.0508959963917732,0.0540054105222225,22.8418483734131,13.6361665725708,1.86841464042664,7.96624231338501,0.052198737859726,0.0359437577426434
234777,29.5249987009714,31.9250007629395,0.195977494120598,22.083179473877,11.4624147415161,1.57221972942352,8.06191825866699,0.0645845383405685,0.0689811781048775,23.3200721740723,13.4590864181519,3.90474247932434,7.98030853271484,0.0566819421947002,0.0442050993442535
235340,15.4249991783729,31.8750007629395,0.65449720621109,22.1652603149414,14.9983749389648,2.68362927436829,8.04357242584229,0.0176735185086727,0.0393861941993237,23.1871585845947,16.5377521514893,3.08088564872742,7.96012258529663,0.0148297324776649,0.0272219646722078
235351,15.9749991597509,31.8750007629395,0.384596407413483,22.174186706543,12.6994428634644,2.01657032966614,8.04355049133301,0.0161703359335661,0.0169932022690773,23.2080116271973,14.226185798645,2.43210554122925,7.96072959899902,0.00752453971654177,0.0220657922327518
235564,26.6249987991604,31.8750007629395,0.250783890485764,21.9644012451172,11.6643571853638,1.24279749393463,8.05921649932861,0.0882338657975197,0.25120884180069,23.092134475708,13.6904706954956,2.44691777229309,7.97771167755127,0.104927495121956,0.240198105573654
235674,32.12499861294,31.8750007629395,0.223315462470055,22.7242221832275,11.6057786941528,2.01488018035889,8.06105518341064,0.143661558628082,0.225993037223816,24.0111198425293,13.6628646850586,4.50705194473267,7.98202037811279,0.128743216395378,0.204929575324059
236250,18.6749990683336,31.8250007629395,0.291019022464752,21.7747116088867,12.2468032836914,1.3157594203949,8.04856777191162,0.0479863584041595,0.0581717602908611,22.8434543609619,13.7477045059204,1.80260193347931,7.96573781967163,0.0506979860365391,0.043133620172739
236463,29.3249987077431,31.8250007629395,0.179846048355103,22.0875129699707,11.3436603546143,1.43808615207672,8.06236743927002,0.0837859138846397,0.0863839685916901,23.3329010009766,13.3217115402222,3.51661562919617,7.98120355606079,0.0794966816902161,0.0962294489145279
237032,15.5249991749871,31.7750007629395,0.631775200366974,22.1289443969727,14.8232774734497,2.75621056556702,8.04460525512695,0.0143853081390262,0.0131149403750896,23.1460781097412,16.3504943847656,3.11402297019958,7.96115016937256,0.0112840160727501,0.00179887772537768
237040,15.9249991614438,31.7750007629395,0.431497037410736,22.1525077819824,12.8719282150269,2.26532053947449,8.04350090026855,0.0168659016489983,0.0384192280471325,23.1901683807373,14.4270801544189,2.62874555587769,7.96050882339478,0.0104873832315207,0.0385192148387432
237254,26.6249987991604,31.7750007629395,0.23517008125782,22.0555477142334,11.4781818389893,1.31445944309235,8.05835342407227,0.0992246866226196,0.238004297018051,23.1801738739014,13.349139213562,2.46382355690002,7.9768328666687,0.115449875593185,0.253556370735168
237364,32.12499861294,31.7750007629395,0.253533750772476,22.7634258270264,12.0600309371948,2.53073620796204,8.06273460388184,0.137815237045288,0.180057317018509,24.0346755981445,14.1908960342407,5.17469310760498,7.98391151428223,0.131096512079239,0.184427469968796
237944,18.8749990615619,31.7250007629395,0.284470617771149,21.7722015380859,11.8569059371948,1.57721757888794,8.04864120483398,0.0564140640199184,0.0606036894023418,22.8279514312744,13.487006187439,2.17471241950989,7.96602725982666,0.0616806596517563,0.0437237694859505
238157,29.5249987009714,31.7250007629395,0.203836023807526,22.1570014953613,11.3625526428223,1.83835184574127,8.06111907958984,0.0655736401677132,0.0631886869668961,23.4108352661133,13.3375816345215,4.39676761627197,7.97997951507568,0.063506118953228,0.030560864135623
238257,34.5249985316801,31.7250007629395,0.694867253303528,23.5123977661133,15.6315107345581,5.7116322517395,8.06607055664062,0.07353375852108,0.18814118206501,24.7058601379395,16.8473472595215,6.82595443725586,7.98490333557129,0.0731728076934814,0.169225946068764
238739,16.3749991462075,31.6750007629395,0.361974805593491,22.165132522583,12.5998029708862,1.99096035957336,8.04577255249023,0.0158512238413095,0.0117312725633383,23.1775817871094,14.0642023086548,2.52294564247131,7.96298408508301,0.0141945807263255,0.0134822940453887
238953,27.0749987839242,31.6750007629395,0.201928943395615,22.1524791717529,11.2184200286865,1.42355966567993,8.05899047851562,0.0679733529686928,0.139959812164307,23.2986526489258,13.3645696640015,2.62974977493286,7.97744989395142,0.0742897838354111,0.12939216196537
239064,32.6249985960108,31.6750007629395,0.234480753540993,22.9244842529297,12.161717414856,2.33476758003235,8.05900096893311,0.0898287296295166,0.0788945555686951,24.1723346710205,14.5159816741943,5.08042907714844,7.98120307922363,0.0859375894069672,0.0729692652821541
239569,15.6249991716012,31.6250007629395,0.663261413574219,22.0999736785889,14.921703338623,3.00354170799255,8.04570579528809,0.00675265863537788,0.00445805164054036,23.1174621582031,16.5156192779541,3.33750939369202,7.96231031417847,0.00427288515493274,0.00339868012815714
239647,19.524999039554,31.6250007629395,0.293480694293976,21.8998317718506,11.3933353424072,2.01893639564514,8.05015182495117,0.0306605715304613,0.0674698501825333,22.8910655975342,12.8804836273193,2.52986073493958,7.96789646148682,0.0209799688309431,0.0603320859372616
239863,30.3249986738848,31.6250007629395,0.382866650819778,22.7095241546631,12.903413772583,3.39317440986633,8.06063747406006,0.0482106655836105,0.089478388428688,23.9574375152588,14.8081207275391,5.85154914855957,7.97914695739746,0.0412600375711918,0.0470751151442528
240447,17.2749991157351,31.5750007629395,0.36281743645668,22.0707817077637,12.2427473068237,2.02857828140259,8.0459566116333,0.0483583845198154,0.106558211147785,23.0602912902832,13.5468082427979,2.41114687919617,7.96339273452759,0.079629048705101,0.158914774656296
240672,28.5249987348297,31.5750007629395,0.175372362136841,22.1591453552246,11.2198524475098,1.40181660652161,8.06136512756348,0.0432696305215359,0.0359969697892666,23.3384799957275,13.0510272979736,3.11220836639404,7.98008346557617,0.0492058359086514,0.0419410094618797
240787,34.2749985401447,31.5750007629395,0.651347100734711,23.4221611022949,15.0297756195068,4.74089050292969,8.06395626068115,0.120152413845062,0.298649996519089,24.5936527252197,16.416955947876,5.81052875518799,7.98311424255371,0.123148545622826,0.309323579072952
241266,15.9749991597509,31.5250007629395,0.533645927906036,22.0692310333252,13.5782747268677,3.0503249168396,8.04794692993164,0.0111490590497851,0.00968396570533514,23.1095371246338,15.2172813415527,3.5532660484314,7.96437120437622,0.00726122595369815,0.0150134898722172
241498,27.574998766995,31.5250007629395,0.190838694572449,22.2722663879395,11.2788906097412,1.72315430641174,8.05964851379395,0.0577418431639671,0.0414996668696404,23.4462509155273,13.4754810333252,2.98410058021545,7.97813034057617,0.0651521533727646,0.0506738983094692
241620,33.6749985604597,31.5250007629395,0.349586576223373,23.2071857452393,12.8049564361572,2.96688771247864,8.05593299865723,0.103762216866016,0.193337693810463,24.4058513641357,14.6638631820679,4.78729724884033,7.97536468505859,0.110312923789024,0.214350625872612
241631,34.2249985418376,31.5250007629395,0.658394038677216,23.4178333282471,15.2064914703369,4.82175350189209,8.06532096862793,0.112457379698753,0.284824997186661,24.5862236022949,16.6137771606445,5.96489381790161,7.98444223403931,0.115324124693871,0.297067373991013
242346,27.7249987619163,31.4750007629395,0.194700166583061,22.2816333770752,11.2540369033813,1.68932366371155,8.05949687957764,0.043114922940731,0.0440316125750542,23.4527244567871,13.2785005569458,3.0288622379303,7.97804832458496,0.0496814846992493,0.0232052933424711
242476,34.2249985418376,31.4750007629395,0.693567276000977,23.410551071167,15.4525966644287,5.07173013687134,8.06538581848145,0.107041031122208,0.276490837335587,24.5770435333252,16.8636646270752,6.24554920196533,7.98466873168945,0.109727822244167,0.285763770341873
242958,16.074999156365,31.4250007629395,0.679686903953552,21.9188404083252,14.2194490432739,3.88905024528503,8.04780197143555,0.0129797235131264,0.0166340060532093,22.9580192565918,15.8537130355835,4.43016672134399,7.96431684494019,0.0100849876180291,0.0216952729970217
242965,16.4249991445146,31.4250007629395,0.501812934875488,22.1115531921387,13.1295862197876,3.18958115577698,8.04647827148438,0.0241673961281776,0.0127598568797112,23.1367149353027,14.4862337112427,3.56614303588867,7.96333456039429,0.0175106916576624,0.0133962342515588
243215,28.9249987212864,31.4250007629395,0.170496746897697,22.2353267669678,11.1966190338135,1.50760853290558,8.06092834472656,0.0795947760343552,0.058695524930954,23.466552734375,13.1261539459229,3.33100032806396,7.98035860061646,0.0690470114350319,0.00960569083690643
243800,15.9249991614438,31.3750007629395,0.825134038925171,21.9405555725098,15.3426494598389,4.47634506225586,8.04797077178955,0.00724720675498247,0.0334042832255363,22.972785949707,17.0028591156006,4.74016332626343,7.96447467803955,0.00686772260814904,0.0294934790581465
243852,18.5249990734123,31.3750007629395,0.269421577453613,21.8327484130859,11.5860996246338,1.6896448135376,8.04749393463135,0.0649661645293236,0.0473727621138096,22.8100509643555,13.1753435134888,2.12972855567932,7.96516942977905,0.0797061547636986,0.0678721591830254
244139,32.8749985875463,31.3750007629395,0.477321267127991,22.9697608947754,14.0863666534424,3.12499141693115,8.05938911437988,0.126715630292892,0.247093945741653,24.1972351074219,16.0756072998047,5.8275351524353,7.98099040985107,0.124039359390736,0.218542262911797
244162,34.0249985486093,31.3750007629395,0.638860583305359,23.3256092071533,15.1038808822632,4.35177373886108,8.06206130981445,0.114588782191277,0.273701071739197,24.5012340545654,16.6232223510742,5.69414901733398,7.98154926300049,0.116718992590904,0.281456023454666
244650,16.1749991529792,31.3250007629395,0.786582767963409,21.8769359588623,14.8321847915649,4.36688613891602,8.04765510559082,0.00984091870486736,0.0402404963970184,22.9127750396729,16.4035015106201,4.69114398956299,7.96427440643311,0.00929903704673052,0.0370705723762512
244893,28.3249987416013,31.3250007629395,0.19559471309185,22.3396511077881,11.2119235992432,1.82687675952911,8.06137466430664,0.0374121926724911,0.0491617098450661,23.5006580352783,12.9993000030518,3.41329884529114,7.98039770126343,0.0444199591875076,0.0931489989161491
245007,34.0249985486093,31.3250007629395,0.666490614414215,23.3116149902344,15.5254068374634,4.71104526519775,8.06559753417969,0.102967880666256,0.245056375861168,24.4896564483643,17.0589752197266,6.03623914718628,7.98489236831665,0.10406769067049,0.241199851036072
245501,16.4749991428217,31.2750007629395,0.773725569248199,21.9126625061035,14.5322122573853,4.23040962219238,8.04640769958496,0.0334456712007523,0.113403744995594,22.951473236084,16.0390396118164,4.4830174446106,7.96335935592651,0.0326467007398605,0.105313204228878
245543,18.5749990717194,31.2750007629395,0.269577026367188,21.8554763793945,11.5062274932861,1.73246228694916,8.04748916625977,0.0633419901132584,0.0533452257514,22.8245410919189,13.0105199813843,2.03192257881165,7.96522188186646,0.0817817598581314,0.0960921943187714
245834,33.1249985790817,31.2750007629395,0.634036421775818,23.107593536377,15.0050096511841,3.84739565849304,8.05813026428223,0.108411811292171,0.26144403219223,24.3212299346924,16.8407707214355,6.2040958404541,7.97860956192017,0.107207685709,0.239943906664848
246347,16.5249991411288,31.2250007629395,0.775291383266449,21.9213104248047,14.610203742981,4.11790418624878,8.04641914367676,0.0328427888453007,0.119219318032265,22.9606819152832,16.1236133575439,4.37208032608032,7.96341943740845,0.0324076190590858,0.111366726458073
246353,16.8249991309713,31.2250007629395,0.588778555393219,22.0068950653076,13.9886541366577,2.78748178482056,8.0462703704834,0.0226656682789326,0.081107072532177,23.0295906066895,15.4280090332031,2.99366903305054,7.96342134475708,0.019979365170002,0.0746840536594391
246609,29.6249986975856,31.2250007629395,0.396067559719086,22.658483505249,12.6461029052734,3.3485414981842,8.0591516494751,0.11168497800827,0.212747812271118,23.8623828887939,14.1970472335815,5.45569705963135,7.97883415222168,0.104910477995872,0.229649350047112
246681,33.2249985756959,31.2250007629395,0.618062257766724,23.1386337280273,15.1712656021118,3.87688207626343,8.05762100219727,0.102869883179665,0.205766171216965,24.3503456115723,17.0289344787598,6.14015531539917,7.97769117355347,0.102010548114777,0.188840493559837
247435,28.674998729751,31.1750007629395,0.281125247478485,22.4835739135742,11.6854419708252,2.95286583900452,8.06137847900391,0.112236276268959,0.159204751253128,23.6621761322021,13.5340042114258,4.48927307128906,7.98079299926758,0.109020695090294,0.191487535834312
247525,33.1749985773888,31.1750007629395,0.624958574771881,23.13157081604,15.1682176589966,3.87879610061646,8.0579080581665,0.0975915119051933,0.213115036487579,24.3430652618408,17.0262145996094,6.20932483673096,7.97849464416504,0.0967360734939575,0.193606793880463
247539,33.874998553688,31.1750007629395,0.619676411151886,23.3429126739502,16.0066585540771,3.84851670265198,8.06127452850342,0.0613952316343784,0.112455189228058,24.5396156311035,17.9312229156494,5.66532039642334,7.98085451126099,0.0608807653188705,0.10022833943367
248281,28.724998728058,31.1250007629395,0.302612245082855,22.5139293670654,11.9166107177734,3.26303935050964,8.06284809112549,0.107072353363037,0.146963372826576,23.6973972320557,13.7827749252319,4.82634830474854,7.98224020004272,0.0999689027667046,0.142127901315689
248379,33.6249985621526,31.1250007629395,0.609879910945892,23.2386665344238,15.6528291702271,3.7366099357605,8.05747509002686,0.0736795291304588,0.121629282832146,24.442512512207,17.6471405029297,5.81460189819336,7.97714900970459,0.0732380896806717,0.107001431286335
249145,29.6749986958927,31.0750007629395,0.568375289440155,22.6472702026367,13.9716653823853,4.76079130172729,8.06075191497803,0.0610246397554874,0.104877881705761,23.8408432006836,15.7580728530884,6.61930084228516,7.98043823242188,0.0562055893242359,0.0958246961236
250623,19.0749990547903,30.9750007629395,0.288546532392502,21.8690986633301,11.3388566970825,2.16433334350586,8.04893398284912,0.0385855957865715,0.0270654205232859,22.8508186340332,12.8339033126831,2.3891875743866,7.96687698364258,0.0426913537085056,0.0353095903992653
252309,18.8749990615619,30.8750007629395,0.369020968675613,22.004602432251,11.6332941055298,2.79223370552063,8.04913139343262,0.0103972516953945,0.0384093075990677,22.9772911071777,13.0232620239258,2.80735349655151,7.96692609786987,0.00654344074428082,0.0573060587048531
254832,18.2749990818769,30.7250007629395,0.478082090616226,22.2119293212891,13.7039613723755,3.63846683502197,8.06389427185059,0.0142681784927845,0.0144480857998133,23.1961326599121,14.7660388946533,4.21950674057007,7.98070669174194,0.0155836148187518,0.00688622472807765
255709,19.8749990277036,30.6750007629395,0.65238755941391,21.9842758178711,13.6230278015137,5.67732238769531,8.06174755096436,0.00779581535607576,0.0267458837479353,23.0017166137695,14.7292776107788,5.67375326156616,7.9793438911438,0.00869504828006029,0.045800045132637
257397,19.7749990310895,30.5750007629395,0.71551114320755,21.9649219512939,13.6218147277832,6.79672908782959,8.06151390075684,0.0155320353806019,0.0687609165906906,22.983455657959,14.7141208648682,6.4838547706604,7.97909498214722,0.0160615835338831,0.084716722369194
258231,19.2249990497115,30.5250007629395,0.596145987510681,21.9974040985107,12.7217607498169,5.46984481811523,8.05515670776367,0.0277798809111118,0.0501583889126778,23.0010051727295,13.9079303741455,5.19295072555542,7.97256946563721,0.0239031054079533,0.0456583984196186
258233,19.3249990463257,30.5250007629395,0.618859589099884,21.9843788146973,12.8939323425293,5.63555860519409,8.05655193328857,0.0391922295093536,0.0818445533514023,22.9907093048096,14.0241222381592,5.19875907897949,7.97397136688232,0.0357787944376469,0.0922976955771446
259066,18.7249990666406,30.4750007629395,0.69222503900528,22.1067562103271,13.5045890808105,7.03853416442871,8.06095504760742,0.0172838997095823,0.0526690222322941,23.1021766662598,14.7898426055908,6.64570188522339,7.9780445098877,0.0153115931898355,0.060065396130085
259077,19.2749990480186,30.4750007629395,0.661296188831329,21.9631748199463,12.9663610458374,6.28187608718872,8.05540561676025,0.0310577042400837,0.0625090599060059,22.9718647003174,14.1510963439941,5.89025020599365,7.97280836105347,0.0286789070814848,0.082940049469471
259913,18.8249990632548,30.4250007629395,0.748058319091797,22.0186405181885,13.7773637771606,7.81854391098022,8.05924987792969,0.00716946646571159,0.0271826442331076,23.0161399841309,15.129506111145,7.24058055877686,7.97640228271484,0.0104107474908233,0.0369789525866508
259924,19.3749990446328,30.4250007629395,0.744106650352478,21.9192237854004,13.5755167007446,8.66880130767822,8.05999565124512,0.0240387115627527,0.0648093149065971,22.936595916748,14.7326745986938,8.13619899749756,7.97731304168701,0.0251378864049911,0.108319945633411
260763,19.0749990547903,30.3750007629395,0.754761517047882,21.9506664276123,13.6427030563354,8.19280815124512,8.05932235717773,0.0127044944092631,0.0545143000781536,22.9599361419678,14.9595060348511,7.40599393844604,7.97640514373779,0.0152386240661144,0.0771801993250847
261608,19.0749990547903,30.3250007629395,0.766211986541748,21.9587516784668,13.8575086593628,8.672607421875,8.06141185760498,0.00571243511512876,0.0513957105576992,22.9712448120117,15.1885719299316,7.66584014892578,7.97834300994873,0.00821111164987087,0.06925268471241
262456,19.2249990497115,30.2750007629395,0.741750836372375,21.9289665222168,13.8434352874756,9.02554607391357,8.06559181213379,0.0105623751878738,0.0633995831012726,22.9442615509033,15.0917549133301,8.14932823181152,7.98257493972778,0.0118399485945702,0.088698498904705
